Id,Prediction
d54777af43b78bf1,0
1cc3c67032ca4a92,0
9cf043c3beab7443,0
b380b3c28996626a,0
02add8a5534355c5,0
0fa146dda0d8ff67,0
11a6b4a175cebbeb,0
4bec3273ef019820,0
f916d6c92d70a7b4,0
d6bf04d72bae15ca,0
dc17e9a353f8e552,0
4443c8d1efa3bab2,0
c10655e294640355,0
cb6344386ca04ae9,0
d5196d6398536d40,0
174ff57f799b9910,0
4ebf6a10ebea2920,0
d19396e865b3593a,1
5e97eacf70b288e6,0
2cdcc8782c206109,0
c25075d806bf8248,0
bd483de55d1cb931,0
c7babce9b8919882,0
67233396b2a7a0ea,0
5e7628ffc714fbf6,0
ab3a0c7af9dbe3ce,1
72b57f5b94c04778,0
d4b15514f04fe33f,0
228e3fb12dfed2b2,0
b0426601ddce5c5c,0
923eb96c2aa881b9,0
4758becde49bd9ab,0
8552a57c6ca53dd4,1
b42ee4ef94a43663,0
27ec3f8941a75b8c,0
63de7c167e66aea2,0
b872311bc781042d,0
0004b8b796d90e76,0
6a0346c55e444522,0
2e4a870dd9616a67,1
70ee8196f94d9c07,0
f94dfc14f62aba9b,0
48cf32f3f85e7a91,1
cf5297379cb786ed,0
268f06dfd7917d96,0
365e5de314d63d8e,0
7fc08ef8ae4944df,1
e5c780fc3870cdc4,0
d9adf7c887217efa,0
e79682cef55d14b5,0
5187ea2754651566,0
1b86b3f83beedd21,1
53163332caa453ce,0
2f2374dce13460f4,0
226b4882182a4c4b,1
a62ac2f84cdd9ae9,0
57e86ed4f3352f5e,1
1601337f6db3c912,0
c11d85ce83cb506d,0
c2b1d284f6f6cd10,0
b32fadda5ae6e27f,1
75d764cc217ac8a4,0
b7ff6873a5774ab0,0
d893bcd93827b96a,0
c2b775ec41282db2,0
9f8a1ea9690c0693,0
5ec57d62758b9872,0
423d185c68bbf216,0
f4a78d5a1bfbde04,0
b0cfd2b2a54d12aa,1
af9222558a732041,1
6925d7dce2d6ce27,0
53e7cb0311d81ea8,0
f3aa109aaa39f443,0
1258e4869a339ba3,0
ca88d174a6bb1765,0
24bd2ce3792fbf34,1
3d4a2d174eeaf9ba,0
d329aa6db17f295b,1
9cf8fb8ed337dce7,0
2ebbe505854d1918,1
0e378a23f0cdccb3,0
ae752bf74071d9e5,0
7062dbc471f6448e,0
40175baf8ca60a04,0
80052a4bfbc6c043,1
16422f706451d722,0
8cd29e8df1ab3cac,0
afa676cfcadd5ae3,0
1e276d3215a92e1f,1
a6939b64cce51a2b,0
7e94875d975ad55d,0
3552c5b949bf5e2e,1
c38a6546f0a526c0,0
f80f8c69899abb5e,0
c92a4d6b6eab8b03,0
a7b0eb0fe464db3d,0
43e23de2c6863fca,0
ae9b67900e5ebbb9,0
c42afdc39edf2c5d,1
b6fabf52f2d14946,0
e13c82220225dc45,0
e263ead5cde8202a,1
7855bbd90a9d7c1f,0
071c7d50663c233b,0
db7c373a46054e3c,0
81a53d010ebce05b,0
32b17f00a1eca55b,0
222eb4bfcded0acd,0
687ac7689b1b97f4,0
fd8faa7b5e4864c5,0
b6f294bb44d0c7c2,0
6f702c698b3657fe,0
8c8e7fe6e45c65a8,0
e9fc1f26b4da8f8c,0
830a9d43bf42b1d6,0
c3eb999ba8c3f1fe,0
92e40cb2144062f5,0
c153d2e6929833d9,1
cd6459df876ed4cc,0
19e7d66c277257b7,0
0112fca18b0a5b91,0
edfad928fb8257c5,1
2b62ce56e8c60477,1
1c5a086febf89d69,0
74f3d020a1f90e91,0
ce779a7db9aba874,0
c5069f1a89139ec6,0
0929e84294261986,0
ebbc00f28061802e,0
7b4d695c10fa3539,0
17659d989787df7f,0
4152b15659dffd72,0
a03018c1abdcbe91,0
dc03025ea218aaae,0
81460393570cd090,0
fb1450047a2cce73,0
7ceb96ef5627ea5d,1
31504405f24d9918,0
3bac71872a70bbb2,0
8fa60120bf91aa6d,1
f85d8d23ca0c958d,0
377a8b8f51347f95,0
73441b435f3b67d2,0
6d7a04fbe590472a,0
264a8d515be4cbc9,0
1879a5c5714f426d,0
411c3d1fe25cbb08,0
ca590005bec0ef56,0
653d29251e5aace1,1
f6fca06553b0de7d,0
af88fba26a98c38a,0
c0c7acda2a3246ab,0
a15ad365f2242c51,0
0c907204aea37aa8,0
fd980a19a415a6b1,0
a2e39f4b615f3600,0
46b98f0ed07aa2d5,0
62376aa7c6e4bf24,0
7639cde87de42b2d,0
2a24835702c105e0,0
9e5e4820bb08bea2,0
d6c44067e4577bf4,0
7db6a6e4e3e8d781,0
521f451041756605,0
e79c345a8ddf9a7e,0
034a7665946cd2e2,0
3119d5d778578c01,0
3b1f7b544653bbf0,0
83486fba9849c5f3,0
f29ccee8b58bd1a8,1
475ad033d0429581,1
660fdf5a5fcd3327,0
42a514ce377e3fbd,0
3fe821183f63e7aa,0
f70acdc09c6cc203,0
9a5629b47523c4bd,1
55c2a35411e0c01b,0
4ffff8a2d0592244,0
3b693ebef3028b08,0
6ca51497ade3c7f6,0
6a52ba585d76e658,0
d2edd6c60a56f923,0
67bdc5842b686a88,0
72e37132fedb8f4d,0
07be2cfe5cd35a0a,0
b3b09e256f6cad6d,1
a744ea9a1538f3f6,0
bd283e67b68fa89b,0
0b0331f5ebdab54e,0
b4ac12019e6cda3b,0
53d373ef2b89cbcf,1
f1e40ca5a2b8084d,1
1be0c1fc08503e58,0
886062448403b691,0
b40a4920efd913f6,0
e43d5c7684fe0076,0
1ed17d00c2f8c20a,0
1391c83a76fb45be,0
f07d7fcdc661dcfb,0
48d36541eb3f148b,0
8fa1d1448ff4d29e,0
6206036d79ca8894,0
c656202fbd9dab71,0
2856618d039be89f,0
be1466aeb85816be,0
edd25dfa3ba04427,0
cc863455efca46f9,0
cfebba4515c1d23b,0
0fcda88126af469e,1
496a9bae3384fe8b,0
a705d14be8a4611e,0
b5c31a072be7e72e,0
8e0aa85edea70fa9,1
19660fce658dc12a,0
c69b1f93205274d8,0
535bf41b31373c3b,0
41e29428d4c4d427,0
769794ddce4ebb84,0
a585fdb9c984e611,0
30817637fd15b6b1,0
88a406ea04e4e8d2,0
5fece6a1ebf33a22,0
babba62bbb73903e,0
332a970013c212ff,0
bdc258036ad3d1e4,1
88cc67facba84f70,1
04cda7c547c0ca3e,1
293641b29931a145,0
60daf3b7d75f8d3d,0
f1709392e76acd1e,1
0b71391d80f7c4ae,0
621b8658a4ca6909,0
6049744b219a17cf,0
9644e9dbb711efcf,0
d0c401ad3502bef8,0
7031cd50f32bd867,1
9adc0435d17a69b7,1
4750b333ca15ece8,0
bc27bbafc0aeaac1,0
efec063b8b0959ed,0
ad62757f1e92deda,0
9bfe617a19668f1b,0
54bdbb1d10e5109a,0
3f3b429d6b633605,0
fab0d1c4f6e93d5c,0
c85a1d5078595bae,0
ce67f1a8f48164bb,0
be8ba3db4ea1770e,0
418dec47a3cb71aa,0
2270bb72154b2f57,0
940f34a851fe55f3,0
79c7d9170d0b447b,0
b81edba54600438e,0
c3e19fd7682080ba,0
c0b806d3bb21b963,0
0ed55508295a26df,0
18f26f83cdde021f,0
cb8403809d9b12ad,0
bc142804d032da6c,0
95768a6a300e93b3,0
0b561f01159a8a8c,0
a39f19c2fcfa80f8,0
f738738bf1db5074,0
648ed5ecc0cd93a3,0
a039dbfca9848581,0
ff37a923d829fe97,0
66b28619834aa001,0
4a7676233bac2359,0
ae4610df2f826bbc,0
e23544801aa24844,1
7d8b0cc589d3e17f,0
9839ca36def93090,0
4baaa87c85498001,1
2931d902041ac979,0
8244263d30c25a0d,0
1c59f25bde16584c,0
69963062559ffc9c,1
17c9e07eb8ca93a4,0
f0a2472ffda3e90d,0
f7f42831d8e9b81f,0
a62c443dbbd4340a,0
4810aad3f4fa72ba,0
152696ab1cf2740e,0
3bc69ec64d02212f,1
ba4e5535e094898c,1
e2546ba14a50a836,1
c072ccbaf1e5afe2,0
772fb47477ad6568,0
de533276eccb9568,0
e7fa8f7e1cd3cab3,1
6d1a7cf7713e2633,0
9db70a7140a5b480,0
7e664dd7039990ad,0
aa94b49f76b18116,0
6caaf2bcecd040f7,0
798247ca688d6089,0
6b3f79d8a5ea0e39,1
9dc3909894a5d691,0
75053b5c28e5fc70,1
e8a808ff33652b9a,1
ee4196c84d299ef9,0
2423c4a668117ce0,0
cb8b8a10ab05777a,0
a4abf2ceb6fd45cd,0
2f4cc234b7036697,0
40b7ddce3e7642e1,0
0855fe05e952727f,0
6eaa44d05f6fa9a9,0
a5bfddd9ba7488d1,0
0150c7a70f58b51a,1
35b09834ea699e26,0
ee1ea0914a8520a1,1
072d64483b5db3fd,1
9dd942ef1079be88,0
44b69580b5b6245b,0
9b8bb02f099dfb69,0
2c38adfc8e29e185,1
082d98dc3125e7dd,0
50c5fd5927f58c5b,0
263f781f43fffd99,0
b290f02673a340b7,0
e038356adbf5764e,0
d03881f74508cb4c,0
fd4260302e025c00,0
73c90c6674c533e7,1
c2f9bdccef8c2f76,0
f1012bc50b49eeb6,1
57463022f08fb741,0
922411275b6b5042,0
d061f245cbd1dfc4,0
e44a7c600086ecef,0
97c5ec7ed3d737df,0
09819b4d14274377,0
b3998668958c0b9b,1
13f70afcb60e297d,1
11aaa0bfb0e7cac1,0
ddd2e22459bc3462,0
e44f748c05ac4d07,0
cc5ec496333382d3,0
b391cd5c27d8ab61,0
32fd03110c341788,0
78e9698f8af4e048,0
37c076a9209d91db,0
3e95699d33995c80,0
3edcb38074964ecc,0
62308494243104e5,0
c24192c7a7011588,0
cbd21d1d988c85a3,0
b1d35e7e323fce8c,1
7b436e0ef1b60326,0
e084f045a0b2c652,0
2189d5332045bbe8,0
427d033fdfbaa67c,0
5b735794a6764542,0
acea358ea062720f,0
be407f9707b03a4b,0
6587d8918e137818,0
2637b86df3c9f30c,1
618946f5c7dd7892,0
9300e7b4a2012f16,1
b9e2633a843219ba,1
12a42842f3b3be92,0
62438432c89a544d,0
d4269606f4d1f659,1
68c24f0facf884c3,0
ad2d848dc90b7ccc,0
9dc0763cbb657e40,0
6f00cae3f36ab83c,1
ad8192ec315d451d,0
828ed724913a76ce,0
ee83aa545e367c60,0
5fe3e14ecfcc72d4,1
85c8c8750c91864b,0
1f43dabc5a5d95d2,0
54ef421fbca3b34e,0
a5e5cebcbe56d79c,1
0d53f6dc389394b5,0
a75fb6d455fdf13f,0
ada62fb2c06586d8,0
c41dc5b941a6ded1,0
c03a130252e3a76f,0
80bfd6f13be64ade,0
9826781de8c84ea9,0
788812b1e3cdff4c,0
311e0fb8e34b0d8b,0
ad4d889c3d0b5c40,0
4f2694b2a0ef7728,0
98739b48ac108f95,0
b3cec8314d0ece74,0
9647daf18e33c4e0,0
21f2e26c7625e747,0
0cb2198e1036f3e7,1
e5141e1a45dca739,0
84dc0806146c0944,0
2281e1029f4885fa,1
90659f7d3e4c87e4,0
3891734d5668a1a0,0
46d743f2a4edb00c,0
ed4ac20ab1d2cfe7,0
da7c707774d4609a,1
458701216bad19c8,0
e6cfbb38047c1789,0
5f27eb3abb027b98,0
e4716632d3823d46,0
aac78637d2917e7b,0
b3677e0fff29d8c5,0
23895a7f5b2635eb,1
f6ff52774b3165c6,0
f2fd2ca15fee7ef8,0
ad35b01403026ddd,0
d12a5af63b6a3180,0
022ef8b7e49526b1,1
119d133743ce5df5,0
e94bc539e91fb551,0
59295b3e6a66398f,0
a7947101272de065,0
2120476a0661cc4c,0
78772afbeda25468,1
ebcd9f633358149e,1
dae6e4fd890ce0e7,0
a9d0ec2829660b8f,0
2b1afee3499832f3,0
a939f37e49c5641e,1
f19fe027ad04cdce,0
e751aa68a78e2268,0
30635a538275a867,0
0b2d39142d0f9f1d,0
fb3614d97b8df4f4,1
e906fac26cc24122,0
1f46ea68f5def18c,0
49910f9e6218dc4c,1
a6643a80c5571fd6,0
b90225e0b26d1994,1
840fa5aeae7bf0f6,0
8690926962bea5da,0
6c38383e014fed37,0
615eec30c4ff4f85,0
ef8380effaeafffe,0
6be86e1ce14deef0,0
185c81298bd16e96,0
63ea1c3bb9d68d69,0
4a9148fe41b38977,0
5483419073b78fb9,0
9c5c8fff1e6c8609,0
2f55ac858246468d,0
8cf9558711e62080,0
36bb3606741cf6c0,0
acb528aca788fd40,1
56220d44483c9fae,0
c9357ce48fbd4805,1
2fdd4f56d0c15f2e,0
3dc8e381ab2856b6,0
c7280755951d8f82,0
67109f8bdd6ae78a,0
74a309401148e130,0
8e0569b289bb494c,0
2e44e29ffc5b87dc,0
6652094063308854,0
aee58d02fd95bbe6,0
99b5878634bf8cde,1
4cf2574b3fe4879a,1
e6a41ad83a99b6b5,0
48574b45c757d025,0
bfe656b7018d2dcc,0
33c79deed5b41e35,0
e1c60623c681b238,1
23ff735ff65d749a,0
c2b7ac13b808e89c,0
2b44b28fb8ca424c,1
efa66146051edf31,0
8e7af54ad16e4dea,0
e7e1608ef56a72ff,0
4033c55681b48e94,0
42e552b85eea0f0a,0
6a1143a71a7e1316,0
b907547b07105fff,0
27db2636d85ea91a,0
835e1d641fc01473,0
a775a1d9a40df54e,0
24b6302c0d06e633,0
f0e9eb4c31d7cd81,0
5b077ac20389f864,1
485c9db751ced037,0
3c8201bc60b065ca,0
e2950858eea234cd,0
e452033fa739efe7,0
cf56823b76064a95,0
15f1a3efb2adaebb,0
35135518d8ff8a0e,0
01d16a9dbe198f49,0
69fa2ea1bdffeac0,0
1929ddf644f9b3f5,0
7a234e392dc720f2,0
e8d5d258c94625ae,0
280c7b0404dcf491,1
4530fb7d21caeb5d,0
9446d3b5d15d6443,0
3268d131a70a9049,0
714f3abaa3abb080,0
17c78078604915ac,1
ad156625dbb9c9f1,0
5dc5ff156ba47c50,0
4e41ebd4d7c34fbd,0
6d999ba79b66d881,0
10436bb93f1e901f,0
2670d03d4e591133,0
dfee01e972adf4ad,1
77d4291569a48783,0
78f7a4e4b12e02ac,0
b477fdec4b8784e1,0
87b3d2ef3af19b33,0
d9b0169b31870f43,0
3f6bab1b1732feb2,1
db8975610aa60488,1
5bc572319fcb8f86,0
ee91e5b885def9fd,0
8dfd8a0cae7194cc,0
af70fcdeafaa226e,0
f9752fbdaa58b995,0
b1b7988c29f6ea0b,0
13f3cf7f2293d635,0
21dd44dca257cf15,0
6262d1a801d273bd,0
8d6314612309463f,0
64580a73d66dd241,0
7d587fa9a099969d,0
74e605670103e536,1
c2e4cf8017465ad8,0
2864e48d9f0ffe98,0
61b15a57a7ddc70d,0
bd04a3a35928e9ec,0
a866c4c696a9f6ca,0
6b9bc0b9a4339b02,0
072cc4ab823a6d43,0
599bd70b375ae07b,0
543a0596105be01d,0
209b37e357265757,0
45848520de23131f,0
138ed15140b91d82,0
dd31e6fedca70245,0
40a4ca5934c738c8,0
5495a555b3b7898a,0
d31da7c6a006ce18,0
a8ad2cf8877ffbb5,0
0419b5ff5b6471d3,1
548bef38c9f39f8e,0
dd001fcf73864bfd,1
145983323d71be68,1
a06804a772a45838,0
6f877b609c872f6d,0
24a266b438adcffa,1
57199340934f0d97,0
d29a0d64a7c8d8ed,0
bf749da753654ee4,0
abb49b607224d12d,0
ac8fd3fb547a84b2,1
e438c27729105a7b,0
850ab100c2a15b2a,0
3611d2905d8e9437,0
8e8e965abfe65a01,0
3c35c12215d6fcbb,1
6031bc5e9dedb3b7,0
a18a4fb9be68d125,0
57935f8aa5525ec6,0
d0584c1b42028471,0
8793a033d08d6df1,0
a75d9ac65f5b0343,1
5b37b6bf16408896,0
92e438feeb124656,0
718a8f88a4fc7718,0
b2521e70238f5325,0
93ca45e0216c6161,0
1f0b6eb78cc973a3,0
ead0910e25de3adb,0
b6b96cf0357300f6,0
e0bc1e0facb83e12,0
5fee61f31a885891,0
d725b1946ad741a9,0
6eab5d36ddbd6413,1
808f76e1e8fc444f,0
e93799fd8fb81d49,0
54a4c696ad47f8ee,0
39ac8d1089237af2,1
7b71161c9725814c,0
f0d454614a64ceea,0
49f60e00c41068d2,0
53bd37df3cc44287,0
494e84a93f2b0463,0
b47811cf71a733a5,0
5c96bda4955c7fde,0
03e110bb52605f9b,0
5df7abd5c29d7901,0
6bf47379daad18e1,0
7ea74be8f23f5109,1
4202430835b9eff8,0
973ed22eba7ec432,0
4e7425b339992e75,0
88533cd3f868adf6,0
813c81b67a085a59,0
67f08f7aadf5f6d5,0
183ce4010686a272,0
7b54f85c952a1028,0
06b00cd52cfdd61b,0
5aeae52924aca5d8,0
4cbacea4967720ab,0
7762b18fd76cbded,0
9467edf925e9f61c,0
b711e0a4dc8217ae,0
28ec8e9777766fe0,0
c2b440e043b52677,0
aaaa7a2d00f61d9c,1
4b738b4962dd70b7,0
bf7a181b9fd41553,0
a504abe515eebed2,0
3214ed739413a318,1
b378b3839b07a57d,0
38d91a01b5535246,0
db41e98b8e6ac26d,1
5cbe718785a58862,0
cee810d46d222637,0
3e5e3ef32cb66622,1
3c0d05cb4bb88054,0
9d39b8ba8cea0a9c,1
64179c3b5fa93ae5,0
6cdcebf37fae83d4,0
bda4b9b86a5caebe,0
bbe9ab211a60b081,0
a178ecbb535d5b0c,1
eae87513bbf0ea9b,0
3b274da775f4c597,0
ff93692b2600615f,0
b3a9a17e4873dfb0,0
9f260d5968a7c57d,0
e8cf784e3e3b5c40,0
052114996fbb84b6,0
0ad5e46620d619f4,0
717208f46d7288b1,0
b7e82773306b918e,0
c7cce1f597c23413,0
dd5b7c40411d19b7,0
8b7b72f6aa44cf31,0
2e12e83eb590305a,0
0fe17811f6ff1aa4,1
54f46033202cfc78,0
5acd6ab38287ec93,1
755f247aaf25ecb2,1
1953fd6218a41416,0
9f1dcbd7e5ca0009,0
5f9f1836d8cbd273,0
420312a4052851b3,0
56a56fb411bc6a7c,0
5f526501804b96e1,0
f95223d02458118e,0
cb9aa2df08168f02,0
6c2e43a4c3e3bcae,0
213414b8ae511aba,0
cebec5ab7a7f5d46,1
f563344dca484176,0
12cedcd31402104c,0
d2bc94479e26e1ff,1
0303b7d0aac76e45,1
66723905a4b62451,0
0f23d3695964fb27,1
f3a75b4d10aafc42,0
97e3f304baf3be94,0
b3cd4a57c686a9f2,0
9f5a625d244e0175,0
1e2f3d1c3a1bea72,0
880fd0441dff1f91,1
5acccd023012e7d2,0
3c1855c440313ca4,1
626e8804a9d67578,1
86c866a08f77cb0e,0
56c1559aec042b29,0
c228d989c49cb2e2,0
998e4a9b01ed423d,0
a3cfa1c9c2c5c0cb,0
cf6e78072c21606d,0
152cc2d4629ec71b,0
9dbd9eb8d2c8861d,0
e625915b2663dac9,0
750e1425a8170845,1
af26c65abe91a6aa,0
df8749bb6b6fa823,0
48a7322da4ed469c,0
6d4192981c90980b,0
faa8ac596362fdbb,0
e88cfee2ce97e614,0
4ec3a573d937c61f,0
0a7ba2be4919a7f1,0
faa4386542e587a5,0
d3ffa06aa84789c5,0
5d58c2431fd86eee,0
a6a45aea0a2c1fa1,0
20f50bddd8ea7e0a,0
00e07a7a9ddfe730,0
ad1ade658817d694,0
8e80b40f4dd907b4,1
647355d77477704b,0
9cf97c569821ce41,0
fd1f65f99c159d96,0
54f275e878d047ad,1
019f9d7dde320de5,0
db163a917d981015,0
388563bb141bad0f,0
bcd4ccd89c0531b4,0
7528f538dbae59d5,0
ec027162bd58d412,1
14f2f7de390a4043,0
9146a3b21b77ae0d,0
98042ca2e66cf8aa,0
b6e5d38c8b118c7e,0
25e83ec618bab0a8,0
d52f2b1b31bc57ee,0
2c5a563a28534ff1,1
48fdb529c3b75b25,0
37a70d6be01afd6a,0
9a93cf67492c37ed,0
99f551e3c9a046a9,1
f5f1dc87fe571881,0
ffa72ae591e3152d,0
115d0ced4e219e72,1
b5c3d424143070e3,0
8ec8fe86928af3eb,0
ca95650a96402cb2,0
07eeca01ab4d47d2,0
a86f678a2f2a345d,0
6afbebec060f868a,0
758677c242ac50de,0
b1f1fbe3fa9447c4,0
48380a493671663c,0
8889b408bb7b6535,0
1b201ad954407efd,0
ec55c6bce07a65e5,0
36626e9032016e7e,0
f4117eb232b230f4,1
c60ae0438655efa2,0
958648a38ef7d49e,0
5cacc1fc8c6ced60,0
aad13e97ba6dbea3,0
458c95ed1508fffb,0
8ec61c388590e16d,0
ca85a21ca0060c67,0
e9ec64d7a1a35d0f,0
481bb7132814688d,0
fe39ffa9ac4b6d84,0
c0985ddf45aa05db,1
e738d58f862a964e,0
76ce9a12ded6a817,0
76f551249a849ccf,0
2f5bf6be02bf56e4,0
dc6d4d2887901758,0
62b885c14e7572e3,0
ac68218774558a76,0
bd63fde741a3f3a0,0
9f2d6c943024c646,1
af6b0dbb707a4dc0,0
68ad0214dd4a3b7c,0
9af5a3cd135a5dba,0
b8319a5ae39c93f4,0
97dbcd803c2674fb,0
b0b61d82c2524f0c,0
4992b52006499e79,1
92e968db7049fe4c,1
24030b5725f4fb85,0
a0316249e87e2898,1
efd5c1a7772f8385,0
5a76bad32b86c19b,1
6ce77810f9445eaf,0
c0a317327b120002,0
a2044fd68a168b38,0
fedc04dc2d7eb237,0
5b20650954e6b2f8,0
d79b86615d735d85,0
1f237f42a94c03cb,0
6f8adea24653edfa,0
3fab9113e824798e,0
58d25a7c83c8fd02,0
badc6a83f5962db3,0
b417d18d7ae28a1e,0
ed4fd4d46ab4d3ff,1
fe12437d403ccdc9,0
559dffa438dcd784,0
e7b8899be8a75f07,1
65e4202570c822b1,0
1c8a02e1a4197974,0
cc88394b3299fc88,0
5e7cdac12f6d26c5,0
0f1218410f8162f4,0
6d8dcaa76a7541b4,1
bd052bca2c7a9efe,0
754cce2d0f2338a7,0
f09600e6526c245f,0
3124910a75899fd3,1
7800be41ed0b29a7,0
b74c9ac90128ad67,0
7f51aa3e679518e6,0
4cedc6861b128fcc,0
f95b8c9ddfd7ca71,0
885074593065dddf,0
0d5e5470afd8ed59,0
bc8adafe1e094ca7,0
a8bff4030100d7c0,1
6181d059cec21dec,0
17cb3ed60f211f20,0
05575e2ae4f7eea0,0
478b3550e13fb8ce,1
2357d9253a0cd0e3,0
ac6f924d74dda14a,0
31330cfdf43b7ff0,0
1675b0411a3b77ce,0
15d628853a78c9f5,0
81d3fa5dc0b203ce,1
34286eeb0371e172,1
caf0dcbf72cd6d1c,0
4a248499840c7ab7,0
3cae14f501dd0858,0
5f471bb3c0792051,0
894ea553f0602208,0
4a0847ff5f7f5aa6,0
f22ddf480434e92e,0
5515c40cdca928f8,0
55c5cf7c92171f3d,0
dcd3892d0c274ffe,0
0813641e6999a779,0
651891e9689550de,0
29d5b94840ec53fa,0
d9b3a0706fee65aa,1
36671c404a492503,1
79fa581a25ded449,1
69ac826a068c56a6,0
b4d9c01d682ca225,0
9b8f002b00dc27d1,0
71fb1c13ad34d7aa,0
2dd6f6a3f768d31b,0
f74ed45bc3f9edbf,0
e4fe6279af6ae74f,0
84cf8dd7a589e991,0
6bdb14f405843b97,0
11432ff1b59b7e68,1
02397108ea93a226,0
a8b59238d8fa515f,0
c231090bc66b4e21,0
6e0b25c9c905bb85,0
86de52756742bbfc,0
ce1412cd9ba7b98a,0
f9919b3a3c1a27fc,1
d4c034a50e3f5abd,0
95c08d195cdba139,1
32a7320e6d52e69b,0
9ba2a136e752b73e,1
75e4ed279ba1a937,0
1186b2ffaab6a218,0
df8149056af59674,0
d5b75a53870ee5bb,1
4113d34a8d8ddf68,0
983511e4254e169f,0
75e992988a587a98,0
b70d9c8492906c68,1
130714ffeb0684c2,0
57aca904c4abd9da,0
84a3df83404bf7c6,0
82796979fded6768,0
31ef9d12e995e6f2,0
6f05e01a32d10b71,1
516269a40590d6bb,0
fde8ebf28b83b5d7,1
d81b4879f3327902,1
64180722667d2316,1
6adc60b81d75fb67,0
bf1859bfae2df047,0
47d758d977ce3d16,0
29d98ac8288b1a94,0
5f4a2261b8658b47,0
8dd4cda71a666ef9,1
dcbdfca37762f094,0
efdd0ddb46eb9998,0
9f9fbd340f905208,0
c9ac09a10396fe09,0
2b9be8c034d4f094,0
8e09e7a9fcc96531,0
0bce794a53d1c1ab,0
9fd1d8af86baa590,0
f28b4dc17563f286,0
7ae17d647f3d2766,0
ea84d103697da4f6,0
7e2e8a16eee6b46f,0
d04781371c686032,0
4402b7fa413f06b3,0
d74bf75247a62b36,0
b9d902006f603a7f,0
1f4666584d0df8f9,0
7a9df275babe3b91,0
fe9aa9ac289d6846,0
e5bc6f95c02d017b,1
6d1da309560ee238,0
4c3460d420ee525e,0
7e881f8fd806b2d5,0
e05191ac80ed3fc8,0
5e3227e7ec990c95,0
90def075f0c94f19,0
46e28571322fabe9,1
000a645b219bc64a,0
91a70641ce16cf26,0
8bd1f358de29f821,0
0e89c1684a4cebce,0
cf15340318da1fbc,0
ac9a0ae4d3130429,0
71e9b26934c88be4,0
c22a4e408b1ce0c8,0
ac0d0614e4e6e3ec,0
bfa2f2186ccdaf9a,0
4883280bbbbcdbf6,0
2dec0db1887e7ceb,0
8f421012bfcc4191,0
01672fa22a6cd069,0
b4c1638b33d7a8e6,0
4f22039e96e7846a,0
9f9d6c862b445f06,0
461cc67312be57e0,0
09d88446962f0c66,1
c905a1028c75eb4f,0
fd30c4a0a590e7b2,0
c4b983333ce52826,0
019af64de5353393,0
65570cec0ea45a44,0
9a59ed2f3e8d3718,0
e513a627caf6b133,1
28f9170094ec45e8,0
2cf04c32fb07ff7a,0
71cea86b7820a1c8,0
7005f8b62781ad7e,0
4266e212e95a5abb,0
3639126e94027538,0
5b2a06a0befbca26,1
f5dc127f3a6b804a,0
48d32eb3deff6428,0
c47222f980212201,0
ffdf3a2f7a31441a,0
8e40f1754408be9e,1
aa1ba304c10088cc,0
4633563d2c59e0a7,0
3359e0ffb54fe988,0
b2c1f71371fbcca9,0
372908b775cb10d7,1
fdf2773eb998dc1b,0
6a40baf49f9dfbdc,0
28057b7299c28c67,0
e75317e9545518a4,0
7e0bff6cf40b9019,0
c06179ae22005b4d,0
502984b7f3faadb1,0
b902598b11c6068e,0
87bbd6889ffd2f65,0
b787bfdc9512980b,1
5f07671b3d4c7adb,0
3d34ea66292c2153,0
9cbb7eeacd486f04,1
5ce07e2b5d7aa9f7,1
a1ba88bd91d6fa5b,0
6aa27558c8702e5a,0
dd11bc02e8febf38,1
7bfe7e6faa54b211,0
39dc10e35c6ce9d3,0
8a768307d4c8b6f9,0
ff4cbe4a0b16d511,0
a5fc4a8d7696b70c,0
49268e2cb2e7e7b6,1
05ff12b95899bca3,0
9ebdb3e11bdbf98c,0
84de3373d54ed3da,0
0a0c73dab39049dd,1
c3a44f8d415e02b1,0
4fdc3392d55163cc,0
affe867daaabf33c,0
c29fc45432f42155,1
890bcd6b86673a36,0
422ed93a63a58d40,0
78cdc51f86e2d1a2,1
6cb1179342afc887,0
59b1227f1625ec5a,0
54ad90d0d062e241,0
b2ddd3fb5f6dc293,0
aaa20785e1666085,0
e082e2a642d6b6db,0
ac56bd60ff547af9,0
5739b8217ead7f5c,0
69ec362537f24b98,0
f036e50e492ed684,0
00999073bdd1b51f,0
eaeca2008ff139f4,0
ac060b59be6a1b78,0
ae5b7ada163f3f22,0
b194c10ec1a3e4ed,0
3555b17ba20441cc,0
420777e4ed26358f,0
a4f937d4a0de81d4,0
ab2320324e508b52,1
08d5ade1d2190143,0
c5faa5b711c39705,0
b96395d5d1e1e65b,0
5e05e2c4816e9253,1
8377982c3b38fb6c,0
6b2d8d2376f87d5a,1
667c12800cb19c78,0
a7cfbfaa5bd1e8c5,0
9b05ca0ce367cc0e,0
27987d850a207469,0
200f4657216f0340,0
87c28825da64bd5e,0
fd06cc51ba923f40,0
56a14e7d741a565f,0
16d0b2ff984b2955,0
5f26c4cc4d599871,0
bd5b4f7a594cbdca,0
e945c86799456a1f,0
8ad95f6dbe0892d5,0
7dc15e27901eafd7,0
3921d04f974ab96c,1
25b77a745326073a,0
c38024fc93870235,0
00f1ab5646d10af5,0
cc4ffd37c063210f,0
a09d5a851aa82f9b,1
9f1eca6a91eebb38,0
c62f6adcce8ba5c7,0
75ece6e0f00bbb5a,0
5cedbf3c388efe6f,1
9fa8538ad68a7f09,0
1c738085814b8fee,0
17bc632de236c301,1
1f0d23a1b78ea074,0
7bc77db8c9991f4e,0
7f516121479f004f,1
88489ba8f89ecdcc,0
fcab3d713200d6af,1
0297be0e6dc35bdf,0
5a6742326563bc66,0
f2035d2a2bb7817a,0
77b34b11b9910de3,0
41f2add03ce35526,0
01b07ef7f327806f,1
ef758fb5c58237ca,0
925bd05984226498,0
58576f26955b638c,0
1b3211947732aa4c,1
f5b3d6dcc750bea1,0
6f14411f9684ba28,0
1f5a95c905056764,0
aa955b497d8e91ee,0
1b0419b018e728b9,0
8fd182c590a1504e,0
3a84c09d80f51114,0
c35fc2a7c6ec4914,0
e30a4d881d06fba9,0
ccd7c6addf8e6bdc,1
f063e7635454c4e1,0
f9b86042b0321d9a,0
5034d37eaefbb414,0
adbd558f8d9c73cc,1
0d130026e2c63c2b,0
82648c8c195f00a0,0
b5d2c092e34d3a3b,0
fb82df876e2121b1,0
7a22a0d39424ca94,0
1171102e48505141,0
2133bc8b360d015e,0
10fa68b0cdeba17b,0
611484f37d74ae27,0
ac0fcd1edbabcfb8,0
fa5ec31d7b9a150b,0
605028f6d37489dc,0
0d0ac955452c7cda,0
cc25b9fa06adf015,0
b277fa13c9fb0308,0
4ff9e70ee09b595c,0
63e6a2b58b6ddce6,0
1e6bf8a52808624f,0
64066209a59ac4a2,1
cb940af00447a0e4,0
e8926e8b99d5d0b6,0
97d4ef77ae8e35e6,1
e6fb477d2a5ae6c2,0
2dea3acb9975523c,0
3395826f3cf28891,0
257a9fc633bc4804,0
0663df8938a2b710,0
713d6d3fa5f54ba8,1
17f658cdeed2adeb,1
8912512d9022e9d1,0
ed66dc68da0d2f0c,0
10bc9229e7cecdfd,0
2c3fcf9cbcb7cb1a,0
2f3266dfdbea7d7d,0
47fdc0c9fa2d1df4,0
f24c6e1277d4d92e,0
e4dd2fbd16f57f86,0
374ee2ad880268c7,0
16d81f27151a4963,0
423e52152fcb2859,1
2fbda47ba8fbcc13,0
21f1a7d045956d39,0
1974b3ee52ad059d,1
5275475a50679a3c,0
8a9613962181f45b,0
a794983a844d52d6,1
c3e0b572356d49bb,0
1d683f6a1d1fa6e2,0
a3f21ffbb03accf1,0
0674c612d46ced72,0
1025d9d4ba56658a,0
e3f751773d33605c,0
f981ad3d21d92b66,0
8b246ec4e0b809d2,1
7d52b510398d67af,0
5437a76e92fb4d2f,1
4dd0f9b93181f07b,0
d92b64d05a8f30a0,0
c650a16fc8e7e2cb,0
36f9ec2198881b27,0
5aebc14611ec37d7,0
b7e4527c6c80a52a,0
de3afac004c1b46a,0
9b2a0a0f71ea93eb,0
2456fd41d320dc0b,0
65ea95749b971096,0
2647cf88d20c53e3,0
f5e1431e5dfb4e0d,0
779c2e8e1684637b,1
6f8ce7816cc34d0b,0
809519b17c543b9a,0
64779bdbf1477286,0
da6f6da49af4dc5a,0
0856af575e14d4a5,0
d9fe466e8288ba32,1
c58d986bed5121a0,0
63144cbf42d3f792,0
dfa41d3ae4d8c9eb,0
eaef0fb4bf26a08f,0
18a4942224efc14e,1
6c733832e76c23a6,0
f33a71e3e6706ac4,1
d54e8e918e60e976,0
650aa29fa92175b0,0
0e9fd62a8d544874,0
5463cac644e7fd1a,1
551418433a9f682c,0
f7ac8156a94743e3,0
de0b2349f45e6b58,0
cd385af8886dbb96,0
e095d3a8700a6845,1
c90e33e8091ebbb3,0
37bc17517ad0008a,1
9e6b102a7b721cd8,0
fe22f54b9f671061,0
190d83df77211b16,1
ae8ad46a0bb3582f,0
b111262daead7bc5,0
86b23752cf7f92c1,0
7ccc0979fe9c5f0f,0
06b84367783b3cc1,1
cad7ca27f5509a98,0
127b58090fa241c3,1
3e11325046928b34,1
91d216cef51df3a4,0
089baa8f75a1dd12,0
4552edfb8b28af82,0
1101751c187d3234,0
5d2e6d75aa3981dd,0
acdb3339af70f17f,0
854cdb510131236b,0
35c7ecbc0223476d,0
801e17f20aade17b,0
744480aaa7070a42,0
07d81459d5b1fbd8,0
1828b78169e50195,1
1a7e70eb3323753c,0
7cc444d595628008,0
11c4638b42857e49,0
39d17c9546f7c0d5,0
efc64bbe3fad8627,1
06e7662dca956e73,0
101d76ffeb05ae72,0
49bbed74f0a301cd,0
cf523e2289d1e743,0
0981c49d18edcc03,0
060393c631056011,0
d67f30ddabe1a347,1
4c0e06e3d8c48c0a,0
a39d90977a8e6dc3,0
c7904de17558c416,1
2847960445d61626,0
10de86a8128e7003,0
0908e45838ec858c,0
4e915c73e14ea733,0
f2f951888556c60d,0
24f8251f34929d40,0
41bc99e6bc9eb23b,0
16ee1ab31cfc42f4,0
43890107a070e2c7,1
64d7769e7e938df8,0
d1dfdf216d439193,0
a0b8b4f4c7a63695,0
a3b1f2daa67f61a1,0
6bf1a767eba430f1,0
92512444c58bcf28,0
839fc19b25b2ad1d,0
cb3a170b037ad3be,0
5f39a9c44f298c41,0
57ab6631d43562ce,0
35815029ad3992cc,0
b3f24004f2dd64a6,0
be0d0d4bdf9d16bc,0
02a6799c0db4e8a2,0
8f45d741f08f4226,0
7799f687ae408fbe,0
bd945c3e21da3874,1
eb49baed5f3afe68,0
9e33e1cad962e4d8,1
169923f5a76c6332,0
258e82c33d97e9dc,0
7e6ccb3b8bebfc9e,0
e1295ebbdbab79c1,0
e19f9e5ddb4241b8,0
c658269c2fe1c2af,0
e694995a995bd2bd,1
e1c430a8cfac26d8,0
c142f3033307b941,0
ade7676d5b37ee0f,0
6532314f1da1e960,0
1e2b7a6ffb1e05e8,1
7c29e3b07c253507,0
5ce60fcb957e3bd5,0
f0308a4c03c231f9,0
553f7806be9f7053,0
47d4d29e41cc5929,0
79fbda70a42d14f7,0
2b775633df9c29f8,1
1212c3413b702f2a,0
9e1ac9ac6280488f,0
84a36b92bd49f7c8,0
8cdd7c412d382183,0
a87f26625570fe3c,0
c50c13b7f1689e06,0
5834ab582c10d090,0
87960733fe3d1762,0
213b072d9e2cc195,0
2fab70eec342c947,0
726293a79b9ca5a9,0
7859225ad05eadda,1
1a2876af82bb56cc,0
8fc3a6eaa4eb57b4,1
8c1701665305d416,0
ef32ff8697845133,0
4f6cd8fcb20d0c41,0
96421ae2deb03813,0
94166f7ff89f7ab2,0
bc10d095bda16e6f,0
9657306b9c019f06,0
a923ff2bb6991ed2,0
62c12b7b9d64ae55,0
0cbe0a7313b07a12,0
0eb0d09b5fb3bd83,0
86b16ba30e4a9080,1
6310c52600ee8310,0
5c0d1c8e8dfeb564,0
864dd4ebeff4c6cc,0
bef5457cc6916b70,1
02ed21934d6324f1,0
62fceea8ec552141,0
0b248e1cfcd3de49,0
b304b7561a84e67c,0
63a15f25e27ea409,0
bae41c3652cc2754,0
180951a49962fd36,0
ffc38efd5cfd8026,0
ac9dab9f71cc3172,0
5533e1e988f8cbb9,1
34ea20d50c3585ba,0
b7d14ccbd356afae,0
1fa366096d5d859c,0
b01f8069bdcbbcf6,0
f7f53afa35f7bc00,1
05ad4b52b6a1d363,0
f8085c0f67615dfb,1
99d279928396c1a1,1
76d5113e8fd4d68e,0
c8fa0cc374830fae,0
80b85036da488480,1
384b8ee8f5f6891d,0
265238aa11881162,0
1a9b88fc6a680a4b,0
9c095444a6705189,0
5340174607ee9976,0
24c0eec8c01ea9ed,0
d508c3207f01a0da,0
52983039252ec561,0
a015203683fe4471,0
cd2c19253d2621ce,1
8f7a4aa9a8622ced,0
9f153aa1efbd1d39,0
924190bf802df12a,0
96dfc4aa52bd9fb1,0
6bf7b056f9462a7d,0
50543b2643fd6cde,0
a455bfbc6346bb9d,0
4637b8c8b47b78c5,0
01bc938c97ce6780,0
02f40417b78dbe41,0
6b43bc5526ad3cad,0
589f28be7ffe7059,0
9ebf3a571f2db85a,0
3365f666ea789493,1
3462086c8b245f23,0
5e459e090b408dfc,0
95d9952af77fce2f,1
26b1f0ef4a3430e5,0
2d077df4cb0dd451,1
44c1ed27d1debe9b,1
59fec2a2826e9612,0
31ee1c7172a7171a,0
03b43c966c6e53e8,0
9a8fdbfde8973e42,0
ac0d7be4408342ee,0
a233262f1156bd50,0
d967fc0cf37719f6,0
a1729697fd2e7803,0
ba46b15598286601,0
62832b10aa86d338,0
f89c6346b5e9d9be,0
717161bb44f03f68,0
cb262e611586eba9,0
5bfb33fe1018268f,0
d37a04573ab9f48a,0
38113b3f676dfdc3,0
4ad0015b435aee77,0
12ac08f4b722472c,0
2c5ae76c4cdc0655,0
a4087b960e09c5a1,0
b7ab43cdc29f8dda,0
f9370bb81873cfb1,0
2525f1fc24882a6a,0
02c065a526c30a24,1
c752817501698c66,0
5177a1f7fccb02fc,0
c424389cb35d9483,0
5a65a5ae6eeb93c6,0
64e7845d8c6d3bab,0
729d5807a9faccf2,0
ee98364db6776988,0
3e401f56462a84c8,0
941dd684de1a0f3d,0
fcb5c79aea183176,1
6bc2d74bf061330f,0
3e2e42c2fcbd8cb1,0
a60399dbd1db4f4f,0
88fd3167cb3b4103,0
99aab8f404633165,0
684be8cbafac8871,0
14f72f95ab6ecdc7,0
6ac7ec35a75fd831,0
3b896551e0752100,0
c44003d2d1fdee43,1
cf9aea41b4026196,0
53297c20ff5a1e63,0
9f860ef63dde0c71,1
6e954de33354e0bd,0
b6d28fe10a650c8a,0
18a33a223e0b057a,1
0531ae237243c0d1,0
e7275dc41bf1eba9,0
a556c4614f4d9d50,1
eb61f3b9300d03cb,0
7e24de7869f61dac,0
d4b159a8435afbdc,0
2fc19bcfffad9266,0
3e4e70326e0e0172,0
17f0493c1195368b,1
f54ddcd9a63f010c,0
b2b3f28eaf30558b,0
e13387a644283ef1,0
cf7173dfcb4b3eb1,0
b9867d4e92d7a892,0
a8c2c04231286540,0
d39001781613d2db,0
b6b4e3e807e25420,0
d42e8220fbf047e9,0
e7246ed89811e690,1
187e0fa6fc8b672f,0
c3e3eb9a1dbceb49,0
28a57cac2c5efdff,0
1b670e047b696c5c,0
3ff57ca88afa694a,0
10a8b52585182bc6,1
f7e62b6987c2f277,1
9b7de6f0fa178b49,0
fbd2ca1fbb888479,0
c8672e01f79bfb59,0
e2889eadf75d2396,0
4b7178804d70abc8,0
1ac53bf913cbdc05,1
8c88c787756fc9e3,0
b846d35705f8fd9f,1
27d8e8bf8ccc82ce,0
72b84c6fd6996aa7,0
c918b7f285335e97,0
1ea9bdfbde39ab40,0
98668f3e291ffe10,0
b3a5a5cfb59a36cc,0
93731af7160e0067,1
be8a5266143bfbf1,0
1ff7b01f74dc296d,0
33b71cf2a95b8eb2,0
ae4c1d09dfd65224,0
f6d085916c4ac929,1
0f428042057f518a,0
334226ce7d5c2872,0
2abe69c96654992b,0
941e38cc6d607091,1
67626e67df5ee4bf,0
6ce8fa6921d3487a,1
b8162f244b8992dd,0
6d0ede9cceddca15,0
4edbb0b4896903e4,0
1d0eeca33b34454b,0
d0618e94735bfff8,1
3b27896c13ce173b,0
bfe00bc0fd23cd18,0
df74b81377e0b511,1
a4c4d1c18f9b9e52,0
82598482fceedcb5,0
19540e1ae6b02af8,0
639a36bd9fcb43b0,0
44cad3acc70bdddd,0
40ba7b18556d6c52,0
929bf147867969a8,0
b09329ac4a7abfdb,1
a2f4b7403e886a7b,0
1e78cf68e6385191,0
39d3dc6ca586323a,1
131eb6b9f0030c0f,0
e35e680d46961201,0
9fb48134926868d3,0
fa264f97cf3c9705,0
5c2881aa540c9b39,0
79456af4fe757e64,0
3346449be32cc58d,0
4c5098184119f972,1
4aac5f3dfce6c94f,1
840d91907fdde3b7,0
544c241f614ca9e4,1
af25ce65bee8998e,0
f02c05d74fca5203,0
af62af2fc799a1cd,0
c184bd90d9111858,1
9f3cbdc2f73cddfe,1
0ca2cc4a42ff1f10,1
b6b465e26dde74b4,0
3cd4226b5407e70a,1
16386bcafceb6721,1
3e96643e2d988410,0
0ac6b4d1a208b498,0
cfff320759a4102c,0
6d587a9ca22cfd02,0
3d3e3a61c76f54ff,1
64bd84aa0ef7a231,0
e2b116eebeeaf2b6,0
5de3ae42ce278364,0
13f1498da8a37133,0
fa413a9811842756,0
15fa15d9f216221a,0
ed9724dfb217a3f1,0
9a37696e5a4081e0,0
53de721bbd735eea,0
28a98fc58717c314,0
5b898f166b312b28,0
6733b39a1cb9ee64,0
b76f15e1ceb1d0d9,0
364d2483e74ed738,0
912b23157e11f6d7,0
09e921e60e60b526,0
1f11317332f167fa,0
e49639faccdd8d4a,1
ba05790441db58d6,0
abdd8b8b67f3738e,0
2ed2235ac135f3b3,0
6e40f670ca79c341,0
fbd4337dee88d0c1,0
a1c68dc2e3b02524,0
75000593ac9efe29,0
175fdc30832da307,1
615fec6aedb399cf,0
cff66cf24be501e3,0
9c6f123b6cea4796,0
f5bf6ccf1877a3e0,0
a1fee816cec39623,0
a1acc95117a7293f,0
d78592caf35b93fa,0
79794aa1e43e14e2,0
c3b36c9209793cff,0
3db667eb58b04ad8,1
67163f83b45ef2dc,0
7822c10a6e070112,0
a5a989e2df25ec32,0
bfd7b20e91af600d,0
6169881d9e883d06,0
99d6354b0b3d9772,0
e990f402f6fed8f9,0
68f4f63277a1cbe1,0
7a64f3cb506b7ecc,0
4afdf65ef0e4587a,0
4e56269d15340e5a,0
54abf344235bcdf3,0
6ff510329bbad37e,0
cbc6513755de0a89,1
c9b7bcde4b480634,0
b838323b257adf4c,1
5dc5a006c3a840a8,0
307d6faa9c8c0e1a,0
1de20185d9f07a4b,0
cfeeb11ea3ab58ed,0
647735e7e4d7d289,0
f480f9039310981c,0
f60dd7fab1cc2f89,0
1093d4763c91771b,0
cdf9f8e654026a56,1
651ac23435665778,0
67fafb51aadcd45e,0
e0a5ac84438c491d,1
cf23a8e71c1dd477,0
febb38fac0291e02,0
a2aaea65cb8457da,0
69d1fd66c66bcc12,0
04db5be7ac8cc72c,0
9cc6f2d3e4f34db0,0
740dc9b98c356b64,0
892027f2b86fc649,0
b6276b0d87fb0ca6,0
f09b59b81fe76581,0
42a79e6781f7e3bf,0
17edf6b278eb3fa0,0
b722feb03994b4ee,0
8f11fb26bb31b04e,0
ec6b68fb76af67cd,0
23f8d66c36ca65e1,1
ecec755cf69690e4,0
caa2c2bab4dff046,0
35e72eec5ea9fbd5,0
939d1f9e9ca4372e,1
927e4d914ef06089,1
4a4303c20e59f456,0
383f799353026b2a,0
e0a8efec6f5fcced,0
74e31c69afe4ac16,1
4aaa751f268bd6fc,0
3334df3567dda281,0
3a0d8401c6228bc0,1
af3d56792c7f3993,0
9646fb34a7bb7bf1,0
401acf09a3d184be,0
d13f635d2f068545,0
d9c3f77bb03cca63,0
f4e5c9b5de2474f9,0
d243ab546703b2fb,0
867b04714bbeede1,0
9d610d19c4660ccc,0
d44317d175fe9747,0
1ee3b51f854578d1,1
c430e361eebbb737,0
28d9ec5462efdfae,0
c9dffbe2d487671c,0
cf2107ad29e52cdc,0
24278a4ab2e52d86,0
edf08d4d85cc5266,0
5a02e6209a7d7f43,0
79760ae09314672f,1
973060437822396b,0
9f43f8d55c8a4d74,0
d894de1704b68d2e,0
ab60dcdb71e9d11e,0
83bd983456119c2a,1
780c79f33a43b77b,0
a6b92b7ec1983b56,0
990755e5d070907a,0
860a1496d8a44837,1
faad517683b7fc3f,0
1c771251bac72ad5,0
faa7560c1e40de79,1
a78c5efd5aa24822,0
59548e618f5b7af4,0
289578eba756d257,0
9ec3905eef70fa72,0
96f96dfad54aa76e,1
b99d34f9b82ad93b,0
60e7cbaf48de8b66,0
2059823a67d7a6b1,0
cee653fdf8272341,1
d3782a55b814e929,0
0540b5c9179a13b2,0
ac92bb4b36dcad94,0
fa18afa6b45172db,0
4dc1f5896568ee81,0
e1996ddd5a82708e,0
19d150a46424ff69,0
03149d6b40200bdc,1
e5506f74fb6e2a8c,0
a858393cbc6d2868,0
be2a357de004c750,0
f0bfb69316d73de1,0
196fa1695183a8b7,1
745e9da4d569a0b6,0
a69616e83acda8cd,0
2728eb84ed22c806,0
8e2dd719689e8b52,0
01fa8e6c63272260,0
ce843f2a13819855,0
2f67ca31e4eee295,0
31f42e58cdbe72a9,0
546af918efd9d6b0,0
a1ce75fed6e07e8f,1
a3d9ac1f6197b263,0
8fc5c11186a822cb,0
c596c548120be0c7,0
4e1b03b36f48863e,0
5a31d437f75d5d91,0
52cb8769440b7c35,0
ef9f3879e25afed1,0
b5ef6b1725dcd7a3,0
450228716c69eef0,0
2b36e120fd31092d,0
b980f26aeda7b917,0
56fb8ccd573fba65,0
2858ec3727b84c1a,0
80ba43ac17aa2392,0
d230ff51965804f5,0
a1cc40813d752619,0
336f341ca8f579cf,0
b8b8112a4ec44e29,0
332243e3bea144b2,0
2c5a4a8678f2d055,0
ccdc0bbfb59d9ba6,0
cb564e15ca30852b,0
e8516c122fcecf03,0
79871931d42fad0c,0
478b03a4a0d40b79,0
bfced3f66cde332c,0
19a0a7c17b0e82c9,0
e27bc5cd9106bbea,0
47fd9f276b9e84e9,0
a9c6788016692b29,0
edee5cb0b6934ffa,1
6b6c2b64a9d9ca83,0
f217fb7380132e3b,1
9c8bcd325ab8039c,1
45571f9a73ad6e76,0
5878630d488fdac7,0
b31903d86acf5555,0
4777307336e78eea,0
cf96f658083e1cb0,0
9ca14e80445911b0,0
a05ed2aa1b72eea4,0
15eb18d24881e73d,0
0b178046d15d9a55,0
6e66b33970e0e4b0,0
b688d19a3d407a24,1
7a5fae5d0bb8e516,0
6e122ac46a91656d,0
3c4f26f922769ebd,0
b10dafea0f77f595,0
4d65ad627a5b8412,1
05bdb6b4ad6558f3,0
9eb3965a428937ce,0
ea14341d6139a5da,0
3a6dda50c3cfe226,1
d6026b3a32b3429b,0
7c9dcff97a17e418,0
60a8d54f1e089369,1
1c1073f972b86807,0
14aa0bc5c284c6b8,1
97ef7a3717ff3192,0
71a4b0304edc3812,1
1cdf6000380fb443,0
f38c70336a112bbd,1
2f0814c3b7691ced,0
e81206d035224a1f,0
bf32801e78587436,0
5428b324095eac64,0
498600b7e69974f4,1
89c8c03dd196945c,0
ead56d69d099f516,0
250d3ad454729839,0
23cd5c325206d1f2,0
b5fd45c01fa116f8,0
c8a61592fef7f4dc,0
d1f32263f77c7acf,0
f1286e5d414c99a8,0
74828872b9f8a349,0
5d661fd2cde89d25,0
ab0f68a2cbbab137,0
04bb71307e2570d5,0
ca0afdc26cd6d239,0
e339a7c96f7ae468,0
d18948065cc9efa9,0
a5213ea989d99667,1
2f338a0fafd133d0,0
a2778f3d7d1775c0,0
002bd5b0d5896e54,0
d05a8150f4a49462,0
d6f34cc88e66c762,0
f5ae1bc6ded1dd96,0
8c4e5c37b56e9aaf,0
1a9c057a73119f1f,0
f6eb02d6aaff1287,0
7e266a5c48950869,1
ac3837dbf2ba1707,0
5d4ea1e29cc34b36,0
32172a4b8b66094b,0
f84d6f590cbd3c72,0
ae713b8190712b5d,1
05f8e228228bc9ec,0
7cdfdcf98cc0d2a5,0
85675cad60af693b,0
500518de336634c8,0
d9fddb852eb3e0d9,1
1718af01fe5d6430,0
14fc4de699c673ca,0
9beaad054db422f4,0
b7f48e84d9171490,0
4bc3a320d07b8d03,0
0092243f4cc17bee,0
d44b218783a3d5fa,0
11a3817518e30c82,0
4b7b807ca7389552,0
ec927278f2366ab7,0
62e0576108c6fc35,0
122f7f2e12816bdc,0
c9f35453e288b210,0
47928961685d7a52,0
1a7f6c4b05883125,0
b5cbff881917834c,1
9e4b4134e6de5dce,0
d403afe5ce13a518,0
eb10e3c014837189,1
ae077f8e8f680151,1
572623f633f35e70,0
f279ce47d5ba0303,0
267c4ee99ede7532,0
6e8bee4440fe8491,0
7ff27ff375dad85f,0
da97b456701497e7,0
83af13c4a2a05c07,0
f7f747540f3638d9,1
9e08a8c41896dd54,0
c0f20913d82aa0be,0
9f2108a88311dcc8,0
a51265f0ad608e2e,0
cbbbeeb08ed34f2b,0
0aa1f6a757b21878,0
aba46e8e1782881b,1
f0285ce7dc9bf00b,0
3a77661448a250b4,0
719e2fbcdc27f735,0
f42a05a74930c8fb,0
66d5544724c4a8cf,0
f9670a3a1be196b1,0
03946c12f8514186,0
8092736972456e0e,0
395dc063d0efa42e,0
5f9915bcfc80bd50,0
7cf88da86117ee84,0
32cca557eeab5bce,0
2ae256bfcfca244f,1
245223f3cccc676b,0
e7f51cb3c01d0119,0
c2d6998b10e02df8,0
e2455c6f4d6fe8a5,0
ae176e058c09cf38,0
be82ed70a68ea4c4,0
ccde6aac4a6deb33,0
de9bf6ede7bb666e,1
de72d42c333b9492,0
7d22256630e9ea82,0
d3fd3a6b7b421e91,0
74f31889c6d16dd7,1
769f81268379e9cf,0
9b309f9f73503b1f,0
63d19f68b69ef243,0
7a25b77fdfdb455e,0
9a9c973654c9e6be,1
e2106d9b8c00f28a,0
3491972acd1894eb,0
911ce5f5ba0f778f,0
089ee87bf9711ddd,0
0cab099cee9b5ae4,1
281a33cbd4a7bfcf,0
58a4f249cd4fc9d9,0
59c9bdfc7ee860e5,1
5d833b6cf94f5a05,0
649a7f531587fb98,0
5044e8635ae877f5,0
5fe173c6d9ad5318,0
3ce46928dc9264c2,0
7841079da5158a94,0
5d256e8e777dd25b,0
ad4c0e0b7d2a6b3c,0
0beb23a21228edc4,0
b263eebc720736a1,0
cd99ca10afa4a472,0
cc37f3102bc8f0a6,0
b33d5913552761f2,0
98fa0aec1b7bc96b,0
90c8ba2d1613b099,0
5b7a7748a84e0f80,1
31e315db16131471,0
f9a230189ae0a8df,0
d87c7af58019a53a,0
780ad32fabf91f7e,1
be71b7d09202f6f1,0
6f2f7774d6613497,0
087365720ce1fb8f,1
f236a8589836d376,1
ac6b3e4f1437b73a,1
04236194b08ed92c,0
a29cc7471102f0ad,0
6d53418982ef9985,1
494f593895caf102,0
3fb11c2446ae512c,0
45c32541a616ef39,0
86db5920c26de3eb,0
9970c38199efd416,0
65a770903697d2b5,0
f0cfc68fe3c646ee,1
d15b21983da31e34,0
fdc8c9fe885b3084,0
19d78ce945a60832,1
1c6fa63f8ce6e673,0
bf2bec78d3ec08cb,0
310002bd5c131da9,1
f5be6e3036648c6d,0
af2a9eb11bf62898,0
bb4314e7dd8ce64e,0
63ccd4277faf03ce,0
e95677a16d7d8754,0
9865591b00ebf4e8,0
1bf0f9ba676ef71c,1
a961be561f80c133,0
f03eaf7f3fcf19cf,0
b5100ff9383625e5,0
7593e575a76a265d,0
338356d3c0877274,0
208ba7a5933950a3,1
c5066137f0dd95a7,1
774d8ff73e08b9df,0
76d4c4b4367d80f3,0
c001caf188d0fde7,0
0c184d3862ba81a1,0
8dc9fd241f332a1d,0
2ef47ec24706219c,0
425806d423fa6eaf,0
24b73975fd7dc52b,0
cae5422524b58a2d,0
594c9b8e53e6d9b1,0
052704f3a9452377,0
1b071eb5d28d3069,0
cfeccab7970cde5f,0
8e068a87f0e4669a,1
09c7d5a5d1564ae5,1
9ef96e5a3b68b9c9,1
ce4958ded1c1eb6a,0
e77667d86982c9e6,0
772ea4653e97d3f0,0
8d56f92082bdd5f6,0
93e69fafa619ca59,0
30da7593ca1b012d,0
6f0c4ceaa68f9ff7,0
ef7678fd65eeddce,1
119a551128be7b1d,0
69548deda5d58c19,0
57cea957ad0195d0,0
24c9756136b3df7f,0
2476332672c1a059,0
856e883004110591,1
94460e86ac896cad,0
f9c842a0c19a0f59,1
8f01c3665232d3f3,0
15cf256cf9722033,0
321959422ceb0890,0
b0bfa98bfa8488b3,0
187665be8da7fc6a,0
d74c1a58c2971e06,0
3c635e0c3e0c46b1,0
0541d33091a01013,0
b2672d7cfe39c44a,1
d30c91b86c4c6bfb,0
73e4623cdb3ccaae,0
6121273b4599d7f5,0
27873fe3fd3f1192,0
93390e0ba83d2751,1
e96feb018c842125,0
d8210b48f8308025,0
8d222aa366cc4d4f,0
c6c371bb54e65a17,0
e54d7d2e6a3db0f6,1
82fbde06bfd8d4b2,0
328de2b5e0957eba,0
c8112ee6798645d3,1
e026d45645d59274,0
24f9e25d4333ce6d,0
7f892b038bf9e812,1
78b480c479e0b93f,0
85a012792cd36a59,0
c0a5b8fee633ee04,1
7df81ef0db4f94f1,0
a93f5f34cfedca2a,0
5d0a5852f618fe7b,0
9c39a8596b7c1255,0
bdf4a9c0011926fc,0
9a0f325bc63de3a6,0
eab2c76a6f02bb40,0
e8036325d143ea25,0
110585ea7d193728,0
0ee23e647d889c87,1
7f4c9cae22acd1dc,1
281ae0f506ea8b4d,0
6d5d9650426b5628,0
37f0e0d7a4b1f50b,0
ef091e3ab0377cf7,0
4402fa264f373947,1
4d7c5c3d9a1b9434,0
7ce815a1cf0d630f,0
4ea4b88095e63454,0
855ab88f646f55d5,0
253ed609e252a198,0
0757835fe708f846,0
886f7dc33a2633f4,0
73699386317ba4b7,0
13e9e73788ce9509,1
91a3cf64ff52df8a,0
a2e71c118e3eb117,0
a50e6fe7712322d5,1
89149fccd1e24d4b,0
dd8dcb538e38656a,0
6c8949a6cecd575a,0
0b881207fa5155f5,0
0f4a2d726f6aa1f8,0
8ae5745d37df7220,0
e6329bfce77c14d2,1
050542234e9334f9,1
d550c3278ea8290a,1
263142d2e0e37670,0
3d5ed9336bab4709,0
babbf878d776bca8,1
fd144337093a5d75,0
a9f295e6c7f73a44,1
182f333f4f9303d4,0
32a26c74866ea239,0
c62ad7a24e8ed207,0
8c11733ca7013750,0
fde0ecd291e60693,0
924c6d9e44806236,1
5e06df37ecca9489,0
bc759d8dfd00a755,0
bb95a7bd1425c18d,0
a2026c83a14f58ae,0
64ba3e785005cc0c,0
b45a9b085a290a93,0
c64fa475e8d99316,0
b8c57086e69d47d3,0
b3720f33c2a539a2,0
2a27a78b78009057,0
d05fefc59c3c86ae,0
aca7f8a9e1011772,0
a390794774b38b1f,0
813d94adafa8139f,0
d3d79d78169c7e4b,0
8c96325c0c8dd1df,0
996dfd57fb665d34,0
4263916df7435bd5,1
121e6c7eb072150e,0
81fb14a49f8d2299,0
60a03de0031c1a09,0
7592b08381174a16,0
38a1d970fa580b5c,0
6a10840f34e7c225,1
e6fb968bebbd83f8,1
84f78e06c15d7a94,0
d1d051e6698672c2,0
695a04af5f85b956,0
771c712a2cae57aa,0
8398ed96219a4062,0
321f7aa00929a4f9,0
a6588fa912dd6099,1
94bde30573fba325,0
8cbfacdeb61564b8,0
62825836e6ed10d1,0
a859af73e3f64f0d,0
7615e04b2a34d06b,0
5aa3b2f5105bbc97,1
28660e02fca38966,0
c1a57df127a6f4a8,0
cb3949061900e939,0
ebcc3db9f07462d5,0
9fd745915b3cc175,0
11f19f35e07470fb,0
957822e18dc35ea3,0
d83933fe6403cfe7,0
7f2099c92f156983,0
44d8722c47ad7961,0
ffe36dedaed39dc0,0
5e0ba7604a32ad91,0
b4f7bf9e1052dd5c,0
fd60a10948b496ca,0
5eb24eb58e1193bb,0
a0ebd261a4e6ed5d,0
d4626c7b1ff5c49a,0
d550a2143b1f7143,0
b2df7ba6e79f04aa,0
9f85f7ff426374cd,0
86855c33b9e5087c,0
4024fd0d33bcb21c,1
77a3770e07c6f307,0
b7689186aa90537d,0
06b3014b7bfe97fe,0
98c7bad45899a489,0
1a64035e55a9b009,0
91df6b07646850aa,0
e1e3303941d1480c,0
dcb3d296a7eae775,0
b77c6758aee2fd33,0
361979d1219645c4,0
8746820a927b145c,0
9699db8ac60b493d,0
4fc6d220df67a0cc,0
d8d9c739d26a16a1,0
8e26138f4a49bbd9,0
257b5b94ce80eabf,0
c3c470bcc9b339e7,0
86a5aa1c3f8e4e44,0
67cc6b0699e28585,0
50b81be07531e749,0
2ae5b69735407ecd,0
04a70a41b6b51ae9,1
b5ed3d4ae888bf99,0
377d6de9e3c79ff0,0
e7979c555089cf5b,1
2637332948f37c57,0
ee1fef51233b749f,0
cd8d917d9021b86f,1
877e2a9fbb452c13,0
941ed0794cb35011,0
b0007c753ceaa01b,0
9f8d2da8c2c679f3,0
7b7839f04cb2eb7a,0
6dc8165ac08723eb,0
0d9b66bcb1e0e515,0
dd7f598978a46b9c,0
9f0f917f23a22dc3,0
ebea41adcb94a274,0
a26cbc442b2333b9,0
836d3e5041bd8230,0
36a9e8c15e2267f4,1
70d3c7ea1e5ee0db,0
6906a035ee511ce0,0
e5f26fe596d36505,1
90956daae78b533f,0
1f7995fdcabae3d4,0
a62e0f2d3151e20e,0
b8bf1ac3753143ab,1
6e5ee24dcdc8b124,0
12816dd012da2229,0
5d8c20555cbfa181,0
2a7fafcaebe6ab34,0
4b950b6ddd6bf9ea,0
58485055d6130126,0
3fdd4e18dc25aea4,0
b7103fcce5becac2,0
850e377a9b7aefa6,0
9e3521a92db1b97c,0
1785b4f82fa3fba4,0
d54b038fafac8566,0
cd341451c577d569,1
34a4e8185f92b614,0
402ac22f80bdfb72,1
fd612bf031583957,1
1584aca7170d7fc2,0
917218552d0c5c9e,1
861c3ea162fdbe95,0
fb7d4dcfb67008eb,0
97aec9c4c5ac8330,0
5ca2c4cfda21618f,0
099c6ca4fa2b97db,0
121f348d3f98bfed,0
0a4ec3de3b04042b,1
a0ec197bacc29518,1
746600f11780d8fa,1
f0e0d814a88ed0a5,0
0ab0175a8bdb7bc0,0
b2fdf09aeb8fc3a7,0
4aa736c673d1cf06,1
04dd1fcb1118dc00,0
37a17c366799410f,0
56b1df1cccf73e66,0
eda5af5bd888631d,0
ae65145ba716b330,0
5faa8e33bcab0690,0
13c0fbfd1d20126c,0
e8c34b21b6cce9f4,0
560b87851e6cbb29,0
0b3e389b458c1cd0,0
0e0fac0702a2064d,0
65e2e38257919696,0
151669de44d37718,0
8650f57e02f59a0c,0
fe569cef59fef2a0,1
38afbbee9f942acc,0
ceb45e76ec88a7ed,0
75ab188fe3229035,0
d9ddaedda3b9e871,1
5adcc4c378cfcc44,0
17be49d5c69c418e,0
268d2c6749869f0e,0
1874e671b3a83936,0
5845fb359c24b015,1
194041b04e2bb64d,0
dc39de0c4fe78dfd,0
15581ae021a89346,0
bdbef2804b3f89ab,0
7092b3ff9f2da1ae,0
f9cc2bdd3ac7a57b,0
4a72acd2e0f49737,0
75f3f00ee232454a,0
b650bc21d5e25285,1
04360afaac2d711d,0
a13eb98815ca002d,0
8cdee301c14f35b5,1
49a591c61c92660e,0
569199299205440d,0
c45483b3056ab5a1,0
adea339157e6dac7,1
bed0630f986c28d3,0
704d5702d3292579,0
270f060fa9d096e8,0
593520ec42b8f915,0
a6158371fefaef6f,0
ab8809f49d414e4e,0
7e898fd8299b598b,1
dfb08c548bacb49c,0
bba8a5d1a5dcfd73,0
483f5133972dfcc9,0
71e9675090889ba2,0
910e05b798b35779,0
ceb81414b778ef01,0
323a441e15072767,0
53468c35d56178f1,0
093e610e26214310,0
444aca9e47c749a6,0
7323cdbf52299f3d,0
779005ac9a764111,0
5b387aafceebc1f9,0
f7bd92c4c2554896,1
d37ba3a88c330658,0
55d1ec64ede5ccd2,0
f71b40fcb6735cf6,0
632e0cf011a19a80,0
d6dca3cd4fc9a4bf,1
0b54e674204096aa,0
af8ae0c1a259de34,0
1268944608170b7e,0
ffe1603fa47606bc,1
462ea76fc70df6e9,0
eaf70c2b4fbfa616,1
126fe60bcb8cd433,0
666500da4a480754,0
085d71da4da89add,0
3fbf57699090d9d8,1
e841b7018a78c5be,0
c63b3bd22e199157,0
6c530e7b3a79e4c1,1
8203e6172218b6e9,0
22dcc329b5f27396,0
2dcc63935f1dad33,1
98beb6e811e531ce,0
8802350b34215958,1
dfa5d5d14f562026,0
b719e51ee617ff90,0
691dca94b6ae565c,1
1a59e23c7687b47b,0
1a918ad09a472b77,0
ddd38cc91f933cef,0
4d0a1053028589d0,0
63a65d433553b0db,0
7f7e4ccd82a76d03,0
7b42a0fb0b334a84,1
ed8176e5590927bf,0
a0d2097120f82d82,1
78e846531911b1a0,0
b714d9a3497274a5,0
377ea879862522e2,0
ff7dc0d4393eee21,0
08dc390609a9a8c0,0
584f47effd595fdc,0
69c5259a0b1cf5df,0
e115f1d4f9860749,0
c685723596cb86a2,1
870b40f304a746b4,0
31bae18d2fba7386,0
6407b6865d0ffd30,0
7a8e667965dfe038,0
13562b8cb9205d1f,0
c6d74e7dd3890aaa,0
5437ae410edf5dd4,0
e353719f1fea8ec8,0
524a6d78a9b19dd2,0
15af80a0348a8b7a,0
c3b5feb6a86ea8bf,1
ee0d3210f52aaa97,0
32ddd8744e8f855a,0
147b10d4aa788ce7,1
5b57dfe9891ce491,0
21c3ff6b0ef9d926,0
c616526eb00bdfa2,0
29c93c893d988703,0
0c960a174fe428d1,0
7c4484acc32893a1,0
3149068942c4fc8b,0
7d5fa747fdfc0253,0
065bc429d62046e5,0
adf890b73e56653f,0
b6508eaf240476ad,1
14b31da120a11fe6,0
7ae52a9e83d5a319,0
efb9c2a56b0cbf1d,0
f2f70380a6f89956,0
90088647fb879062,0
3d0f2ae1dfa936f7,0
29c9e499f28bb663,0
a0ed7e2ef9e66846,0
bf190d07252efabe,0
40a1823640a7719c,0
4b7cce07572478f7,1
4fd6cd53beb59dce,0
516808101cda13d1,0
3fb98cadcdfe571d,0
b8ebd5a53ccd6c30,0
e0ed909cc6310f7f,0
00a2de3107282f5c,0
d8e7e1c68c5c4dd7,0
7f04ce8377b77d3c,0
c70e227e7623e298,1
baf37ae8f4196282,0
4269789971b7e422,0
684ac0592ce8bd50,0
698a0e3bdaed1f49,0
7087f756adcaef97,0
89a7bf6e13945ac2,0
ddbbf9fcd9a5d052,0
7c7648a4a3b22222,0
8af6091dbe20d360,0
68319449610fe5c6,0
591847651279bb80,0
aa9659a638ad92b9,0
fe2d09a3605c36c5,0
f2ac324ae9c0fff7,0
b7e190c3ba141c46,0
016450292fb7a198,0
8abfda0e8fe2e479,0
c2c51c10a54c1a67,0
38e225d896348d99,1
95aafe365e60f8dd,0
575f8ebf92afe395,0
a95ac2ecab892005,0
5d83391033367c7c,0
4a51dd56bba7a710,0
fdbe96c9b87d1f33,0
f736c9b4143f10f1,0
3f84ece598886fcc,0
4c0702927bad45d4,1
991cbb9fb007c56a,0
dc91907760de38a4,0
d06a7fcbc562ee62,0
22ed593ef876861d,1
e1884e503df0abdb,0
d03cec8cf954113c,0
e80f9c5546ef9cc0,0
88f770d4587b1765,0
2b5f29055431ba95,0
32e77bd1af4a26b4,1
fc67f9d36d631d2f,0
1e1222408a166dd4,0
385fe0c6423b8498,1
66195a0a40261565,0
277ff3e41b951275,0
75d1726e81e7df11,0
3cfe9f6cb5a66305,0
6e0cd26d4ac79e36,0
6168d41aa7d01e21,0
c6d76d56dea87d82,0
5d4591788521f4a0,0
33ea70404614eea2,1
06fcb85c3523ed2d,0
7433477def5a923c,0
783fd469e405a199,0
a31bf5831124ed6c,0
7c876a1705ce5a68,0
5ac640ccb4027f34,1
0da3b3bd95533777,1
2e4ac81dccca074a,0
3eb886b7c34cf575,0
5b8026c17609feb0,0
d2063ddb6aded8ed,0
9d533542ff44332f,1
413cb36cf3654f3c,0
41c0a0408dc9f844,0
9c507c298c559df6,0
e13438506869656d,0
d4abb3ab780a5ae9,1
bb21715f20f86424,0
799daa1199f12a2c,1
8abbc94ce5104eb8,0
3c8f0a4f60dd6587,0
d9b4dade6a85c976,0
c8b05a2b9b49485a,0
9e4467dc64e461ad,0
b7303697bce3efce,0
9109f2c16b79d130,0
b6c43745029f0cc9,0
46ef53739ad48e11,0
8d2ca2d832ea96fb,0
a22486bec42b1d6f,0
ab9af256dab9fcf4,0
11dffd0f0088f527,0
cdf8e33fd88a4e06,0
e9ad8a936bd9846b,0
6708804848ffc2ae,0
0e33d473335a577e,0
44f5b20796e50015,0
589aa5d62c138d52,0
116cb81c40047ac5,0
e5fad10fb656a24d,0
2ca2974383a2a616,0
c7aa55cfd9ab23a6,0
79522a038df1978f,0
402d2b01ef28e16d,0
a2a42aac0e312b73,0
c5eadfcb8f04d8e1,0
91b630d8275f49c6,1
9b09bae775317a8e,0
e1231888cb188dda,0
93112af951657400,0
bcbaeeaf8ab83a88,0
7f15ce2003bd0c61,0
8bae51fedac70b74,1
6c73dff85350b175,0
10f3363fa1e1e4d7,1
8cd077a6dffea4b3,1
d85bbfaf20bc9486,0
81952784d7ff5983,0
d181da68585d4c13,1
590ee6b2bc749ccc,0
637f4ee78d7f1ba6,0
40e9646d38e819e7,1
a01f9ec1519463c9,1
6426917a16cddc07,0
b25dbd1394ff913c,0
2d97e8f1fb643530,0
cac5b8d9d46c9cff,0
ced15ebd79367828,0
04dc9e14821694e4,0
2de5597687229d15,0
ca406d0eb97efe03,1
51b08e3953360e12,0
9f81847ccd68f1e6,0
044f5d5036341a85,0
6c88100b77a63786,1
2e484a0115d22e9d,0
c06f2bfda52a46e1,0
8eb26480f4f87196,0
1014525a334de304,0
77a970a5255b4728,0
824f38643aa39a57,0
875b3d25d1fe7c65,0
6efb649eeeaa8d48,0
03a29840ce7ab60f,0
5044eb101d131856,0
ada1726404c10c83,0
0cb380e2b34d441c,1
bcd4e761f34f3f5f,0
c17050fed8e457e3,1
699287fbbb151ee0,0
5cacad6ff4fdcdbd,0
da704189cdc43f76,0
cca1842653246cca,0
1597ac27b7d54b65,0
b811bc9d8eb8d1e6,0
f725012334b439fc,0
e4260801e943f628,0
c575185bb94ec07d,0
acf15b02d65cb812,0
0e2802e672706517,0
95825d9bbe83545b,0
b78a3622733dc738,1
eb98e88917ce75af,0
81bbad80eb9345ca,0
710fc60ee25ebab2,0
3d5ffc8e1b4a58e6,0
3e1e18fb19d7124b,0
366d09c8c995a684,0
72b367551cec163d,0
f27c564671feb424,0
ebecb7f11221b399,0
a40a0b461851c84e,0
3a2368fa74fdca35,0
34df2c4327ba8092,0
99e499ab65aa7848,0
b1508fd68cec9899,0
8b391b2218e2578c,0
bc0dd4ae8613ffaf,0
e7fedb34330e52d7,0
a5fed49500c849fd,0
b592128494cc4763,0
7077baf927949ca7,0
b16fd46b75894d52,1
a84afbe3910f99ba,0
e61585987780842c,0
588fb29b2b7bb22f,1
ade2221e9ec0a3c6,0
e95c7a9d6ac3044b,0
99587454daf75af4,0
54da2f14f4dbde27,0
ac1fe39229d32fa4,0
0501fe1c55c1cf58,0
1ce49faa63244d89,1
945cc5e6a289db07,0
9ef300fc03176ed8,1
391726d7c10d14cd,0
688135a4d60b9263,0
032a6a98d70f2d0e,1
1a3e28580c185780,0
46cb2d966a28bf68,0
f51fad25688cf534,0
6e8c3a3486ed43d9,0
502f5c92a43343a1,1
94b5f79a2c46f3e4,0
ddf7c57616120d41,0
bfa7e40e27679d66,0
b3de594e804f94ac,0
aa6e8836b54d5e85,0
f9720e8aa4d54559,1
dfe1212939ab4b50,0
48406cb228efa546,0
7a20576db26b487d,0
c995bfe7675e34e9,0
5fcd82de5f9ffc38,0
6bdac51df2983026,0
f091b5a39bbbe30d,0
7dafb0ad7d3cbea1,1
5fdae0d1622a092a,1
91fd7c3bc12f0a1c,1
6f5506da9e362f85,0
c04f33c2e1318eba,0
051e665464bf0793,0
93c6c942008c0b5a,0
89eba1714c7ff340,0
2eabd7b541a5659a,0
fd04e0c0be73cf30,0
cfda27896f4813e7,0
8a5eeddccd786899,1
2c3d8f3a051af710,0
a15f7f5a7f50ec58,0
6e290864773ed67d,0
35829aaa5e163350,0
b90ba32a6d3dbb3b,0
f509d85ea41c12a5,0
02e4112878a00b45,0
8abfacf17283416c,0
2067586004bf3ab1,0
51aaa1a0ef217bbc,1
ecf62d0d9325fb2e,0
e4fd863678a10682,0
06cfb8c72e67f82a,0
4f3735a9874396f7,0
b4a6b78a331725c3,0
a0da8e3af9b9acc1,0
7e8d9beb9fa93258,0
6017112554dfef4e,0
fbd13a5ddb93954b,0
2b2ecdad6290593d,0
c0796bb881b1d218,1
986c9f86b90769a2,0
7bcd141f5a44247b,0
28abbb8d82399c6e,0
f46d90506cabdb5c,0
366b793cf4522bd1,0
34cd125cece43b31,0
b00fc598b5936b84,0
e9c7f8b2fff19e63,0
b99477812ac34a94,0
9b6372e5a505429d,1
bae74e047ac95af7,0
4176ae3ef43fd62a,0
0f6daa3f9e16cd3c,0
0abf8f8a064712a8,0
13707f2efc86d25d,0
3d0237b47161febd,0
d410074a6c46c73f,0
bf7a8258d4d51f45,0
f95ad78f711761a4,0
87ace92327db249e,1
43f0b2bcb661a390,0
7d00798a73757f60,0
cfab937e7fba27f4,0
85e47e4859ebcef8,0
6c5cac42cd8f3fd4,0
65587b3e57c0fbf3,1
79ef7fe68fa7ac4e,1
bea44e29155bd3eb,0
41d7cab6b75ea62e,0
98c51db3e16033fa,0
b1d6dd7725951f1e,1
778337e0f3ccde10,0
c628a0b84aeb8f3f,0
19b788609c358455,0
67501fc6fa966c74,0
0e3db9b87c48bb2d,0
f099712da42dce1c,1
5aab105c10786957,0
2a8c9fba54e951a5,1
063192313ff79d9f,0
863bf0b8fe9ace6e,1
3e0fd2c49f271e89,0
86473ff5795a24a7,0
cb258ea2bdd4981f,0
09d541e1f5db1d89,0
ee8fd3e0731f5a44,1
3ad71a46648173a5,0
e4b2b1080ce22dfd,0
c44313debfa9e864,0
2bcdc0f34aeb2d9d,0
e2c59f2b1420220a,0
99a4ce1f6dd232b2,0
2b0dec09a0962c62,0
8796d268f8e3c985,1
6ab3944838b98916,1
5b0808673226dd9f,0
64a2fc984449ac76,0
851ee77c1598563d,0
4f91a0cd6b2263e0,0
9d533e92b250fa87,0
1e8930ad33246085,0
744fe7e17c500ff3,0
4c06df7df238fc9d,0
a562d1a8717ae6c6,0
44c94b6c68c7a7a9,0
d3560d37fda77ed7,0
2ae7115a0c3e3ba1,0
beaa1573eb89ad26,0
da7c61af0654535d,0
2f4489804b80d4e5,0
f4807bcdfe6e9422,0
ab579aa614f757ff,0
1eb21333f1408c3f,0
25f5b2e6ee867945,0
e8ab8b6b5dc96e08,0
3112beea58769b12,0
0a20cfa8fe74a438,0
7cd0846825d1121f,1
0fc5515d5f142554,0
5beaa2c2ae07172a,0
f0b0d0a861b3cc00,0
bce1b4a672246d19,0
52b4ea03032f345e,0
c0399a89e02d7aae,1
4d74125f2f62e4ab,0
66001b860ce921a7,1
2ef8b10b86797160,1
b7c408e3b45c5933,1
925cad6200d0e95b,0
745986c65b1307ab,1
ee6dd8171cb42ef3,0
7e50db143d863832,1
acfc30f625969b5e,0
11c95076e5284648,0
4e8930bb296ba96d,0
954137f19467a322,0
33f7142ebb07cea3,0
538e7ef02dfbed72,0
dfd4c1472b66598d,0
42d49a451ea5b8aa,1
0ebec3dcc40205a9,0
5bbb0ca3b2266ea6,0
ae06290b843db2fe,0
ce8a57ee1ba3de08,0
781fc39ab04ea4ea,0
885513c5edc8bb16,0
5310b434f405368c,0
9277b665b097183e,0
d323ce5b083770a7,0
5c6f1ac8549acff7,0
b7a0021bad1d5dd2,0
accace51efe7fe77,1
abd6d3802834e741,0
edb22fbcf6ec0dd5,0
f9aa8f812555335e,0
dce73384caed3e11,0
bcbd475aeac36d7f,0
e867d74cfadbb241,0
c0e3cc07b2333f1b,1
c4c88a0d52b50ed2,0
878ac674388b8d52,0
7c671bab2c680893,0
902e0aafc772517e,0
f3f10ccde23faadb,0
7ce9d5cc3bd35ff1,0
5f4c18f64c64460e,0
5d092757deb90531,0
b9d4c3e5df6ac8b0,0
6242f67c138ae830,1
6a81304760a4d333,0
aeffe68684d9c488,0
5e2ca9a491b7612a,1
f1c14e58d127417a,0
c76ac6d7083b8f74,0
847e9c2a6815ea00,0
c14799cdb675b5ac,1
7049225c48df2fe1,0
aefb22ecfdb0161b,0
3e69ed02a51fac94,0
be640345b81c3d99,0
9d7bf17915b2db20,0
aef2d984169b5afc,0
eadd65b4175b49a8,0
33a949189b8b8285,0
e6a6abb9a88955b3,0
7982cdec5cad349b,0
d47c76b98221315b,0
75c4c953144ad639,0
236721e53b684503,0
3b8072ae46ceeb95,0
526589fc14f4cd4b,0
4defd04aa2ed7c2d,0
3e696efc5104d8b2,1
a2d8766aca9cea09,0
0771b2528c4c0747,0
4e376353f05ff461,0
3f5db0fee2169938,1
046c269faff70377,0
35964b76c6dba443,0
99d708a2e4800e19,1
aa6caf2e3bd0d38c,0
240cfc4cf0703470,0
0c4d8c390d9bdd1d,0
92e7a30c1d808941,0
a16df77832437783,0
e12a9dadbd5b90c9,1
73a139496449daa8,1
ec3f12ca7cc778f6,0
8de01ec0f7bd994f,0
7006fe22b1e63ca4,0
4992d9c9fdd6736d,0
9d5309d65c04bb72,0
9b405fd6d5ccf50f,0
09080f126c3e11a5,0
766eb77b2694a701,0
a63fe6d711fb57f7,0
69c79f0922ff64bf,1
fd6958d8f7962b25,0
8a84318dd684a893,0
955f8effeb01fd92,0
3357e56422c67675,0
f2d911a15a9ed99f,0
bf8f396a46c2b404,0
8764a76d632c22ab,0
f4642a32c1a33992,0
8b49b7047926eb32,0
fc445c2742874c7f,0
7af0ad72fc25501a,0
4fefa0b7513ebaf4,0
a17783fc088aa680,0
4b2deb72acfc8c4b,1
2b1ffec64be05e6a,0
725c6a38339b9edd,0
7268a7bc5b8d27f1,0
b1c51ae59d1f6865,0
2e720fcb8ec781f4,0
d5451d01211ace01,0
a161bc28226a313d,0
451a3a48455c2c12,0
73cdbe77fe4b6887,0
4bc3bcc87fe046ae,1
a122b8694c10359a,1
4595ed1730620499,0
72bba0c5fee2095d,0
ef99153d4c5055e4,0
460f497d74132452,0
5217db98fc18a80a,0
9d4110c188696e97,0
cbd8ffd2fd1ae7a0,0
43787c6111ce0512,0
5004eae4db523819,0
de2752a447e75386,0
f89d3b0289637564,0
d7f937def8de5d3c,0
3187c6c025a218cd,0
19d7492f66937f31,0
53df97a9256cbc86,0
bafc81258195d564,0
fcf8a218289e48bf,0
8616c7c3714d28ef,0
11f2c0888f8cb008,0
63d06c4ee13951b6,0
6cf8d835f2ec42e4,0
052769af1e23c6cf,0
44d2b8d580bde915,0
0c327bfb1c242dfa,0
fb7da0ba5830eae4,0
e7d2c74caf91e8eb,0
d3bb1965ac40c67f,1
a4af77de4f344af4,0
33284dbb51b2d633,0
4e7ca5a4285a869e,0
d2d86a2810959e1e,0
e08a71f0398a1a41,1
dd830534964f43d6,0
f060043a7cd4c478,0
bdbf6c058863ebc0,0
d6dbab41775b0955,0
8d2963dc39d0b1b8,1
7e7b208a614c78c5,0
0b97c86e17b90af4,1
b7cc7f555741eb59,0
c817076ac0821461,0
5a23c834312fab5e,0
bf78adb5b34d588b,0
4a0eb027b241b63b,0
9fccce5fb3f606dd,0
3d49561923e6dbca,0
40bb4d3187147289,0
b12766272bfcec28,0
c76b3776a6ea0188,0
468082594bcef135,0
239edb4469f18880,0
d60646958310e592,0
869ba66be5959314,0
88da973d086538f5,0
6bebb4c96e46e73d,1
50ba8536ce565cbb,0
39e0180e536506dc,0
f515cba60acb37b3,0
25a934dc9aa5e2bc,0
8fb7b7ef872066ca,1
d3942865e8c83b40,0
4462e2d64af64f5b,1
89edd1ab86ad5e03,0
f58ccc7376f0d38e,0
6e7688d58bbfaffc,0
d19df4eb83178648,0
d7831068bd8cba59,0
1d483d78b3ac6b11,0
c4a05114eeb1f256,0
8135f48193fa4d28,1
3cf9621dab8c1091,0
0d769f056c9c21e7,0
646e73b4f0f8c191,1
aebfa9d085c44534,0
8b23d571c8e843a3,0
2c8accdc597f64ec,0
24465e1562243731,0
767645187324e058,0
aaf5357e3356ce14,0
b78eab9d1dc11067,0
d1ac64856d607159,1
6cc917341d5b40de,1
821af2ab395eb3db,0
ecf3c681e7a69f61,0
10e7312f464c15b1,0
6da095a5ed21e3ed,0
329c9c2a7f291686,0
dd298588d37fa6f6,1
1ac41db0c571dabe,1
98aaf73d8a75f585,1
578e6863eb15975d,1
e36113f2889cbb87,0
7a670c4f90be22dc,0
c6d349b1d5e75f30,0
9b2c38ab25224d11,0
dc31ca18c3620822,1
e85125316f2e780d,0
1bc41d08eb5b2353,0
e49284124a8c8a66,0
27fd9275c2bc712f,0
1f398d562ab5aa69,0
7e46993d277dff8c,0
1d54414a001945ff,0
27fe5eb099dbd529,1
99ebfd16da0a85ea,0
cb07034fe6caa26b,0
79872486a85c0e13,0
c7917671ce285659,0
381b334c9a9eb00d,0
bdfb8f7019410389,0
e3ebe2b98a679546,0
909f8b3bf1c3f096,0
81baa575463e0833,0
72d98dbf8d5af841,0
76bf8cb65789ca4b,0
f288d5e3a9faf1eb,0
284223acc9d26682,0
bc2710ac880f874e,0
7b4f2c970819e2d7,0
ecdfb3d42f455622,0
92f9a55c848550ec,0
05bdb2297b0db672,0
111009299af4ceaf,0
b2a7142f459f9310,0
ffc39994fd3dda76,0
97eaf48b6e1b263b,0
4aa8004cd4709ab7,1
45f184994c057f44,0
bfc5b914823347b7,0
69a542f921aa7afe,0
052d0698dcc1184e,1
57ed53369f2a9f80,1
e6faf540b262b8c9,1
2df5be169d684d44,0
aadb1c9112f39426,0
099b176905d770b9,0
b472da8c8ec8a0f0,0
2f458ee0aa4258cc,0
92ce8c7b6c0da7bd,0
b2997a8e300a8dce,0
23d006f1d47feefe,0
8eeb6f7dee6ebab0,0
7adb060d3dea67f0,1
a35b872072dc4a96,0
9a0fd82b8a69cda8,0
76c4448659815d4a,0
cfd237aeb68105c8,0
0326309bea758180,0
f397d85c9cc48a9e,1
e3f93e3e49677f51,1
8f27bf5dbb26301b,1
e058c3d10e4e4c1a,1
c9c93b64f22ff5b8,0
6751183b492731b7,0
c45f7707f41d3b6c,0
efec8cd02c54aa04,0
2d4629f1448d32fa,0
88f3669feb962a52,1
59d60c6cc42ea7f4,0
8e275ae93fa3c266,0
fd2068ddca5dbd50,0
326946ddf807e454,1
9f2d58de8133ad2c,0
4550106ed2f8b493,0
d921817642d6e1a9,0
320221cb7dff9ec1,0
e936e5a3aac2ba1d,0
95c17faf78d9adbe,0
45a16a37f308b022,0
0cc929962204c353,0
d0a3b72df30274e9,0
e6c4a9a6d87058a2,0
cf44095fce7c3f5b,0
6d1259c374a1d38e,0
04cdb7154531c941,0
36df13c27c049a9f,0
7082bb994f99876f,0
d2b0f09575f0bb4e,0
39eef4a440b085b7,0
7f5217246f40846e,0
88c27698fc8547e1,0
a8df8449d8923514,0
16b75b5f6bfec8bb,1
ca62c928991e41c4,1
6ea16e05caf740f4,0
2f2727819b02978c,0
36114d23b6caa5c0,0
34a7425e7e27a188,0
c9cbf372ffcb817e,0
4456e9bec2d4f9b0,1
50b8f591e465b665,0
c1642085de4cade3,0
8c906dfa3a521b63,0
d5acf4ff9278cc8e,0
abf9dbe305f46d5d,0
3209e0e7f85c8c50,0
861e030db8964dc8,0
8f0bcea1cdc40473,0
32bdb88697f8d13b,0
25811c52a0a0f4a1,1
a04da7b17d639d77,1
1321a197084c2d55,0
ef584026518cb74c,0
d0e7265cacd69103,0
f7d093ace6bb9f18,0
fa63fa3562065528,0
27b2d506206e59b4,0
e4c3411a3ec3761c,0
fa6fb6965bf46b99,1
c52fe72a501a6b19,0
4640265a5beb76a9,0
11248eb30024316f,0
f4d28262388d4fc8,0
76b0ffa8c8ad122b,0
53b3e97723a0b633,0
8b71c72755378d01,0
7e28f22e79eef05f,0
2fbda0f948ce67e5,1
fc6356ad8529c4c1,0
b8f0938681ac1da8,0
c75feaa8c95650de,0
4821e29ade6792fb,0
01cac821172b82b4,0
90e0d7a7a494be3a,0
03d75a9c2de6ae32,0
1f502754e0f07c38,0
86028a046277727b,0
7118cecc7ef7e31b,0
960f205648901070,0
4205d4d773a99135,0
8c8f705b09d96a91,0
8cb3ec9cdf44b38d,0
6e5b667afd2f3639,0
5300ed92cfd40e73,0
caffc45aca5942c3,0
efc9692c09ad3c19,0
be5cd50b70daab60,0
889cff0ca2780bef,1
72efa9770f7cd8dd,0
bda6c3d8b8141627,0
f24848ecef52bc74,0
aace4c62768a51cb,0
d200ade4fe772e9a,0
b758d7c262078ed2,0
d51f00cd82d2420a,0
59ebd927b7828383,1
78ee7add140be748,0
56fc89f4a2041b32,0
079368903eacdeb9,0
4a288e12b8c90732,0
4c27031abfc4eccf,1
d683adaf0eb435c4,0
40c59f0286e3f502,0
9f616d1bfca7a654,0
bca1e6bdf6774113,0
540b6dcae482b60e,0
78f7bb8540c24322,1
4cfe580af37b3a11,0
52bbee8fa8f6c83c,0
2d1a4c49d14c07ce,0
136affd67661e3ca,1
e39f15e081986a78,0
40ccef7138dd3669,0
76da324a8e8556cb,0
2e09880f7abe8d40,0
144082197ef11a25,0
4a194faddde20f12,0
9b4b812e9383e889,0
832fcdbf4f97ff90,0
54bb97d9d3b3cd98,0
33579b3b15e75684,0
59241c63953ae839,0
f6764352f0293fc1,0
d331a66f0bb01815,0
47ebc77cc6744f29,0
d939140f5a892a46,0
4dd9802629ed0489,0
6cf75f2d9261be59,1
e9bd2c1b607f2222,0
4f406f4d95bd7071,0
03be4714db890499,0
28b7ed9f15a9933a,1
041521c2c41454c3,0
b29807a267a769c0,0
5ae07d75e3b53a20,1
4ac1a97aa3ba3572,0
822a155596a14d08,0
68b720627d17cc2f,1
f2180995a79643e5,0
ae07be6adc7e2431,0
0d26a5f05803d87a,0
54ced39088845817,0
4c9af429a117e5cc,0
a44d6c6215a73f2b,0
5cce76babc0ee8c4,1
48f075d8026751ab,0
6bae07d06b58de03,0
002b7f2452ce4869,0
fe078ec790982b37,1
528de42301bfab43,0
99c3bc3040f54f12,0
bd86a6432972d23e,1
adef19f045db86d3,1
5f9fed455a652aea,0
99182cdee4b8779f,0
7a644761072c5853,0
21b4650ade8c6309,1
3da8d659782ff439,1
77dc0d4f90887f2a,1
f9b4f43217990752,0
c9e6bc4058028876,0
0debd14bdf2fcf2a,1
3f237a837a5f91c9,0
fca56e8f027e2600,1
730590335d00935d,0
1d07ab987aa15318,0
cd189cff9cdf3175,0
9be73e29ccdd71dd,0
95efc33084fcc507,0
6bef18b46267e3b0,0
ad89a9e4709337f9,0
3cedd01274d64dec,0
46625e4bb1e9f33c,0
6f7d62fd7f8b4fca,0
519371da36214814,0
b9a49aa7271086a7,0
ca7fbc154674bf37,0
08c889f41e16b216,0
5ecbc7c1a5de9922,0
57a46166fde1c17d,0
e23a86911a1c538c,1
979bc8126f93e35f,0
723dd88f643e8190,0
1520de0317038e94,1
aa0016d2e725dde0,1
6a73c9d83d2772c2,0
af03565c6fb6bf05,0
e5f0aa7fb7a4006a,0
15c668d6466ea22c,1
28b6a03919447f6b,1
7efe0236066abde3,0
eab6a6bb6ca44b25,0
6ee04aa3ee7224f3,0
05e03627c8c96907,0
48142b2156441040,0
74bcd424e873e271,0
c4ea2860db83b21d,0
0e16a1438f0d222b,0
e96cc6d8f14e8145,0
ebcf3a6f161c78bd,0
74d6f47a024daf61,1
dd6831306be28e38,1
469f0a4bed77fe8a,0
835e425798bee7de,0
50e7289da0f4504e,0
531422b619530607,0
cdf45c68052c50a2,0
b113288f5da8bd75,0
3504e85a90bfb289,0
615ffeab45a1a3e3,0
8832afa1eb2cfb1d,0
571796d065088afb,0
429a2fddd3ac4109,0
15ad9f8fd4b97805,1
4cca8c1f52ef8f67,0
2470a8ea74496202,0
0c3b6b031b6e70df,0
b36456026af1b498,0
3deebddc743b1716,0
d1d3a704107ce631,0
1494139f2931fd46,0
ef7c40503e0392c6,0
2008ba1821c11d1a,0
171663e67dc74295,0
571016d8bd1c262c,0
a4e5d1f0f7fc277d,0
46794125365fc7d0,0
6986a0a71058eff9,0
518d71c12268af4a,1
fd380241c563c339,0
0d587a16f0bf5430,1
a571a715993ab337,1
727174990d41abeb,0
e659e4eb30b1284e,1
63a1479bae3dc463,0
fe4df9b4fa42e242,1
9eea260c5f33110d,0
b66363110de8d0d4,0
a701dc80754467ec,0
e980a87b9a76685c,0
6275f05b7d7e279f,0
fae92739bcdc8e7d,1
413bfd5f82673ed7,0
779e7b59de747e4f,0
b1f1ed22f9c40898,0
ef5768de78411d52,0
8db2f5843217dc91,0
b3a18844f07fa8d0,0
1c6072519dc272b7,0
13a5ddb6c37f688e,0
74153c822b3f30fa,0
f402b4b371f44621,0
4f5b9afea1aecd65,0
e0e9987809701304,0
43ae694d0ff44520,0
87eaac132feedee7,0
30050a02463959cb,0
c1760784a43b1d67,0
4c5566f0c5832bcb,0
0087c47cb7ac4bb8,0
0844293cbaa3d808,0
5ed239695cb6cff6,0
af33246c3bf16f3e,0
af9d505da6b8bd1a,0
3b3d11db723fef4a,0
c8b6777b5ce95844,0
e6c3db39b5a81beb,0
e566f096be849bac,0
a4590f0ea91f35b3,1
bc3f119cfd0e5e2a,0
ec10ec2a9da7f9a4,0
4a30cbe370510558,0
d862b546d4e69c2d,0
fa04378444a5b7ee,0
4cefd59c623a194b,0
e440fe29e5ac6751,0
b59266d1386071ea,0
28ad3abcdfe741e0,0
3e229aefab37cb8a,0
2ae504439c5e899c,0
4b85807bad375e0f,0
23f1cdd653c3866a,0
f5d14de4c5c44f65,0
7e5af3d838b06f24,1
c463f2e738e9302c,0
cf46fcf237fbd2a2,0
c32f23dfe25862a1,0
62d410bf9d2994f6,0
9e1fc10b50477618,0
d25c207bed9319b8,1
b9d6a2418554330c,0
8c414a272d06c439,0
1fcce8b515cf6052,0
6bae5a0e3af16811,0
661786219228f04d,0
e6cc95479b0edd88,0
aac70c0ec43cae7c,0
8724bb888d402d27,1
b03deed4079e0005,1
82d0fcd5a89c6ec1,0
3d396193a128dd7f,0
96b3ad106f63dac9,0
aa8a529f0a5f2f94,0
f57c2b57f541fc9c,1
9c7fac49e519bdf7,1
e8ebe8bd19f58213,0
80a7c7db0fdb6342,0
17893683ae4fae9d,0
c3b00b19eb5b15e3,0
ad76d6ca05026c04,0
2a20c8c590c0ceaa,0
31ee16e9e9c19f4e,0
d3171bd3280a4d25,0
fd2e3a41223f8c19,0
6ebf8e1a4c762f42,0
ddbe79c19e7f2f2d,0
e41e81efa2816a51,1
69b1192b4acafd13,0
57245e410c5979fd,0
1b00b28142dd69c2,1
a90de523735a3b56,1
44e61ec7ef04a3cb,0
e24821dbece5a0c4,0
d3f5eb01e2192fc5,0
5e77ab41a04cc6d3,1
08c52f8e8087373b,1
1923961a57a0a151,0
203bbc2edc739246,0
4923f8a6e0866110,0
31e58416ecedaa82,1
9c27cb4b769de16b,0
58b256fe3f347a55,0
abb8493c6bebc84b,0
7f53e6b85d31ccc9,0
d001efc54622ba24,0
dee921c4fcf8412e,0
aa458d63c3c03ea5,0
b856619a0ee53812,0
d17bfb7392f17fdc,1
4738012234df0e30,0
a15374dd1f5fa8eb,0
4f2a17d5f4675e61,0
6a1b6a611b8023d0,0
a12eb23c17a6aa45,0
9c44810a82781c1a,0
d9b365ac5372d00a,0
50053f7a294c274f,0
ced5b786083e9c4e,1
ae687424fcb0dba3,0
411723c06b27271c,1
61af6b61eb01b0cc,0
96ecd3a4f17b90a9,1
7c3a92b1ac9c6baf,0
32f3d7558cb55c86,0
93d374d88ebf3dd5,0
d036f1a133d25494,1
c47a9f09a3fafe23,0
cba9c66d78b6165f,0
4c35457ada6b03c9,0
3baedb2374889ebd,1
f0ce0d5e439b27d8,0
9a451a6658c249f3,0
53c6dde951894c44,0
417327b205b6092d,0
b6a069a8bfe40bb3,0
f06db06918608a5b,0
433c333e827a7284,0
a92c81092c6d99b1,0
1531cf530068f1da,0
a71e0e8c420e1e8a,0
99db297ae3acad84,0
40037815ec946600,0
c53c0e1b59299acc,0
5c5f3e1949fbae06,0
dd3c58aedd3f437a,0
7e837be933d07cdb,0
df8d5cccac8bb8d5,0
c2c4cfe02ccdca33,0
2d6c7b80bbf53dcc,0
c00bacdfffeaffeb,0
64d096dffaf41a85,0
34164ceb245d14b3,0
4592b3d0ea8d08a1,0
1b567c46153009c1,0
70934bea07aaeda5,0
78202faa67614112,0
5fb4fe7bcf54d796,0
fd124df860b6530f,0
8d58f140fc95eba4,0
8ae23905d7011abf,0
26f40e139e989628,0
f35ae418556ac548,0
7809c2ab66c5b5fa,0
df77fb2b23f23721,0
f86c746956b927bf,0
8b167c4da0659036,0
49933aac85de268f,0
03f2ae09c9bc1b42,0
edd838458d992163,0
7c4a68a26ceb8f4e,0
2b75442129542328,0
7f67cebe7e0bfbba,0
40c0955c0d5ff737,0
2f4a35c1290630f3,1
c0e006e6d191443d,1
5ca9cd732c481b59,0
b64465cd27956acb,0
26489f58a5def5d3,0
d792dcbd6504ec63,1
e6bba77aaf79011c,0
6dd979ada5a11c68,0
0bd1ab42906f6268,0
bf9f57c828a449e9,0
d7432d604ef9f173,0
671ea0330809e7f2,0
3d4c3ecccf119f11,0
62e5ac65d08aae53,0
d6f2fcf7c196986e,0
602c23c22166dcfe,0
aa3c5e494234c775,0
e32fcc580071c894,0
ba11e017d6ddacd3,1
bce4ede024cc1fe9,0
f5f1341e831a9295,1
64d1d44a7943ac56,0
f153c2cae32218af,1
383f3dc79edeb437,0
5c843a6a13b10c9f,0
57ab51a872bcff0f,0
908890b541f67cc8,0
fda4abf478fa2f05,0
1543fd60960c83be,0
58cf4055d8336ecc,0
86a34843500b4c91,1
7acbd3db4e96f040,1
7060f46d93e54792,0
9427217f2ff6b266,0
05f791d550ed4224,0
80c7fd3dd6121a0c,0
8eb6d9349b0e7f96,0
cc91bdc469cac59b,0
76955d610c87073e,0
f942c6e2dcff7c45,0
834ee2116ae96447,0
fdafdf1f9435bbf0,0
2c7088c8c643cb80,0
3f0f27e15e6ab6e8,0
a1c57ced7f1d5d95,1
f5f2d8eb6f9833b2,0
86b72ce8bfa514f2,0
a6eb6e281467a04b,0
97cbd936e6467656,1
61769c8dbc897c45,1
9c944cc6672cf489,0
59cefa24bfff2a50,0
a4a3ae430ad151cf,0
cfe2b63582c7a20f,1
d4411a6143076ad3,0
5ff6ac6adde4786b,0
4cf4ab5de67a6df9,0
2b0d668fa081f0b9,0
4ec4956ec53265d1,0
dc449adc061ec06d,1
3246e4edee08c0c3,0
c49aa82c1459ded8,0
3397038226c9ed3d,0
fefa38c812d736c5,1
5e9c895d8d52332a,0
62aed9632457e97c,0
dea204219cc89ff8,0
4882a9119ae826c2,0
1cc73758b51a8c2a,0
4b92bca3cda42b1f,0
8746e3ef1804a53f,0
4c955e64b0926c0a,0
f8ccd8e90af92285,0
77efd50e0756e4f2,0
e2e573bd0f47d8e0,0
08a507b0edb9f55b,0
3566f813721673c7,0
d4e4143142bc38c7,0
5bc19d8259c2100e,0
d05639b3323d4903,0
ea2e7267c07f7e48,1
11511b0ba97eb106,0
1c03451c839bafd0,0
c9afb55048f371d1,0
0ea434faad74bb67,1
d9551a9430e42ff6,0
a8a418197d4ede53,0
7d44dcb310abc04c,0
78a19b44ffbae692,0
dbf46a1f23583b49,0
02a70a0aa299cb62,0
90f6522f22894b7e,0
0cb3ce1b0b33cef8,0
40f342dce867f76e,0
1544414dc5efe85f,1
edf7368dfb81d29c,1
052d36c7926df290,1
262cecfe44469281,1
50368eb4f1ce6617,0
6a4ea7930235cdfd,0
98f2676449c3a3d7,0
45ef7b0547e553e6,0
db2e877b2e7b4e79,0
625ea91b3c7ff068,0
1043a00adc143f64,0
546c8bab7d235feb,0
c05879a33802e653,0
9fc6204f9998f244,0
210cdbbb1889c826,1
64f695f572c0eaff,0
f35a3bb2a8976725,0
db50ee2ac51b8c1d,0
111d0cea4412d358,0
a7f9c93f1ab5e3b1,0
f866d22b2e37ff62,0
ae3d7797a7ef82bd,0
bd2ba906b6326e36,0
08486083f013b880,0
e00a0814dad74f0b,0
98abd4913de9c462,0
1b4f73f24012bb81,1
fadb7ff38ca176fc,1
5afce17fcdce5bf7,0
eecdfc3976f0f5a6,0
f7fdff28d11478a8,0
df793e5e0a40904d,0
8b5ac63c15946c9a,0
2d04ebaead83e9fb,0
3fdc0dd4f4fbd21a,0
64406b415ffdd44e,0
6776708e25d86c66,0
ee4ffa3822cef203,0
bb785328a274196b,0
6c960ccaf66755c5,0
7f16b4199dcfe9e8,0
b20ac8b6e1584541,1
125e8c040cfbcc99,0
ef4fe21b0c564d97,0
bd7036400dc11d79,1
6357d0b2a4aa3c98,0
bba891b4abadcbd7,0
e580be07c2a676c6,0
2793b4ec651dd922,0
49d35235b9de4383,0
3df6354b7d9021da,0
5d11de16389536c8,0
e294baa1f773a453,1
10b93645a6eb28ca,0
02d04bb7a18e0165,0
4b5e0c2ade02f864,1
eb9b0e3b7ef35e00,0
5eb3db4e9539b4dc,0
7076156edc5be31f,1
f318bbd55b7cb98b,0
11c057e0afb591e4,0
7826c27f9be4453a,0
a139dc70086d178a,0
73f284bbc0d4494b,0
56cacce25f8ef105,0
e66fa383d64f29e0,0
a7366e98292ef617,0
4b767249fc951f18,1
492189e76bd2c70c,0
be6aa3d51cc8bf09,1
c519eedc1f618187,1
fe49e4a3c5594571,0
05f169db8add940a,1
1c10fbf75eeb0be4,0
b732deb9ad2a968c,0
7a29fbef1073f53e,0
c6ead8fe30720f68,0
90a180dd0ba9fb8f,0
d2e8c7a018c8d246,0
00c2de70bb843342,1
956e311a5380cf66,1
dde9fa570e7dc167,0
a292dc66dd47f846,0
c07f5bd8281df0de,0
8a4b710cb4bbad10,0
17e0753c184c441a,0
208b94fd629cd64c,1
0d8d49f5172683c2,1
7704ea716b2d2bc2,0
689a6778222dc1e2,0
9258b61cd13998a1,0
0f4bea622b569c1f,1
972fa1d42e9b2514,1
cf25d6896de63291,0
f3a4a1dd3048d8d3,0
ef389c8877ef4b55,0
84bf229236493f64,0
ae673a0db5cfe595,0
0c96082179263e71,0
eeb9f75e34e16df9,0
8dfa048e7db0a754,1
2e3c61a79f1d4ca9,0
c7eece176c5e24b9,0
0e3b8f354291c574,0
af82b1451f0563cc,0
1ad695727e27f452,0
0f2e2764d4053ebe,0
dcb9e2d20a0d51cc,0
4cb85cf0aace1462,1
34cf98924a0ce6f7,0
ba083ded3c4f67f3,0
4ef3d7214194fb18,0
5247f68f347f05af,0
524924d3f4a925fe,0
79ff836b27e84cb2,0
0e5d317d1542e01c,0
d6b0ed8e8dc1e577,0
2b74547beb7a2b72,0
77a23a9602acc4f1,0
8d2f3fa07ba186b2,0
2bfb1bf6de9d9f58,1
1ec5665aa8c7575a,0
b5fdbb5f952b2bf4,0
af3fa85976992124,0
a396c796420cae93,1
8e34e6f3fe0be680,1
c8f2fc3ba3874adb,0
7beda8f1b302a372,0
daf6b272eda2dc08,0
4ff222a4caca6ca9,0
006fcb1fa6c119e1,0
117694624e13d13e,0
a22bbe4b733860d1,1
2b8f14a26ff5face,0
9dc3b98a86eaffb5,0
ec46565ade4ab9b1,0
c8d68c71bdfac258,0
baf4c7e55473db95,0
d15e5676e4a29b11,1
6e59f18edfb49484,1
bfd63bb23f2c62ce,0
93c454b4e2913f7d,0
b0aa19204820e684,0
a54187b78342d202,1
95db76f11067b134,0
26e12cff404b57a3,1
8fcb7ea6da68a686,0
156e53fe8dc6831e,1
00e05646076ec6dd,0
04f5da25ad641783,0
7d9447363f785f5a,0
54fe993f7bfc47d4,0
ecbb3bd627d01227,0
c3b0670495c568e9,0
eff5cce1df6ccec4,1
c5b293fdff0b2c8a,1
c64ba5044fe84346,0
061d667f0fd99426,0
785427dff3cbdef1,0
a5e806b3af41ed68,0
4ad0ec9f3b2bfb24,1
271e6de224cbba0b,0
e995e51af32b803c,0
f733a91d8675e9d4,0
3c935b7a9d9d10e1,0
a88332b785b07016,0
6de072a7812bb1bc,1
c98180f2667e5716,0
f5481d2bd6dd9888,0
af5311db73aa95b6,0
d7f0eb84ca9953cd,0
5192b1f4993b8de9,0
267e52652e2f76e7,0
45caff9f8e637f02,0
01afe2a98dccc8f7,0
4340d68de03702c0,0
d1de602b91cfe130,0
30a871ee684e859e,0
5d83373a10f91a3b,0
c0246a233ef74278,0
928538f534fbf4d6,0
1dd60bbdb3724152,0
52b2b0ed272fb70a,0
aa7c99dd83c83973,0
16501e08c1cae8c5,0
f52fc07e3e1d308d,0
73f04d3e1d537e19,0
57af0e8728a17793,0
ed0d01c26c826a03,0
23c0be40db06fae3,0
c2253ab65c4cbdf2,0
b6cb69e23f7c39db,1
0038c4703810bdff,0
d23c2c4052dfb5bc,0
0def883092c8a376,0
7a141844ccd6e5da,0
2ec7b6259c0cd69c,0
70e92513cf484c5d,0
565ae3acdaa72795,0
2c3de610a6be25e8,0
bc5ab9a268f1b20e,0
772c75e4065df079,0
55589208f95be182,0
47f90618335d1593,0
55d0f11e5f2a798d,0
eab467b4c830096d,0
16b915a1c9c2a198,1
82792c7071d66532,0
3fe15927af75fd0b,0
e75a68453704ae8e,0
96829036b635fe22,0
cb410e3ffba824e7,0
9aeab1d8109c3316,0
fb0a69dd29b885db,0
399fdfb14822da34,1
f4c67481d8dd1bf9,1
a02d2588986b9410,0
419ff133ae44cb54,1
d91121a94ae8476b,1
9d85de99d2f54ee8,0
6e62c555f1069b5b,0
22abc0ddc8962cf1,0
c0007501bf67d7a2,0
e561dfe41ca8da60,0
f9e4c830bc7756ec,0
8fe0dfb00d8162fe,0
00da67e2a289a6e2,0
0f9f5e3712d71be2,0
5aa3df036a5ed512,0
187ce2f3aee314e2,0
64e67d2354dfb3e1,1
482dac62e65d6979,0
aa3e44556f5f841e,0
8b30251beb012685,0
241f693631291d56,0
d1e0df968a05c777,0
7a1684a538f6d4df,0
7681ba96e07beb3f,0
a8e9149965423a9e,0
c83e5eba04febfdf,0
e8f14a7782c7bc27,0
c21fdbb670c63c4d,1
774fccd770033d08,0
405cc9ddf1a6a63e,1
1c907ff0058cb487,0
04506b0f5c5e01f2,1
1b751c1ca0c2b308,0
26faf9ce9915653b,0
62cf4962045f0736,0
4e630cb0ba429c31,0
b11dab8e5cf6cb1d,0
b68db3be73fa899e,1
8c68d00e91b48a33,0
30edfc5d59edc1b2,1
9a9c6ed1223ff3ab,0
681f47d83f9e3f60,0
8513bace5e912ee9,0
b7149568eca44d9a,0
676724a404b342ad,0
5274f78dfb418f0d,1
023fb235dc2806f9,0
6abdf6337ff1a76c,0
0285999e768bfd68,0
0ee1fce96d01e46a,0
0bfcab07766aeca6,0
bb14cafc82803a40,1
99fe0616da3d2cfc,0
f6cebed5734349f0,0
022cc2eb8597abc7,0
32f3cb9d755c585b,0
f95d968b0b279d4b,0
394377597fe113aa,0
1277a69857cf556e,0
702b9ba6f93b6237,1
19944c0b6cb6f37e,1
53aa23ce3cf59fb3,0
cbe937bf70519887,0
0f418f39847c75ef,0
52b3379cf5447948,0
58128776f1a18949,0
72868bcc0eb24c05,0
1e28a34a392207d5,0
3840b6c731f7a809,0
4b1e8ed8e534bf9c,0
94fb22897a62625d,0
63b1336439b79632,0
94eef5f878a53519,0
815a544c1f8794a5,0
79f317af38242434,0
90a008521eeb77c0,1
a1daf844fae51836,0
e8e25ed639b66e22,0
1b7897dc7d676630,1
75b1dbfea69daa1f,1
875ef9267a622661,0
210bed5f1d3b28fb,0
6793a9978e70582c,0
e3b634e54023b667,0
11c00fefbed8c3d0,0
a4398412ff1100cf,0
2d1561c26d04f938,0
0ca873d6ed57d021,0
382d3bdee149f1cb,0
56441a6a7b6192d3,0
6a39c9e7f2150f3e,0
485f30c5baeb1b30,1
29d974199f6f0ca8,0
4982bbb327ac5181,0
41a0bba2561427c4,0
a64281e1bc3f923c,0
b4b77c13e3100323,0
24daaa13eaa3ea39,1
349e2f11fcef65ac,0
058ce844fd6d14a8,0
3da18a40d36affc8,0
cce0700676c51a8d,1
b7d199e066714757,0
ca29ffb755a9b04f,1
dc75d5782117fe1a,0
152fb113c88450a8,0
bcba9cfd6d2e7c0e,0
e27223c8960fd086,0
dcdb50abcbc347d8,0
3e4f1fe8ff920cf5,0
41d5140fed9de996,1
7570d40d4c12e35c,0
e708cace713bdfef,0
ab59531ba518655d,0
de1292ad579b0fdf,1
cc044c9ab4eaf071,0
424c738c16451561,0
9be1c76f1877ffcd,0
87b0f3adc0d7f597,0
6c6cf6b418529d66,1
73dc7d16db6c905d,0
e7985149e0892b18,0
3dc9b177db2bc3bf,0
3651e1610fa3751a,0
ec68317041cbeec5,0
65d24040efad6c0e,0
5725e20538336c0b,0
e7ff553ed44d0c4b,0
05f5e09139fec498,0
f17be139d6db9bd1,0
35c2f8e99718cf3f,0
10574833ba04fcbd,0
9d5e90fd86bace51,1
115f21d61ee4e5f4,0
36bacc3c233073b6,1
82e710543942dc85,0
bcd1029c94127d05,0
f500b78e1ea2f982,1
4ef6893f25ec6b2a,0
3cee4f2a96139d77,0
780b916e324fffee,0
ee4c4498bdeaaa02,0
d70d6d2fde1f3c73,0
44451eb8e8b72cf6,0
2a238b402c3787ef,0
2a8ea0f4da78975a,0
7d8c53f3e611f21e,1
472072ba4efa2048,0
74d7c229c9739f3b,0
cb547bd9c34a512e,0
14c9c55b35f76770,0
6ccdcdbea73056ea,0
e610c6f6e1075d39,1
eb5d33e80371e038,0
fcefd13b03af23db,1
5d020df4ddd0d516,0
41eeeddb512fa92c,0
6438c691b76c9490,0
c0a5b60ea41c0c91,0
a24b4efa1c1022d2,0
af13d14ec2f6799c,0
8e953d500a00cb62,0
a761149ac433e13a,0
4d0f965cfa9d06eb,0
22f12157a7ddebb5,0
e4439b4b60c2420c,0
3714dbc09e376837,0
c95aa51b70082999,0
1d3d692a98d08e29,0
ee23b7164554d3e4,0
7ffb4869be8f63b4,0
c31e67bca8c336ac,1
cae56fcf79841780,0
165f5fcf22d12d6b,0
8de1d13a4b9c2537,0
d503cb2dd1b7619a,0
fb3738cd550c702f,0
6c105d2e96e96e7e,0
1d5f8288addffbad,0
87c20bfde0110586,1
d689f04fb68c3732,0
981a09f3820c4e8d,1
1ce9c21fe0c58ffa,0
1718682a8d567cdc,0
a3a865bc43755717,1
80a300394a76cd8a,0
d5ef2292aaf52917,0
569a6d7704d0de87,0
f6fe950c98fecbb5,0
aa9e376dc2806f33,0
4eb84369e592860f,0
d4638741f84be5fa,0
7361ef5676ef6aac,0
bfb8d0db5b61b981,0
ac4482b88fc0ad89,0
39b6a54f618883ac,0
ca2f4dfb32418962,0
bb69423c195718ad,0
fc891c2d844acf0a,0
18cc58b349b9dd8d,1
643c50137c5b76d2,0
87fae5f0f8601064,1
56dc1d4b965ff9a3,0
cefa23274d7814ba,1
f59dcebdace72800,0
bdd26c984f48af80,0
da8bdccb879898dd,0
180216f9f0278600,0
869aa5e63fbf7e25,0
329150093b8cf9a7,0
d822907e2d8abdbf,0
09afca015878c6f4,0
e836ba8a2894da8a,0
e2c01e245a1c344b,0
7772f6dcb77f2283,0
b4d8ff1e1b81505a,0
399c754a97876735,0
925b284345f88a3b,0
4e28d358949bea3f,0
3469d31985dec4d9,0
9d789c1658d820e1,0
0dc2cff455c8606b,0
aa73f02efec0d550,0
b5f1efc6635eca44,0
68ea57ba1a851686,0
bf8af8c4590ca33f,0
eb03dbacbf41aae0,0
3b359c4a5ff2dd0d,0
bfd8721f9a4b155e,0
f33ce0d0be7d09c5,0
56eeb6ddbcb9c37b,0
2134ae7462bf3156,0
41db5d0cf2020f3d,0
90bc34327411ab55,1
58ff802c3b177cb2,0
b1b81cf8a968910a,0
135fddf658a01fcf,0
cd6e27a7233252a7,0
77205a8d7a4f653d,1
042f09d13ef784a1,0
8a0afb4ec6ed5fc7,0
b8fe504d26570653,0
aa2fc8039258ddbd,0
1ceb8c5c80a0964c,0
409b8e4321767683,0
068b6028800bfc2c,0
e36fa3c29e05c5de,0
28a3421cd4cad1b8,0
80adf01a8e980e0f,0
b879977232036203,0
85082fc2ecd71166,0
1b263d8991230ed5,0
db26b434c3955324,0
eee527a0c2c14db0,0
53900ece832e0902,1
b11fa9ef98093cf8,0
56d5e2986e34ad6f,0
4957984cefd0d3fc,0
3579d5524824a631,0
93739a3c303df65a,0
fcf4b96c4ffee437,0
8a5925ca1a8833e4,0
e3ee34682f06599f,0
859e9ab5d7798707,0
0c41863882e1cc1f,0
4ec671dc6b52d105,0
c8080ddf97d4e57b,0
70e05eb94d73c1f2,0
9ea958b99b48d6ed,0
3872981538fe9ab5,1
2bb1308985c417fb,0
3fcc195d97de10fc,0
0bb0c4765d1eecb2,0
bf70aa4b3e3bc1c5,0
e82ab143be8f968a,0
1055d087a002cb6b,0
24bcc83ab2eac64e,0
8131835cc61d55cf,0
5cbecb3ee1d85acf,0
c500a54e423b1ab3,0
7a15a2640c6b6e43,0
0c02aeb57441dcb7,0
99dd9102db2d862e,0
fd3562a32ae6ffbd,0
88cdd0a6df775b93,0
682f02d01493685b,0
02d97204e37570dd,0
59c653812905ffaf,0
0bc02be423553e2b,0
96422f1887d6ea6d,0
d3e4b7d2f2627eb8,0
87b56df5c634a159,0
8395709aa46120ec,1
649fd46300b466ea,0
ac45735f8db1e5a4,0
755b9b17611d89ba,0
4fa48e419bcbd63f,0
d824eeb13e6865d7,0
904d88da35f9002f,0
09f2cb44db2f4b0c,0
af0663df41b566b5,0
acd69ca785be141a,0
32838b21cd8d58ec,1
00aadb54407cbf46,0
356adc57b0215f6b,1
3ffe69006f5fe98b,0
880d12cc8a83cbb8,0
910f4cfc4bd6129e,0
2e11a830ff501fb8,0
2bec3a38a0c6552b,0
6044c8d6fdec3aa6,0
1fefc48abd4ef3a9,1
1db218885512852d,0
ae715ea937fb6267,0
0074dc0bf1e2561d,0
66b52f70cd754104,1
9b76c1b1f9c7f2c7,0
63271e8ba1a7b821,0
2ff2e22fdf37db19,0
91c4cbf1e2489f4e,0
32511476e33dcd74,1
9e042227d00cdec1,0
aaaee807c1517dbb,1
64ea795e45d5a852,0
3d76ec2150ee5af3,0
532c573f7ff7f47a,0
b964b677f69e63d8,0
cd092ad0cb4e961b,0
2302e8703e557966,0
111b6e9b3c38817c,0
e3eec4677e057559,0
971a647c90714f01,0
9e92c50d659eb773,0
903c17b4e1450498,0
9feabc93b7b6818d,0
f6a17185aabf5bf6,0
fe254ac88f254bd7,1
9b6cb12fc1456252,1
900c43c35dc9dedf,0
8e71b3ba2989e096,0
e867b4d4603f22be,0
0788a8668697c3fe,0
596ae85ab3074912,0
d431f75c7a27b90f,0
ee87b8963155f13c,0
ebfa673ff3a3f89e,0
afea140fc81775bc,0
e4bf663fcc51ca1e,0
0605c3202520dcb0,0
7d697ef61d790761,0
92bc7497733e7f0b,1
5d55db6ce1340677,0
61bfe8bf9dc530e3,0
702c5d74e7f65ae3,0
d97e0e9a6e9c8a2a,1
e35c2b6cff233296,0
854f94402a1e4d06,0
261397d010cd0235,0
b81976cc9b2eda1b,1
517a825e8a1d447f,0
b1b5436dc2152843,0
45d4a0495bc64a33,0
03c1016af16c744b,0
1ef39adb8726971d,1
47070da7ae4e76b5,0
134a96b91f05135a,0
ae427d2c9a11ad24,0
de668fd8302a81fd,0
6a988fa16139c53d,1
1d1848acd058ad6f,0
464d5c493c6d256c,0
f467b5e8011c4d62,0
201ac2ed35138394,0
de8f3e03996b6115,0
5427afbc8c5a8a83,1
9735c725da53f675,0
d283f72a28e59358,0
31483a0cd562495c,0
b01f5e0c0460d4fa,0
b85b02d66a240d33,0
872b6ce4b76db2fd,0
93171988bcf5db3b,0
fe7063555b31da7c,1
37247dfd3ef89426,0
4af0e362e980182c,0
34c6502f8968def8,0
7df7e4534e2a9d53,0
e4a4680b0ba4f226,0
ecc8d4ccaba94aad,0
6146d91f3402a3e8,0
c5542e77a52724a8,0
91db27a7ad2827f8,0
cc7d1636e3e905fe,1
d86a503158562f96,1
2f65f240732a16de,0
e3b0a7edf0b7a09c,0
6f47fb12d0a251ae,0
6403ee9554ebfa99,0
2bcdc390da5fadf3,0
07a981c9b1adae0c,0
140638d6b6c84ddc,0
8d203612fb884f26,1
e4ee82d99251f532,0
51a02c75afb42ba8,0
9de592589049d922,0
6359b71aff65870a,0
bbd05cb8278e37d1,0
022cd402b5638798,1
04d4bba80cb666d3,0
2fb8223b9cf1dc6b,0
a8bf1bff14d59669,0
d7fc72eba45fbf6e,0
559a86317e56711c,0
ea9441fa7acfead2,0
130ac4a1a8f8a316,0
07c3c2687489be3e,1
8f860e76f8adc4e5,0
6e29b5b8cad0f8e9,1
704c7c6c5a64fa12,0
d8a603c2a308fc69,0
cec2f8417b74250a,0
cfd71543f0a56b18,1
6bbcda117cecf722,0
aec97f4912b1696d,0
dfdd7629063f7b0a,0
d5ca227823e76dd9,0
dc518e9512794fae,0
e8d5b92c3f475741,1
4ba2a224a49f4e40,0
7cf92d42e0daea1a,1
e1ecf564185004a1,0
2e724c2cf8bd2f2f,0
fdf8197dbc674f1e,0
37598e335a311987,0
379bf7a709df5d86,0
06509ebfe423223a,0
82c4e5228eb3ac3a,0
2f2c59a59905171f,1
f542aadf76b9c064,0
feb2b1bef5351e7a,0
87da596d4f0e4a75,1
bcd0ed51c68440e2,0
6051fe932c4a7fc6,0
c55f0317024ad716,0
a885305385ab342a,0
25e3d05b7318a9bb,0
f3cba96a8074a122,0
4431d8e167b80e61,0
dab8cb959bf5dc59,0
9409ec4171400bf3,0
ed79b8d2da319987,0
2ed57f2b6ffec05f,0
6119962cb5b755c1,0
c7f7617f63a97580,1
ff2086fbcea3ca52,0
09ef6637a0c0822d,0
4fe3c9106d3f84c4,0
754b1fd22caf7d7c,0
ba5563b2ca8a157a,0
87c3b7bc5b11ed44,0
6de38021e6d67788,0
d66ffa43fb43cdd5,0
ce76a21a311955aa,0
c968891a88490441,0
a0c93add36904564,0
f234d902571189a4,0
468507892674a6e2,0
dfb7bb8997b76fc8,0
1524e9d7096b062c,0
8b03cac17dd38eb1,0
8861aa4727f83cd5,0
a5f123a4f2ebfa8f,1
a357cd3bd397444a,0
b7c74462631898db,0
09954b1598181142,0
b3ab9bd15a45a3d9,0
b8510d13f7196bbc,0
ec2a88a7b1ebb357,0
6319cec39d2af980,0
8a375936754f86a5,0
432433b2dfaec6b1,0
f017a1bcd146c77f,0
70059e604cf6eb99,0
bf5ecc866f11d2af,0
7bd9ee73ebc2c601,1
74a082ad6333f8a5,0
3cc382c1ca7c4c4b,0
815d5c8eb02b6917,0
f7913b69f4285303,0
6c1f4f3bc006a5b3,0
b313668b8dc927b1,0
29b4a1a416ecc678,0
7ed8bc5fb1bcebad,0
dac292ff2bf2c53d,0
ea3b0476143ececb,0
a9c276f3838d3785,1
716c5ea442f1d0c2,0
06e294822d82bc81,0
2b7696b1f726c288,0
eb753716d31ce8fe,0
eefe3c68cdf0b907,0
422c2d8141eb221b,0
07aa8c8cb02ed349,0
1b45c6e51cfb8484,1
70ff4194f74f9f2c,1
96aec94348e19869,0
cb14b48c2e6215e9,0
213d96c21f8fde82,0
be5a1b16f03b7cbc,0
76f00af3a60e23c1,1
fd421c962e3948ed,1
4220255706ab904b,0
c0547624d21082b1,0
e57f1854f60facd5,0
cace5427b02810bb,0
733d1c0c86926400,1
97ffe49c2df14828,0
7bc4797eb8e34b0c,0
8aa5d2b1f7caa1ee,0
2157e5691cae9b23,0
095abc54ac88a913,0
37a08966a94b06bb,0
2d31ecb577e659ef,0
eeeced77d7571676,0
638b2c4581737c3c,0
933c03c07ccc667d,0
bbf2d57a3e76b1f7,0
7bbcae667319ad17,0
06be4ddacac944e8,0
803309013adf31fd,0
a9d85ef13823f59f,0
ed2325d8732219d0,0
634811643602a079,0
2a8f7cd372929faa,0
8867d9a54e6cc2fe,0
fb85c5737be6202c,0
a7f160f85f01b4a0,0
a9dccb474cc4fb56,0
43f5a91efca7b5b0,1
6516d3d0f689975c,0
990308dde79e8f40,1
06f6860b41619544,0
9e75d68e4ff4f8e5,0
da1ca37f3e8a3a93,0
e0c966d983fa6b4b,0
4837d0d84a81b70e,0
e37a5ed10bb41ccc,1
bbbb567b937e218b,0
45d8570d7ddf30b3,0
c5fd84aa2cc49a6c,1
708c9aec83ddf0d9,0
eae65bead6c0c602,0
4b79af216ae60a1c,0
01b42062d04bb634,0
42497de66c60a18c,1
e45ff5ca4fc535ab,0
32d3a34ecfc8bb97,0
f2c05428ac432615,0
3a85b71e601f9cf0,0
2ed4fc980c95d340,0
90c0340be5da1472,0
23f24f215a481c0f,0
e2e50ec3303081d2,0
621c6fe1d721b6ac,0
d8124a7a227c4db7,0
1ec8658257ab833c,0
dd829fc38e7746d5,0
ebd4fb60c2927d98,0
7793c84c1942fcac,0
4290880af0777c46,0
1e475bd6a664c164,0
f80b200904d8d548,0
309cc778c73297ef,0
9cb06e65d9607304,0
6c80204ec62d6f45,0
c691e92d330ceb8d,0
f1840e943c858b55,0
b3404efc947493e8,0
31efdf90890f100a,0
2ddea4f930136035,0
3647ad88b0c4d229,0
578515413ac424de,0
90ec7ff2c6cc38b3,0
3e5e64284b27d735,1
9d37693ac8464a70,0
e5dcec0b3bec063a,0
f6005e8afa6663c4,0
6a501472d5832f0f,0
30529dbbe079d4e5,0
af1b19e118ed7f53,0
c8b41227008a28b4,1
8d06843082bb4ac7,0
9376351be99ccace,1
e00f11fd2719c2ae,0
2752819800ff4979,0
7c85944f959c7d8a,0
4aec493ce9203ca9,0
07b5797e29a11c70,0
d4800947a6735d5c,0
d1b1431901a23eef,0
04565593e20323f8,0
b4fbfe7aae6055cf,0
01f081d819c3a441,0
12960900df814758,1
a777d58848d21f3a,0
7905f38ee1d0770e,0
4779e3313c4b9d64,0
3fcc472e0d9a6e54,0
1f62d12890751fc6,0
428b3ed450a2edeb,0
085808e60ceb39e2,0
e4255a76b678e3d9,0
e55e5d5223e8e8c8,0
bcc36f8b7af049c9,0
7650b10687d34024,0
e4f339f7e61250a2,0
38866c5ce7e5a5d2,0
9c7f4d8de846253d,0
2d9ddcf7436d8783,0
8bbdecc27b206731,0
e4f3baaf577f70a4,0
a3c054b141347539,0
92223da1455d98b6,0
2bfba87d451ac98e,0
9200e78613be7784,0
35160fb69df721ed,1
1acfe2c967b6e574,0
6766a3e4a949b31d,0
aa61727580c13458,0
14bd6ab60d9100f4,1
53365557c8ddd25b,1
d1e497b9959c05fd,1
0133cb67ee1d5337,0
11c56d8a9fb9cad8,0
cbe83ee44dd529d2,0
addc8a5d7d434855,0
50be217e9ad241ac,0
0ed5ed9697f22ff9,0
19ca1032137e3a7c,0
c0031a3e1cc16f75,0
dab45e9271a6df96,0
20fd73eac10c8300,0
deb3796d623dc0e6,0
265faf06ebf430da,0
be4ad706d8cba985,1
4188bff619a6ff16,0
485078b4928514f9,0
794b3cbb12cd4afe,0
ccc9ed2c17fcada6,0
529589b68bfe233b,0
783371ce1e09f2fe,0
6368e51a25567b5e,0
357cc770a7c4a684,0
c8decc03eaa7d817,0
5318351778ff3da8,0
e780a788fbe2972b,0
3ae19edeb34932ba,1
d826a282e12c4482,0
e7fec8d1c67558a0,0
d8bd278757d647e7,0
19f2b2b04dcd2ef1,0
d4e829953195fd00,0
9aa3a17ecff6df37,0
356d29e331c5ecba,0
329f1a8feedc204d,0
305508fba89b56c3,0
81cb69f390f612e9,0
b5d5eaa149237a27,0
9705f90ad8a80f8c,1
9d3919be50ad1d66,0
953c5e84aed20cd8,0
454ba69ca019833a,0
90f2ca127a249286,0
304453964c43d8d1,1
3fecd0e3f1befdd7,0
2618a9580c772185,0
40a6f8b66d1f982e,0
1edda283f2eeb4f7,0
7db293ab366a4af4,0
7376e7590e2f6106,0
8b6baf5d9ffc6a39,0
8b9b04c4e0180258,0
3a743d835fc5f180,1
b39bda85642e251a,0
c7ad76be8ee41429,1
cd917a067f83ab09,0
21df62688859d026,0
b52fad986af13c01,0
f33a24d8e61faaf3,0
df47b15985cdb4e1,0
7f88a57b4f2d450c,1
2b80ffd33bff5bc7,0
f2ad92a704ddbbf5,0
2ac81658e8228504,1
80ce2457f481394b,0
b0442620ed726df1,0
f09f125d35ce4f85,0
53033803737e220d,0
d890e4cf732e488b,0
5b33ada9adc7d1ba,0
2972b3954ca40fc3,0
0f06792a0860e546,0
5414dc544bbb2ea2,0
a5d2c57ed92859f3,0
a1ef520f366b6424,0
f8d1a24ab44bbe4a,1
389f3c32746552ad,0
83f0bae336d19d7a,0
0461aceb5dd50e85,0
04dbacb237e2cc11,0
e478772e3185fa84,1
5b29cdfc978f04bd,0
625c284bc14faf5e,0
374251293676d941,0
23ffb7b33c60313e,0
de8af40e5071fef0,0
f07ee013f0ab18b0,0
d6a919f2da919a81,0
77f1d66b159da32f,1
c7b375b320e8254c,0
a563d2f19bc6abf7,0
47fd9fff7754a82d,1
963a5c231b60879c,0
6c81920c5f881367,0
5b6e24bcf050b070,0
3b72e714de61c3d8,0
60b9eec2e0fd1eff,0
3709e46973cceb46,0
57269e6d1c6c05ef,0
5f3f7648e74d81ed,0
0f91686761ffa1a5,0
e9d89e6dbfa21a6a,0
5cd6baebed6c0745,0
5805aa9a896d784d,0
c537dfd76489c4bf,0
f83eba9a635418dc,0
e7e8870acd8433ba,0
a50a24a0b97f2a12,0
f71f8c5487897063,1
cbd075ebe3bd41aa,0
033b8a4c9cfdd9e8,0
d89b23b8f3db22a1,0
f1619b9eef05ead3,0
45e7a0906df6065a,1
a54ba20a8be56369,0
c31eb64c6ca03e58,0
80e158ab4bb6f6a7,0
0a677de39339456d,0
2b3bcfda652d2984,0
580ce3acb073f7b3,0
82d31f38ed60d7b4,0
12c269fce5c9624b,0
9c6c241ba2bb2775,0
a0105844519c37a4,0
1d63e03832952ee0,0
d9a8b64d3c6285f4,0
bab7dbf731abaece,0
3858283dfa9f7fd2,0
86c8676ef80fb434,0
655fe19053fa5fd7,0
1529c89214bca213,1
40876a52cbbfb5d6,0
5bcbef756a8c941d,1
1502a8464c755bf6,0
a907ef3096d9a734,0
e4d52d3168f8bbc9,0
4020ce12c6ecf6e3,0
c222543166fae334,0
16aa432d6dbe39d3,0
58a038345c5d3756,1
4abc1c954afc709f,0
d9cc7e0353d5b575,0
99b13c496848ebbe,0
9b1c79a66c5fe227,0
8e9038722ad461c1,0
33c46187e4cdb7bf,0
d98de869b276f9a8,0
a3cf45a17f877c73,0
ff64c6b3ee708da9,1
a66552cce0d0974d,0
e7b72f4630e1bedd,1
d7e83aa3d810d90d,0
c81777315ce469fe,0
84be1d4d4c2a0773,0
331c2bb4a2fd4efe,1
429af95dd61d293a,0
b3159ce408afaab9,0
9a79a24fd1c8dd1d,0
5b5b93f21b9d3403,0
4289048e5ef6d7c2,0
cb599817b2745452,0
6552a70e92dd5707,0
9dc90766224095f9,0
85a7f827dfb0d642,0
58d2b4f54e5b09bd,0
61eea51bb738cf3d,0
65bd0ab03ccbc6d9,0
804b6e376a719fe0,0
895e20bfc77973b3,0
47ce57a56e3e44aa,0
12dc3655dfa02709,0
89fcdf7d1e727bd0,0
87cd51e8f3ea311c,0
7fd7d49c44cd43cf,1
12939ec93dd6c741,0
ec6472e24f9f93cd,0
e1281b64b1745eb1,0
714ce19c59d3d0b0,0
2198f73e9073926f,1
54f9e53edbbe0753,0
81e05e96ffb108dd,1
f7d6c6c7a78cdb71,0
ce387313939bd315,0
6279049016f2908f,0
4e5aa6d9a3454e6e,0
b03288cc5f29111e,0
8c7961e134dae5b3,0
87dbc21c66fbe4fb,1
15e380cc0851f820,0
e6081fbc472fa938,0
a619e9146b38cb57,0
e9af71776266b580,0
bd5da4cc113b4b40,1
36e13835ff578b53,1
88c1006e876585f7,0
b05b6d01835bb787,0
0b60001315d5c35e,1
2771b346c19b102a,1
0e3dc7830e72ae3b,0
c66fa7635adaa5f0,0
edb68bdd1923427b,0
fe9dff60e5a4d684,0
51ea77ffab6b91e4,1
e27f78f565bc5b87,0
9e6396e87945f346,0
281d7f7f558738ad,0
c0ebcdb72fd4c118,0
cb126fa16d3b76d9,0
4a67ead3056c403f,1
8bb53aa86d21afb2,0
5ec709d15ca97516,1
41adcd91703c005a,0
576d34dbf33ad7b9,0
bbb70c011b984d72,0
83a1d14703fa3ab8,0
46e14be74cd71e44,0
ce7f015462ffb2dc,0
3ae1d8554d5f5c6d,1
f0cebc14adaec776,0
4069cade00bb57e4,0
4e2b71feeecfeec6,1
97679f46e9f14098,0
4c415d2cc6279d2f,0
5de8d01415bedb9f,0
8cc9db4c1fad5977,0
13a748e691833fd7,0
15e3c9ae235f61f6,0
1137ada3c2d01a40,0
7d1c9a0924bd0493,0
d91553ccd68c5d91,0
18535e953dc13a3d,0
aa2eaa73f0ef3872,1
29510f7b2f8f2409,0
9a0e27f46c35a317,0
dc00f6eca445dcca,0
583a49c9b12d7dc9,0
212364a975a47100,0
b7080aba36999f11,0
ae82f3fdb55aa45a,0
9b6041c54bc3409f,0
3c4889a88a398010,0
b4b5bcfe6d9817d0,0
c9b5c098733a9ccc,0
55900be2304db1d5,0
dc99272d378566a5,0
7f9f5dd1396fb100,1
7d8474f8e82d084c,0
e0088137d609e76f,0
4ccf1329bb4419de,0
779895c56e100976,0
aa27d0982a98d523,0
46b92ec16183f694,1
2c26d54fede38150,1
36c7dd34ff253729,0
540fde92aa09254e,0
e8adcd69a850d040,0
be591bd51798f257,0
4f5dad1d532e3d74,0
dfeca51a53dcce94,0
86cb44f84890d2b0,0
a19a88371e9262cf,0
84db5babaaf2c046,0
888005382e0e951f,0
c01311f15b5443a7,0
4ca012d2f34bcead,0
9315773632a0a3f7,0
280c3752eef26907,1
b9763a86531a953d,0
c0472cff571bfaa8,0
78951071eb56f5ea,0
85e984b8e8cfe2db,0
6fa7f0ad3bc11c7e,0
7ffb9d3b78d5a107,0
f896489676f3038a,1
475d335fdab4aa3f,0
92f4e90cc8f98087,0
70176dd6b811c02b,0
d3a14c14f4873818,0
c448259055d7a00c,1
ae06d6a0f93d369a,0
298c186ff914d593,1
adbfe17dd4832388,0
d75016fa2d0c8717,0
870dca9b26fc9545,0
b81228dd6649a0bd,1
df1ab471462c87e7,0
cc811c3bc64ab7d5,0
2ace102e34031bab,0
e96dc9fee60c1065,0
338f5677588e27cd,1
1e3c608e6f9e0841,0
a35c12f37ffea543,0
e9a32abc7af66cca,0
d82b0ae250252f6c,0
3f50b480f7207070,0
d38037ae02e7a16a,0
6ed45f7a2f8f4446,0
6069cdb4744cdc0c,0
6af0bc115ed81b3a,0
7b3124b8bfbb55cf,0
7b3a52d2cacad2a7,0
e8687e694a32fcb3,0
1c89bab8026d0279,0
f945b592f5aefcd8,0
054368528ddc6696,0
bd442ceb8da54ef5,0
2ad00fc5595c669e,0
9629a3cb2e75a4dd,0
ec5d51d163a6989e,0
8ff8cd216def6b44,0
caef7183f4afd547,0
fb1a6cd1c1debc38,0
b4c7801aece945da,1
6d865e63ddcadf30,0
f2c68fe1c900597a,0
811396c18f5e38ee,0
e7483d30047e78e7,0
064af95804d56c95,0
eb1de16510ab4aaf,0
87071181a1b6c92a,0
b89209fbe743a8dc,0
bb1a06796d6be466,0
40556e22de72cde3,0
b91995286e84844a,0
2c9dae6a272840c6,0
6b50982e854f9c66,0
521532a10297f1e0,0
908401accbbaa246,0
ffa41fd82c2b4535,0
a13de939ab34ac52,0
9fac9759b6d467f6,0
a863a51ed7d9f51c,1
810d5bae08859f2b,0
cb894190ff9855c5,0
a6aecf19086d6348,1
75a3a386ac94ae6e,0
359dadadbb68d789,0
09121ed607265ba0,1
179dbfe8831d7a29,0
d7b575f561e29cbb,0
740dd2351d1844a1,1
66d529d69671841b,0
341b8be5100db12a,0
629cfe8e334cf4ff,0
dbea2096433ea27d,0
00502da8220eefdf,0
b926cc06f8be6ffe,0
88bbca1ddd090d2c,0
905f1c31e9f33011,1
afb594aa98ea03af,0
56653a15e66dfe74,0
83f21e774afa17e4,0
7128584f8876e249,0
32d1225e380b1ed0,0
76ea122b24d2a86a,0
15af4f039ed20c08,0
dec8c93312b18706,0
e239ae270b9e04d2,0
f6be0f2877d28709,1
a1fff48cd4c2b35c,0
18180f3b07717d01,0
f78f35220320cb06,1
2881c3839f71e07c,0
274524a7d18874f2,0
bc65ac6f0efbe2ad,0
098be0e98e85c0c3,0
5ed69134decda221,0
1bce3f76a2a31186,1
f42ce5acf184b397,0
9e13620242a32970,0
f56b132cedc65bc1,0
39238ba2701f1f04,0
92612f19e6aed07a,1
b15b442b49a16b61,1
3578b9b22ca53177,0
d8ba26172b3db6e0,0
14811382876fe21f,0
7021b07d6837aab5,0
63a8d24fdc80cb4e,0
2f2329a929ab3e03,0
b925e09eed9b697a,0
fa339a368ff241f7,1
e4eb509176b2d12c,0
197382a7d305491f,0
c3fc83f5bfb489a8,1
b529ac992156fe6e,0
2da6efe14a1f69b4,0
7f4438dd9130c223,0
36a6bfda767c066e,1
fca0b34f50f37c26,0
3ed4a11aacbcf75e,0
2d7695d9f01dcefe,0
b92966245bd619db,0
dd8183fccf96b06a,0
012f31d86e8d0dab,1
1d6cb4e0665d3a93,0
8f2a8e83016c95d1,0
56446b779a5a1655,0
7ba1bedd25cd1863,0
2165942d4ee51837,0
de8878fc86684711,0
eddf8c935d2e1167,0
101844f814b9ea17,1
56aa775cfc30d316,0
f8684ddf2d2c54b5,0
407721ebcaeab85e,0
6d47ba4b82ba9bc1,0
bc703c7e69092dc5,0
215cd4770149e007,0
e121b465d39a6dd1,0
6750eec05dde9f53,0
18f978978fc9d6ff,0
6c2caf3d52bb11b3,0
027fb2eb140733c6,1
43510c4f85c732ea,0
3788cd773941b2d8,0
42dc39eab19bc3a9,1
cc2d603d41571c80,0
d8026553855a2ad7,0
dd31c7da7d9da951,0
c61e847b282a5ed5,1
b526737afab8f049,1
4a4ccd157be30ae5,0
dd1265998ae3abce,0
51656bc45283afc1,1
13637ebb8ccbeaa0,0
6396744a4b3661e4,0
2dfc852d2d415cbc,0
c4e9c4ff0f42418c,0
5926797f748c5176,0
151d9069e001a507,0
7800a144ef30414d,0
8fee037eb163f8f9,0
973e16c86928a58e,0
f04f4031c5fe2d36,0
31cb8c789a119075,0
658e75e5832ade2e,0
577480c4869ea237,0
11a186fe94c7a48d,0
315fe2c1d8e76d35,0
784dd6511e356562,1
b9ed99b097b6a13e,0
2b121df1ab7d528b,0
079437783630e55f,0
eb3a5d0ac3f53c90,0
dfe6b6f9bb7a564a,0
142a54953d533712,0
7deaae786fad8275,0
eeb06d52f9987d72,0
58362631a1d6f36b,1
207eadc62ef76960,0
34d2e27512228916,0
2596a51ebd30c74c,0
d43d610be8ed591e,0
2499524a64a3f43d,0
4211a86966662f64,0
9bc2fd94a165a7f1,0
0a7729f243a23534,0
0fffc3e12c7cddf8,0
c2a6f23244a83281,0
d811fdb1315fde60,0
a7cb02b28d4a34f4,0
6355e28731ab690c,0
6acef46f21523c57,0
03ef5570be7cb994,0
6a4ea69e80971178,0
a1fded17216c42c4,0
4488d4f1de9d9e9f,0
7f9e6fa863bcf1c5,1
ed0c442ee0e0bcf7,0
4f8efbe2f1212e2b,0
b67b8dbdcfda2176,0
7e5a8ba01835feed,0
ab483a78f23bfb11,1
23a792626df37dc8,0
5c5a63d667848ea8,1
dbea13a684234287,1
0611920c4dc77d75,0
748760ed3715329b,0
c6f594b32a751d0c,0
b4977f22027d1959,0
5f4346a6a485f6e5,0
506886a2d835f738,0
7e02a9f70fb43563,0
638937e2a037cda9,0
3b781c777ad9d205,0
8e9f510819424c23,0
8cd3d20730b721d5,0
6f571edf9d5b3ded,0
5b1442bd20591d50,1
77094c906b1472e6,0
76a7a4862e6b5782,0
8179ce8888aff5d5,0
69c13a6a4b6fd819,0
ffc79f8fcd399757,0
ce13738b9e47d72e,1
eb0c9e1e9576163f,0
1e2119221ea6e07e,0
fadbc6b5bf1174f6,1
9f641b5a0c69382a,0
a8fd9ebe21d4af74,0
8267a7935ccd6c61,0
c2b34441fd9295fe,0
36cdb802f52e6d7a,0
7bdd4cde78957f3a,1
9913fde91e52e2be,0
d63dc699d6e48e12,0
af8cd7071e3e5a2a,0
ea890a0759b24af1,0
12abbc221139786b,0
f8fec2ba94853009,0
2f2f17774afa7cd0,1
80a05c0561d81b4b,0
0b75cc08571f4e42,0
15c80e30bcf340ae,0
c96c14ef1ec8d4ea,0
155dc5dd57f7952f,0
189fd80e406d2572,0
86aa2aa2c36c45f5,0
83b07ccd61b025bb,1
ef60efdfa8e6129c,0
f70e65c12708dc00,0
3661b41adecf6c4f,0
82069625e19a50d5,1
8718850dc0a0df03,0
f4ecbda8f30c6584,0
1e71503ba96aaa8d,0
f63bcfa1bda9c0e6,0
bc11a099a4bc8b25,0
f1625c2281653d33,0
dd800dfcd14a9c70,0
33083418307ddb1d,0
a4421c3e415d22bb,0
ab32cd49ee46e168,0
d8a51bc4a58fa63a,0
c2ed51e0c5ef4fa3,1
921bbdffa0499e7a,0
3710833bd88a74cd,1
e8c7f21e1e5e961d,0
def942d52e98ec8c,0
7c0f59f17654fea2,0
a4aabf0ca9b85d83,0
aa2a273ad6ace185,0
cb42977c3e060bf6,1
b6f870e25cf74539,0
f154daecabcd793f,0
796b92844af39bc8,0
4d41056f0520f66d,0
bcf7fb4ff24ee347,0
203c200de4cac88e,0
3d2fe57aa7ca41f3,0
6cdf137d8e3742bc,1
f49f7a2603ecb304,1
a6f9db9099db6f8e,0
6e79ab2ff45cf5bc,0
7a5c7d8581715c0c,0
bb323823e3484879,0
3e22f623c22f423d,1
9a8954c3b511c9e6,0
7b6d8bcd2f31afcd,0
d3a250db6d6265c9,0
c46f6d59a9d5aa51,0
2d3b3281d8262340,0
1fd49bd998a582de,0
6fb2b1ba66614ec3,0
048a5100b59d5422,0
450f491fe378862c,0
4feece9534a2530c,0
7839fe715521b8df,1
9f8cafbfe6ebfe07,0
c4516ab4daacc066,0
1d7d3a71da59edfb,1
fd53a1d02049b702,0
4b874a841735d27d,0
1b257b551ab360a8,0
4cbcb970303dd8f6,0
6c21cadfd9cdfc76,0
b08fc6bffbea3d41,0
b0b2c895fe9b2c53,0
d528300e0f93455d,0
d4515c7a614a94fa,0
57caf9fa11b784f4,0
cb0aa06574d71228,0
bc5e468b22110a20,1
6199a5367c799b0d,1
923ac19f280ee058,0
ac2baaf9f5ad5445,0
3ed3c9278b5ac6a0,1
b8f25a0c12de92d8,0
647171f5baf24db0,0
781fde407bf39f4a,0
ed148c508bf74554,0
dd9d2e3951a0edef,0
f7c86a3b131726e9,0
96a2d9883686b151,0
b4561f2e295e607a,0
b3df21a7039f2987,0
9fb2d92bc97dbb44,0
c0f605fd58ea68a0,0
c4d414a63ebacd5e,0
cd5ea6a89a707840,0
2ab5e76ff21527b2,0
89a34c0f65b833ac,0
24971aff314ea6e9,0
aeb9b9726b4475d1,0
e6a6ce4f54e606e7,0
c7388baea1b44558,0
400c2d5480d9ea51,0
ee36d371dd94db54,0
c9fa6d8c6afa5d62,0
88aa7babe0ed7592,1
a57c17d209bdab71,0
6497cbd925812e92,0
0ab99e4c528328d0,0
fd35ebde2ce39784,0
5db1cc9bd622b938,0
bb3bc497fd80a817,0
913579ff43cc9940,0
e5c1dd7a67c7a780,1
02bb997bab7f0f3f,0
b1a03eb78eb45527,0
bbdc9fc2478cb0e0,0
fdcedb1b7c82095d,0
15f01468d2127897,0
bc8cfab9a8bdd3c4,0
d7de8dbe05e7390a,0
ed0fe2b63d21695c,0
6030cdf39526a6dc,1
f41831b7dcd3d845,0
5183e19bb5884835,0
7f4243760927bf56,0
df2b3833cd1c048a,0
51e471d6fc779997,0
38c11eb7bff54f3f,0
3dad16214afee99d,1
2380da146279c513,0
960966a5935fa175,0
06e8fde06501db8e,0
fe7001485cb463e9,0
7848ea27d082583f,0
c4a623030f0c0d60,0
534bd4d208a4d035,0
72ba7872d94f43f1,0
f5f58f3d99979020,0
c1bc15b56785642c,0
e79df9941ae60957,0
ede90d54bdfd8c6e,1
be01e2ceee0c5f9e,0
13aa1485797e253a,0
b04b7b24c7e0dea8,0
69203ce9b8b17959,1
66f973690fae27c0,0
328f6326dff35777,0
b3baa0b347c4f3c3,0
7f538539a43dbc0d,0
abb1af663c7629dd,0
431d7b881e308d5a,0
db5aec2e868eb2e8,1
55e89416fa0802b4,1
a360ee839ab4ec53,1
645572eb46684a96,0
211a92e5433ab7fa,0
5ebef5b08555d19d,0
a1d02ff35fff2692,1
d5a25fff36ab8731,0
cd4fb27179ed8eb9,0
5d37ae3a82050255,0
651062900c4be98d,1
1202fdbf67be6de8,1
7860fa892e72764b,0
a28b9ebc9388680e,0
de85b05442e8514a,0
09ef625cd2229661,0
634b12511d29daee,0
8013143675fac9ff,1
94827c15568c54c4,0
296371b52a06b529,0
039a6ee7ed4af907,0
8e5077ef9ec306d1,0
f6c65ab6f55cfc50,0
a29e1c7157172fff,0
2ba0348b0c56414a,0
1d85d417c4f3eec1,0
175829336383af8e,0
09e4828ff95d30ca,0
6dfca147ffa9e768,0
a60eee4b55903b0a,0
be4f71e6c87f0e70,0
5e607b0263fc91ca,0
5498b7fb992205aa,0
dbeec6bbe1a83bc5,0
6c21f43016f981af,0
cb8cb8a3142a692d,0
082cee25ba4360f4,0
3914f1af3eb3f0f0,0
afe493ffce53ad14,0
a4984622a0156cf5,0
d2f20ca32b27d617,0
8fd652ed2ec8f252,0
9f317941eedfa9dd,0
d911b8887d53e857,0
e7291f9ff89b4d4b,0
a850d97bbe627a90,0
4d34cdb1db64c84b,0
164249ae21195bb0,0
b3787597b2ce2abd,0
cd37323e6c351554,0
5b0953193a5939f6,0
65a4595857d3db33,0
469b64c237308ede,0
d09051cd7b774d4c,0
632ec400a426183f,0
f1a52876e8730a01,0
5f0efae1159f0c48,0
cac53a8e1301e242,1
ed71d957bd4e5c74,0
68d98c380c541952,0
e79593da6ddddb2f,0
8a7f8bea581f5426,0
de8ce1437e70ce23,0
c978227bc40c71ca,0
04371f1e57a37a6a,0
f96240372c4fb011,0
7212caaaf6a56825,0
9880f95ffe072f05,0
c855bc221dd99261,0
111ff4ab89c1792d,0
7ea9e6dbbe41581c,0
d81878e4198dd007,1
cfa302f1dc73916f,1
cfd15777d5bc2888,1
e04f100914f77762,0
e1cfda910a7116c3,0
9b241c2a2070b1fe,0
42d8353d3dd85514,0
c0b9e026f6d84847,0
7aac87335d98e907,0
32ed6bd891274ccf,0
8abac79a6623fca4,0
906796c53911634a,1
fc9c8302064f5a84,0
de61dc21fef7f02c,0
59173ce01a698005,0
2de8a58a833f95c8,0
0691641ffc8669a2,1
a0f0a7435fc4c47e,0
02e45d26d2ac1ef5,0
251365fbbf2dd45e,1
b3ccede74d782447,1
b8a46faf0cd38245,0
30db8035d5d4158f,0
33fcd22138d3e487,0
7dd4d0f4f7c9d8f9,0
81ea51c6c60fe843,0
6539ac276c3a2be9,0
7cb1c37855d0d23f,0
c72e14cfd4762a5b,0
4308c4f06606b455,0
e85bbf4fee94428f,1
3106085bf62919da,1
c2fb606b95414fc7,0
6e7b0916bb8593ce,1
96f703c5f2c5a0a2,0
9578d276bc56a361,1
04388cc9541eabdf,0
913a0d771fb5edd1,0
77696a353880a649,0
c224be7b7135368b,0
c266f8bf6631262b,0
917d299153ab4a32,0
d8fa7f99acf65aa5,0
3bd1e6f1499da2ac,0
d49a7e3260b3a6ef,0
01334917f6eb4b08,0
1749271bcf700188,0
44653a464e4e589b,0
16d7c0099cc41f23,0
81f3fca46d8071ec,0
09d07f29e0035230,0
a968dc9c6a92e3da,0
671e76d9fee43a96,0
b9b8ebf336d0befd,0
d9edf213f3fd0346,0
552c06513a76201e,0
91b58c2d286b3476,0
7c1764151a120bb6,0
4ac406f873214a4f,0
7d0c9605df387558,0
eacd6ac726ef7706,0
284f15b3d44e9cb3,1
bd35bf2037f8c2b2,1
e8f6b2f49ebba81c,0
38a86eb9ff5f9e0b,0
7e680691e9030619,0
f452779ba749caeb,0
3c8761b44ab2075b,0
e2e7074343af0008,0
cd2e195f3926528f,0
cfc4b3827e898923,0
13fd867bc8b2c2ba,0
2befa0ae90a72291,0
564ef783c49244b8,1
c0880db8ab464fbc,0
7417ba73d9d1cbb8,1
a37ec66d3af21972,0
a9e3dd052080f5ae,1
a620496f611a0b40,0
e31d49545c377dfa,0
39464f3acbd81cbc,1
7e504fb4dc45a517,0
af758c9f71a679cc,0
a962baa795c2e80c,0
5755bf0633ab9820,1
24ab5a613c7339c0,1
969c6541e7bdfe4c,0
778e3aa009886739,0
16d45020184d04cd,0
576f326ccc9523e4,0
cc1c38b3f7005217,0
fdba143529b0dead,0
69cfcb8389694f0f,0
4527d862baee3a62,0
be06c70541d23c6f,0
7351f3192a95a21e,0
4af94a3ee0da5937,0
5726939da1cd8c94,0
14222ef7caabe5a9,0
6d8faf89460f195f,0
6452503f12c631cc,0
9ab400af79ad027f,0
f218a11d62851cc1,0
cd514d1666f5c930,0
d5c2cbd313c52a97,0
5c38dce4afd4419e,0
344a5f9aa3192261,0
d0811c64683d0b45,0
336a299558443a47,0
1c5e5a63af4b62b1,0
69c3c49c0a19a906,0
ae65d70d73777f1a,0
4581eb99e60af919,0
3a36f367ac51f841,1
4eccb2f5755bcc1c,0
cfa1f8c1adbafd8d,0
4feb8619a8b0b8bf,0
a056ffa28e1b4704,0
fbca7d4ccaff0fe6,0
8d897f8d46699774,1
5fc03224316ad0b3,0
e162466bcfa0df04,0
7bf49be532216a73,0
44e076ddab92b13f,0
a84b7821eeb6118d,1
65d9a6f3c4cd6689,0
1164abb35d60bddf,0
1f554de75c6f85cd,0
049c5e30da2d637a,0
3e73caad83c29a0d,0
e4b4dd2fd94eeca8,0
c065555ff0993d65,0
e153be99e193da31,1
2e597e5c04103525,0
d3bb9cb22acb3c12,0
07f851c645fa8448,0
7808f72a66c23f49,1
84a52f5c52da3cc9,0
84721ebe30cf2a95,0
8b9d77e71b791325,0
47de0b54d06099a1,0
178e8cf4fc3d8d22,0
315e113ac5f641de,1
263ced6d239b5eb8,0
577e9150ff873624,0
5bc716c40470f5a3,0
58218d12a32a65be,0
a420203b0f15edd9,1
835d6eafd6621bb6,0
b7f887720af074f8,0
b49ebc7d0e65a044,0
531cacd4f1c97880,0
89437ea77a2e5be7,1
b426cf6f7bfc53b8,0
ba10f7c3a19f7653,0
4c93175a41e61dbe,1
c8636923df91a035,0
d64c0341dde5c2d6,0
09769a0a06f5a0ec,0
ea2c1339ab81040e,1
f45bc641ab76b55a,0
f5c08d70dfd9949f,1
96cf85d7929c01e5,0
6023924d51e05a49,0
a011073e190b84c1,0
07e2bb87783063c7,0
af836eef601233e0,0
13ddf9865fdfe459,1
c26b7ea0f1c3832a,0
fff8a3c1ccff75ca,0
7c419f977b9452a9,0
9f94344194623e5b,1
dea89c2476cf67d8,0
16e80953b1becc01,0
3ef614dcf16026e8,0
49ca51cb69501f1b,0
3d936e3b0e211078,0
4c289b113d64928b,1
014306a9fda55793,0
41ec66d760967967,0
7266bb2be0734c0d,0
6aa5e5c836f91fb3,0
8cbe90afb78db51b,0
ec8a1a87ac051e3e,0
5e0861dc5610ae47,1
16cdc450a4d48ed1,0
ecb0b4b423b8e790,0
50db3137a6c8fb3f,0
2a1573d52c8566c4,1
b4ef2dbd0a039b0a,0
baf0e129a0bb07eb,0
0a5f17902261233f,0
63481749e96b4346,1
0aa37594e484ceb4,1
0810376948872c29,0
8e3ba6984b7d939e,0
5107a94760b3dd6e,1
7552af349507286f,1
7208eebdc8fb646c,0
2ea8eb2e18326873,1
cee58a73cb5ea069,0
10ecd4f75a7a84d6,0
d14551f96fa7cca8,0
9f80827015790f80,0
7d38ab5bee0a3007,0
ce7e7aca859fa5ab,0
e9acdd9ee9f66f2e,1
d996e99cb1ba51f3,0
27bb9699cfc5fc54,0
c2bd21a61996ee86,0
d5009c9cbcf8b684,0
3fcb866bca619e73,0
7f3a2be762877f97,0
2e38245ad8c36623,0
0746a6981384621c,0
c355e265cbaa8362,0
75f89abf608f5113,0
7df16213cda01ff8,0
d5efd79514bb0df8,0
9c357d648776b9b7,0
f4d09178d398fde4,0
374a528a2ffdf602,1
fb9437f8e61fd018,0
b714d800c8f3866c,0
cb5b8d547a6ceddb,1
1150ac6ee335bea2,0
9d60a5933d00802d,0
8b31f4f7ca274a68,1
cba862fa35031b69,0
bbd620f578de2c0a,1
f4088eda259e020c,0
d05576b651946771,0
8635f0ec68978036,0
1f1ed07a9582ecb1,1
a09cc0fb0276b980,0
a0c90848df04114c,1
ff112a2dbfa31c72,0
52936e38a6162c42,0
31eb378bba4c91ae,1
419cb064e08b8c42,0
743a9bd0c8829ab9,0
63f16a6fdc960e11,1
c1c301a22e79cae7,0
375c4270d354b249,0
31e3cbb2f9e6aacd,0
90a506181e656004,0
af7f1580173da968,0
3c725beda08fecc2,0
68e3b410bbf95406,1
5009050eea1f9dda,0
1887f8e3a683b4a7,0
cf2e5f0cdf4ecb9c,0
1815f85b6bb2f11c,0
5449f2182b1c7cea,0
aa2485bd02773fb1,0
b22d2474f6b411a2,0
a12a484dac6b0ff1,0
df595ff412ab4808,0
d6ec611da08ae9b3,0
1bc8b95e59d93a9a,0
f98d6289e52a2a32,0
1fb165aefe7483d8,0
cdf21d3d31493640,0
d352485edd5bc135,0
8a375808fc4fb6a8,0
45884fee368125fd,0
957944a16d87e3ab,0
45be2d61bced7422,1
91fa7eb70b150bfa,0
f66bbba951d39bdf,0
9dd3de19c750bb73,0
0dce1c681d2b51b4,0
b0c6976c38d8492a,0
5e0f8545a057f889,1
9adec7501a1cd399,0
b9f8bd61de660644,0
995bdedb26168672,0
2b946cc678071177,0
1f4331f931f38ba0,0
6c6190d187534e7c,0
103666f2bf14dc5a,1
1022a33fce0fb65d,0
adb44632eb9076d6,0
11d06f9d0799b52b,0
ab75bf997cdcd969,0
b7a78b6e9a0607db,0
65000b22af432eec,0
eddb8c701554e1c9,0
ce067cd3c4607e32,0
3ab41b596a227958,0
59c57301ffca5599,0
96b82223cb77799f,0
8853ee8ce8c93cad,1
839a45450bbd342d,0
48b0cee42d686df6,0
212539d9bdc8a8d0,0
dbaf524a4b343b3f,0
a5902cfab5be8ce7,0
00b53197dc96844c,0
f1e21aab5f05ac3c,0
a4f61502caead14d,0
5b5f080037e5ed08,0
4946d7f6767d9d3c,1
d9795fdd9fe9959f,0
7521a776d785c1a2,0
043f916779642c2f,0
57fe4e09dda68e57,1
03b1b5b3d447ee52,0
575fa8451f70a693,0
817fce084a908385,0
711ddcb08f4abfd2,0
45a15e01080a5efe,0
bb48c7bd41d6da7a,0
988aba1818acb4d5,0
aac86eb9c8ae3028,0
ed9e4e5bf5cfef1c,0
50202a92bbebadaf,0
b01ac334c7cc7854,0
facaaaa9ea471202,0
00dfc324a7eae168,0
44be8eba1ba1e4d3,0
ae1290f5b6b82f43,0
37b0c3f5b818461f,0
5d94f9a40a14d241,1
b4df70f4ec8f741f,1
16a208111d975e7d,0
5abb75ff7733d782,0
ae3d8beba7e1bdda,1
36e1c1f31ee591df,0
cc2fb87a91e043ce,0
05088ca953bf06f0,1
0bcff40bc8363783,1
ae3f5e79deb71dee,0
2573e2238b00244f,0
086ecfd16b63a8b3,1
922e52b8b55f9319,1
aa88722287a8cc42,1
166cd561b9042037,0
3f42cee40ade3585,1
a9ebfcda3747df02,1
ed4fbb95eb0dc4b0,0
a257edf5e0bc649f,0
ed7750c4ff855f5e,0
6a3e31d9e75a35a9,0
76f004597720f3cb,1
19d6a9fbf5325906,1
3906853da0a66390,0
b49bffb8c0326e93,1
2342ba0100022c3d,0
3aa6a26ee63defd6,0
c06b6534f03aa068,0
837068f522cc1ece,0
9d111199aea7c957,0
a053aaddd8322e2f,0
fff22278dc96a2e0,0
ce4981b1d73f809f,0
9b0ebcfe75fc5487,0
d43bd28071fa07dd,0
34bd235845cad007,0
cb88284bef3c7293,0
4c0b3285d3539e50,0
3c654355d891668f,0
0cd69ea24e448480,0
4ac7a21f18fae2a2,0
ce6de9c8e1ee4946,0
a1d16f70c497a02c,0
d050b8eb41f3e413,0
1ed7d2e4018972a0,0
a58f960ff30ba1cf,0
195807a7ad7eb31d,1
1389aaa0c323dd77,0
7abe085a6455854c,1
6ca6c2a4fe69a285,1
78087b91a2afcd1a,0
b42b23d994101f05,0
8e0bf7d5b99eb59b,0
a322a5e49c60e7b9,0
33a266c045612490,0
4587138a058b13bb,0
da82c684bb40ad6e,0
9a6714226ffac222,0
25f73621bb79d5ee,0
2e031130eb5a9f59,0
72413c3e83e431e6,0
cc6bdb3b8d8cd041,0
921b9f5fc5f41175,0
9ff6ce81c9abf3a8,0
abf8fa5551c698d1,1
49bb2a4a21ed6893,0
570947aeaaddcaa8,0
6f99e48adcd59222,1
15d537a8e5ab6cf2,0
38dd8256c9ea3735,1
6f7ed3a9707dd1a6,1
d7c7c6a03d33037e,0
e2d3daec9fd9985c,0
ea0fc4c3dcae1f16,1
45d200795fd6d462,0
3f22150b9e734e39,0
3a9936dfd2486070,0
4630c568f13d2436,0
cf83acb40dad7a70,0
17293736b50eeffd,1
61f3f3fed0de3120,0
86ec58a5b3301cb9,0
831ecd6658209776,0
c4c692d1a0db5ac8,0
97d3ab0b6339926d,0
0eab98e40b6c37cb,0
619cde297bda590c,1
b7d0e7ae344395b3,0
667800c70fc73c1a,0
69e9d96e692429d4,1
3debcb41da8c2880,0
116561689bc4961e,0
c0322d56001ef7ef,0
871f31c0fee9a340,0
b9057d4a5395f920,1
76ad999b9d5e4385,0
7d5eeac047dc8948,0
fb18a638843cb6f2,0
e762d1a9873fae75,0
a37f6ef5be2279f5,0
02d34a4dff544ed0,0
c0dd68cbff09f112,0
5d761b7b3ef95a49,1
8da83800401def4d,0
1e463dd383bc73b7,0
2ecca0af8d5bec3e,0
58ef82ffc0d71dee,1
f38faa960bcc0678,0
66ea37bd1d160325,0
542e7653b2d74ea4,0
f11ec80bf0d3f546,0
2cf969b4921b019e,0
07b0de7655c1f207,0
4a0ef0ec4bf7ce9f,0
550845b2baa51d66,0
14e5860de562fbd1,0
61cbc9c377a13cc4,1
fd741d473ba8596f,0
4ce0b834e685d204,1
591a786acf465f1a,0
0ff204919a65098e,0
cf44a734b2ec6b41,0
128e4a59ec12e97f,0
2c2905cb65c3b948,0
a2199b0f526b740d,0
b688014e5d5c9b63,0
fbf67afaec7ace9c,1
e12b2606cb549343,0
9a05258c5aa3c661,0
805803d28e95ca72,0
22fe2fe78dc59d06,0
5291aebc559954ed,0
ddca4066d1a057f4,0
d523dcebdcefd2e6,1
4914daf544be867b,0
e9da7add751a0454,0
a831199e4e37534b,0
0238e2cfe01185c8,0
8aae22048b6273f1,1
df01a9172c6eb723,1
9ab028b69d5a5ae5,0
dbaea03e60ec325e,0
fc9f8143c564a25c,0
1d5ba573426ee17e,0
e66df0b53374b60b,0
20ff4eeb9ecc2053,1
de51b24e402a6b3d,1
42be9d96b0349e0a,0
a988632065fbe215,0
4988a161f406d236,0
75e6a00537424463,0
d04f2a1eb7772749,0
727ecfed2e59028a,0
54e0b7b839f50ff6,0
80ad38f75cb9ade1,1
dd4a298f316f48b4,0
9eaea766d08e821e,0
628d05fc91b25fa1,1
ef59b0da67d64a17,0
1f785b85c4446f34,0
6212d2b29351077a,1
8fa699d322366834,0
61adbb8c104cd6b0,0
9addde0e7bee7666,0
a6374a76fdd1a863,1
4e475a4025dd504d,0
96f0d3c349165784,1
ea78cd5cebd14816,0
fc2c361977063d92,0
75e7b767653040fa,0
d07e2f205d925780,0
42e39a78ab098e38,0
287b835295bfe27f,0
e7c99e2b855b6a66,0
b97f3f6e144c12a1,0
1bf095c4c633df1a,0
7ea876d5844f76dd,0
cb2a31dc9d8c57e7,0
37aa4965595ab5d2,0
e522956d7026a610,0
70875383b4bd4d82,0
fdd05eae17482bfe,0
0b47a5b9b1f2e979,1
4b2c701050f3fe91,0
3db543054d88ef70,0
07e327342e03f0e0,0
3a121f37e3e96ef7,0
fb6364f709842630,0
07cdafeaa0712e64,0
64693fc4fbc00c77,0
3371e1a04747ad29,0
8fbced4a7ea89282,1
1120c34a8cc8cbf6,0
97ca5a2e45a461b6,0
1b5cd81ff305fefd,0
22f1b8c59896dd48,0
e1610af0dddfd956,0
7190035d8654865e,0
2a02f10aa39a5614,0
2cbe671d8396e40c,0
98ec5fd5f49fcf9e,1
d800c0273d0356f0,0
92e93312ccadb8c0,0
ecdc57d23c5799b0,0
6b3a43faf7e1ca5e,0
a01d0bce573e6011,1
e1cd0ff53fde4d74,1
fc550d50938d84e6,0
0f0f79d6bb203239,0
9f479c0abbb301fe,0
eccf556def1b9eed,0
9f0a834225b1c11f,0
3656a2fd115ab157,0
212001239701dc6c,0
80b993cd0ef0df3a,0
b641f3083ba40d19,0
6a088b3a8f27f68d,0
d0b24b48cfc6dcb9,0
c18eab24117ca24b,0
243a5438b4c6f20a,0
b9b1d10a1d2ff8ee,0
edc78edad9300791,0
af04eb62839c910e,0
e24bea2a2fd18268,0
afea0ec27e817a0e,1
01ff48d2eda49142,1
b57163c9e0979a2c,0
a35ba34a6871042e,0
860b9ad2e57d8b05,0
ef7727f188365c3a,0
f00a3d61332a5e4d,1
c7b4ea78470c1fbe,0
6e55861306b59607,0
66ff9bdcefd74c5c,0
df4cd886ba01fc89,0
f7ddd51689b100f9,0
646a5b32771fcad0,0
1ee2a3c5ddc80f71,0
f9a39d227f45457f,0
67d8f84dddbb6a59,0
7829323d2a0872ca,0
db38f975646a8d9a,1
2e1444e08691935b,0
2ceeee423f8fcd59,0
3d60f3df26232435,0
48f4202d0b4e616b,0
79b7368085728dae,1
f16aa4878e2edf63,1
0ee8e87e4a6cf603,0
3d6926edca900812,0
18ca4b1a4e6a0a57,0
0415a48578b178a2,0
a237c538b6b20255,0
2abe1d674c168313,1
04388985c941695d,1
7c00652323472284,1
9d27ba0444e2ba32,1
6b37b91b84aea61a,0
bbf5ae7df03dc186,0
23cad3e70fc2098b,0
866468c99447d64e,0
9c1f181a4475552b,0
c3dc91cdd2aa94e4,1
eae079b71de2dc1c,0
5418da3aa7740d38,0
5fe151d338daeae8,0
c7b4725dd706261b,0
1112af364abbfa87,0
bd20c46e23d02f80,0
b7a74d5f6e5938cf,0
0a90881376f64970,0
8b22d33a611b53dc,0
39c759e4a7a7b832,0
fdb42244b0922b04,0
15a96f0627a28db9,0
2682cce1ff27c611,0
56f878a2c3cab8dc,0
f102d4cb26a45112,0
b5fafc14a7b0f98a,0
25a0e3c89ad2ab04,0
1b6c42c462628315,0
cb9a7f3042f2b2a2,0
f401f3a55296ba57,0
8a8ea1c5a0272eab,0
58ab95b08374c4f1,0
80f92da9d08e7925,0
41e7f20e67d905b2,0
c9e5056586028eb4,0
1991b140b62d3304,0
57c20700a858a43f,0
f51963d19ebb3301,0
420e58b4b9f9001d,0
72514e0c0d3a9850,0
850a85cd163978db,0
d9380e344fde0a9a,0
d5a2ea8c886e902a,0
7661e79d268df727,0
366d13e6dab9a85e,0
048ae17c15442f87,0
c8f11927ae3d887a,1
7f788585449474e8,0
c24443bba8311414,0
f554f5f72fcbfe86,0
4164b9fbba499ba4,1
6776d15db1c28654,0
5717d68f73104b92,0
61d7b975bb7c9ed9,0
7881ef713bae7514,1
c74e0939da51cd42,0
e9d099ff467fe824,0
ec7b2a46d6c87aa6,0
4af7c9fd262cf140,0
084ff23857fb29d0,0
12c48b2cbd6cda50,0
1ce4309ecddc7966,0
aa3c0877d5a8f16d,0
1b7c8a6592f0fe16,0
e686be8ecaf6af4e,0
5f45082af751caf6,0
c8c7e67b48762632,0
0c8e29e970c9b769,1
ba3a82d5d704c18f,0
006c85828cc3dede,0
c71eee41f139e3da,1
11913929bf109812,0
59df3d44aca65c15,0
52a1d79dcb742075,1
9eb12bacd8a0a789,0
9cd182f728cc8cd7,0
e97912a2455f197b,0
c0f0b70e20ce25f4,0
6373cae88c5b0368,0
653a7304d5e269a8,0
973b258cf2204a9f,0
73f6db484c382291,1
cf7eddd87935de24,0
c6fc8342d58c120f,0
f6337591fcb28e8d,0
2a4c8ee0742f750c,1
56504c96cf5af9f8,0
e25f037d27169eae,1
c4ab7ce0340cf38f,1
2c808df14b8dfa43,0
6e5a8fa880b097e5,0
f43997515ff006f8,0
e7903541c12c72d1,1
68421226d3b17625,1
5e37edef7659412f,0
129ce96246613715,0
3684b847cbfcac91,0
89370f3ee828d10a,0
dbf8550b42a055b4,0
f2ba7f1077b6f969,0
094cf2208c38cb57,0
afd174b01fc69812,1
2fbf96ac5282773f,0
232b70a47b4cc4c8,0
0a9e3b90395ab1e9,0
349b76afc6a64afb,0
3a79f4eb8e89bb8a,0
7fc01956c7162a23,0
bc486a1e61db1740,1
1080018482fb539e,0
e8d604c7b23ad847,0
956d51a2213e0394,0
c38933a7663cc5f1,0
5cb316b146dadec3,1
bef9de4335a4607c,0
78f5255c50aac70f,0
0c4dda9e1b123122,0
76a810102b59527d,1
9a934954c61d7255,0
4511373c92073ed9,0
2d08627ecb6c3d55,0
cc11c5b1d7574389,0
2a07cb7792cdeea6,0
f7ced7052e34fc61,1
a6e3c1da00677016,0
5011346fe2268976,0
882535a2139ceb71,0
42c5a3cf7f4f5039,0
ab58e2f87834aa2e,0
4b4503b4c60f0139,0
9557138bc47695bb,0
a219d13fcb78bc83,0
db547fdd97f2c7e4,0
1b253d9838e445e3,0
3c8b4dc1fb69eab4,0
04097cee0a7bdb09,0
9bd4f4a5d01b3178,0
061d1f5b25a46304,0
bd41cebd7e18af8e,0
5fad6afc3c9a7de3,0
d482b8a1ff50d6a3,1
489cc39da13ea413,0
f408a679188be83c,0
ca880d33ac4184bf,0
861194ad2ebb8241,0
e57fde64501eb80d,0
d493943f1ac07eea,0
af4dc06d54af356c,0
db791fbfccfd1fbd,0
80a8ff79a2d9929d,0
534b455020deacfd,0
c5c69974ff4084d4,1
fd970b78ebfe3caa,1
fb74c49ab34a5502,0
f1ad0952fc72db57,0
421aedf0eff1879c,0
fc359f8739ffbc05,0
b59f9bc283d58d08,0
370229b5e95526ca,0
49aceb055004c550,0
d344baff60049f46,1
3b5d4450d0cb52c4,0
0fb92bb059618de7,0
4edff123878d0570,0
d496d917dcfa7ab9,0
10cfd1ec9beda6ab,0
e58d858f0da3b613,1
7b1c93d53349b882,1
84afa758e5ef261c,1
ecd0496f7b3a348e,0
3b129a0539489576,0
cf03d064e88d9c62,0
d399001885bb8033,0
d15efc1216284ba3,0
cfafd5c67f749e46,0
8ae750f1fde66ece,0
47d3deefa4bb8f36,0
8f68ffd269b0a819,0
d92b6b7c44a26cda,0
8f30fa1760fb1876,0
e1d6d5b4c721fa86,0
c62f461d8574be87,0
4a67d801815cbb4e,0
d0bfb8867ec0c05e,0
b42b90fb66c6913c,0
d354493a7ddb1912,0
2adee448f2f78dd7,0
736fba8eafcb4c7d,0
ee6cb47156c41584,0
ca3503329657ed4a,0
1cc1f6c9a0af4a85,1
aed161b5fe240b9e,0
52b3397813e735c1,0
d29fe427792090a5,0
81e9df35cd9877e7,0
4e9e08612dbf5bfc,0
85f138cdf27dedf4,0
f7d186337a0e4e2b,0
f7e9f2cfa0fd677f,0
c46ac4ab318e67f1,0
7e2faf14537c577a,0
ed6f027bb39ca3ac,1
52be0f3c768af4b0,0
0bfa0aca59cf0b09,0
bfd96fd2e4b9aef2,0
1e31967539cf8ade,0
5c4c66863bc43a97,0
42a1942a7ff7a581,0
04d00f485e338720,0
2e9d002784b33ec0,0
47c6dd9eaddcdabf,1
79d81e1fd61d7098,0
20ea1618bb75cfc8,0
1887b2e8ddf2bed7,0
197168be8815a3cb,0
8012d35aa597e2c8,0
d32e19c72fc091a4,0
b3544176b19b93ca,0
fc02918ff84e473f,0
12e948f8f73ef511,0
b59f7c1fbf5c8e53,0
c05aa965514650a6,0
4c44794ac38abe3a,0
b557767fe067f17c,1
17008036ac75d5a2,0
cdd6599b8d853037,1
5dda92b5212def51,0
33d8b24fa9b2347c,0
dcce2f64adf91da0,0
c6a4e89148d21396,0
5d0d182200097a12,0
740402a8a16ec5ac,0
c58fd33c4d40f877,0
9e50bd0cd748131a,0
3ffa39e8f4e6237f,0
1f64c83cbab91655,0
830ceecdb6c78192,0
88b85ee7815a1216,0
c4f43ccb73964ef2,0
b070f93fd584e461,0
2e061a8245591933,0
0fc6e2048056c17c,0
4dc635e2edac44be,0
fd0bc616dece6453,0
33f4a3e57f4c7d56,0
e25bb4684fba879b,0
54545c62b0a9ea17,1
54e4c9bd46df254a,1
e4efad11b6605ddd,0
2217afad003df424,0
cc56410326ae3a63,0
728e1306e07b2849,0
c6f9b230ab49b738,0
83ad2ebc52ed439e,0
b51f3e59e2b63c7b,0
2f66db71c95cf5f1,0
e400f515a09ad49e,0
6b591d8c329f8490,0
4b3e123097736ae6,0
aeca8af62cdb4e1d,0
b84d8e180f80cdf1,0
a8ca6833448884cf,0
4376d68e44aa6a4a,0
722a9d0d3018722c,0
ddf321cd13509652,0
beb6965022dca782,0
1decb36b64af361b,0
b4a4aed79c36950a,0
c526319286968f6a,0
a8dfb2d147a6614e,1
5e65f5fc1ddb5578,0
ee4d030ba0e8bf2c,0
950dd63ebd4b5a48,0
c142956b34a37496,1
f9436d2cf26bbfd6,0
52e0c3ff5bf6a94d,0
6d23b8ab47b7d095,0
0e8193e6e942548a,0
d58a1b231b5e978d,0
fd142d85aa03650b,0
e56f20031003aed1,0
2fb2063f93987a0d,0
bbf535cdcaff05f0,0
07d31f480770f193,0
2f8f9209e29d28a8,0
3b9c64142fd8da38,0
d501212c1a3f6575,0
fa048fd5f5ec2e67,0
93af15bbc2d988c8,1
11cdb1879a0cb194,0
a574ad2e0cc03461,0
bf5a7498490ab643,1
b758baf927dba614,0
21caa5ee3a17a9dc,0
dcbf3cba08b024d7,0
c755f6017b4c104e,0
389787333660596b,0
829b0478377e1f1c,0
bb664719a1cfe49e,0
2eac366eff483617,0
88f1ea4bacb94c44,0
d9c2f8032940a1ab,0
71591e8704dc801a,0
2afe155b7241d89c,0
8d5f405871c167f8,0
2989db52adb6d30d,0
d310ff6ae67925fe,0
771cb2e8a5255485,0
53aef2722e0015d5,0
a1cd4ec197a5293f,0
ca8fedb8176bb7a6,0
8878f953ab122b02,0
1765c41f078c6a33,0
193f4c405545eb69,0
81a5aef3de6ebd03,0
b2b31d0e8787971d,0
f2e96dd7fb4bc105,0
b34637e803b2490b,0
f78dce4f73fd6ba0,1
8ffad9055cf33379,0
1a3047f9c88e66a0,0
d3ada6b2c374b353,0
8abacdc1b91db656,0
7f9195219fd6685f,0
996241b2e056d79c,0
0b88b3fdd4a8f13e,0
74ef596f08b600bd,1
e74caa608473f16f,1
bfd8596801f83999,1
02e687122b8f7199,0
debc39a6643e81dc,0
72763f51cef0f805,0
aa8cd62846a3ba9f,0
f10c119b11f62a07,0
aa17b41cd7b66ba5,0
8b7788837701b0cc,0
486aae570eb41b14,0
3e6d9037d2a35e46,0
c4b17bae97a87779,0
25b2b2935987c162,0
03ecba9c169f4ff4,0
cdffe8a74dbdec85,0
017aab609d4a6440,0
aedc9dbbded07385,0
753e84f2753a9bcc,1
99b4caabe48b3b9c,0
b8c8982d01cd0a5b,0
840f904f8dac92ad,0
87fa22047ce36223,0
16d855d8c18d2244,0
0733a97a5e4347f9,0
eb5d91b15ea7a02f,0
0d5b9ff2432114d2,0
fc27a432a6f2eb19,0
a4ca6c610bc5aee4,0
92973e870f69a40a,0
c74f8568cb788bfe,0
a4b54736e2f13096,0
699ef04c5408b321,1
10e972a1249edf75,0
67a47ce8b4fc9ff9,0
b35df6ed2d47ebe0,1
648fedd92916a1cf,0
de7462d77d76690e,1
69a64d4eb40e135f,0
e43d6b66fe1b2320,1
83c3485a93a6eb34,0
0cf1d9affd43eddd,1
029397124b14fba5,0
a82e60f4aa157498,0
d1525f4b1f1bf420,0
afc7be5a60e8665f,1
ef92500b04516724,0
ab631b5109cf9559,0
be8c5f2bae2bddd8,0
f1b35d3a4fb3c85f,0
8d59e70b3f04a002,0
42006c46e88ea29b,0
8d854f0bc6ebcc60,0
66884102eb80e80a,1
25340196e6bf6143,0
fa1d0626b05f7d0d,0
b336e9689b3c2cdc,0
5ab664ec698af978,0
dfa3edea0098da0a,0
e2af33897243baed,0
5ae9d65ff8dee2de,0
fd8fc0f7d7573e3a,0
d515b472c9eedba5,0
58fb1fc677720c73,0
de754665f9956364,0
aadea5bd5044c4a4,1
40e975699e5d3075,0
af18e818974dc498,1
80c1dee13e838f88,0
dfc7e08eb0445254,0
bb645893538e8585,0
09789e661a23ddef,0
d687e7e5a251918c,0
a2f5da2da8572435,0
33083d78fd50077d,0
e2149eb20a4f8eb8,0
a2ccd3c08a238577,1
9ce83638000a20c9,0
7473464c70c6dfc3,0
a241be8314090ccf,0
5bd92d77f211b6eb,0
1f3d2c40a064dc72,0
ea55e9d83e8409a8,0
26f50b7541fc1fd0,0
7233499512b70dbe,1
cab670e320cafbfe,0
ced66642b2ecf197,0
6fe9f5d33ad1f888,1
57d82aa188838cbc,0
7642df5a68379e2c,0
ead9d0c67ee1f638,0
73bbf1d04e3884fb,0
9b194f421c7254fb,0
bbe3cd630f6335b3,0
b5e4f0bf57709a6f,0
6c4788a0b3619ef7,0
5376478910ec53e5,0
8c6502dcaa18573a,0
c24aba8964cd5faa,0
de68de45a8efea12,0
be4f813111c002bb,0
f89da8a078932940,0
7b9bd55b16c25ad0,0
9177a0cbdb7bb2df,0
df8878de4df28a35,0
ef0612fc3377386e,0
c1a105451e7f2707,0
c37ffd8bbeee4e3e,0
62ed2bac73833eba,1
10316cdea9c739cd,1
138cb5bd0913381a,0
5b9bfc785492987d,1
05356b64c6a2aef3,0
a1aa03cfbfaaf009,0
e4ddc0a537f0866a,1
88144d7ad902851d,0
efc55f986e553c3e,0
866007228408700e,0
0e258f4fc0507726,0
31d7a96991cf655c,0
77e8dcedd9372ea3,0
169c4270c4012802,0
68966712617b7539,0
b64a4f357a6f8db0,0
a9ef4798fbc6deb8,0
2096cb081911085a,0
2a5a4fab196e15fd,0
8399045cf151dcdf,0
44a387aa9343d12b,1
a1b8439f06a0f829,0
23912fae5658a9d4,1
2e665ed61c29ce78,1
48664b188c319a51,1
f35cf1d8b6a0755d,0
04db4c0c44f0cd4b,0
75fb882b07aadfe2,0
5b598c2a04810e25,0
b330041c6c8c7175,1
af9f5141902e9f1f,0
2b8dc8d9fd44d7b4,0
6350c6fff066c361,0
e67a6414d6713ba7,0
ad17e66c3cea196b,1
d3a66f7f447b8381,0
8d01c9588699c13e,0
c3049013c771de2c,1
ba4a1d588f81840f,0
e9e0d81c596be06f,0
4dcbd908e7c351d8,0
929883aabd61f84b,0
e4dc953d2da4de0a,0
cdaa0f7b050aed60,0
dc7a317e4c7ba742,0
bc58ebc3360ecd3b,0
e01c228134a0adf6,0
9fbf56541923da34,0
541e75dcaaf94b93,0
2636c86858eec272,0
49f42e5aee9cb1c4,0
0917adcd20e27640,0
3d8fc88feb1b8175,1
984220dfb5321a68,0
cf8f8d97d3648fe2,0
6f2c5ce45c8edb1c,0
a6287e264a2829c7,0
68aa346a8967bc4d,1
876c7ad82f579723,0
c14ed21f5a49a994,0
a9def69bee3d5d78,0
af064bce90643346,0
b3d2438ed9cb8cf2,0
323c823915b3431d,0
7681da777ed06efb,0
35e17561c307a041,0
8ca79094165a9f28,0
3527f5bb3e2eb551,0
f4e0905f888fa364,0
a1b888f8aca61981,0
52567fc759222eab,1
adbfcd93ade8f370,0
a74945dfb2d4130b,0
393d2858985a657d,1
21b13eea0273d96b,0
8518a62c0925a65e,1
9441c9351c6d6973,0
c8b55fcaddb0a33e,0
d4df2b0ce089d4ec,0
3f9c46ae6909987c,0
a5bf3200c795942d,0
b054d07318b6a6f6,0
c8462385b13c80a7,0
8ff127ad710fed26,0
d7cd8d9d2d291669,0
3275461cf565d3de,0
52934a8ffa24ba5a,0
a734ffe0d04af506,0
fae8f284c221dfbf,0
ef3ea1f647418b0e,0
3f9a3dd37e448f1a,1
f83cecc56562e428,0
d01f95de9701a30b,0
775ea2da67737e3b,0
03279c54c77f8b61,0
a451cd32a958555d,1
f51d66a52316acfa,0
3ec18aed50934a2c,0
fe9e993624e69233,1
66f518fdeaf54c1f,0
c73924ba9bab39bd,0
308d912fc6274dfb,0
54aff62d57863eed,0
362ae9d8f9cf7984,0
33f83af46092e5e3,0
ff4bb786319b6e15,1
154932eaa8a1cd50,0
5f0c92d4fe41b9b4,0
9f7575cf4ffc9600,0
69c6ce8256805d97,0
dfa37641f533e676,0
8c055a2a531c84c9,0
f40f8249fea54a8f,0
287e0743a40c2acb,0
d6f3cf415eec60cc,0
87760440e5cf5d2f,0
000e0fdbbe190987,0
b627c87962616f38,0
2e61a25a01101da9,1
e6fad935293fa7dd,0
e46449d2db391057,0
d4a4bf1d33d62c3b,0
3b30d174710668be,1
f486301d61279d18,0
49e17b41693aa198,0
b19a406c498db1b9,0
3e3db8e860eb8c23,0
a4f12dcf8f89cfbd,0
98df2d6da52e050f,1
aa8b2d8078fae17f,0
73a1da9f4b2959fc,0
b775fb17559ba990,0
3b396131234a5779,0
330e661fbd577b60,0
2f8de804c09281df,0
6dd28b5e9de5e9d8,0
3a77c5751118a939,0
9203206caaec3407,0
78991a6bc01e5bd7,0
df27c35b1bde90d6,0
214954894685a76a,0
2df32bbeed067fa7,1
f6fd7147a2c90688,0
2eb195861166f238,0
8c371dd8507c3412,0
3ca8e0d87a489aed,0
7d42b68e2f666bd2,0
6af8d989631882da,0
f88791e2d6593212,0
27110d7d800c7d52,0
2af083023f5035c2,1
287dd26003f46603,0
971540436afcd8e0,0
ebd50f44d5691c1a,0
87385ab9765473a3,0
236a6af66c332459,1
4ad91ee0ad3fdb54,0
4f6ed7631e2b2a67,0
2e3667d86b1e8689,0
3440e2e80d0c9a87,1
4a4dd11874be288b,0
11c428047f28bdbf,0
1c2680e9e5a05efb,0
6711641c0c562ecb,0
84ea5895cb5b3ccc,0
977527db5608d8c1,0
2ca3d4389ee45b58,0
79d6d466f09224ee,0
7c9ddd37cf8462da,0
fc022ef1b6952763,0
6ca6ac8374255ddf,1
29d67432db492ace,0
0c6f1a9e76721a14,0
87294eb1d9b48e7b,0
89e439798557cf35,0
1a597dc0df29f940,0
8ae25b9b4f08820a,0
5fee33a76631ddda,1
3ab8d94a237ef7e2,0
721178f73ab789e7,0
1b392c62a6d4ff09,1
80e7560371a86261,0
619fe60e3918f713,0
8a3882c828b096f4,0
d1882cc9805e9861,0
a10e94eacaf610be,0
f21999d96fda7222,0
13a1c1ad1315292a,0
e8ac23f3f5df80a2,0
42ca75bb8db03d02,0
283ad39300254dcf,1
e8abc477164d1939,1
c308acb28b743e38,0
03aba73e577170df,0
84bf263276d665e8,0
f9ef2b83a993648d,0
8a7a29f1659814bd,0
a8c98da47960eccd,0
9344bac912f4c1f6,0
191167710b3cf7aa,0
c49198305f300571,0
7564b726554c7dd0,0
e04f65696aab8262,1
adebfc5edd771153,0
4368be73b4e4a7eb,0
3db875fd27742256,0
694ad54a7da94c76,0
fbdd7da30856a564,0
68324b39455ccc2d,1
da2eca5f1a9bad90,0
51438347627d1dfa,0
44de21bf5a34b767,0
789928afefd13cd4,1
2ac83484ef616796,0
87d5bcd82837412c,0
e57d2dd0c03abeaa,0
597c1acc4b869444,1
e13ada06fd564208,0
a1d589270c01a541,0
3bd3bbf6a599915c,0
75bf8e8ea7d30cd0,0
670901f6cce7de40,0
6257e2c26ae86471,0
696bd7ac2cde6284,0
081c3a5633aa8369,0
eed57c464b191460,0
e897c070ded76ec1,0
349536b748544f78,0
3ef8e3165edd9eff,0
8aa193be4f164bce,0
9098bf662e9f268a,0
926e7cd08b8f9dd3,0
1bf3688036548f7f,0
8fa13e47b0aa11f8,0
6c0753aa41dcc01e,1
ac9b283d6bbcb2c5,0
d2d3d13d9f26c4d7,0
e980dfd108686e14,0
9d8c8d0ce8366593,0
df40394fc640bccb,0
ee9a6225de1373c7,0
b662534491480245,0
b5d2138c67f32516,1
977c8cd04db7c98a,0
7db5d09f3a309adc,0
62a8f387993f424f,1
3ce491c6762d0d6c,0
7e883864a326663a,0
46fb84b39f33b291,0
5fdec38c67a94b05,0
412bead02e778336,0
496d3ff1f0d1dcb4,0
ed49b7c156fd6597,0
500eef00378de889,0
9198e9e0a7424e92,1
97442f6e768b3bd3,0
9d714e8bbea43081,1
2501510785101e26,0
3dcbec7ec13c666f,0
a5fbbc4b408b3f73,1
01e85c3280e0f3fb,0
7ff346d76deb091d,0
adbbec28b2900a37,1
73432e933771694d,0
fa266b8c38185949,0
fd6a90fb0703c58b,0
4dcd4554ad9e4d0d,0
d6901779b795000c,0
48f71f53470ff465,0
7445f23841b4c9dd,0
5d45a9a0656bd20c,0
79624594aad8bb5e,0
b9a05526cf67266f,0
85d75704bf7f1155,1
6da6a1c36e8f1427,1
9790a921c3c91363,1
e0fc67c0ebb10e8f,0
747b686cd707072f,0
e652b4ca46f5feda,0
04478bf5efb02e67,0
aef585ed3487793b,0
28cb87a184159d11,0
f1c9d9091023f7fc,1
b84f1bb81c1718a6,0
b481631e2931dad1,1
ec6003b70b360687,0
f9f16d9b1101e600,0
bd83551980b23291,0
7dea45bc739ca35b,0
743001bdb5be270a,0
0deb1b6ff150fc19,0
36a1c5bd5409e535,1
8ee549132e415f45,0
393fbb39c713e160,0
71484410a63b5f71,0
2546238a35a86c7e,0
95dca42eef446a85,0
a1727df83fc84b04,0
d8823cba5f9a16ef,0
a63a5a48d89c1f81,0
d7c46458a35e8318,0
ae3aea433b5a7f22,0
08c5e2e1b421c9d9,0
c8818365aaaa8246,0
80dee5218b34c680,0
35518e04bb17eb9b,0
d5e90d6a10dc035a,0
8dd1c645eabad982,0
3b4f766de8924100,0
dc37e8766a25d92c,0
290afc8386ea2097,0
03a3823b5743b474,1
c7519e4db5e8862d,1
c6a0b0299fb84b6f,0
b911a6934dd9c83a,1
59e3e3a7aa7a79c2,0
bd8f7bfd4a4b120c,0
c232df6b693722ae,1
63cf5eee969f492c,0
c264f08d531dc936,0
333bf17cb63a53ca,1
9afa164745309847,0
18b988e3256069a5,0
853ecca0c52140b9,0
465d571d4fdc9ddd,0
6349fa34f7dcdc2e,0
dd961d7860964701,0
889d7c2bf04e0cff,0
48c0057d302aa353,0
6e3a06554a45f87d,0
d519cf3ff00f7e6e,0
e7c869735a202215,0
a38b73c872a3228e,0
2e84cb64093adac4,0
af0d4c9792481859,0
5e7091439cc534b1,0
932a7d48c8779170,0
9ea3082b5e254e70,0
6c7f64c7f98b238b,0
3c62aa103a37c740,0
ff06e53fe889d979,0
db69129966821e87,0
cdd5efc13e8bf34a,0
3964f9b60de84a8e,1
dcf560accf2c71a2,0
adc036940e4ca963,0
7492d1cf362b8226,0
7c1e292cdcab3ad7,0
fc3156cd4fee3676,0
7fc12dfcb6fb5276,0
2ac593ea8e86a7a9,1
04c5c5141c2f1860,0
10bffe62b129f20e,0
94c96b4f57536c3d,0
fa668d47d9951c41,0
d3acc15e8948a0df,0
fc5b5ab2b46d02eb,0
28f7a9771cf590ea,0
1353235274635e12,0
7315576dfceb9888,0
e102865ac0c5cb1b,0
79297945548831b8,0
4fb7d8db4f43768e,0
397c80dd9c00d95f,0
a59d6fb19816e345,0
eb050e889b5956d1,0
af479f33364f6138,0
8e0d15018819d6cd,0
0b40b41396bd20b8,0
cb19e5f1c8a97a75,0
f9056d4ee694996c,0
22da6fb6c309ea91,0
c89de5b3063ef828,0
6df1d2e4ca6986bd,0
fb7061ecea932065,0
b5fe39a5a3c6671d,0
3390de5f66158402,0
bcb2ce06faca3ce7,0
15944c94ffcf5ea0,0
d09d2f79a53dcb11,0
e9948e87ba3e8c8b,0
c349eff1f9aee9de,0
f3cb2fc35450f87c,0
a7d964cda2fbe259,0
7313c229ff8213bf,0
81e2f65a0f6d13b9,0
960ced16e4a661ca,0
af52c6ac8566081c,1
1e29bbbfb927bfbf,1
c7f762eb690d91d7,0
8099e4b4380735cb,0
0150ef809036e21f,0
d57e522fc5c214b9,0
4f5d1adb828a83b1,0
925d4d1fdd5798da,0
50b1ba75e661ca54,0
db36f7adf6be5a9c,1
6ba057ba45be73c6,0
51fd7f86a36b52d1,0
99e5ec491db7002c,0
1ec9de5387f7f766,0
1461710df0c18663,0
7363819b6f5afab0,1
f8a088c452936f14,0
217eee2a0e029137,0
6a5ed172887bf74b,0
ad9d204cbf8136fe,1
b9cd4d2eb8e7f840,0
f8529cb343dc977e,0
75b0297c6f84d1ad,0
b15e1d0dad5270e4,0
b11c4950af0ffc6c,0
d7f3448f76a28465,0
cde8050c0c0f982d,0
e6cd9db86fed1095,0
93a81fe6df001917,0
242371b2569f945e,0
b0db34ba3e8c267a,0
3b6471704070f4fd,0
1f5b1bc8f6fc7efd,0
b11fd3fff8b323eb,1
3f563d1a4b1014f8,0
b3b91cf89c6b0626,0
31cb443059d70a21,0
f6d8a6a1705ef90e,0
cdcfb52968e24e5e,0
2d3f9936caecda91,0
e2dc92886bd7351b,1
092ffb4a79190a93,0
533f682236e49835,0
829943657cff44b2,0
3d46684ed8632411,0
aca0d11563802030,0
5731ed012ac3e7c9,0
ebad468cb4296abe,0
4614ddf120b96a70,1
282637425e0f9344,0
7ec03902eb6921a1,1
00426e18608cd9ff,0
88ffae701d90ab96,0
d5bbb4734d13b475,1
7a58538628f86198,0
5bc233aaf1dc3ae6,1
3a588e172c9895a1,1
e07c25096251f660,0
348215a1d74af4df,0
2d71af58c74f31da,0
32a45a95c05582bd,0
345bf782325168b7,0
f31ef01fd38d528b,1
f4a136df13efc58a,0
a6b134650862c2c3,0
b468e22042b79cff,0
68bf7e93c3ba56ad,1
e17d67799205bfb6,0
8332901b69fc1920,0
c59844bf7f808177,0
c225ab1371c00c9d,0
14be05572cb47a28,1
3f04070811fb8c28,0
179bc3323c7c5d63,0
1c335ad5151ef2c7,0
fba44854d5265bd4,0
9e7716dce13039e3,0
01fffb6c376fc5bd,0
b0f083a633090670,0
f8594bb5dfccf453,0
fb336315d06983c4,0
8c107c1a5b2393c8,0
9324309501b0d07b,0
06efea98933c0f81,0
52837a4f848cf736,0
fd126ae3f648607d,0
1ef9f97226e7368c,0
792a42a52864a669,0
90c5fd34d65a088e,0
2c2df87ee0487a1a,0
58a937a505aac98f,0
10012e9c135e91af,0
3c0dfd9c817d5ca4,0
1ba271b3aedc6949,0
869f2ba18b6415ce,0
609bc3541a401574,0
ad82b509f22f77a3,0
4eee87b22378d4e5,0
5050047025b4c92c,0
55cbe77e6b62fa4c,1
d5046214d4af7d20,0
c252f187db509842,0
2a664d0f33316370,0
fb224bfc38f4fb2f,1
05a92671aa0c5571,0
8ee4fe928c520673,1
30c687dc00e70374,0
9488babfbc83c9a4,1
723bcf13bbd465a7,0
383a7b39679dff25,0
8a0da176a720142c,0
fe0f2c1f3fa5bde1,0
4a9efc4f6bca53b0,0
32ff6ad35d440796,0
a22d56ba923dbf08,0
a534cfbbc6bf3075,0
90a3cfbd0e58b1f9,0
e646972c11f1a3aa,0
c9d6a21072b64676,0
bdd890c89de8f764,0
479551e692470c2b,0
26bc1a33d575d2e9,1
51ad58b323d5ad09,0
3b08ee894e472895,1
a39542d141360273,0
8a9c85ca7d4b2cea,0
3e90b6752fd5aff5,0
dbef9e066166e0b1,0
3f1dd529c2c875cf,0
f7595cf61370d0d6,0
2597c1e0b254ba54,0
bf905f468639a620,1
fabd6e7af9aec123,0
50d067264e247967,1
9dc4ccd602e16038,0
0bf6330f38119c95,0
d8865845666edb45,0
0906b7151b2092dd,0
c155c1a05df9affd,1
5eb34aa743d9a7ba,0
4553258d322de935,0
9dd97729b2256d9b,1
9e5180fd9fb77182,1
59651a6217858cdb,0
268f6c6bc56764d4,0
d1dcc41c88cddb01,0
ce2e1d5f62c41ea3,1
719e9259d12805e1,0
b565e09dd453548b,0
abf3190f5f5d6fea,0
66c24c454e1bcc09,0
a1a41b3c1d0e56d1,0
3c2805df4d95d442,0
49d3e7decce39331,0
1bf5ec4332cff56c,0
8c4ae6b902acb0f0,0
137770e0e735fc0e,0
754d4feab6c1cf63,0
200bd3af0c7efb32,1
58746045bf59c0a6,0
897283b94b0f0508,1
0004908c20e7b3f8,0
6cf490474ecf43f4,1
d0c2b486e67aabae,0
54d9224968c9bad8,0
d4c4333822f29ed6,0
2aa21314396ab436,0
e63b692b67ade7ff,0
610de26dc5249e0b,0
5812ba2e38b8bdab,0
2418e353de6a23a0,0
136557a941bddf09,0
82356ab54e1c969e,0
0e124c19cef23448,0
d5a2d439a2f3e09f,0
7933d34819070bae,1
e993263b29f4fcb2,0
a8c93f8ba6590563,0
33689fa54b356ba1,0
dacd457c8a97dfc2,0
c72f3e38fe96e20d,1
3a53dc8a099b9984,0
0a0c7a408638b9bd,0
b1fb51950b374772,0
7550d7741b3dd576,1
463cf90aa80156e3,0
7823774ae0ccfaf3,0
1340e3b37392e02e,0
fbc0bff32dac2d30,0
12ba8528352c5d57,0
e7e7b600243fb7c3,0
f7731ef3162afda1,0
9a2bececebbf3ad2,0
6f06e4fff1a19006,1
7c0b0da9f28a903f,0
02908e402c9b2f99,0
ef9eddcb983bcf7f,0
b7ef7f4a731edb17,0
216f00f558c2d19f,0
03a8cb4bbd2692b8,0
24b27a3b250624d4,1
0fdf008b7d92634e,0
8baf7ef8c18f819b,0
b8c399e1878418fa,0
9b5184d4e6818735,0
f0c2c7e9374c9a70,0
4b983da92cfda31f,0
71c2fc327704993e,0
05d2b14547fd04e5,1
c1ebc4a12d1dd90e,0
a60b8a653e270ee1,0
3aa4316c77798fab,0
99f86e7caf96bc94,0
a9fd38f88e3b96ff,1
2a91f4d24f6fdb3e,0
02bb6adb5db434f5,0
e23edc27b10aca84,0
86c7c678df5db949,0
c51a31f8ac017d44,0
e68a857f55a5cf69,0
14b2641199dafc7e,0
d8095aa9d3ea944d,0
687f564316af4a2e,0
8575a8c209ed08b3,0
94517f6b58fcaa1c,0
34921bf17202a216,0
00ae4e93225f6ae7,1
ef8a61fb1db78e4c,0
bce58b233a7fb31a,0
7be5205953f10686,0
7a40a2cd5c745d3d,0
f2f9177f92ca6f52,1
a3762b37363eaada,0
0f7eb32e9452e21d,0
942e9ab14e0e2f31,0
3c196c4b140ee980,1
0e87b59aafef946f,0
ad33e34e304272b2,0
e609783226f19461,0
9132273752c8ac41,1
e81dda3bfd569501,0
6754f246d44c7a1f,0
f8504d37f86c8ecd,0
83b9e9004644d489,0
8aa6ddb0b6946588,0
cb062d205caddf64,0
19f3eecda364e5b1,0
a90746c05971abae,0
03b1739d980ecd16,0
e1b2da655cf62207,1
6ca54a180cddf660,0
0e861ddee383172f,0
5872f97883a407a1,0
4ec080e3c84d03bf,1
54e33b9ce8d0f5da,0
bf639fef8f75cb68,0
4f9cfc102a527228,0
cdbf26aa5c649c9c,0
bbf6ca6cf6f5fe6a,1
11602ebdd4dedcee,0
541f7ac9513cdb42,1
a940a0b955827cd2,0
74da63d3689d560e,0
cc3b3ba46046c2be,1
6728393c1dd2b8a5,1
ea56b9f6ce3c3d22,0
472f17ce0034547b,0
048b6f25e79cbbd2,0
3e3e11e5540912d8,0
777eb84e8bfd967a,0
90ae66ba578bcc96,0
4a67ad8e06633aa9,0
3c499eeb4766f183,0
dd6572e38944b74e,0
9256312f29e1d079,0
19eb5084f4dfcd57,0
01f18e3e22c96783,0
6a78e34960e61645,0
4f0aceb44d3c72c0,0
511ffc555f819590,0
0a95494c855f8238,1
1af5373bd2a44a8e,1
70b60a54ecc1edad,0
17f09d11b2292534,0
a9dd0643e84aa248,0
94629aa828faef82,0
8b51933dc5db1faa,0
668a9502c050db70,0
d0b836920da55816,0
b766eb8748f46714,0
77f64c4b274684e7,0
b84d61f1d612ec0c,1
89e77afd1c675c3c,0
20c748de6d11948a,0
bb93b7746efcbbbe,0
da2b6209b70857b7,0
6ab936f63354cf08,0
9b148571a9c5ea75,0
321d7aca187c58bb,1
9c13fc80c2567bf1,1
31186e0ceb0f5df4,0
64b103dd6219b08d,0
58d53b746ab458f6,1
c308be52784d16ac,0
821165fa9965b0d3,0
7ab546ca6c29aeb6,0
2d7420ea8ac549a2,0
91fc5f02c1891407,0
25490b47eeed3836,0
cd16ef65a44c1d1c,0
e72aabf840dd8e63,0
ad844616754c26ac,0
1812ad3ba404a5e0,0
69aac9825007bda0,0
80754eb63ecbb0b5,1
0dac5472b41fb0a3,0
c46ef3fc4c6abb39,0
ff72f5ffff9b05fd,0
d33cbb1352401084,0
da981e8b683f9a20,1
6d8da023fb09102b,0
f8c962858b0d060e,0
385fb69ec37aba6a,0
4132ec749d7feea1,0
33ca5529164877b7,0
3829ffb78baea2da,0
720c2ff0591ea7c7,0
824ad28e208e2702,0
cd244377595e74f8,0
c6d7cd7805a083e3,0
667556f6144977f3,0
c618feed8f14eee2,0
c713286b9aebb487,0
e9b288f9009a80f8,0
02ac411bc84a0abc,0
d5e36abee370cfff,0
f53fef8bc6f16f44,0
73203fecea8a2280,0
1679c4c09e385705,0
062ff7549cdd567c,0
e14b3c94f7ac02ea,1
3000f11c1b412f4b,0
5c03f0b4ecaac89b,0
d85ed5525ca5aa41,0
d4da46fcb7a524e3,0
0f13b5ca37c52499,0
2fd19958d6755946,0
22fd61ed6355b2fd,0
54ee7790e3574294,0
06ad6a53849741c9,0
af2a4c5998d4ebab,1
a8549ba65e164ced,0
91982ba9883ce76a,0
8bf2af40a24b4712,0
e696660b0bb07d2d,0
c8220722ab290cf7,0
f4637622ed31c44f,0
22707ce79564bd38,0
2fcf64aa72c91fa0,0
8ef57631e79968a0,0
47810088f1198b82,0
2d3c0f79f0b9da6b,1
2dec7b472bdd9355,0
e6492fb01552950c,0
6e0c109a1745c908,0
b014b5797fd4844f,0
a3266fc52197239d,0
ce1f5e1707f7e563,1
a98c5a449412eaa8,0
813aa8f61e097ace,0
0db54b53fbfd7533,0
f1b5fbb4429e9a81,0
ed732702e1bbbe67,0
b4d1975e5f638507,0
6b993b610ad8d4f8,0
0ead986098b4f431,0
15386ec8ced64575,0
79837f43243df67a,0
24b45566bbd8e0ee,0
5c1062d629ce7c9c,0
74ea71b76cc3e5cb,0
6f7a51a942329bb2,0
41923c27e2747ddb,0
990828d74df38c91,0
cafb3c38784bb856,0
d5a730b833d1b888,1
80cec8a8619670ea,0
beddbddee24ed7ef,0
22847d8db13c4f83,0
d6fb81d81332fa13,0
92f947cf8a007e60,0
b93e244a07827aa9,0
728424d1bfb2ae82,0
319775bb5394fe5c,0
43a6702375501a89,0
02164c02f154fdd4,0
94c56d65ded87b15,0
3b2c210ecef5006e,0
51b70b4ff56bee9e,0
70e8e8ebdd9feee2,0
9fd2956ab3a3a480,0
845d05e41ca8eeb0,0
b37614eb40501e65,1
8a29676723bb27b1,0
cd7c988dd029f12b,0
1ddd790f8264e061,0
9785cff00ad73992,0
68fdbc8632e2d4de,0
945f08b1b5cb21f4,1
22f43a2eda3cc812,0
f574895a74a807c1,0
cd85b2634594eb37,0
724fce20420fbfd8,0
b0fa325369dcf8b1,0
0b95f0e44b34de6e,0
c1013ae33f70e728,0
b3150e242085b25e,0
25e9fa1c8fcf085b,0
fd3521b1cffd8ddc,0
f5235fcd0db88211,0
b7a9ab7540707512,0
31a9642210b72ce2,0
761324c963faad64,0
5f2719b4de26347a,0
34d96c86d18dc24f,0
cb8fc26c57885a3d,1
d9cd1bd945f9d78f,0
2dcb871cd897488f,0
bbbadb02856e35d3,0
29e4099ebcc2ad20,0
1bd08dce1d5109ae,0
29cbbe3f505b3862,0
84c8ceb8b630f91f,1
bd31c8a32e3da1cd,0
fb1994f100bc39a0,1
ff6bc29e8c5065ef,0
85a2d9d90d19e690,0
7364f92f7cbbba2c,0
bb082d91cff93357,0
73f7937746400277,1
456010d6e2bd2a2d,1
e84f9ba877c128bb,1
a8a48a39509b1401,0
f400ae914d76c037,1
65aa6c4a934a1f93,0
0f5d931cb6a4e04d,0
59bb3a740d055b4c,0
8e42c301eebbda4b,0
304a8f8e173192ba,0
caf9751769a00fb8,0
65b0a9516272b0f5,0
01f99e66a0df96d1,0
42b87b167208bbbf,0
7512f7b1b8050eb7,0
a37b7916f8f4a21b,0
af3a24ee5993021c,0
0fbd73c95078e525,0
c97a615843d70594,0
df6326dd6c019a92,0
7a3d0c24d6711665,0
7b0f7e149984b8b5,0
b360c92e83f3fbb3,1
e34a9bef0c2ea9c8,0
d5f034dc3e98a486,1
8facf5fd60d9a3a7,1
d41ff0f386d1eef6,0
2ee4883971aa1048,0
6e2ba545c28661f2,0
49f63161194357e2,0
902cd78c13e6e559,0
2ae369b3b14c25fc,0
140504a6aa00d215,1
e89bd14d8206f27f,0
5d824655549d84fc,0
869a39fc06ad73de,0
f8cb55dfa7579d81,0
fe585ab6ce32ecab,0
0d183497b72adf7b,0
d945cebd8cb42691,0
b2ef0017b0053096,1
a3a9eeaf867b86ea,0
a76f6b1a19db9d5a,1
01835614afaf8fd4,0
7ac581aa11c3d4cb,1
ca90188fe096e216,0
b050d93f22073a16,1
0e231bcbca3589f5,0
0ed87946591b53b4,0
bbd15682c3db3754,0
ae53f62e9337d5a7,0
74cfacf9cb38bcf2,1
f1d6b699037cded0,0
5697905b5cc41179,0
10ba6f05f249ac3f,0
8fdad4a714a9f58c,0
c8cbf47bef62194d,0
943bdfb65828026e,0
73f5b0c187bc31eb,0
2845a4cdf049c973,0
05ec87f9633edd7e,0
daa6a4691f494437,0
3636f1aaccd2732e,0
8108754e74985ddf,0
6d4c4957431dd7a1,0
230b2109f568a3ec,0
5e38d35b3f54055a,0
c356ab391f2f55b5,0
d7af167883eda43b,0
5c95df2c48e4b548,0
531255deeabe8537,0
e1d94596484f8318,0
5e2db4c149f59697,0
0b38590ba77701d0,0
d81ab0264f2afcee,0
6f997e19fefeb52f,0
8b7adf5a7250d570,0
1f34d1d95b37486a,0
46fa7ba8a6ef5520,0
155ac7bda5e54005,1
7c940fdf17dbf048,0
29f3a4c17fd71a35,0
e4512f911c04f55a,0
d4dd995464bf2c28,1
f3a661e6d66efae0,0
ab79ff1cd1789a3a,0
abd53a7c08757205,0
12d9069b03ca3e2d,0
bb84e7ed5ecac2c8,0
9bd4918a3d0b0ad5,0
7af1c3c5b865fb5a,0
0cb014b9bb92fdd9,0
b0383c1c841dc786,0
8d6a66852e20b75c,1
9ad328ebff00270c,0
9ee79081dee00259,0
149fe51916c00088,1
c08f6f40c8d2afdd,0
c377db4d53f285c6,0
be13a4759d921795,0
83e621764edcead9,0
65588d0f59950ab1,1
60dd308599e25594,0
44ab3fede8f4a843,0
230c9e731f757f05,1
5574f24eab1365c9,1
81d924289a0c7820,0
7c86621636aefa12,0
33cf5f80a1f0a809,1
4e05d7539474a4e4,1
ec6a30cf6dd5ba1d,0
168befadc7c8fb4c,0
64573ae40b166b1a,0
9cded769567a02c1,0
707ccc560b32d8f1,0
ad9740b7b7c27f50,1
24ca690654262390,0
65f5e21a7f092895,0
b77b8ff1c5dcbe8d,0
034adc12b7a1a2d6,0
15ad631219840a35,0
4791623a6b6b34e6,0
ee8d6accff3590b3,0
0ebd81aff61d8568,1
bf9a96195668c26f,0
b48830eb16f279d1,0
04d584637d71eb13,0
29ab8c75c4cb84cf,0
9e9fb7f42e46739b,0
f46205357e11684d,0
5d086bc33b1b8405,0
62523ef12b163e23,0
2abb16b0b52c2745,0
ffba43352220e40b,1
b91625f9dfc1a437,1
b91fb83ae10f1aa3,0
c5ed8b48e4616e65,1
789a833ec9872c1f,0
9939b8eebd6611d7,0
edab53f98a01ec55,0
0d5428d3e909e60f,0
4e7b776a69fee2f6,1
1f3d79b020fd8433,0
7d156b00347bcb32,0
33b171147edcee29,1
ead2d18da4d40152,0
22fbd842a559812d,1
b4af5d694b4a298e,1
dcaf82122ef6841a,1
c4ee7328facf23e2,1
30212bfd03b0ca01,0
bee027c226fca740,0
e35786ed7f24a971,0
a4a08b45cea1543a,0
6c7d8a2a7d15b7ad,0
b0a90b70655a740b,0
cb9083c2d6387dc6,0
0b5f5a0c292da0fd,0
3dfbe8a4b8e93853,0
e8887d5a913ebf49,0
d0a6aeac0420820d,1
c9f809a012a0c5a4,0
f6b2b7eb3d640911,0
b7d4f503cd9804e1,0
72f4b99f58db18a9,0
25be72bed23914ad,0
47144fbd088e9b2a,0
29c55649fa030994,1
8cad5b494407ee5e,0
23d61535c80ad178,0
2ef41ef16dbed6cc,1
59c23c30547e4522,0
bc70f79c7e925620,1
40a2819c85ecdef5,0
39eada147ecd378b,0
63d311e702a0c1ae,0
400f04932e01c5d4,0
e1b4a7b5857af83a,0
1367c603da178adc,1
5c8d7d613da04895,0
2873ee96f64afce4,0
572dfac85f88d909,0
8a884419ac3a84b4,1
97b8f5c6aeb7410f,0
0f54a50b1cb79134,0
db60a9dd0ca231d3,0
149c55cb6e640b25,0
508b2b8d5b8eb6f6,0
e57338c5d1ceea27,0
d666101f939a2d19,0
c5460ce1ddd4438e,0
98dbd1415c3c6699,0
d2c257b5e7fc8445,1
ba6a62aa395e942c,1
b58e092d6a93bd0b,0
dc28fe3581025ca3,1
e3563d74d7f2c1ff,1
bf7bf104b4c6ac5c,0
f030c67643c4f8f7,0
a60dde27fd353c91,1
b0a85f682641f372,0
eb99e1a6b307d518,1
82ba6694c324feb5,1
57ce186609e8deee,0
6a154dc28bd85c65,0
c8e38db002341c26,0
cc2200365bcb7c03,0
1e7d1f9baae55d49,0
d62c1d0caafbc099,0
5a067dada47db737,0
3ffe789274da0b89,0
743733eb747b9b14,0
425baf39b604e9bc,0
c1987b7e131e88c9,0
228b574a1299803e,0
35b68a9f02536cc4,1
c548ea0810592528,0
d0b19805225e0df4,0
e827929b7b38f10e,0
9d8dcc2c5074a2d6,1
6412cd28aebb90de,0
b52123ab00d40e35,0
09eff2f6d754114f,0
80c9e89826c5da61,0
225c62c5c37d5c08,0
07c1dfb8d7211d36,0
c30c6ea780fbd174,0
429b71cbbfa4dea9,1
27157e702397e9b9,0
cca5fa0c93017c22,0
5d24869f55023ec7,0
83176e080212e482,0
4d031f0112b36cb2,0
50d6368c50af5e29,0
25fea9c635f75f9e,0
db96dfc877b79abb,0
0869f10ee17c586a,0
d2f16de1b6adf072,0
cb1e5d293ae987be,0
85f72adbfbe46d1f,1
d1ece94765b73ce1,0
d0e53ddd4293116e,0
c9a41370d9b61e20,0
b93b55de204be173,0
a6e3c0ac3237c517,0
c4c9b433aa8c85f1,0
95c74d931de42dd2,0
b9192f893c583400,0
336b26e05e9c3339,0
a864be2344c328cd,0
73ec7d73655ea5e0,0
592bd741694a8204,0
152f215785e3978a,0
94ede1a816b2a5e2,0
2947043e0881568d,0
ca8b4c721cd0b137,0
efff39b1dee2aad8,0
2ab9d4573a2978c9,0
1365e15de4f8b9e1,0
56d9f5e2b3a8a069,0
1f498c15d16dbbfa,0
afeae936c2ad62d9,0
22b94333cdd45ecc,0
b46e7af2dd7cf4b6,0
12b3c99ab04519d7,0
817ef30a93fa193b,0
9021cf45cb964171,1
489916b228016464,0
88ae3eca018183b8,1
e9a6f6744d602d35,1
a2ef7d01c40e5336,0
9b480c1bf134d620,0
8259e44fa5c91927,0
6ec728742a0c45d8,1
6b71d5a7dac8be40,0
71e9fe70440f6001,1
d05d937a2c0f818b,0
f0e96c11499ecd96,1
eaeb9f7d1366cca0,0
e87742eae8c47d05,0
ec641b63c367c2e9,0
60090a42dcb3fbc1,0
287a3e0a4705749a,0
4d5b67be1dd26724,1
6e40334918706e04,0
4199da24b1b3a783,1
c90a49a33d37c623,0
f21b66a835c34958,0
ae2ad7185c9d8059,0
873ba41ad1cc1cdd,0
3dd43f0f1395fa32,0
d57d76747cfd512f,0
add1e4773daf5948,0
1778cc2b0755a299,0
8cd9455a79fd8b34,0
d66bd4b3bf5a02c7,0
7070fb853b31ef98,0
570908414c1977e2,0
a096b6d9481a218b,0
096d39e905c75943,0
506ef9d203e9af9b,0
e639fef13617d506,0
0a78cb43eff14df8,0
ad8dfa64a79f23a5,0
0d17aae8837d23a7,1
19b84393991e5410,0
a3cd6c43f804bcbf,0
4a57c867b614ae98,0
9c44cc64c900e290,1
a4711b77e782ac8c,0
40194073072f89f0,0
044dd99b2c9cbb5d,0
1df03bef851f0619,0
9546a2ab85ab1d5b,0
57ad5a3c80f6a659,0
1b7eb3de178e74b7,0
0b504d0ca237e25f,0
26d9fdf9c73ee17a,0
044ade64461e8324,0
2d7c97495448d97b,0
3072930f5f07dfdd,0
94fc0757b91a796a,0
b284ef642064b011,0
c7e8fd72976baa00,0
6d4a505ed9b94b11,0
c8936aae35f1a864,0
0f0fbbbd6d68ffdb,0
3a29e80fd5468420,0
c121359d55daa932,0
41b0107aaa1d37b9,0
ae38cd9dbe808baf,0
0c3a1a8aab792443,0
781b387dd0db9abc,0
9db74dd70634ba9a,0
8988b8683ebfd4ad,0
ffa83934eb3a7242,0
68a36e429f3f7e26,0
057eb89a99ce19e7,0
dafc22619ed0484a,1
e2d3122e53682092,0
951b820fbd103222,0
ab2b0a65950780fe,0
c04706d678b311dc,0
68c5bcc13e5a116d,0
75e06b3f9f8831cb,0
188e28394ce8cf4d,1
00db2f29d1c0a250,0
a2ee6f37bbb63f0f,0
0cae72feb57d53d8,0
9cdf3d29080255de,0
b0471bbe98f253b5,1
5c023611e7164455,0
63adabf7d089b96e,0
fd0d74865f7ab5d6,0
490bfab3beddc972,0
962205e21f0f8901,1
3d98b1d9a9a6f6ed,0
ca2cf4bfcce9fb4b,0
76cfad86d0012f1e,0
38492417bb848f8f,0
c0363c5ef18fb9bc,1
49001043b3645c83,0
c00ebb81a0c9ddf8,0
73a0eef2653f6d94,0
f6256ef87c1afb37,1
c63e20505dfe1b6c,1
0cd9e45980b9ddb5,0
c04374a1b14f57af,0
3492bf21dac44446,0
9ef82421d4bcf38c,0
80fb3e428567b60d,1
3b70d569512d7426,0
c4b4df13a307c70a,0
971651bc74f2b378,0
f13ef83171285c26,0
e3286dce73361e82,1
e3d54fa5dbbc3892,0
0cfd86bc55329702,1
a9dac6a6916aae6a,0
e356752a275140ba,0
ffe76ae6c1695eae,0
68f930423e854692,0
3ee6291f8d5b53aa,0
f734c70f3e2232a6,0
27f7073a91fd12d6,0
8410ad94c37ca944,0
527da58cdd25d0fe,0
793cf541d671c909,0
c8294a49879debb0,0
717a3b90e728b739,0
e18853b918489735,0
6ec7cc6ba0f40a45,0
a2d3cc45f83e56bf,0
ce60b111ac7dfb2b,0
f33d3ac0247fc37d,0
11c6445e7efc9289,0
99c95512d49dcc68,0
2e4dc16876cf357b,1
63012f164d614e3e,0
65fe0fae21e2089f,0
aca66e782ed0d7f6,0
36bb8e2aa65199b8,1
3d22d680f1359305,0
c5c95c7273877b92,1
96f8f06ee871cff4,0
49d5f02b6e36445e,0
77c0c780140cd32f,0
cad9763f4c9bb769,0
fbaad98f17a662f6,1
91f15075f4965433,0
3333609b4a30168d,0
262be33975706df1,0
26282ac611112158,0
678c9e7c93bb8a20,0
cea5fb0cb2da0190,0
899a07abab3bc322,0
cb0af0b5f648d090,0
ac3c8a1901d0d819,0
993247a53f44e0e2,0
dfe06bd7407d8691,0
2814039f096b6916,1
f6eee8a4f275c3a6,0
6bc8be17d5272395,0
42322c57ef02ce77,0
512a14b9a819331f,0
90c178c208160ed0,0
8fddd5aa45ab139f,0
d6b3c20755507b59,0
8b38058ea5d53ad4,0
58bda0751707c86f,0
4f48c3a1ad7acdb7,0
7b3368e2e88c28f9,0
eed1ad52ff7ae2fa,0
07b880a00dc932e4,0
302004f167a0cbe5,0
ca51335e8f30099f,0
eb05e5e10b1ca66a,0
3360c0a6e0db0a35,0
741c8ab4665b3bd2,0
ad5c4664bf345ae8,0
4fd5722dd08ea90b,0
59e73330ae880fbe,0
c0bfef0029d85469,0
db1efcd0338efae6,0
83b3b63bd159e8a0,0
1c8ed962563a8737,0
6d11467b2feddda0,0
2ada64c6acb6552d,0
437a1b22020a885d,0
5bee1e1b25e9dbd4,0
74265e43aad133c6,0
a3589f7646d5f25b,0
21440b379d7c9707,0
c28388ec2f4ff615,0
374f465c36c45724,0
d3e348d803b93d80,0
11167384b0d6375d,0
3f4626462e2561d7,0
2917347e98a0df2f,0
51255c9ca255e171,0
aa7657bb4a43de13,1
d3dc2eb75c979471,0
509a76fde127883b,0
934771a891e4194c,0
3017dbe6e7e6325d,0
b7bb9587a029d9f4,0
c9ae859ab3d8d223,0
cb2c78be904515e3,0
f3820dd572ad4b9c,0
9741f9e167723e87,0
bf9e08419bcb1b5b,0
f2cd7f0efa0469d1,1
52fd2fdd18554a07,0
01b9cbcfe59e5ed4,0
49023001654ceba2,1
4f8d4cec8fdd1989,0
8f96a9126b8a4726,0
dab9d8d3c72ebaad,0
7cdfd8bd4fc0d083,0
cae4d78e40f586b6,0
d53ea85249f291c5,0
94e41e52573d29e8,0
5caec54db8dbff2a,0
f8453de4dd76aca6,0
3cfdc3b4f01d4cdb,0
8572d177b02b8968,0
08643e9464e544ef,0
1b9381054350c752,0
7b612dbe57435f1e,1
da0498b48d4c989f,1
8a66901199624f53,0
88b1cda9466050dd,0
02330825ce7de367,0
294292e0206ad367,0
bea62ee99b6549bf,0
c70a587f462ae3c8,0
2211d8d41d3c57e4,0
e27119d89dceb279,0
ff8173fa4824ead8,0
66ccb315833b58da,0
eada337556e44d33,0
c3b674a59e573395,0
bd558ddcf430aae3,0
c2ca9bda826dc5af,0
3ed6798d619251ca,0
61d6f35863188675,0
d9a3e7a1c8034f90,0
73ce368ae6c551bc,1
2f2aca960a16add2,1
d81e0ebea22a2d78,0
93fc465da669482c,0
f449cf6458b2f1ec,0
9a35e707b5dbb4ed,0
de693f36417def9a,0
fcc3588c48feb15f,1
cba1acb3b3aa4b4d,0
cb8cc0557d4cb967,0
aacb031400e9752c,0
f87ed86777e8687d,0
6de67c8b2a4d7718,0
4bccde85ceb63ec9,0
88e1b058e62c17e9,0
ee953e77eb468be1,0
a65353f92634cacf,0
23cf214cd76ef284,0
520eebde994e733e,0
c9aa966c1ef58e5e,1
b35e63a24909f4af,0
8224c54319afa028,0
ab354f324d8bfd29,0
d271e08c51313255,0
1dfab51acd203b0f,0
878c5d3d5ced834f,0
b477e2cb45f0d657,0
a9c226cdebe5b46b,0
3fe9e64d5b6fe96e,0
f95bd01075648d4b,0
52a7ab302aa36cad,0
e614de6cc222983f,0
d8926ae0adad9b52,0
7ab0bc84b36c4e5a,1
71244f3bb4719d2f,0
158725b3445b3bfb,0
584cbb66c25a25b6,1
255febff384b564a,0
1244ca45099311a5,0
a9387c7bf0a28824,0
93627e7160d47e11,0
46b95c700c17b520,0
0477ff3d11f0a33f,0
a6ffae5a580dd8e4,0
cf8accc77dc6811e,0
5c86f921513ae3a8,0
1a20f854f5a71be7,1
7a3ec8cf7fe82061,0
b27ac7ee6b73dfec,0
568dff2724157c05,1
d72613b77ca55012,0
b0b00f854d078135,0
678d06077d7e3873,0
c1595155761c64d6,0
e66a7ca559557f5a,0
b09901eb15426f5c,0
74f3f50ce40ca4a5,0
ff574133f13ab6ce,0
6a847c7cdcc1339a,0
65667d3da37e7938,0
6b22e36dabc4ee01,0
88a4265f708bde61,0
16a11462748cf741,0
52da6a9261d7d2f5,0
d70af9976c38ce93,0
d2bddf78814bf1df,0
1682f10cd4c5214a,1
6ff8eaa306ccfdaf,0
dec6241a81b9e216,0
fe76f3eed57590bd,0
22b5e42790aba8a4,0
e9f81a6ac034bc67,0
442a8bcf1924854c,0
2ee421bfb4059812,0
a62846563e7f3e8b,1
5b1654e0cb5b8c48,0
33d2a76ddce1ba12,0
61fe63341bc39daa,0
2d2c97d7a06a5e0b,0
9a76abf3af92a9b9,0
808ef0f690e84b55,1
bbbf04d343be35db,0
72b1c39b5edbdef2,0
e779ce1d1ab9c0d3,0
10dcf1bdaa682800,1
98f62153ac7a02f4,0
5d4c9f25bac9b662,0
a6585e1409620a36,1
8027d56a2a282f5e,0
302fdcd44d833103,0
e4b777730d46dbe0,0
c8fc3a027b58da59,0
d743883d31cff7e6,1
670d057c193cb4cd,0
1fd3bb3bfc67161d,0
4453dcd0d942fc3e,0
eb84efe8fb32a768,0
eaaebc76bcd2d31f,0
355ee819d9288197,0
4c0acb48965cd41d,1
6935673f2ba7de3f,0
9c1a98db5c88fd70,0
e431e6c96cd7f279,0
b5dcbcd0adc2388a,0
9ef2a403b64cfdd2,0
28cca3aedee2865c,0
bc4e2cb45558b9ac,1
8aa158af90becd08,1
0bae750c329a9a27,1
d37608d8c04e1314,0
99cef855fd98227b,1
c6c81d2295bcb6f8,0
cf01771aa67e0284,0
bb375dc85eeb42fc,0
cefb498468d7b995,0
72ff93bcca022977,0
e5d07df0ab772e93,0
3415ab05d42b9c11,0
ffd2837cb03d0155,0
a4d31ac1fb9d56bc,0
a36210df46d4b759,0
4339f8ef467234ae,0
19f9aeed60a0343a,0
74581f2fa258047b,1
3e95e7e2b3e265ea,1
c5491c624fde3493,0
50e9207f9efdb261,0
436b6416c5296b8a,0
31ea19556ac2c382,0
57f541d662b9e003,0
4c3b3c94ae6f7103,0
039dda96a22054d3,0
6af7a7e40a363422,0
0f8b319b3a1a4700,1
de5dd9184d47df4d,0
f561c82b32adf24b,0
0a41456db7a0a373,0
6370ae19a20752db,0
48cd609790e6ffae,0
cedaccb08fcb9064,0
ce801ad8782e7a56,0
fcbd5ae597217c02,1
d2f3958714d17894,0
ff6a498e8fd4de0d,0
88a9c922f97d8a86,0
ce7081faa690edcc,0
4254e3b313cc87a9,0
ca5b6d0a7fd431b1,0
4e45f62441a33436,0
8f146c25aad0dfcd,0
f9004252a9885118,0
d47b2cf7bfefe076,1
d7e11269e94e23da,0
39321518d25bfc9d,0
fc8d3db0d10b979c,0
f99c0a1e7768aaea,0
a11f1fa9b81a2878,0
5478d317fc0a6608,0
ef57ff713b249fef,0
b3cd82994f46fa10,0
b141de1430deba63,1
0ce12094bcd5803b,0
fecb5b92fe8cd7cd,0
a748cc4db17201fe,1
c3333f624664f5f7,1
60936e8dfae41efe,0
fbc54ae9817a512b,0
cffe69b5885b7e84,0
998c0aad114bf29a,0
8cf65334bb6b09d5,0
a624f4c99f0a53fa,0
15728b8ef5b0ccd4,0
ff597dfca64da5fa,0
ac5d5dcc4502e450,0
73556d7cb1a558e6,1
e40691c7b9df416a,0
76f73314fb05664c,0
bd93f3b68ade3b1f,1
6e4c4ab96f5fbbf6,0
fd73daa3aac6835d,1
03b7050686d145b0,1
c4a87069f56ee484,1
36aab74a615f9cb1,0
c9a223dc5828dc3e,0
29caa95efbda36fa,1
64226d62fdffda5e,1
5c78bb026f4fb21f,0
f4cef3a0776cf17d,0
7572e8643ed6fa75,0
1067eb104ba604fa,0
ba52acd79dcce6af,0
21477367b7c5703e,0
7ab43c5419e5783a,0
dff8c63624ae6798,0
439331a3a1b4f205,0
4c27712b5f52a13d,0
9b11761ecce7520f,1
9936998177295476,0
c05e0c5e61f97dd3,0
e95d526b57e6d5bd,0
ca3fe4e5d1db718b,0
26a1c1c4b9e8ed66,0
bc7f815e1197ac55,0
a6d3dcd6348d036f,0
a2295e94c66c4df3,0
9197614fcffd3e3c,0
8f81591c5406ddb5,0
4694b7d64bb3b7c6,0
f46dc815bd88c152,0
f63521fe8c9e0d0e,0
242d90639539ffef,0
56f2ef4f7d9f8804,0
1cf0d8423f7d7f8f,0
7c4c884a7ed7425a,0
acdcce5b99976578,0
2ee0c93d0d9558a4,0
bd5c878eab90fe93,0
73be6681a433d5d7,0
6c21ba6a1436b993,0
6a12b5dab687b798,1
6770b6c3b329b0db,0
bdb5c61323e4c6b3,0
f9c50b2dd06c4cf1,0
e3b5749f9bde3d1e,0
78b6244b0fded730,0
4f3128eee7c1ecda,0
cf2406acbdf24382,0
c43176fb1c628c26,0
4dd96166dc09f028,0
0670a23ec913e367,0
3caca65b179b0ce6,0
2171d7e221dc7c65,0
008a3f3cc3fa1f15,0
f3719ef487555037,0
eaaf0528b399eeae,0
0a7ea86dd73c4769,1
3e260b2e9f2cab20,0
eaea2486833f8d55,0
69eee4b8b3f4e2bf,0
a500d7a55466ac4d,0
32f3506f7a50a695,1
e655c681b9efb7f1,0
1277816c5f0c8b8b,0
999681c95cb9b294,0
7c4a62857f456479,0
46bcc66d3e72ced4,0
4d3d68f27abc298c,0
2b2fccf41850f712,0
92e000f3fbcf3520,0
80951dd82c5bc8d9,0
892457c92051409f,0
0aeec2e07f5dd528,0
1fc18034674ae6c1,0
7b3a5b3249733211,1
b59f3e2a8289481b,0
713a4699a1f1ef7c,0
4b074befc0dc5978,0
fbd48f8e97aeace8,0
60f475339af6dc67,1
b5429436d2ce2cad,0
85250799cf1c2741,0
663fd28b94f53e1f,0
d25d54535a511eb9,0
91cbf8e505038e04,0
66f01c8862ba22f5,0
df517b615fca0e38,0
b353000387f059de,0
16599afdd24f415d,0
2af4f788cb453df3,0
76ce7cfcae234e69,0
c8f216cb3f18e87a,0
4d25a31d4f2566ec,0
ce331b53f0506031,0
8b9b18f2fe5e7ba7,0
10d6f0c3a694cf1d,1
5e2fb1ea2c4000d6,0
8b359071d79d8dc0,1
2decf478aaf5005c,0
c5d2d58b0e6f28b7,1
29215fe142a60eb2,1
3227f15cf972e36c,0
3e7b27d8f63a45d5,0
a4c266269e5f55cb,0
1edfe9ef0ee68baa,1
621aa7da6fead0d5,0
e8b98419f0f25510,0
4b301d7dffc0858d,1
2eb2902dc400bc9d,0
9c92ff0856cbe5f4,0
3063de954365b426,0
8bde4ec3c538223a,0
1031cdd14fa80293,0
151b9464f270266f,0
f7829ca728609906,0
41d6c7f48845d980,0
afe058ffe50f09e9,0
f04baffb58af8c09,0
d27ca0d301c505ed,0
643789267a94d043,0
aa07ad88c7d7a239,0
baa439e307bf2bca,0
8d44f370373c2b8a,0
83863d0283139ae9,1
9964fbb2c01d6e74,0
5ac4ceea9eecf3ba,0
942963b7c7831d56,0
6c46baaad6b13c08,0
7cfd931ec27dad64,0
7be09be2a35dde50,0
173b06142f71aa1b,0
0902bd2a5094635e,0
cd3e2eaeeb7afb2d,0
8cdc051a9c9909e6,0
ed57eac40b86dcfd,0
13d5d97109c6441c,1
56d992dc1165835c,0
acb74cc47407d555,1
d035ecb467312f17,0
4f05cdd30db20617,0
2793bcbd3b2ff58d,1
af1310f62f242385,0
19431d86d092de98,0
7c9ce412d1e32a09,0
87973763ad4bc26c,0
7a88e91155c97f60,0
a74be36d7c96cbe9,0
39ada7dfe8ea3300,0
9684e5c04fcfd95f,0
756966807389b76c,0
14b3a33375d63576,0
dd0ac209fa65d623,0
4a00776078dad09f,0
8ee4ab6b1028a94d,0
6e033956f223106a,0
14a89f17de72f02a,0
dc4e953dee910b96,0
1b05f1668848f9b6,0
883b2f6da5b03208,0
c5b7d993f184ea89,1
f72fc18adf2faa3c,0
4a9c95bb2f48984e,1
409831eb67ef9e41,0
a0ace0a2a2233581,0
a62f80a11e258330,0
b356d76d8eeaf222,0
1f05253283362300,0
c94e7c5df1195fba,1
8ff8311c055b6ab9,0
dd574d1d8e740095,0
886a2a8b80fd01d9,1
49abb2b766ddf2b0,0
3fb3a16a3e088aaa,0
7fba1ae75e8fcaaf,0
1f0c090f10669c88,1
c5424699fee689a9,0
8bfd0ca147b84a82,0
e13b08c33494d845,0
3b1631038d848d78,1
267bc42964ff65a0,0
cd65f9a2852ad52e,0
af16e061fa8230ba,1
3e0c3b55b3bcbda3,0
434ee09b51ff6086,0
42cf59aa93de1aa6,0
6c33c28882420dad,0
06bb0df120a1c427,0
8e3dd046648a6290,1
233fcd1ddae9f52e,0
fbf5e3e697972db7,0
69cc6c4018bf40ce,0
f825a00b3f662777,0
bccb3c26aae8ad88,1
c88191235c303266,0
6f2260dae9e503e1,0
facdef179071c316,0
a8202e5768138c48,0
25c1fbcb79a9422a,0
679e196531e294c9,0
5be4c703777fcc3a,0
615121690c3a510f,0
54258a0552185eea,0
496b69c60a60baa7,0
c414f59bfb42c895,0
1d4b7e172cb94780,0
0d4fe098ed7088a7,0
cd1a94bb848ea4fc,0
3d90a03d271f2fdc,0
e6f550970572fd96,0
2129a619780bf54b,0
d0e8acf3e84f1da9,0
213b36feccd63a4b,0
d48d359b299012fe,0
5d93802d521830bb,0
48dccc3f4acec1f6,1
69db1449102f215c,0
4ecfe72c684caea7,0
73258ce2fc4bd775,0
e4bce4e85d9f0a58,0
b627c01c1b921627,0
db45fc051a1ff4c8,0
a6bbad33c2ba5f02,0
c3ca332b59aee978,0
b16ebec3ff7e7452,0
964e0d9aa17512b8,0
3791fa7801d70423,0
5a026fc88be33e7a,0
8de0adbd0adda5b1,0
e6f63e9643f6642e,0
882c5ba9b8aac131,0
4d08b4356cbc7eae,1
515352f895f720fa,1
1c33792705bbc2a5,0
dd012c42c574bb57,0
5a6defe1524857c5,0
e21792ac1f7a5c42,0
3e51fdd5a0b2d55d,0
e8bc5e1194209e68,1
c30cbd5c6563b4f1,0
b757103f2251f643,1
229f2dca6b7c8b17,0
0426c0fad7d66922,1
cbd6f14eb7876a3d,0
d2782cab26eb0ce6,1
5fef1294693df9bd,0
fb1cb0176e02c444,0
cf73ada5107d8159,0
6bb6af8279429cec,0
a19685f6fd6cb67d,0
a9e9b8946bf7727b,0
9c1c6e933dbc1dbe,1
decf3724db581cc4,0
ec4d5a8d2798a30e,0
59847cee1d612d10,0
1ddbe1037747f1c8,0
0146e98344f48504,0
38a3010f209cf9f1,0
e5d2b9ccda3a46e2,0
33eab4d57b8a6460,0
f8c08482c59afcfe,0
7e7822408b37f9f6,0
4d7b47bdf48724f2,0
9a27d226c8f44e99,0
b32bfff74a185a3f,0
d8c25dd60f445cf2,0
c3377787d68921f4,0
790ab8917bebdcc9,0
fd9b9b16d69eebb0,0
1f4c1174a20b0621,0
b5ea1bcd03f17959,0
36159bc708a05b7c,0
bbbe0566ee36a835,0
6cbbef6e5afa0e99,0
23d4c062bea363fd,0
7cb985aeaf39d565,1
100ae59da7b0be24,0
aa35f68cf7ef27d7,0
d3afa3d6d27c538c,0
fe6b18be01d37c75,1
50e5518d158e17c5,0
97eb693666d6fc1d,0
5da0273f36e525c6,0
ac505ca69144afb8,0
4a65c08d3c381133,0
2f90c1b934a16936,1
3f3e1db90158fede,0
86063239f7f9dd40,0
3aeec0454d18ad5a,0
e792e244259a2a4c,0
ddbfede48380d5d1,0
6c48189d962e421e,1
6359352a74551516,0
50ce3473291c4204,0
c3896cc84619833f,1
98940feed9a748d8,0
4f09d5f3bdf077e5,0
7aaca3a397ce17ee,0
2b67654d5925808a,0
9b0934736ff3eeca,0
47e35ba1b2c3273b,0
573e75123fb93c91,1
94dba49c87fdd3ac,0
08f520f3bed872c2,0
9728e5caa5a442bb,0
af23e8c32077815e,0
d008751f08e93105,1
7a44a700a645a22a,0
cce38737febd6ca1,0
31a505258fcd8c9c,1
928e64cac2db3e75,0
c62b683d23cdd9d1,0
3756f93984739732,0
711c7eca2588cc33,0
e8125e42e1f93c4e,1
d6e5bdd2934161d5,0
dc6fa7fc3ba2392c,0
e3b6435c2a694104,0
f3973cf8600c8152,1
8731b8b20e3b2e59,0
157f5fd7d46f43b1,0
2600019234545fb7,0
09c34b22541693ee,0
5cb6c941ec41728d,0
b278d8675b89b4c9,0
cfde2aaf1d50a6f4,0
2d6086cc1d753471,0
eaa5f639c7c3b256,0
d6e93802529ee223,0
8482a609d5228127,0
8e4e406ef1f1ee47,0
eeef56e55403c29d,1
e9148cdd3446aa13,0
6c4a754087e20572,0
dbafe9804a22baeb,0
4016210bf70395e3,0
baafe707cb0ab7ee,1
8a28fed16cc45bc9,0
2c9d69a850e249ca,1
72cec50505fe5447,0
6e10fcf01509713c,0
4a2f6fb7d60f6f2e,0
dbadf6a0fc0fd414,0
6d0668504c0ae5a3,1
2ca4dc36b50bff3b,0
f6340fcb8cd71f92,0
fc76982599433ecd,0
b3727b999f59169a,1
125dc6595ae41bc2,0
0917a344e2478b6a,0
32589906f144efb4,0
3008dff1ca90e485,0
2c2e0f4af9516fa5,0
26d8b1dbb6f614d1,0
4a9ee2afc59a842d,0
26fe9ac606113a47,1
1c576c334dfab13f,0
9e04c76df41b54c8,0
31de6e0705b7f8b1,0
0eff59dcb8638bcc,0
41d5fe92e3ea59ab,0
f997d866fc20c366,0
e01e7c0b4e510d42,0
53310ab3f9f82d0b,0
5bc9b0d524e34d7d,0
3aa34b16e10e4241,0
be0761d37b11bf33,0
2b05a9fe7674eaea,0
494b9a3f6e963e71,0
38038896e3df1571,0
afef5040edffdcf2,0
c547fb8a2c1dba3f,1
489b98771e59cdbf,0
01e99b42045444a1,0
f885811ccebb6eb7,0
69393657104d37b5,0
62284b0cbb84179e,0
adc4bf333629cca1,0
fe16232e6367bc60,0
cafaf24ee3f9c648,0
39140520695fa9a8,0
507cc73c80b64e9c,0
38a6535403c4f539,0
ed5b15d894389953,0
273e6c502d46e673,1
3c3f029e1acc390d,0
35d8f1245a1445c5,1
2d10fa7889a0f698,0
620f5dd103e86ce3,0
c4031303cfdbf114,0
bf67cb84812f8248,0
bc4aa1dec6a3d940,1
3ac9ee2bb4ea4e90,0
7c196892f9f5b01f,0
b10b1eaf750df41b,0
d514ffec254dd15c,0
a83333a2260138a0,1
c925ddb7fea6283d,0
b6966d9e1d9f795a,0
827ff65c0257c828,0
11d3779f10716cae,0
aeb3e8a676391997,0
ee8fde96067bf99c,0
209cd0688b845b86,0
f31e9f78b3108442,0
9ed412844e242310,0
f80d34655008f9f0,1
d3a876f2b804f275,0
4db8d4b95978bbe6,0
35c3253e5c88d22e,0
5cb8ff1ee7d18abc,1
e6c24195175cb6a9,0
c602ddab076c435f,0
d673af7a9ebc3ff2,0
4ffd18c4c1948598,0
f2d2af1ae2449983,0
b8deffe760e964a2,0
d9f11721c81607bb,0
442042a4f2c3a16b,1
43d5cb577ea0f41d,0
5d7436208c0207a7,0
1615c8925a92e1d1,0
5decbba5bf418df7,0
291c33bc0c27049c,1
b494f7e890048eb3,0
91b1b5f9a257e4f9,0
ffaab6b2b6898c36,1
04b2630b219e389a,0
bdbe73f67abfa4c3,0
8dfbc9be1b1e4b13,0
a98c7f36cb45d736,0
1449c23c635f4e2e,0
580efa801b7cb987,0
2e2539f2c93de523,0
13d078a4f92e563b,0
33538e3de54c94e9,0
9a8fed27fcd9b97b,1
8d8d491aaf20a448,0
2494c94cf5cfe121,0
dc09e8cb9954dd40,0
2d7e559e4b37c0bc,0
c5c28f5f26642f33,0
278b1206794c17c5,0
6ad160edbb94814e,0
0c16c638236aa8e4,0
c8438b2033632d81,0
754d138d958fd0a6,0
e444079895a309fc,0
d6593071f5bd85cc,1
85c8fd8cb1bef4dd,0
dc471f5697a8561f,0
0fdf314417d028e9,1
897b0ac0dddf7864,0
f55bcb44016dbe1d,0
ac1d07fb695c8f4f,1
2ef7f3c023b19cc3,0
1402c1803b99ecc4,0
75d693e4d791df1b,1
7533b0dc2f9f55e5,0
743917073fa1b3c4,0
1f8f46647e93641a,0
401e89772c487b93,0
365dc39f8b1704a9,0
68846f652320b5f3,0
8ebb60f8344ccacb,0
c1913e6abd8f1e48,0
c226c559d446dcbd,1
3b9c76dc8e964242,0
ad9d9aeb547ffb75,0
10c84ab1916a0f54,0
05865bcecae383d2,0
a4f7d2e49bb38ea3,0
bb149a8bdefde65b,0
2c73336780f0a1aa,0
10553bb90f5a7467,0
38b1dbd2f8606ac8,0
8973b6c0282869ca,0
c804878ec6c163df,0
53b4ef86548b1fed,0
d0d8ac165da697bb,0
32792c34e1265d5e,1
1cd47558f1fa3c96,0
27c3a9ffe2a3cadd,0
5b63c88aa791dd13,0
b7193f628be270a3,0
478265c0365a30af,0
7ba4a032820ddcc3,0
da25dc3c3d792adf,0
279d5c7d734a7006,1
02e995937e2083c2,0
38729dbb22870dcd,0
dc277c234c7e33fc,1
f11154a88c672c29,0
eaca6bc0e9643ef7,0
dea2b9f21eae3b59,0
b34beab2b243bafe,0
3de8d197723531e6,0
7877d25d38631bad,0
bc1f284873c5041e,0
18965a7d42739789,0
6ad9a8e72bea4efe,0
07839ee90a8fe3b9,0
72edec1df9a580b3,0
fe11204d5cbf7845,0
1a2ce87b960568ee,0
ac623adbb16012e5,0
a24892344b48d886,0
48849da594283e32,0
e236c2895c009598,0
b9168694b1affbd9,0
129d6aca7624f176,0
174ac1b1c4c1244d,1
6e28c3bf9ddc1ac9,1
00c1c39a23192cf4,0
7d308d9aad5d82f5,0
4cbc319854cd92a5,0
87a15e7d87bde41e,0
26ac30d33b64ecd8,0
61085d83505812b7,0
83372b57cab240cf,0
0ba45ebb32c7b0ab,0
7bc31816cea77c6a,0
bc917db2ddc419f8,0
ddb05e094d48fc12,0
8c2fbaad14ab4876,0
6f17bdfb24ea8b6c,0
a0c90936c29f40f1,0
08d1b12a41347273,0
141fa2a238c9dc23,1
270f46a3442d30e4,0
e81ea1227e9978de,1
c0c35c4ebd356618,0
e41bab3630a1c182,1
777214ea05059ff3,0
cf1d5244d055a105,0
9877a07cb35ce9b7,0
66de94e6dbd2f23a,0
f2fbea8703ba490c,0
d5dc0807e5fa585a,0
854fe2dac5f666ff,0
aacb9f93aff9d3a4,1
526ad11ba555cea7,0
f71b2c1b56226b70,0
37b3b391d8da9a41,1
2e8fe4824b782a43,0
820055e6b0e06a61,0
b3a14b64cc0f3a6b,0
601865ff87ac10bc,0
45298f42b4f0d1a5,0
5aeb378595156b7d,1
cb620fb76e9dd2d6,0
c0682fe481302592,0
f6bed17412262c8f,0
20453a27036a7757,1
28adbc10714c9257,0
0300d833439a1081,0
96c514e35ed046c7,0
34516abfb1e1dd94,0
1b7918eea672fad9,0
7041e56dce1a0943,0
3ac7340aa012e213,0
04801316d853136f,1
c40fda2dd3b70732,0
c1257b12116225d5,0
8b1210735c87ad4a,1
572d63683268f9b7,0
79eb4388e23e2023,0
ac1c2d12e9e07ab4,0
f2e86edcb35e3f0c,0
5b3b60097ae1aa95,0
7d192062269114d2,1
3a8c5d067660da25,0
8dbbd9240f738162,0
3d21557d1bbbaa08,0
3ea1913e39e55b7d,0
5498a37939e8dc0f,0
2938f1c21a9baf7c,0
b80fa45c33bae03c,0
0591e23be5a6e3df,0
a09c6e7e7ee12f8f,0
c33e88d1e3142487,1
a53734d8c556e5a2,0
71b4d4a4988c93ce,1
ff3c2c19a5d2ea66,0
e072ae99dfaeb27f,0
391f689057eb046e,1
e3f4e2457c3d8a1b,0
e80d78b889a9a971,1
074077b4ca3fd776,0
8c5e832954828712,0
c0f9cd3344eda141,0
9eebf6ffa58995ee,0
98ee7c37de00d03c,1
de9760e2238e9638,0
ae59eb8b3cf9261f,0
fd31a049176b1a20,0
7f57665d88c7fc0d,0
18fbaeeb3e09a9e6,0
3a428071ed9f8a72,0
31aa92cf2dd234a8,0
43586f57a683c18e,0
62124ae1b4fe74f2,0
dc04d4a6e8a424b8,0
dc760fca92e6ecf7,0
dabfd0082d5e9a86,0
1f6085a61135d988,0
1ebcc6db993a9ba9,0
7d6c5e4668fe29d1,0
6d839e0d23fe8aa1,0
e6625666ce1dc1de,0
ed5c60ed1c736d9a,0
b2050069bcbdd48c,0
c3d027771bbd5236,0
7b2be6cc4d0aab48,0
7213ec67ea1e1bcc,0
cdeefa85e111a660,0
330a3505fa815e08,0
27c049ac8c23cac9,0
8e2276a4f3f89a0a,0
7ea47b4c5a1ae030,1
b022c36ae9c8846e,0
82f5a983a3dc9ff5,0
eebbcb200ab25e36,0
9d081dc74dcd264d,0
7250c980508eb8f7,0
583f876ad2e5bcfe,0
d2e665407c7ea1f2,0
b7b6e1472dae0d4c,0
0676c7441c1a2e53,0
9bddca21bba0be30,0
5e58d6ea6c2f2a12,1
920600db3b7184b0,0
574679b628da8e79,0
fbdcdf9754282386,0
f777be6166c025d2,0
691b7189ce1a1236,0
37d6b73151918e6f,0
72db12c122ea0a2b,0
bba6315b55adc1fd,1
67e4d2dbe691ee61,0
b6f7f7a7ee6c5e4e,0
6c25a1cc2b1fdadf,0
003615b574fc6820,0
50ba56eb851a96a2,1
b24ce2a7aa1017ff,0
9327e1035b008233,0
04915d42204c9a85,0
d4c293d235ba2b37,0
0e2d4f317de2aca0,0
bb5a0ea861eb6635,0
2d174a7a0aa0f379,0
a031ede79c6e56cc,0
e8fae26d8e7691a1,1
2f289ae1c8937c93,0
33dcdc103f03b8cb,0
9cdc6ced5ba3cb32,0
21893dec5cd54010,1
1121b314ef010d5e,0
fac24fad42e3174d,0
ecb67614e254cf97,0
baf06d36b1e4b06c,0
da28e3ed04b5df75,0
b3bc80849494acea,0
cd6e906e98ece30d,0
e954a519c54cd01f,0
c4b201b639fae165,0
06aac65555ed1dec,0
54d0cf374895eefa,0
88d84693ee50ee25,0
5d60025c24ed6efb,0
9370ed5e5099a392,0
395139ca18c3834f,0
3c6a7c1b47ee8ca5,0
61f778ce871ccf45,0
c71ef820e46b8818,0
f2fd0e8eb637c896,0
614c301dc5dc1bff,1
f1cff66e789aea17,0
fa73e9b7c3de56a2,0
c7d5f797422f23e0,0
e543cc99bb595b61,0
2ef2edce4fdf42b0,0
e57d2c650728c707,1
96505fcadea0e8c3,1
b8581bf0f4e44ac8,0
f289b12709ad2070,0
6b48aca70acba063,0
d20298ae93dcbcc7,0
5151ee4cfe6dd92b,0
049d9406de8f12dd,0
c9463af2bed65e12,0
f34017b1eb9e2200,0
90c73375e9f72b99,1
453be0ad900c8e8a,0
2238b7fc90d11d25,0
7f33b8526a2845da,0
21d9b71025977b65,0
a5b67a0b835c05b2,0
b0caefa624f8ccdd,0
3e8a62a11cbea387,1
43e01f8270f31f01,0
9e998be1987def7c,0
e2a174ba89b9a9bb,0
6ffa7bc8c613d984,0
0a1e28e58b663266,0
5ef5b2c82be4f2b4,0
e8b2694e31e9c16e,1
5f4e2af55317e5d2,0
8defdedc4046bf8f,0
53ec23ff19f00d62,0
e5d63fd0540b66d3,0
8742a5eebd39d805,0
4ce4783e43d2b8b9,0
7bcd7a9791d409cd,0
4d74593fbf7db5ad,0
7aa337a02c208d66,0
42806e8d9e05590d,0
03acc1fe6460c52c,0
2da3ad81fb7f7b4c,0
d0e4d71be06c9b41,1
38693be2240b28ee,0
8159e467f43892c0,0
933b12c8e27aafa9,0
38503f265b561058,1
eb1c64a759cf0b3f,0
473d94383b3b1b4f,0
63129cec834a4a5a,0
a3022f7fa8b2b979,0
391bc10e607eb0a9,0
fa9b9dbd346b554c,0
e879b5cfcda1f681,0
10340e6a04b274f2,1
cb2b8e1c5a03ae56,0
3ad3b205c8ac832d,0
2fc4947ffd01f5e6,0
3212cb7a9351f786,0
f84b08850708a78b,0
a8fd11fcb751ae21,0
664c16a962a4d474,0
b54c5c6081ca76cf,1
064b9f4dfa8196d2,0
397c1882e34c5b3f,0
b6d58fa771d8ba4f,1
53a744c1329472d8,0
3c6cbd6f04cbfd4a,1
233be8876b5b2495,0
849b6daae55c637a,0
1d73456720019189,1
dab827fc3735c8ce,0
01030e12fe0a72ca,0
239a07b7ba0e1c64,0
c7e29d7ea1677b6b,1
4c510d34a406f1ce,1
3620a06e7a385e33,0
b698f158de878772,0
23520ee0f1f5fc46,0
7e91b4298f7f6121,0
6d47c5e3d08dc1bc,0
e91f25bc45bc5dcc,0
7fdf2e4c3b8c534c,0
2fd018fdf47a9aba,0
17f17c925b98c291,0
ea837d0db5ae61c7,0
a4de88837de39846,0
07b7c29cf3e28ca2,0
76e793a0bcd1d6e4,0
8f72a5736c61baef,0
deeb80834daf74ef,0
fca149c0eadb335a,0
a1c73878d04571fe,0
fbdd3b9521452d30,0
4662c4ef7278d58c,1
413f42c9b1cc9f4a,0
7a38c636060393d5,0
284c11b35a33f4c7,0
7ad166ec4e6e6115,1
bfa647bac014c2b2,0
2795c848cff7fca1,0
9d1f71346b22195b,1
d28565d9412e185b,0
888fde77c0bf0d92,1
9e50ea62dfecd5ef,1
3b8020c5bf9ec16e,0
76fb72b33e65eb1c,0
2dba21d6c2100dda,0
9edd3459d62878da,1
46256991114b82b3,0
01ea6a0abf6b54e8,0
9f664bf47335d415,0
39c0a49d8dfb229a,0
293e673487f42724,0
825a9c8bb02eb4cf,0
49749c56c3f67ee8,0
dc58b6879e23edee,0
11acb9bb8f73e504,0
34366c547e6bded7,0
1bbb90b80043fa2d,0
571cd0d39d0a9acd,0
62cee71bbed75dd0,0
94a034314eb0944c,1
1b12c50af05ed32c,0
0357de77d41ceab2,1
1dca93aabf066c79,0
4e5c299470a35521,0
0fc050a708765d35,0
715160513f74eada,0
237a82b9260d991a,0
d1a40186d62a46de,0
5fa7aca46e639e4d,0
ef01b1e4d8573832,1
014ae8f6e7324fac,1
1b0937504b1f5f0c,0
5bb75d1d0ff25200,0
cd1d5fe8ef8aa837,0
875420037f8b21c4,1
9a5130c3cb21f9d7,0
aa89efce7a2ed57f,0
f6b897c9ebfaf64e,0
28370eda7abadb01,0
5bb9450ff0ea750a,0
d991df0dbd05c5b8,0
9b22fa671407ccab,1
515fd5a035f78635,0
f6183544b0c66410,0
267504099c92d839,0
5cddb2bc21c2381c,0
c7e54b52cee77926,0
a84a3ce7aab23284,0
9e796a0dae5408f3,0
ed84c41d015754ee,0
16f35da32945bf9a,0
e6c85b8c2c0518ef,0
2dfe6a9ddd85f1d7,0
6c062dcec833c8b4,0
61eb5045687cfdd8,1
7fe53888d7a040c1,1
32596acc4673789a,0
aa6c6212fba84bfc,0
6bda6cedb969c1d1,0
22492a7df40eb325,0
e72556428f37f52c,0
889044baf86edeb5,0
7872686cd6ed7d42,0
0c5db6d29cff107a,1
c6840e04fc566af8,1
981edf9a65c7d932,1
78fedac8c2a852e4,0
b52b435372c5dc64,0
eb1cb5bc7743ba2c,0
7e082a4213c761e2,0
4b60e53e9114b85d,0
91cb2cdec17c2b60,0
a7eea574f86a8863,0
d5d473b9fa7b5aef,0
4ef742940ec94c5d,0
eab9eae244ee7497,1
41e831ef97fa0301,0
74c106088984f3d5,0
325e477eddcc67e0,1
97f15da066b73124,0
5a3c60a86c0de3a0,0
c6ddaa9f284bf39a,0
f598b96d2251d0ff,0
ffb658c4fa38000d,1
01e2cb9f591fd881,0
4a4f82ba1b364531,0
1db7736dc4e70d66,0
9fda515d77a16902,0
1449e0e5fb8ea819,0
48a44e6829193df9,1
78ce53f9e3d921cc,0
af8925cb7191f056,0
774dc810172c9906,0
1ae317187b49cfec,0
2b77055d3f9e3608,0
748344e2ad233eec,0
13a59cb4da8772c4,1
fa187a78af8910b3,0
cd8bc5b4e45cc194,1
3788584523e92963,1
77c2380d05d71b18,0
b266270f24a9117e,0
23939b4b51c5aae0,0
6d0e60dc771ee964,0
20810c0c1e23a581,0
ea971e0f4d6ab2ec,0
1e68d4449d2450b2,0
cf79449cd550fd34,0
fe10f64eb225aa78,0
7c090b4112247f6a,0
1018f49bb51d30c4,0
5af295a2ce6580fd,0
432ed4d466001cda,0
514ae95abfac51f0,0
3d87a5d9f24b654d,0
03c398f7166be3c0,0
182e0f5b1b5a3241,0
32d0b38ed53c8934,0
37f69deed6334248,1
0de50b27cd9a98c3,0
9c5bce42986c46f9,0
27e730c72cb8c00c,0
fd8cf4a8c1c7bda7,0
881e76cfe86dd7d6,0
32cf73071cf5b359,0
ad50da069edb5cee,1
cb566cfe6da3054c,0
445d856e5ee77457,0
9f7f327e7e42a1f0,0
18b4eba9c988b4b0,1
2fd0196c23bc31fe,0
00354221ecec3524,0
db4cda8061724381,1
cf0ec44b2a42ee2d,0
b9b119d49873fe60,0
4b1669f6f88c9df4,0
01a81732b8bb4034,0
1d6809b2de632547,1
0dc7ff0a55422b6c,0
a7a556e5f3ae0e28,0
9c68e17bf649aab9,0
aa1c93476e357f0d,0
81944c9b760f0e17,0
8dde0a7132f52f85,0
9bc787280953a390,0
ca9dce5da73be8c9,0
f487951875adc667,0
c96b5e08685dbe7a,0
b94569a876d5186f,1
8ebb77abd0c49c1b,1
b40a6fc5c387712e,0
dc5ffa2e80241844,0
dfd3f6124f9d746d,0
d2e4136a79f55da6,1
7f007dce30a157ce,0
e7415d83effa0478,0
f793f49462154abc,1
2ee37a11f7ac78d5,0
b23383bcffdca9c6,1
50d61553fb50c542,0
cfa83f4224a30334,0
ceb2b61cded3d3f5,0
46e0cc12243322e9,0
a700fbaa30f6522c,0
b7e382b640437c0c,0
d4fb83c425821fb3,1
9788464d349c69ed,0
2941f720bd218310,0
397e609420b46a91,0
5f8ed5d2a3bcea69,0
c8476ecb5ed8c362,0
ff017274d0890c76,0
9660b3b977da5189,0
325b265ecb43f754,0
49228fd23bf84028,0
fa914aa573ca91f5,0
67fc6b669c76d3f4,1
786af41cfd7ee351,0
a6cc1d28554b2e50,0
afd68aef9a91af97,0
84dee8acc2d669c1,0
dbc5a05b1fa59ad7,0
43a852ccb37f42c1,0
9311afaaf6dd6a15,0
41d83172ba260f24,0
5af9cc30536ef415,0
445b94e431d0f378,0
3591e82bb0aa73dc,0
601c3e4d88dadb47,0
73ab0134397fa7af,1
e81c118298d78f17,0
14d6bb3016d06d1c,0
61ceb4cba2d97635,0
d5457a8284571977,0
fc35958de6c6cd65,1
94589e84f999937c,1
6007fc2661fa2844,0
870651bef471e4d4,0
478d2d4e209cf8ac,0
0cdb60f4219e946f,0
4971ded64ae6cd22,0
66e992903f689fce,0
de1d056a5b733be3,0
c28ff957fadc8236,1
35db93617a281d40,1
eaf4f36324a31d6a,0
827118478c1aa0f9,1
74f20b9271cc02d8,0
a5dacea8fb72fc4f,0
29d4bafec9681d76,0
aa6d079efd360d9f,0
1768ff41ec392943,0
fa71ef1f9eb7bc13,0
5a1f81dede608af0,0
096153e438f6d789,0
9b838e33bc3a6e45,0
87feddd5afe1ba9c,0
1d403b3e401fd4be,0
304dab1b076a896b,0
5e4ebefd6172b1ce,0
78987f79b3483aec,0
3c3f51568089a2d6,0
7af4a41bacbfa78f,0
c14955c3116bd090,0
8138ac9ba29e4d54,0
e8c25b6510447bb5,0
777ab4efb5bf0538,0
6bd671b9b856b7e3,1
ebdf478cf1e0f2bb,0
5e66ccc6320b1189,0
0c7eb2cc123c27cd,0
308444e2ced390d7,0
48c56bd4f0fdcce1,0
8a3f1456930b11d2,0
5e99db3d1752b538,0
e01dd63c9efa9368,0
94381cf003423585,0
203ffa9402f4aaf5,1
41703b194e1f46b6,1
bce68f3911c24923,1
f4663a8740c9980f,0
2196f4f96b911e0d,0
b3732593ab4bb93b,0
dac7963a8b7c486a,0
41e45912c0d279c0,0
12106b75ffc97daf,0
2d0536675b739abb,0
a061254ddb359308,0
547df75a2a17aa73,0
b9f0cacbf2a4e319,0
1b3a34e19e07026a,0
117070433887b899,0
0d88f580805dfa3f,0
1c1aba734399fc47,1
43fd49702b694268,0
2350b248c218a4b2,1
e6a87ff0c7f25605,0
4ed1c2c0070f83a7,0
6168db482c8de128,1
cc49f7359deff61d,0
bf45edab6bc74681,0
f562426d29c539e9,0
6fee1e5c51410c68,0
dbe57ebc939b56f9,0
9f246244c958f6cb,0
52f6cbaf5dcbd150,0
bbeaeab2540cdef4,0
ecd05f7f10b46ef3,0
f5a89bc14bab546d,1
c0cf029d5102d490,0
89f7864b0a99636d,0
d93c2ec1bb3b5998,0
1a6873b3ed2e2ca0,0
2effeb3e73ee06cd,0
5e66e9d895e02379,0
a1d478f868c7d28c,1
03a1cea349554da3,0
70f9b1faa20ab6b9,0
56ffcfd682ac331e,0
827d50dd60b6b55f,0
80e579d913de13f4,0
59871a91a2ffe260,0
9f65d5eee3168f23,0
e6554e4ffac5d00b,1
77ea35b08b5df30a,0
84ca3f7aeff05363,0
f5820d39ed9be9d8,0
c2343ed83fa832dd,0
42f688aba9025413,0
479655052bb54d66,0
ea911153ca638248,0
7715d55fba91abf4,0
d19af995977b9278,0
bcfaf9ea8d06e9f4,0
43a87e6144905639,0
e9fce29843684143,0
3465e5c811a49d87,0
8e997d2bab7d5293,0
a9fd776e94e14477,1
5a82a07125be83ca,0
12466f1d6a7ab007,0
9048bb8b8eabe694,0
1bad10492cd1774b,0
4f141660f2087780,0
d5ed23d09191ac7d,1
36b489ff6951e196,0
b23f27339f75e86b,0
4a8fe93a35f99969,0
126212b39cd5bfc4,0
a7081b5b5a22353d,0
da51afc11c736094,0
49e4aae096dfc165,0
22044e976d743d83,0
106658f9ddbde084,0
7f24a7e777ee8b9b,0
a38b8d81bcde8241,0
4e4e326cc1df63c4,0
6aa90604fb1461fa,0
f6e0462f01198f88,0
6359d2697199d8ec,0
7eca3802fb9cfefd,0
325fb4dd367c42c7,1
b7dcd76bc1f594a6,0
8bd1e7302d0727fa,0
bdb65c013193bef8,0
5b8fee27d49e841b,0
232709d6ebe5fd22,0
ca746f21f09c88aa,0
a586533118147648,1
b1c3ed03bb1cf36d,0
dbe4a010e04bdd0c,0
e1e08779a508fc33,0
359245f4b42f590a,0
ce98540b52f6f902,0
45fef9fe3b24f5d7,0
91586084307be53e,0
1235251cc8322869,1
699cafe7609d6396,0
017685cf8ff48c5b,0
8dc41d00bb232972,0
0fc4dd418eb66812,0
ba960deb9c9a748b,0
f2382c6bb2ff94a7,1
8e0321e9512e92fb,0
db25850411b711ee,0
8a8a9d2353d63b7e,0
5c97a27ebe3f3af4,0
c00c6ff42634e989,0
65d022f1b47d12c9,0
161bb8174ca14ad0,1
c908dfc6e97a02ad,0
4eb266f6cfd86f22,0
7cc8131afa6029a1,0
797e4c839d29de5d,1
168f57417c40902e,0
6fdc1a95831d60c0,0
d73400c69ab57db7,0
d503257e7cb769cd,0
54d1e3ab5ef0a88b,0
9b4d92df54c80e2d,1
7297610b7ec061c0,0
094da1b5e25c06cb,0
946ece4fa20773dd,0
33bfa17cbcf815da,0
02f0e4cc1e9239f5,0
ebfba649938a1062,0
f9b94cde8bbca1da,0
243e13b74079b788,1
5fd588e5a247d1a0,0
6ae121ecdfdecf35,0
0df64bf3140c4238,0
95d70a014ffc7a0a,0
1767ba3418681246,0
9d8e38fb03ac1173,0
c2d1a5ea74839e2b,0
ec055507f421cdc1,0
11303ba19c54e841,0
cace4cc014716f18,0
7b9dcf250bdb4573,0
767f057719198f95,0
86dc241e2d88f492,0
d39169ae035fbd8a,0
038b0d6101341bdc,0
c6a45c235d2f3ac3,1
fa79559be3e5b83c,1
ba4bfade196387f4,0
c09c4212f1cef17f,0
51a7dde08b481553,0
72c0ca100b22cf1c,0
1edf00a819c0d6f4,0
5c96b3f58df65aae,0
55435a56509227a4,0
ac9020e78c4fe1f8,0
d55438d5b70869a1,1
3a61f4c5dfd91f5e,0
d147f17187ba8f2d,0
4f4655b1f3bb76b0,0
94c43c2f7817d484,0
60e97bd6496a0c16,0
c04638149d850b64,0
5c81f29e48b423d9,1
0481de1f6a9edce6,0
b7dae1f795d670eb,0
b41c01fdf946a654,1
80148c16866571a5,0
8eb36a4dc112ad4e,0
8072a84515d0da4d,0
fcd43d842e46395f,0
35eebcab802eea82,1
541efb31811ad31f,0
1432149a5262f127,1
eeea07ff17c667c5,0
f4be9fe9e566e692,0
2202751cea11f018,0
08521c6bc7f99c5d,0
d1a73807879dcd03,0
07858e26676e1b97,0
6cdc7665f0130cbb,0
e4e8e2950b7dc57d,0
a0938ff0f2668fd0,0
b9bc962cf096c2d3,0
d12ed116bc38fb8c,0
ec2e62719d88c4fd,0
9062660ccb64bd4f,0
32eb312c334b32e9,0
ce1b325e5d6137e1,0
f626092fdb835225,1
1924aecd8179e393,0
691b18b415b972a6,0
8733e2eeaeda9687,0
69f96451f56f5037,0
5aaa747879bf805c,0
3fc063f66391c1f6,0
be1ea5f83414c69f,0
a9626eb08d779716,1
39194e0ab18f5f0e,0
e884dbcd44fe9eaf,0
728fedd30db6e14e,0
5002deec098d4b78,0
856bc8c3f3181e29,0
98185aba41417acf,0
26592331414581e9,0
61001ab8801db41d,1
164a1c10c9f5d6cc,0
0fcbbe9fddfd63f3,0
405ac2193fddbf2f,0
2eb8c105ebbc9383,0
5826dd8cd4ec7583,0
671d649e9cffc4e7,0
0f86bd75eef378e5,0
a1092c0d62cb7c2c,0
2b32bc44ef3cbd40,0
1fb99bc455638e39,1
c1e6c520971c7b60,0
8c6d4e2efa629c84,1
a929920adf9f5384,1
3142c3c5c6fe7606,0
c4fa87f7af2e45b1,1
e2a80e2fed4b1a3f,0
dc5c77681a147a7a,0
087ddfddd635efe5,0
9ef1151552a1fd0f,0
3ab681cc55207521,0
0e89ee61072b1691,0
3e85810e791ba667,0
d1f0de4cdfcc4b10,0
90131c3b09321eac,0
a5fcb5af959b9c2a,0
9bf591b7cfaa6990,0
5be3a40d950ecc71,0
a1907031c254ba79,0
a04c7aea9304c2a8,0
de77c5042f761ec0,0
d76cd4f410c8b51b,0
30d31211f99cd3af,0
99ea0f338a1bd7bf,1
691b2608a3178834,0
682544a6b9495916,0
dd614e3f1f46ee8f,0
2a7ad932fe48a1c7,0
51b1ec11928ad513,0
4fdae2a758bdc151,0
79d68b40022b1d85,0
5d29dd6655d85b42,0
38f70f414c100966,0
7b08966066f723b9,1
9aacb3aaa9e83180,0
d497c635d61e7331,0
58373bd026659052,0
a1f6dd7994e5aec1,0
290a96b997ecbaa8,0
b7b470cfebda6c6c,0
e7907cb151afa134,0
e2ed295ee53d660f,0
6134ff813eae0f52,0
d52e5c857409edbd,0
450f142cbb7cd4aa,0
cebea0269a7e1797,0
40316803e7b5fbb9,1
9d9e80f2c2961485,0
dc5510821ac73517,1
1039b89b55259085,0
10bfea364d2d7570,0
61e66c9118ae4641,0
3d417468a587c03d,1
1df8e77574c46e57,1
770a41a8089836f6,0
2c234d54e4873380,0
3c990b2da02aefb8,1
e381e8f8a63de3cf,0
37b3143e9909158d,0
330da47bc6352881,0
17f5ba4a7135061a,0
3d7e9a446275e13c,0
1a367ae0eabb7675,1
d47cd6e559fb01aa,0
3f73214c962b0bc8,0
301213523498dc69,0
6737743976166a09,0
6b6dbf2be605e728,0
94111e1fc8ba5789,1
9353f9db0a44dfcc,0
aa6820fd55f66a92,0
53e3c1f5ec1c3300,0
f036bb80dce975f3,0
86f468e64712994f,0
9c818addceda35d5,0
a552a65ad2befb67,0
ec35c26bd8d9a828,0
3b4b5bdeeaea9e74,0
16859e1b9d5a0229,0
090568b36e21ed81,0
552e0a352a1bdfa9,0
272fc38ffae4c45a,0
798b9ebad72cff65,0
07970b08b0391426,0
c037c67ff380cf33,1
260a162d0c38afe7,0
4a39252f24cfa220,0
923d019aa0e845f0,0
5e1278d37d6edf5a,0
9f4f3e394b102641,1
f381cf9e34f98867,1
d7a8697504544293,0
1f06e9406dcdc172,0
8ee60a675f24e1f8,0
83485a899c3a39ea,0
6ebaa2816f85daf2,0
01b0e5aac06b3b77,0
175310ef7411de64,0
d0d2104c205fdadf,0
5c0a27e5d7a193c3,1
aca99c08bc337740,0
41c8ba9a0c31428f,0
9da10911e8dd6b15,0
e2270bafd4e720af,0
23de8ff5ab093fef,0
009a0cc29a274ca0,1
1c8de8f460332df5,1
8d9f01ab480ec921,0
7777ce2d2f9f24b8,0
659cbef40833a620,0
124e7423a4139b80,0
63eb132855a2a888,0
a8999934afc41d05,0
1806341670268655,0
6ec8270ca8d62161,0
96d206294fa83e43,0
449777ca7d7d3d5d,0
7cdecc2cbbd4f588,0
1fc6491f8cbb113f,0
b1f6db1eb6675662,0
4160dd58d8d4df8a,0
eecf8296bd98408d,1
bfdaa2a5c5ba4213,0
f44e07d04ea211e2,0
5c48415031aaa1dc,1
c697fd9bcd249bc3,0
5a9cfb0cd42f1579,0
261d1601a7e12efc,0
701cd560629b3d9f,0
03e80ce03caaf15b,0
2fc0aee21de09fd0,0
7d3138d3d2e38d63,0
e4fa2e61e36bc329,0
4dd46ac612968fed,0
b7323031827c2fbc,0
b5d020590f7927f6,0
546d30dc577c4822,0
0d7e2d17a74c70b9,0
8b3a3185460d880b,0
fc8f49ecdb61915e,0
abac568602373e01,0
a96847d38b6d354d,0
40bd29450ec8f63a,0
639158b53e362afe,0
cc2dcc3b085debb8,0
a9604991b8ed4557,0
cf5557de64b18cb1,0
e80f7c064a129fce,0
2a06486adeac27c2,0
57833bedfd66f595,0
886e7a0db6dd7794,0
f71d6290cde2a0d4,1
c7b31657ba49e264,0
acb58c9f41bf081c,0
e8ff3b09d00dbbe2,1
ee46ad6368b97d2f,0
cd57185c3fa85865,0
48df91158034f986,0
7d8d91fec3dbed09,1
5576dfe374aa5e2a,1
92d93326ba59475a,0
6f13c8bf08325fc2,0
f0db9b5e12396838,0
1fb628194db94c0a,0
a01260ffff5029be,1
ffbca751e6762ad5,0
01d293044afb84c5,1
11b7a6079430f2c5,0
1d61bccbc92f1264,0
ef1aba730c0f67b2,0
b9a8f8e77a9ee3c9,0
94520e9ff27ea315,0
edb7444973706ba1,0
c3452357c9da10f5,0
2eae0019b44e8f33,1
f995ec45fa7a07c4,0
94862af9f49b4240,0
9901f8bf552237c2,0
cdf69be4795ccf5d,1
7ccfee5dc19cb528,0
fc172cff3b1b4125,0
4a975ade50310ddb,0
ee61b8a0e7728882,0
4147dbf795a19a61,0
4d49d84aea5eaf93,0
5cc3658b1775a003,0
ffe363b88e7f36f2,0
11e932d5f45aa9c1,0
da24095d84c246af,0
6d6cbebe3289df5c,1
a6514986ba06e9de,1
18d81f243ba4018d,0
24aa5b34621d6093,0
9bbb9692f8d876e5,0
a4aa94375de1c5fa,0
69573ffef9d97922,1
51e391bad9a9d188,0
ec53d3099f7d3b1c,0
df399438abd20af6,0
6e4cf295c13b87d8,0
85eb1702951fa0c5,1
da50378a225b1432,0
fbd880879b3d4b0e,1
585378de742c4553,1
0578c7a8319bfc9b,0
2152a28246de34e7,0
35ab94245fd30fb7,1
2d5763ef56cde6d3,1
74255bca756cadd2,0
e14fd7e91dece932,0
72735c0eaef83a28,1
b66d4b412cbd57df,0
2d019748496137ac,0
4800f34baa9a0816,0
d8c304d3a0bde625,1
e9e22081fae0843f,0
b2d268ad1c743673,0
fc99ac50bafac51e,0
c9ba42b7c12166ba,0
47ba53436784432d,0
56767952d40bf5f8,0
7f873319a6fab833,0
9fe12d38f1bfc263,0
08bcd6fa270168df,0
00e83c36938603be,0
a0a8d24049843fd5,0
c4bfdf48c50e0c6a,0
376d00035f943096,0
7d3796701b5e84a3,0
5b923ac50cbe3543,0
a54926f98a2a3959,0
e0ad9cbf0b439dea,0
a20c70c78470c1d6,0
c163af27fa1abd59,1
29ea5d6b6dfa0645,0
09b1313d39ae89d2,0
2d0c6399a62cb716,0
9209090ed0316510,0
9afd2deab60206d4,0
96f5db31e5b32d24,1
927d2b99094493f3,0
4a461ae6196edbf9,0
ee63bd62e62e42ec,0
c1aa84b8c9f114b9,0
ab4e7e04f7a91ab2,0
1531f7923652af68,0
740a49f20def93f5,0
9f276d4788ae173a,1
ceee9be4fd371acd,0
818d08c5401fb82f,0
1dc602462163f892,0
c97df699382be334,0
cc05ccea054ea4cb,0
7d62cad62005f04d,0
3c1d63114177d13b,0
4aaa523d0eb4af6a,0
36fcb5de868eb307,0
90043e8a3d9a2838,0
c12884396b46a3f8,0
7b22c193348d521f,0
50b7fb568f164fe7,0
9c3b690a2d2616f6,0
3a40758903e25d29,0
0293db81cc6a7327,0
92130971428694c1,0
77acfa48ce1f8fe8,1
9d5bdb90c2a5cc64,0
16b08a59ac4da9aa,1
669da6e709677326,0
6fb26643a2db2ff9,0
0f08aa3cfa5f229e,0
e0fa0572ba79ef91,0
493794816785d93e,1
5ca59a2ad252c051,0
306066e27dd505cf,0
f13e437a2750112c,1
91cabfceaa3f0915,0
5da31a69a51918d9,0
2711d8ec01aa7469,0
95b93ba78b8daaed,0
9f21818ec361bc47,0
96919365e612fe38,0
d5e03d248b62343d,0
7397f2d7d9bfd7a0,0
5f5073005b88d106,0
c8a3d71f3e03466e,0
657ab5f9f0abf98b,1
48145d4d95bb2169,0
8b0e98743c1c7c09,0
db72995f08c9e242,0
20d571cde2872677,0
a902ca6804641c82,0
314a6eb0f9387640,1
fa5c38eb02aceb38,0
9385f3f6a524951e,0
d2114cdf2b35b4bf,0
71b2171ee3919ac0,0
08aa8dd25f9f4be8,0
5283bcadba3d93a1,1
5ded23473b0a688c,0
251fed976f0a581d,0
cee322c436372b1f,0
980780f30f9137c2,1
45953f138189a633,0
f2935675be3f4da3,0
2b70e76b83de8024,1
6c29e0bbf13884c3,1
966812b8beda34e7,0
e8401a59044e05ff,0
e695d1deb17d5c65,1
cfc48ec905548906,0
de426353a27294b0,1
627ef7bd36cfe403,0
a8ee63a437efc9e8,0
10de2e4127d8fa97,0
fc0dbe63e056c889,0
0f0e68c7d275ce77,1
12b54e2a15d647b3,0
0e201c25041920ec,0
a2aeea86ed611ad6,0
45c7b418a0f6a126,0
98d7d2689022a366,0
3003933950c02452,0
510525bebac4d5ea,0
5daef0972d604b90,0
4cffc6c9787c221f,0
613ebfb8177ed962,0
0d81dbc3bedc182d,0
78b187022fa6b12b,0
f5c360c5698c77c4,0
44d4092c05da49a1,0
35e7249b859caa71,1
d795e717e9e75a68,0
a9f332a02fda9961,0
52fb299ae9e752e0,0
b9fe0e57aa244d92,1
a587a607ec1f1aaa,0
8058596f63b8c342,1
c5152c55111da606,0
1424fd697380e762,0
524e9e8359b4f79e,1
55d88ee1772334a6,1
654ccdac5c6e5c00,1
aa4b7e4111c533ef,0
eecd54caf81bfaba,0
3f459b2621ebe70b,0
bf340c243807d257,0
3e2c55d0e43cdb60,0
7f41fdc683ea5fb7,0
444e1c7f7fb1f10b,0
5bf03b15a079848b,0
79eb9421f2eaa81a,0
4d8d65f1d3f0b273,0
e9e34ed0d4c29290,0
eacff62a57dc0706,0
8c22b9140cfa5159,1
0760eb79a9fd2101,0
c0162f7522407393,0
aaa079354a5dde6f,0
e52c1991ca5f9cf4,0
f0884fd3493fd844,0
20314c311d5906da,0
cb160f0e7e15d3f9,0
032de7a63587e713,0
a13aae0daccbf74e,0
cf9c94130a8648e9,0
15aefacd86db3967,1
cd705c8767810d04,0
3b7d7065ad421382,0
99a851134e3203da,0
f50aad247274cce9,0
67e898fa79a27b17,1
46ddcc921ed2c992,1
fbb3ed344f265162,1
1ca010d402887af6,1
ad5f6188c7c4f232,0
c0b7786fe1572378,0
bb8322fe5e3139b3,0
4aaed66000ef99b5,0
0e9ce7f93fd8a1d0,0
1f728ff4ae89e9b1,0
51746a90f28a7236,0
1fb79817e619c1f2,0
f6324aba366bcdb6,0
a559bb68e81096a2,0
8b4b97cb5c2fd2ad,0
43e482cdd0dd5ad7,0
5575fe3869c20351,0
4742453f4affe069,1
517bd7ca68ea7ada,0
4c0e695810e3fdb5,0
21ad7754d2377e8a,0
e4b0beb97894f63f,0
53c9408d23b77138,0
56fcf58a43f398cd,0
3670a69235cced26,0
a5b6709c9b16f4e5,0
34fdb486b0b9cff1,0
90481c8940c01195,0
92fa79e71f0cdd26,0
9499ce1d73c32cc0,0
07f161bf4944182b,1
3a2d295e86732f35,0
775a9f527d10b4c1,0
478c7e488767a246,1
f6e438692e0fb4a6,0
4875f322a6527a1f,0
f7b5a8b9e046eefa,0
e21c8f1024d8a8ee,0
9ffd273cae6d7657,0
0ff9f8a7252a0bd7,0
cadcbfbb14857bec,0
cba0342e116080a7,0
8947d50ac36c9fe6,0
9f89bd6c24011ded,0
a5c553f31a1b585b,0
c2d228e2de615fa8,1
5809b00ae44ccf4d,0
a88eae0fe687ddd3,0
d8acdb7e17b3c46c,0
477555c5891d8410,0
da1cf831021276a7,0
9225a7629e01743f,0
9398564ddeb186da,0
57307ed5ffbcedf7,0
4323c5d032f75e44,0
37fdc65da6e1f7b0,1
3c64e6da968c1741,0
6820763f5f57f8ac,0
35c33722c8de4785,0
414f956c1a260184,0
6db692581f9eaf69,0
81847c8168ad2266,1
e5e022fd0eabafd4,0
8fac611d5c57a3db,1
76be1ace8908ef37,1
7c21a495c51916a9,0
ed700ef797256c08,0
58a81e4ffcde3e15,0
e5e5ea6c3177e610,0
c1de51bcc660e6fe,0
b24be844a923f9a9,1
42fb3b495b2b3c45,0
06989d8d30ce9e81,0
652255ca4d46e2c8,0
278f0d2988eec87c,0
6c158df9dab00721,0
278ad6df29a28c5c,0
ae4b6309fe49a181,0
7348651dc30b2953,0
d332d2ae9f770c14,0
5b9dc036129b9dbf,0
3ec4e423a46501c3,0
bf824ed0506ce958,0
e608f8f44ba84abc,0
c5b5e2be9ef962a1,0
60ca7633f9134b1a,0
a6aa713628576e82,0
8ddfe588d8b6a7db,1
b0ec837ffb3a7f04,0
87a7d4bedfec4541,0
af1be2cb908271dd,1
5d3c53b2322cfec8,0
e3843b5b1866e628,1
75e0f648cd4707e4,0
8cca4980e4a56c3b,0
a88f8a0f5ec99e6a,0
afdf5ad87f08ef88,0
7d319afdd7c29aa6,0
7f8335d45ef3dd21,0
94997c648a11413b,0
448bd90345cec7bd,0
0533846e330b73ac,0
13114b8a766a7875,0
bccc08da3aa1593f,0
f7c3dab7414e38af,0
29cb0f58a4d18aa8,0
85c6aed916d883e8,0
eaa3cc446e06dfed,1
bb61e43247af92e8,0
65d84cbb17bf02b5,0
9a28d99a88ebad60,0
0aee8e2efcf7d63c,0
3f180cd98aa416a6,0
104817c43b3dc47f,0
ef5fcff32e3ba77f,0
3966c0457879b37f,0
bc5f6941b4450996,0
f38ce7c3974fc57b,0
6910ec76342b9e77,0
c0b23d1041c8724b,0
65f473f4fc506698,0
2a58a95b7aeadacc,0
b1363584f702ec3e,0
e0be6d81f886ad48,0
b11282c6419d0c62,0
3a0db69bb61c36c3,0
46ddfa29f12472c9,0
70640755bd36387b,0
04db8b02b0fec27e,0
f8bdbae4acccc450,0
2d812c8b321f8b08,0
fd2c4e4a9c41f551,0
a1b3db32755420d2,1
67d40b778678899b,0
1e3a957b73583233,1
905c6871d4724209,0
29f40f2d8954f51a,0
049ed746e30f3b1d,0
c191687118133e26,0
1b2a2dc0dded1b2f,1
ce3e032ee1f0f3a4,0
041935335d857649,0
c526f989525c009c,0
373d32477cacb591,0
d7562b7d72ded019,0
0c2eb2fc5166a9ca,0
4bceb662a2958b98,1
a7adb36084ac825d,0
9dcec5122ee7190c,0
d281ee503797bb74,0
3bec543bc1c6c56b,0
a77c233f47677e49,0
d842dad7be1e90fe,0
1f497a81dfaf2d65,0
8138011a7acbfe45,1
6c6cbe3910165d4b,0
8e13026ba663cc15,0
8e55c70848d83057,0
342952225412a123,0
fb9a323093f46fd6,0
aca3d43149822633,0
8239dcc9f0813ae8,0
e3158847c18236b6,0
71f3df651d445eb8,0
5916bb4202d9596d,0
5f77bbf707f30548,0
7da6845b10a19d04,0
fa48099b407b3705,0
183f6504c2d67bc4,0
ff5f78480be8474d,0
b3cf82ceb09bfd15,0
ee566da94c2a19c6,0
6706bae77545b0aa,0
89246df4cf41acf7,0
cece06f4e54fc025,1
00b12959c07bcd77,0
23d1489212373ac0,0
aac5bca47d6f6aea,0
d1c8b694262a643e,0
57473d1ed29935fb,0
9b0201924bfbb962,0
90122938661fa9cc,1
3b09eca52344ca8d,0
f8fe3b1f09bb0bf2,1
92af0024ad7626b2,0
a2e79379a2d90575,0
dd89fa34f9ac862c,0
0fea25114ac2f079,1
77e5308babc8b2d0,0
d3801192e41f144e,0
b47af0a90ebe0f80,1
65ef7e655da56e75,0
1312ac3b307fcc7c,1
60588c9bc0d84fb4,0
a7c6fe44b2dabd37,0
883da190a6394cfb,0
13cccc565f1198d3,0
8fc2d579aacb34d3,0
4a94284fc97e353c,0
be58d75f288f18ce,0
eba9701775a1c64f,0
18e92653fcf45261,1
fbb46f38fc28969b,0
ac91e89db5ca64c1,0
a6d7f28890deb4e5,0
a99519cc8f84bba3,0
76603305795f22b3,1
641c2d25c9c5b374,0
4784fec79da444ba,0
1261f5f868574fba,0
d0ebea1e146746e0,0
783e167060cc7b7c,1
b7cbd70e85ee2e76,0
c0259f9e1b7daef6,0
e10e7ea64feed73c,0
cc5f066df15bd4f4,1
61854c53c9ddfa8e,0
c78ffa1b425179d4,0
ca0e69c3aebba63b,0
5c47c9a1b844584f,0
3633d053319e1281,0
d90184eceb06fbcb,0
b083b513f2f6c7df,0
ece56ff0884f6561,0
21f499cbb8d434bd,0
d372c679e2f42d0f,0
b63aa19bdea0910d,1
dd646f45732e86fd,0
70e4c2b32ea4f1c6,0
8e4bfea2f03c3fa9,0
ff73d96b7408bef1,0
31655141f42cd908,1
a595489f2095c80a,0
e55572a7b6b20d78,0
eb8f629a8dc8bc54,0
dfc699eb9b883284,0
dc03d1a72026d496,0
91812e5265ca0eae,0
a1cc2d7d55e80d99,0
9b5a3f2e98e7213a,0
42473c9ad4e44b28,0
f53dbd60cacf33a1,0
10836eff017753a4,0
1345a82ec900b578,0
4d4fd034164883e9,0
7d7199c5efae1abe,0
fff42335baf31806,0
a971c64ad993f2bd,0
1767bb3f6e220554,1
7270b94811ede001,0
c61bb8a03bf39e3f,0
d53e99ba585645f7,0
baf77865b1e907c0,0
7ad4715ac41b3a7a,0
d2eec2486cc8f18c,0
c1a3b03fd3ce4fea,1
89a86d3528d4090a,0
63dbfce2255d94fa,0
c708606657ee4320,0
83e3ffe78767eb0d,1
1f2e18641cccffca,0
f3bcbf25fc767251,0
dd1a49932e8f9eb8,0
529a055d974b4abf,0
e408df0238c009b9,1
fc9b89b48903b967,0
73326dbbb1c4c00b,0
53364e29d65e2120,0
4c6bc0daf9f3e659,0
6a9440f3f6d00ef3,0
976c107bfc152d54,0
df10aa971020f60b,0
0272d8d6f1e33b22,0
76bc719a0f63e604,0
40beb3e09b43c6ff,0
56ef98c8fc62f0b6,1
66f90d4ae4ad3a70,1
12f8e01c5c96504c,0
1dbfae2ea5ce0515,0
dc457b2bc8febef1,0
693473cadff40970,0
320ae2b406620414,0
5d24e2336edc6051,0
8df8d58c36cf8b3d,0
9bd7b38eabda43fa,0
3df95d3d99bbc246,0
5c6af43ac5946bcf,0
f6d9ab44c6993b76,0
850a1b3d413488ac,0
dd8bd68758e37981,0
9601c4d949d5c2b9,0
fe295408490978ec,0
7c4439bbb2520bad,0
a3f492b683e5e1f8,0
1b358d317414cc21,0
828991389e7e0d33,0
a74573385d400a5a,0
06a0fe8dd44d8a9c,0
680baffaf77d2128,1
6164ac6a81b80634,0
4ead7bf52316e1b6,0
3411303fefd033ce,0
60486f64a3ddf9e6,1
34771634ba1a87d6,1
0a94ef8110e4edd9,0
a15077013ccf7561,0
e8c51bb18836c105,0
df1b74119de1c41c,0
fda8d22b82c2215c,0
bd39fd03bca332cb,0
cec584635d58c4c1,0
143d482c0e26a5de,0
08fd86eb9bb69eb4,0
ba7a0f16543d61ca,0
340c9cf13648f1c3,0
3bdaa4687b099b2d,0
79a0d44adff90730,0
a524ece64e33109d,1
ea1595a26aff6610,0
d5aa1a1ccd8a912a,0
6aec663d3ca84ea5,0
f87a8f9c463834bb,0
5cf5c0e45248cfcb,0
2f7e3676a7c345f6,0
75265d8672c5d00b,1
4a6f5a919910b686,0
49105bd89f28b646,0
4c0382a5dcf2cd04,1
dc8ffd81b5ace0d1,0
a2a29349cbdb72d5,0
15cf7abe84de1a04,0
7c28149d54573da7,0
34d8cd30df47fd54,0
e4bd57a14a5ff385,0
05416b585740ed53,0
9bfcc4f0786d92bc,0
1e08f30c045eae35,0
7a1a73bedb61a8bd,0
b042f2253de63dc3,0
67c21eccb1cc78f9,1
1fdbd221bb8be13f,0
46aa514661da64ce,0
32de25eeaa6ad60c,1
2cec855cb3c0c16e,0
0074fbdd4bf36e99,0
ba77f32be73ac7f6,0
be9280a72942ad1e,0
9239def26a015e51,0
e29425fed46d7292,0
e9aa9976d64fdbd4,1
9a76df0936a71703,0
4c7dba0036cf248b,0
6a029386fc210b29,1
d698ca2213e25964,0
014c7993ce685406,0
af119366992b4ed2,0
96d3bbee056a1fa7,1
05b38511e05067bf,0
8ca99340514b7c76,0
c9f7c9e83c0d1bf3,1
efc0ba2e624c0a8c,0
1ac91387655b6ef4,0
e11fc03829f3aa35,0
d357f227bc8bf57c,0
cf7df18730bb43b8,0
07b62b5e353df618,0
e0dd3cec76203ae0,0
d7543635f8582e6e,0
788e767f9d829576,0
a2bdf6ceef57a321,0
2297b50577025cbf,0
1a36e7dd2ce73517,0
4ac1d7b5647ea9c3,0
c57c38252b83f14b,0
55b9189aa5903a54,1
522bfdaa0931e9db,0
48905f8d9b2b7c5f,0
208d3acaceb08757,1
65d5b4aa34c0da4d,0
b5d6fdfc8493222d,0
ed1f28d329e98f61,0
0299c1d031d9a8a9,0
00777dbf2ba16d86,1
5965a849fa3aa0e4,0
9fc8662ae2905fa7,0
750540babac3b297,0
0cd89a7b761f6272,0
02bc06606acf1b6f,0
fb26635f2f0fc392,0
62da6d9bfbe8c32e,0
d6712b0ad54c9cc3,0
c9d658fc8321e203,0
bdf684385194f11b,0
a2ec0fbdcbc5c7f6,0
78564b8ef04f019f,0
2fb3e5cbeebecc44,1
ee7493b391407641,0
60241536e3c5d422,0
0bb8cf29815f744c,0
91d290c21afad353,1
79f6968acfc4ee1b,0
89d6b5da241a5107,0
fc5d0fe6a7ba80e5,0
a2ef324c189979b4,1
4dfc2dd30b789fe9,0
3794784ae98e19ac,0
155d2a0756e0bf32,1
4325820af20ac96c,1
2381dc0fc2c00eff,0
fa21710d0b529c94,0
07c5a13a4e261fd6,0
48986eed422b5acd,0
87c2866f435a969e,0
48f02b23cdf29105,0
15fdfea1f5c3930d,0
a6683b485550fca4,1
8e842b8525764f5e,0
91462d3142fed71d,0
fee7c27068ce3cec,0
e891ec2d61083af2,0
7d554d68e2e0e85d,0
0c974a8d4d8da026,1
6caa606d021d4bbb,0
14c82d97989f8524,0
817e11e601977e22,0
7e4174816ac66981,0
f879ad03a4937fc4,0
7c729cb809b10b33,0
fd4d1003f2208456,0
86b43d1221fd81a1,0
e39677be2ebe77bf,0
1b1450c9c6b285de,0
2fde4b894be75e55,1
ad4ebdab6402cf72,0
c632ace41cd1dd08,0
9765440591919ac9,0
e7cb846746d6d4cc,0
3ceee96f08886557,0
cd0cae9407698481,0
4a4fe54c68d2f825,0
a86cf2feb5c82e10,0
258a0f0e19c1ebc9,1
d4a4c6a4147d56f1,1
cf4d3c92bd0b6966,0
226567b77fe55461,1
79887c6107b0c200,0
837d6e171a02a227,1
32852951e8e189b5,0
33619d5fd10d15f5,1
bbaa9ab3263211c4,1
d73cb33e0f303278,0
0f3ce1cbaf0287f5,0
b8590c3032a5739f,0
608feb81ef368630,1
7fb1874e54f5ecc4,0
91840b120fe46dd5,0
ce7b6ae798ec7706,1
f1ac63b8fdccd053,0
3d2e31a96f808043,0
0803393e57117c24,1
5933d3eb269a9561,1
055359f5730383c9,0
eb32b4321c3aeaf2,0
9864e79e015554e5,0
ee253bcd0db17ce2,0
0226c701619b3574,0
64b4a8d6acef0552,0
d117003909ca64cb,0
8376e5266bb44f9d,1
35cee8ce0d73ec86,0
7713ee6c82ef601c,1
62d8155723cdb971,0
e317967f185d2b8d,0
cfe75c90979cd9c3,0
e9cbe12da4ea98f6,0
c9d5eda3bc9e38ea,0
3a231d5e42fd3e00,0
a81aa020dc10d193,1
98fc9ef276977d0f,0
bf944c36bd7d9480,0
43f71c28de15d704,1
d6a8b62e1269e42a,1
1b4addfc5925bf68,1
61e3c63b75432c33,0
a3154ea84a8fdeaa,0
656fc2cf3fc08275,1
428519df189b5467,0
5cdf6536a874750b,0
b65a2a82f0902406,0
61f6581ee9250492,0
aae02566e5ff2c8a,0
7f96debbbe92f7a2,0
e5a379d907c2fc91,1
eb6c77bb4cfe2fd1,0
8916f82a2d4aabc3,1
06ccfa107ac000c0,1
3b0ab437e9238548,0
05a6853a217e0b71,1
22444d1cdbc82720,0
0567b9e7d289bd1a,0
17ee640487328c95,0
161244188ad3decb,1
e29add72e3c1c735,1
cde64c5c25f29ff7,0
9d0b6de0dfe4f089,0
d5040f9d7a407d9c,1
13cf012f9aa0a6b0,0
b31a3c3f9fe13460,1
782bfb5c6d06e8c6,0
2dca1001f8b93d84,0
b5e250d3c3255d81,0
c3db2849704cd806,0
d860c05595deddc8,0
d54e20efde9e7007,0
652ad0138d37d20b,0
48222523068e3417,0
a964ecc15a1a7f72,0
60c2a7fa4638f091,0
852bf8d2d8b47cc3,0
7a69d2d9ead90e6a,0
15363b215b369bb8,0
f1a43e395ea66fa6,0
595a6aea5614845e,1
5c3dcaffe9a0db8c,0
e6894a6fc0c480e5,0
1eec15362b99deaf,0
e302ffebce306491,0
4bb20a470e57523b,0
a019eb0595e4fcdc,1
aa2402a85060ed86,0
a8c4be686b144384,0
f1b604f015679b11,0
a8cd1178a7d7d87c,0
55bf5607e61bd996,0
201a395e781c22be,1
5eb95d18f0534bee,0
04ae66b86cba5cb4,0
7c837c1cd9228ab8,0
161bb8eac87940f8,0
c7d831ada9628c64,1
539519df4bf94522,0
4408f2874b5dfe83,1
82132b7c8a8450be,0
a601deefdbba1a20,0
e55a170928c9855a,0
cabde0a2b5a9e1b8,0
350896117f15711b,0
cf13dfc9c82266bc,0
970344d0a2f91eec,1
0024a80dd384d681,0
6d19af7a6b6bbd49,0
8a3e7c0313f5fee4,1
01fe1d122202eebe,0
d60daf1f8cddd03c,1
c9ae0272f853c924,0
b89b52969be98e21,0
45359d489d165e1c,0
46296433638d6395,0
aaee6543b8b9e91f,0
f27132e4eb65c3dd,1
68ab9d6d62b83c22,0
92c322cc37643daf,0
171664b989ec5257,0
03dfef84bd2e7a37,0
ed7b87fbf525e555,0
65d6364b7c962ecc,0
e1173e6ccb80a8f1,0
240e141d3b8a96bf,0
2094c067ef5a34bc,0
222b055c2418b5a8,0
4ca9184aac30f401,0
26f3c1cfbb7b177c,0
91daed8565a82796,0
08a7ada84b6d2a94,0
7f44d610bc4be0df,0
e2c9442928fcdc01,1
bd62ad15d29e1966,0
e678bfead964b9cd,0
e5ebe24b4595b99e,0
35f68a50cf34c838,0
5fd4d3052231fe71,1
45fdce65861ca7b5,0
e731ca2e79dba10d,0
f617bc53ebb79bb7,0
0ef7c2234f76d7bc,0
d771e243428c1f5f,0
2ce6f987a238bfbc,0
3a735076f4cebd57,0
998a7a277bc53850,0
831120dc2af9b07e,1
77610b19664e4e05,0
d4de9e69f241da69,0
d289e832f80f70c9,1
b22fb635768ef62d,0
60b02b4e7297659d,0
6854f50f320354d5,0
1012fad03d3989e8,1
cae67605e5860d3d,0
5033aff5b091c60c,0
c9a7b505e8aa09ba,0
1321b90bb9382a80,0
d53229c1a033cf78,0
a452a6dadf908ad0,0
33684167676ccaa8,0
67f39e1c32b22543,1
879e22b615bce086,0
1da5fa229275f7d0,0
191ddddf62f432b7,0
f58ff70ca92a73b5,0
d45813d44661b1d1,0
7bf0d990ad49acbc,0
11ab80061506708e,0
623bb7df83df1e04,0
1d065272d68a71e3,0
23b268e75374f791,0
36a94df39174229b,0
02af25e847905753,0
6cdf1f11c95cf1cd,0
8924fcd42cfb0424,0
9a83fc530948d86d,0
c441f9beec8ccbb3,0
f0ae0da14e18991d,0
bbfefa403a7baa07,0
62a60c5b53e4973b,0
bc668f44f8909f74,0
45a5a718ec7da717,0
76825dd2f0fadb38,0
8ca4b5288cc67397,0
62bfa4cc13a44bbe,0
48390174c311f2da,0
6e46dc35d21776e3,0
77d2b45fe2e06cc5,0
6386e71884bf067b,0
43d8bae702843427,1
fe888ecf556d4f4b,0
501bb462587958ab,0
4b1189871d170815,0
72f2ea5e067bcb05,0
fc5c9d12381e8eed,0
f5e6243146270b47,0
8ed684cf9714cf86,0
81730dcd0f9cfe9f,0
c5e6ad5989211ae6,0
8b25bdb2d5a3a6a9,0
2ab9da5886dc7461,0
40d46b8ae1078433,0
86c9f6048c0e1402,0
7fc14bf595c4d736,0
ed02a1c2fd7ee9a8,1
03ea6a97130ef547,0
e240def047af0f5d,0
6c13526515aac460,1
cda4023045e27f16,0
fb31d2dff85c38fa,0
26f678473093ba53,0
f661c374e58f921e,0
78b2bd805e5af621,0
65f5ec4b20b3116a,0
e45eb2d8164331ca,0
8b9cedbffc1b03b6,0
817116ce21d3bd28,0
3121ea7e88486b18,0
3309a425269d1132,1
561fd6f284bc494b,0
301faa73582494e2,0
33d6b1004b3ec3c7,0
f4a98c9aa22a88d0,0
b13d3385754b2c4d,1
d78d34acb58a4cc3,0
526aa9e0fb41df6f,0
bb11a517012331db,0
250de8c7a368f64e,0
23d421371a1e7d8c,0
5bf4c3a06894b5f3,0
8648c38061faf1a6,0
3a42e5e216dd1e8c,0
46f10c597787cd84,0
7d411eb8cb64017a,0
7ff51983f76ddff6,1
78dd5b27a710fa2e,0
3c7ec1f5de6846d6,0
919351d2711e61fe,0
626b828cb59860d8,0
c21a5bef12bb2815,0
d43c29a6c33d3b06,0
a2742bd3edf3f882,0
9488520248aeda54,0
cf876bd43bd7cd80,0
e6a478d1a10ddc21,0
bff83b98a0759104,0
627ab119e8876bda,0
1816b0ca3f2aa192,0
a737645c6b785a04,0
98d2b121aa9e9416,0
609b39ac77e57d22,1
255a68a2500d8365,0
749fbf558594953a,0
b95e254b7500ff7a,1
d7841a33945b361a,0
b493ee45258a2d6f,0
5aa46efef765eee5,1
388240733e3d6ee3,0
354438286c807bb1,0
e5deb356687ed62c,0
c91093f2747c00a3,1
124d818a524bb55c,0
97101372727c5376,0
e7e866fecea69bef,0
16627184901df337,0
affe0c9aa8555328,0
31d279ff0d7e584b,0
06eeb2865eab335f,0
b911cfe4c26080e2,1
a0bfd1aec7713dd8,0
9ccbefe6995b4cbc,0
b74f69d76ce3ac6d,1
127b12f63c723905,0
b8ff667a60c88c92,0
35c277f69a104160,0
2cc1d6de227f4735,0
fbbc8b9a4313fe07,0
b98e023dc8244a4c,1
df23a17e61fed962,0
7b42a1371053aba1,0
19ae4af99977971c,0
2a0329b613f8acf7,0
7c37cd3d78731a59,0
9b3def49adb2cc03,1
1136c958aa9ca719,0
c37c1f8ca53c1319,0
c05bb587c02016dc,0
087355a265904f8a,0
abe9b4e1addc232d,0
039784839ecf2b87,1
339bbfb15aa0f514,0
b932f058bdb5bfb6,0
c940b2eafecc403b,0
55569002ea89eb78,0
b48451f966a782b5,0
c55821c5a2fa7610,0
7f5bbccc4bfef07f,0
36f1c6bd66efbb89,0
6fb753688594d08d,0
133e39ff6287b2f0,0
f47dcbf64d3add4e,0
abcae947566a70bc,0
157352baf0404d39,0
d578cc981155c610,0
6b9deac768cd5a00,0
b444ad567782bf27,0
88670fc435c67b6b,0
a12e48f1d0914d58,0
6f593d61297fd031,0
003ee1a6da944f6c,1
cfc49db1e23e8657,1
889da8314e4797e1,0
84cbc52e203dfdb5,0
ee8e670eb05dc3c3,0
21ccbcf3d789d812,0
fb0d0f04b6e57408,0
e2fd80f6b32f11b3,0
783b78eeeb79f945,1
d0eab08b03fc83ec,0
ba9c41e1d93ce833,0
421e9bd19c6f23ee,0
87ef310e600ee211,0
6698bcca8ab09066,1
884b98f1e1c4dba6,1
e92a20ac335b447c,0
f8095c27628c0520,0
afe23e22dcf582a5,0
ce8bbea103f6977d,1
f57e16c79ee39e0b,0
aaf5dfa6fe5b3884,0
c66e82280e77193f,1
a3ad7d45d805e230,0
13bd5e8bb32551f6,0
040e34db9c9589b9,0
d6d45e9dc4fc6a0a,1
3de0194cfecd36ac,0
5572de7b95ba21dd,0
ad581f5fdefd3f44,0
79c422e8ad32218a,0
62affb4e0e2a7b6c,1
25bf31dfa220048d,0
b092d7daf3429abe,0
71d36e3969f489b7,0
23f37754a601f2ef,0
837a14107099bc75,1
6e66a456ef5bfee8,0
bca17b2a427dd599,0
54831b8e23cf8c78,0
9a12e5d624cfdff6,0
89d46f7d2ce117b6,0
ba15cfdffab7fa36,0
d31ffe2c6f6a35ee,0
ec76c58633896e5c,0
c370505d6690ae7d,0
efac4ebfcd4da19d,0
01ef2979ea5afac4,0
8fced228fd64d359,0
872015626890bb22,0
09dfccf8810e2a25,0
e704242c1ccad210,1
e66e2efd76f00fac,0
34a90f7491bba32b,0
4a84394f13f22856,0
da75d60216e63228,1
4ddd79ade622bdae,0
83ec250baa36e95b,0
8572b9a849ebf8ea,0
7f9d1d059ae7d203,0
01951e4b9cd2983d,0
2ebeec3cd8cbfe28,0
ffc5743cba3a42d9,0
8e265021657c2a44,0
4a46f23b2f206b1b,1
f3f4a0c3b6e24e61,0
aba5df71ed00ff71,0
7d82bde2374d3a0e,0
92c33479c46a3462,0
333459a0396579bb,0
e6c989fa0ba381cd,0
bff7b9a2734fb4ce,0
7b7cdf66a64c7eb6,0
973e7a56b2da7833,0
0610f754b0cd90f2,0
7b0fcc220901ca21,0
e75b39c2491de0ea,0
b9026994a0ae2392,0
6c054f8dbdb5d49e,0
9be82469498b27eb,0
827f0b6a51a23a57,1
828df696334d94d6,0
91fbc37bd9058bfb,1
c99d00e403c2e35b,1
09e42dfc1a99f3f8,0
08c2f57ccf53c73f,0
1c2d8cae6a97e0d2,0
61c49294b3226317,0
6cf8626663feb9ce,0
73f5dac9cb2eef98,0
0eceb08a263ce33d,0
48f5add000aca9e3,0
26e6245b106b59c2,0
3befde8615e069e8,0
b0fb14f66d918aa3,0
37857d48e71232c0,1
b37c68dda8f8c0cb,0
57f7a1fa94be220f,1
118fccf7c2309b54,1
912a349a5a69faeb,1
b5c4bc251cd9df5b,0
fc554b01fd74840e,0
490446c4a82df1b5,0
b66430b35c3897aa,0
710e0bd43142f98e,0
c77bd6b5c65a0fd6,0
4edc95c1c10a316a,0
955ae3542616d8d7,0
3e79c287606ec664,0
fc4ef7cf91e700cc,1
b0e9a5c26f1a7f18,0
62963ba5c3e15cb7,0
9d20cf66c94d00ce,1
314c7c5ed4321290,0
1613636f2eb1ecc9,0
ce8bad05be11b1b8,0
8cfb99ffd18eefe9,1
72645d5dd1b6d87f,0
8ab8b494c8117211,0
73bb2642aafa4053,0
a70f6d311373d09c,0
01db8957abb7336e,1
4d208deb6bab05ea,0
75601aa4dcd487ab,0
7a8eea534ad1149b,0
9e7641f4d1f70e70,0
3fc6f9ce986f918e,0
1b747fe617481245,0
b07279da2622afcb,0
a3fb1fe1c6c4f284,0
358030ee31cda35f,0
1512822313c472a3,1
523172088abccaf1,0
46b01421ae275877,0
0a8af70b8d74ffd2,0
bf8429347e9864ba,0
faff7ecab9ce0083,1
354b9469a57ada03,0
026c82c30d3901fa,0
8fb327258ab4ad61,0
1f2f4b2d050de5fc,0
9238492e439a3982,0
e84120ae0777dd52,0
58527bb186cd04ca,0
0a48d0f57dd9d051,0
9dac0d3a5e582d21,0
620beab2f7124065,0
02a46d34bb5ee558,0
51da3d2b1a22ef48,0
979050eddd7cea80,0
4bcea794c22e0e43,0
e82b67bb79edd9d6,0
f5c39c35a3d51d4a,0
d70927ea42733589,0
0ae75d7fad0cae8b,0
8f2a3c4de51cbde7,0
795cbc2b8f152cc4,0
a703b10111cf2e5a,1
af1366a895ef9645,0
0eca09130c900886,0
6a96756c53efa9d3,0
bd775985f0c577fe,0
4af5a5a082795cb5,0
009f5cb94142aed9,1
ca854fca1cc12a42,0
82152c1d918cc3ee,0
c47606467d40b222,0
c913596c91ad3142,0
5d50cc3ce88df097,0
ac3044fd7a1c3671,0
d11fb715b7a1217b,1
bf84fbf4338915b2,0
1685a167f6df55dd,0
590d812bdacbb78c,0
12735b8cc9e408e8,0
0c8722bf7112b195,0
9ac95eedd092d85c,0
1bfdf60a447be94a,0
e57d024af8767e32,0
fa66d429e8ea329e,0
d8814aae07a202d3,0
702393fdd11dabd8,1
e76b41bb40be9603,0
fa305961aee78290,0
261ac9404b142f04,0
6f799fc32bdc7ddf,1
38bfab78fc0e3319,0
6876067b5b0df7a8,0
6a0082aa932407eb,0
8c9f60503cd59f1d,0
9632de758752ad4e,0
01c79a63672e6163,0
d47c1c1b29ee8bc5,0
b536b6db91e7acd1,0
fe3a93d3368386b5,0
c1107dece62d8c82,1
864f2347c7395e6b,0
d3f0331cbe5dda6a,1
6c0ae0abb68c28b5,0
050adcc8ac8dce3f,0
1806fe3dd243259a,0
404cc28e9bae1c0e,0
4aba96c2703c03e7,0
5b694270185787cc,0
e19bcda07aaf8ab8,0
a553d196c464adcd,0
d6b680e53cf3e383,0
40d30b70b8e98393,0
8e45256e4ddc119f,0
b6c2895763e6f3e1,0
6fdcf68a96b04077,0
ab07d87248ef93d8,0
f84f904920c42d29,0
b8654b73efd976ec,0
2783dc58eece5a3d,0
9352f849bbd8d052,0
4bdde12be5032cda,0
aa0845f5d3353ad5,0
af2f97a8fa7d007f,0
342beccbf8989085,0
2bd9377566142f0c,0
c19b68bfe59a9ee4,0
ce1e0a5507ca8048,1
b340b03289aa30a8,1
919ea7b401e10164,1
b8825dc653028d4b,1
3fa9f6c794565456,0
18556e93400a4fae,0
1310f0a0029429b3,0
c63b1ba505a34949,0
b8c09df2b9e1873c,1
7e0b6d992e7f88d4,0
f8cfc1948b7f4fbd,1
870e38637208830d,1
1ccbabfc48aaefee,0
020d68a6ee53f08b,0
c9162e2ee9a034de,1
41887eacb613fba8,0
0f43ff9c9e3ddde6,0
62bf414903a17b68,0
b4ae8751fd2395ea,0
766ae278e7953802,0
e2f97409254a01ba,0
82da08adf2af0e28,0
7c7c0a63d048286f,0
8527b0b97701111f,0
52ae5c27462d2477,0
77e9c5185f90b805,0
ccbcc2db1987db07,0
c969c895f4f66d9f,0
b69f601606c17c3b,0
d2ebaf4f8100ee9c,1
1f9e015792ffdfc6,0
28aada7f250dcc19,0
570f6685ed4a42fd,1
c0f7af3691325ff6,1
e182fe818d661ef1,1
942e3437df638d36,0
a577df39c3d9ab83,0
659f2d428a1cffdb,0
b264900fd591e467,0
0cd95f02eeeb2723,1
5a0d7d184add1355,0
706010b1ec9887e9,0
ab511a7e147e035f,0
82726d3e36d4494d,0
db9370757d214f44,1
1861d1e38d5fa766,0
85f11afdc75e4462,0
9fe305ff1c755161,0
1b2646b1c0996683,0
e0fb25453fb4afb9,1
3551ded6c90ebc02,1
8554e6881322f9de,0
43967ebfcefd60f4,0
b1441179cf434066,0
d526525eb07a9046,0
2124ba154e0d254d,0
1e31475fc762c258,1
982507e68c7913fd,0
8fb4da6702a9701b,0
323cee417d627ed7,1
cb42fad8f9eda31c,0
e272a264503ff50a,0
62c8be033718b195,0
a09d68d88bd18e58,0
f8028fcb68223bf1,0
4241dff718f65df9,0
1469a79e7be5fe8d,0
419ed78cfd1fcc07,0
ceff18ed13ffa938,0
cc2a3ce842d9dca4,0
c9ed81cbb6e2a18c,0
03e25da45b181c55,0
0182127ae68b4d88,0
9d952661c39c66ad,0
6aa3aacf132584ea,1
da667e1c15f5b142,0
85511b7804d78b00,0
f3ee9d58785c6b66,1
50cab1e467c41ba1,0
48be191763133c35,0
719bc597488787d2,0
f9f1ee99766ee36f,0
cc7aec7d3fedf2ce,0
cb432308fafc925a,0
a0c8e7961a59c1b7,0
97d57c9bdd420f91,0
38b878468c743664,0
a219bf8b56cc1e9c,0
c766c489cf617219,0
29b21524fe401623,0
8940a219b8683750,0
973262662d84f4af,0
88f7858d7e0e85c1,0
ac043c09cd30aa5c,0
b88d21f46b011176,0
6b083e167d40826b,0
0fd705546d5c3cc4,0
67ec72ceec9df92a,0
a87bec914aaefaac,0
b7e5940ec21bb8a6,1
7ad0c1ec179114d9,0
1b0027762bb6b466,0
c04e80debf0d0e2b,0
0dcf7c131593b55b,0
bab4485360a7d0e3,0
1da6c9b6e6fc0962,0
4792ead7d09616cc,0
c47bf3e4c90666bc,0
55112f642fe1f7a1,0
8e99871d8d94d66e,0
3cf274c8b8627ec0,0
d38ba85ffaaed49c,0
e4e7c21c97d92181,1
a79ed3f7940f164d,0
a250092cd4a4df67,0
5025157248bfc67a,0
08b372507bea9974,0
a057a60e1f83b312,0
ed94aa67f212004e,0
b52779bb174f7926,1
6ce666d92bb4f3b9,0
5d9463c2ba43d0de,0
ee64225536b4d247,0
70c0c828992976dd,0
c26d7100962c167e,0
f6e7f251f009931e,0
7a5f99a8a0e3e872,0
343257a9ab72af64,0
9e3549393932e221,1
d18b1778ed5446bf,1
2d43aca6d2c62814,0
8d8f6f5b7e5e7b98,0
0a444d0f3ba499e0,0
ba1ff45295cc645a,0
8dec6d6add3acba4,0
01ca46ef4bf87bdb,0
daa9661175c5f2fc,0
92ef6499f4954ac8,0
292bebb6071c8717,1
2ee08134d09ce464,0
d9d82e38fbc202af,0
3071366474eab765,0
144f9681a78da9bc,0
7718c0a170ae4539,0
80a91bdc3392378d,0
9fad1f6b6c041e3f,0
61d5a876441cf04f,0
4a62400bed5868e9,0
01a6f9d2335127c5,1
70b953b29906d0be,0
fd07b5797c1b1983,0
e6a34692f3b220c7,0
82f0c45bfed08c87,0
f30868c63214183b,0
ccf0be0d8f4f06e7,0
8f18bdfaaa8fbe56,0
1e51274f0e71baee,0
bd6b4077a673f84b,0
24ee87748822608e,0
51fa88390fbfd73b,0
9fb64175ada3721a,0
e8a5ab7291acbd78,0
eb3ee35d9b8143e0,0
6cd940eb0c876ace,0
aadf1237b9d28df2,1
020727b82f21754a,0
f96bd89ff107070f,1
89ba530cd2f9c52f,0
e6045bce2fca3a4c,0
f6c797d0fbd0442d,0
0c1fffb089a7c6aa,1
6c61f32e2b73db4c,0
a8fe9b3881483938,0
877e599277542d93,1
e80f26aa48f5be92,1
203c889e46262659,0
1af07fe8c3aa7048,0
110131e0e51cb059,0
8af64abf3e925e27,0
b825cf6945511f98,0
1f22ee7ccc0e4fd6,0
04efaad5cf57ddc0,0
5b4729953c66afcb,0
7d8d9e58c656e11f,0
0d49f22fdd584856,0
5e91fc64320e6988,0
01004dd2233b420c,0
36ea64f4f610c55c,1
e831f8811be19ab1,0
0f8ddc7b4615d88a,0
b5d6bd7f5fc017d8,1
f1aaf87cb7fc5970,1
109061a704b227b9,0
ab7a867bba655a87,1
8751261f9c3bc48d,0
7d33beab47a6f913,0
36611bd01fc3b5d4,0
e8a778978a36d82e,0
3a7116a2efaca6b3,0
4f529aa7a6051082,0
0702a6d67aa81ec4,0
d06d6839217796a6,0
cd4b6817b9c3ad8a,0
f64ac549a13c6770,0
ff12353c16d2c85f,0
670c3188a4051490,1
ce57364a1288260d,0
da0989aaa23e2855,0
f2950f44168dc413,0
0e5f80d09f4efc9d,0
1dbdae9d63c93997,0
1dc7c6ff03a059e5,0
c65f2b4fd55c8a56,0
c5902d88221d3fb9,0
066b450c5833f1af,0
a422a9c9eebcddaa,0
fad0d4f1b787bd7f,0
aec009c8e5698e09,0
6442b1492af75da0,1
340d9ee8e97f8059,0
becb52fa0e784b00,0
ca14463dc0c3e141,1
45ee0f63d2b4605c,1
7ea086f106170252,0
4d78f6bdd84a4595,0
c507847759655477,0
2b606ef0444bd23c,0
c3c7d4a5b964edb4,0
fed855d3efd09312,0
504fd07ec1065b53,0
bef68721f3848022,0
42d694d21a79c081,0
030823a571324381,0
3024619a17d25b82,0
1fc179e86445b55c,0
7a5586e615691e88,0
f952eaa3484cb215,0
59f39da907b65c01,1
838988621c0f736c,1
71542f5621e6f471,0
6fa58350592e8dd0,0
9eb7d470feb67c1e,0
ee9f68fb685c6a22,1
7e08ec23a126693e,0
1ba0ce4bcbee5359,0
92ab5648e1385bd8,0
a81697f259223cc0,0
6403146c0e123182,0
4b9dc0f0f47daab8,1
d4f532109b8ebad9,0
473e18c4e09398a8,0
7d8767fe39c1947d,1
90777e08f4be8c69,0
63fc0892d8357eda,0
4f8de58d61580c5c,0
2d0440495d9359c1,0
7a7aaadfcea117f6,0
062a4d1af3d98dba,0
81aafd513bb46777,0
2a7ed2526bab5b85,0
02ab0ed3f2eaf324,0
02a7026e24cde181,0
fc5399dbf3627f36,0
0368285c1c4d3670,0
b5a186602929241a,0
d1051230c16555b2,0
4abf4053fd093d9a,0
46b4eb63ab54d29a,1
77091a9dd36469f4,0
c11ab7c04c7d7cea,0
452769f2cd89a7fb,0
ab03b2904bab0bfd,0
76c5a43f2adb4243,0
4a8029bed72ddeb0,0
b7fae0555f04d2d4,0
fc2fe801ca60b6ff,0
0efb250cf0971b2c,0
fe25e25a53a223af,0
a064fe9b26f67b43,0
ec4935b1ae850ddb,0
d705fbcb97f101e2,0
453c0cd6a9c4d41a,0
c22ff6c6c52ba771,0
cb3c24a665e3aa34,0
61ce6989dd771a2d,1
d1bd0a5bb29a6c29,0
e3c77f94d1aabddb,0
10b6d9cfcac8b338,0
1e4867fa9a4fd0b7,0
d7761f385f679b1c,0
e737b3d1416a8bd8,0
c82c09d1628a582c,0
1ffb32aa05715b07,0
188c13f974f1b8aa,0
f4c890c2e4eb28bb,1
11f8ca45188a5f9c,0
0dc1250360fdd6e2,0
0ccfc691fc713230,0
0d7832db13658634,0
80714df860c1b42e,1
53715595b3760bac,0
e93cd129a7439e94,0
34447cbba7c9d099,0
6e77af8a993750af,0
e1e485cfd59143ce,0
7440b5eecec7a122,0
9f63d2eccf1b561f,0
eb0fe548d8478b23,0
6c8a593e583d78ea,0
5cf6d44240b0a488,0
f177d044d5db1fa1,1
8bdac82676e2e7f2,1
c88e6179ebb44e76,1
4ed886908d8ea799,1
261bea15a81dbff7,0
9c171ffb5116dc77,0
815263ebd4aa8ce8,0
f00d7568cc04732c,0
fd6c71844562cf9c,0
b23a0da8f9af2dc7,0
2592f48da783f79e,0
800c2f865f572442,0
2b9454df6c098956,0
81b74d437d6f8fb6,0
1c40515101cf6b2e,0
418f73926824f206,0
fc569b0e05948f52,1
6a52d462c80edf25,0
ccf00b24788aae1d,0
dfd6ecfb695111a4,0
94bba9b737f308c5,0
31d527de5bf3958c,0
56ef6960f1c4a472,0
377474220d305717,0
9c6020e3d375124c,0
59ff940babf8e8e8,0
ac622a980a182956,0
f77892e777e381ea,0
bcee335988fa1932,0
cd84be5195630795,1
e732017dd7069dbf,0
1d52c1a9e465b939,0
ce6cc2af0fa91c83,0
e3e64e42770696a2,0
ca24287d9ece0614,0
5c9120f28c37a40f,0
89d891e7b4b24fcf,0
aa1385bd626316ce,1
9348e90ca0faec8a,1
b86fc78710b6139c,1
37eaec6b7a8e0674,1
df5a8714806b8804,0
81831d16b0023d6e,0
37a31a0cda064005,0
073b6ed87d64600d,0
0569a2b7a85cfc95,1
e5dbb855cc60c8cc,1
2e3ead2568dcecb8,1
c17c3e0282a551eb,1
b13fc07303cf2467,1
4c47a94252a6111d,0
de439fbe4d376f90,0
3612061a80cbea9d,0
b81f989718138d32,1
edc4e1aa4bf65173,0
55d032b467033a58,0
f6676b99a767a26f,1
f1830bbfe6c72bdc,1
705f98f411a76f2c,0
9753b6639cae42e0,0
1983a468bf98c4e2,1
b89c42051bc7184e,0
0234d327da823f12,0
6cb84b6704b308f5,1
3e588378e4ee99bb,0
e50a1531df46ab00,0
688bda9016374039,0
45951b76d3fc3db3,1
34f98c1fcef17e10,1
0d078af2f5d31cc2,0
780fa22ee7e67bd1,0
0a6f82a371011fde,0
d7ecc6aeb3b4625a,0
fa16159feca7eb36,0
9e27de7d1dfa1af5,0
0c4836ae9e8212d8,0
69f3f54cad233bca,0
bceace9096b2fbf4,0
c0aee35dfd9208dd,0
e636555c9f29f400,0
0889a6979aa92c3a,0
3f3a62aaa041b267,0
af27a1c01b5c8686,0
91bf0a08fcdff52a,0
1ae45d650b7b5b81,0
ac97bbc531b83c29,0
9f27a511b9375560,0
8aa175f9c4568733,0
a5ceef883af913eb,0
a8f6621c652099fa,0
ad62a9b165a934ac,0
10eb6292ac02a0b7,1
7af259ec218afaf8,0
c95a0db3612a94f2,0
5de7ea3b4314e63f,0
d54276208dccc2da,0
0cec4c5e035303fa,0
6adbf298aa5e026a,0
b5d42dbb69532688,0
ca813d4ae4392151,1
680e45793cf403f4,1
3d228a3f36fe7ae9,0
19b683fbebb7f8f9,0
2609ed568d17228a,0
a0a865e76c3b1381,0
e6f9575453c31052,0
8ebd518f557a567e,0
bb12d15336e4acf2,0
0f9bd34134a7a9ba,0
f59a5d391c915ba9,0
8f973b0a61864a33,0
981fa1eb98c3ec36,1
d055af2d1c88ae64,0
8609c81bb3305562,0
5a2b0745d2100cf8,0
e6151eeffce9c842,0
d13e9c01754909ca,0
8603ac681b575c68,0
899960e034ace1c9,0
c7004682d97f0b33,0
f7802d4e8fd42049,0
2d3e45391f4fb720,0
69769fe9a410f739,0
e3a4235a78174f37,0
94bc3ef522ceab4f,1
dae7f3d06e8a7677,0
3355f1fa13bca290,0
5c6522559f0fbdfb,0
9379c214bf2fcf97,0
3e7b8f70dd9ee000,1
5f3caa6b1f857cd6,0
dc7faceb8397029f,0
ac7e9158e6757feb,0
6f225292723534a7,0
7e6ec8250f347501,0
98e22e327e4407fd,0
0d2084f8633f1378,1
13e96f6a19460ffd,1
c43c77fd34f9f6da,0
9d1e8acee85178f7,0
2d563a6789f88556,0
b227d46dc2384e75,1
4ea1459013870bb0,0
c9857ba9118eef7a,0
eeefe25f9243fb82,0
3c65548b7d20b1cf,0
9bf02c185f49111a,1
0997dca3597e2ef3,0
0592178f9cc4182a,0
b2393929354ab9e8,0
3021016db7b6903c,1
50bb094d9567e0ab,0
506c611720f8cff5,0
4d803cc8e2fd85fe,1
b8c436faea6b785c,0
d722eae45273a164,1
57143cb9de91218a,0
e01d3c309289f26a,0
e959df9d15d3deb3,0
1181095274efa6ba,0
8d6da24ac63f272f,0
fd7748f6d71f44c9,1
1996526121d8f4f3,0
24e60d1eef81ee37,0
3b68d9a56afc9fec,0
5537d6d91dc92735,0
997604925089b95c,1
e1f444fcc2e600b1,0
8a4c499e69f8c46e,1
03d9f245df9c9466,0
7553b9bf302e38a2,0
77556f29c0f8c20a,0
2dfd0e8b6dc076e2,1
9addb4ed6b6076a8,0
7ed3d2c2f166c1dd,0
8531f05c4333a74c,0
4e846dd59a937563,0
cb678cd2cd623a08,0
bcdfced2b42d2065,0
b3a75073a929ed1e,0
9143855b010f93f6,0
82167722ea84b2c9,0
ad177770261979f5,0
e4b72425379dcf02,0
99165ef57c5e8b08,0
5d8418734d2a2644,0
6e61312b6a72e0d9,0
8d11c46484bb8026,0
487443ca6a52e2fd,0
1d463e73f8add6a5,1
f0e93479f6b1bb1e,0
723f45f81afcea42,1
bd6c1d5b474e509e,0
2ad010c52384acdc,1
a14ab320c4404f3a,0
88d92e93269f6f6b,0
dc25fd2b6438a60b,0
70834fcc2f7cc6b1,0
d36af9a64c608b5d,0
3c5085465257319b,0
f1226c5232e65c6d,0
15927ca64cc0cbe6,0
8e23fdfaf79b1ca4,0
785b6e57d06fca44,0
1f27314e33afadb8,0
147270d5008af84c,1
3fb78b3689db1e27,0
eb1cea1bfe48d4bc,0
0af686961fa02a55,0
9c744cfb770994f2,1
bf526e80c939411d,0
333763805602772f,0
760962400bca15ce,0
93d873319fdd9994,0
ef820de787efbece,0
a7e1a134722a58c2,0
43895ccc78af06e2,0
f14ec8e45c38358b,0
a88ac46c4ca19959,0
a3978c68d852c2e4,0
d8e771d649610a46,0
a39d37ae463de5c2,0
3e3151165649b616,0
019bb78298a991a2,0
9dc5a49ab2c078c2,0
83cfcda7cf9fadd4,0
a1aa016ebc11b01a,0
a4f736e8d78ec15f,0
b0ac80eeb1457732,0
d40c7b5a81eceb0f,0
ee09bd7e678705ce,0
eaeb1b0337fa76e3,0
d708f76380c9e54d,1
1ccf536cf413a1b2,1
d906277f76713c27,0
1454676009fd32c4,0
a42a3de900aaeff7,0
89e6ce7d6ea2b2cb,0
791a7df988a819f5,0
9d155b17854707b3,0
d7a084a559edbf62,0
b8930ddd574e3330,0
969f761f4a689e2b,1
3f3e3c8dd96f191a,0
88f24741695d44a8,0
2213f61cf7947753,0
2353a0870d300d6c,0
ffd665eb9eb1304c,0
d7ffc8d166f28010,0
083335eaf0e36639,0
00ea587ea002c7fe,1
a1538af5141dd802,0
d887bd8023da498a,0
b5240be24591b4b6,0
04cb554acd45c07d,0
3d39527f5176a940,1
58c2c5030d6129e8,0
d37611b0ad1ea775,0
d6afbd369e592900,0
5ce8a2bf6e8e2bcb,0
04526e11c5eb1c9e,0
0da595dcd1736f4c,0
d67c0f0e89390137,1
e82c1eb899437ccb,0
e2c0f0be8ab38c56,1
c6814594d3af3d45,0
8d672dc359794015,0
e2bc7c3a2ad2fa0b,0
dfec971558b04d6f,0
d6549039ede357ca,0
1ae7cd1d71beb2df,0
0852cc5a431e17b4,0
aa42be17ed67945e,0
fd12812701afde15,0
d43df533f443c501,1
6ae35be88e66f38d,0
fbeba7bfd9466198,0
c65b94c5b4328d0a,0
6efe5546d45cfab7,0
760789fd31dc62a4,0
915d9511d33314c7,0
9b2ad052a28feb43,1
81b91edd128f2171,0
f0a65ccac1b7d0b4,0
a36616788597adcc,0
4c0662f1cdfcdb39,0
1164736f14a96a58,0
550682895554937c,0
2e8054a5ef7b4a50,0
8f1f5767f2fa13a1,0
a4b6eee4b7f1c6c1,0
f3e55c5fea0b4489,0
cba560fbc26a03dd,0
064a53d8a43813ca,0
ed39a32e3223b022,0
0e5553cb39549176,0
2cb74779d71e1c59,0
d10868dbaee89807,1
a949c7a0306a1481,1
e6acba38470c0dfd,0
52f2eddbc326e81b,0
129b148ae0b23344,1
0bf2b64f27da9ebc,0
452c5891da889a0b,0
8919f837ff4829ce,1
4105d8463bd937ab,0
9ea44a8f215e9b19,0
de3af6fa60108404,0
8a837d631840b146,0
1b357c6fc454d066,1
c1e242c68c347199,0
57c6a221c0e4bfe0,0
4e31402e8c98bba8,0
385ad0a55945973d,0
c1e8c6293b7b0b9d,0
bdafd1e3b3ced39d,0
baf49a24f9600e40,1
ff0549128a5e00c9,0
f37e50463af43dfb,0
9b7928098853f34c,0
12b7d0c598b1d263,1
7896b83847ef5fcf,0
8da78e4bdfe1b7e9,0
9b6ea380426080e8,1
447b505edc492014,0
f5554fa3c51a57f1,0
cb384dbad9f857e1,1
41f638cb6458fe83,0
f62452f8f16d36c2,0
81e9edd1d83a3b2c,1
4315a8f2f283404e,0
cc6620e6ac8028d4,1
271dba6bef509242,1
783297ffb2777d11,0
dec3c08b6b5924fe,0
324394ed411b31db,0
0bcbae5afcadd20c,0
33b0ac5db8b5844c,0
ee45ba98b40e08a1,1
3605aaa1e0a99961,0
b091e86baf4d4f5b,0
8b5fbc01bb9c9b72,0
3b5a6e6bb69f5a42,0
94639ad81c237ee2,0
17fc587f98909044,0
3adacff5d32c20c6,0
77d319161eb7c2ac,0
576856329aeca5f8,0
43bbd06fd2a63bae,0
0845e40befabadca,0
044ab31b1d86add7,0
01a5c7fa25f93385,0
354031d58d7a9abe,0
e9fdb8bc2b14901a,0
c0a4983074ac9c6b,1
e7f3c8b4124339b2,0
5e1b134774a1e7f0,1
8c77922da97a62fc,0
c08b0389b3c6e78a,0
4245add04c0d188b,0
2feb0783df0d2a86,0
2539f27f0fd2dc4e,1
526915c509db778b,0
2a98d885b66ef7f9,0
1e690e2989238d78,0
ef821ec18cca540a,0
d5e345495c955bb3,0
4445152495cb951b,0
92f1a0026c5c27cc,0
81385017c62f9471,0
51a674dcbf52fc9c,1
c76ea039b8742a67,1
b72e73509b55a40f,0
7a01be743a395751,1
f27ce123dec79937,1
7f603ea893b9996e,0
72c3bcf3112c2312,1
a165f3c778b869b7,0
7925bac7319f5d13,1
e167f7b0f35245ba,0
2c6d7bdd7a05cbd5,0
9e39b1475a9f8e45,0
dd49f2bd82ee1681,0
6855b2bf07d901bb,0
697d8060a12999e9,0
d62b4e9ceb5be2f8,0
1c41b89fd71806e5,0
43076253f018817d,0
11e733bda7ebb75b,0
84fe6c7f24db4fd3,0
807199b59169941c,1
38dd3df6a9bc4a7a,0
0b288ccc5076e9f0,0
3271e214655d736e,1
80145e30aaffc93b,0
ef7022a33a262beb,1
9e5e2b54b6305128,0
e31332736ebe0bdd,0
a55708ca3bfdbd28,1
3fcc1f6d0749e13f,0
947cb35ecac9e30a,0
49560ac9ec6af122,1
2ec5dfbc7f21be4c,0
130466807228e424,1
e8efc47b7cbe14e8,0
760e0d7fdc6c5938,0
fc01650e6ece9bcf,0
2a5e81d9143a8f0b,0
28def0f9580171ec,0
24f4850610131d87,0
d55e201253b12542,0
02222563bc3664e0,0
5f4b6b3960bac04b,0
12000cada19beed1,0
0072274dbfd4002c,0
7dff286d163f4d4a,0
adb55b48816e9817,0
de28c99fdedf8cf0,0
03f8858d3397b356,0
d1f663754e610523,0
f39a4507a8f0aac6,0
275d2569254e0a02,0
ebbbe5b5cea9cd51,0
5113fcfeb3d336bf,0
5deec35b49423658,1
972933c2c641f324,0
01b853d88105420c,0
3e4bee76202c23ed,0
1fb3f5efa0366e81,0
0516c5ae9e281ef5,0
245240496b7e0b2d,0
99a7c468d698f4c1,0
7ee3e0645f815ab2,1
df33535e3c42f2e8,0
603d84126ff178ce,0
c7de61864c92f411,1
ec02603fb0273ac0,1
2b07eeddee4522fd,0
df32d2aeba9495b0,0
1a343ebb10330951,1
f68cecbb80323d89,0
c136303ebd97758c,0
941e530b112447de,0
43cd895eee4f9d88,1
786123f6de3f5289,0
689aa28b0d018e56,1
6bfc6610aa5d7cc9,0
ddd2997df6d26e0f,0
796cd6fe19f5779e,0
200d0d156b25e7fb,0
2ce5c77ecab18b8c,0
5ddae2f2eca5c5b4,0
88ac7ae37dee83b7,0
8fb51d49e194aeb8,0
303a8dce89332e60,0
cc1ecd7ad64f6df6,0
e0760c478789af77,0
b2916bf5931d074b,0
4ac1cf3d477e1238,0
7e1ed6c5d850b9ff,1
2473c29817cec6aa,0
5b3779c86f57f150,1
a77dd2cacd7c1f52,0
315978aa77e8b00c,0
92f8988e9be17780,0
4f4b83e63b2503fd,0
f13a351fec9aeb9f,0
8559265b64b55fa9,0
202279d0a164133b,0
e6d773f94dbcbd49,1
68b4d9a90a300f76,1
da7b4873cbcc28d6,0
7537ae61aaaa8604,0
4fafa82454496d88,0
0b54bd9c61f0598a,0
3eb48ca0b01a04ac,0
2dbd0d9db0c7c0a9,1
6b1d29acc2a8e745,0
7165d1dff0d44495,0
4990afa7e6d93be7,0
1c417357af91dd99,0
fe59ee442e4b1e08,0
4d3ce5669de8965c,0
d3414b1456240b62,0
1ba820df1b3f33c7,0
63de061eae574ac8,0
53bf696a6f5d067a,0
a9aceedf93ac1fa0,0
082debe1f086f31b,0
59335a67f3d4fc25,0
aca4f4794ad0ef55,1
0fbaf82a637bac8b,0
0b3c1f8d5d7ee95f,0
4c7cde3d7138a7af,0
8df2929fec80b4b8,0
3a853914c5dda867,1
87f4f914c1cd9074,0
c2912c1cf9742554,0
bebef2453c440088,1
0f3a6ed22026f4ce,0
b486562df80e6dec,0
a71e6295eed2ae86,1
b40f5cce65045fef,0
33bca63d0b05b41d,0
b017c97ab729486b,0
33f895e62adff4dc,0
de8c0d60b256c3bd,0
ad41f0eacb7edea0,0
5e1523def63c250a,0
31416101b0f8adf5,1
4c1356be8424f317,0
522ff6b8ff4feba9,0
0eab38ed355b631a,0
5f2b07dcb069c3fa,0
8b03230cbd974c44,0
3e2b753813fe3ee0,0
7fb901ccf881a236,0
58616a6bbd943eac,0
5281f16a3a529bde,0
f34c56341b1b07ad,0
0df7bbc7676f7a1a,0
8e1f516ac9d02a3b,0
c107f676e4c9f6ba,1
54eb17ef177da5fd,0
d665de676c484a79,0
05fc9224ae174405,0
dbb0a4f242e5ba17,0
5d72449f3d9ed4ba,0
da57b6a6da2e087a,0
1cb04e8f10b63b29,0
93a3f3d948297645,1
0f7db668e95f7387,0
1bf19002da8fb757,0
a3149667a274b408,0
57c19ef31c5758cd,0
5befbf37d6d55341,0
8122f9e38df202d8,0
f047beef90579b26,0
1ae9e9c03593e9c9,0
b170476f08b20459,0
6a758832bb88d0d0,0
b3c0791db7ba2adf,0
4eaafe56ab12a19b,1
dd6b8fdd33709c6b,0
fa54177d90f2cfb3,0
888ab978f05386c3,0
ffe872627028ca7d,1
b69fd0be479cf5e1,0
abca2874dc4a2af9,1
31369ce35e50ff47,0
7d2ab97257b91a87,0
c4a6553116652b86,0
4f9c980908c8c5b2,1
d2def17516d9df7b,1
5d33af1c9f8a11bc,0
ad9bdaeb63278823,0
a6059b90af0ae67d,0
e9c4d5720ad8a20e,0
e0e279ac43faf1df,0
08653e2ff651b78f,0
4d8d92eed8adfd89,0
7a176a86a2175331,1
00181bc3a17f016c,0
8779b0263c00841c,1
77d21b975e4e323f,0
0e6a2f680fee043b,0
27c7120eec2e022f,0
4bef584452a18755,0
df5b3a64336065b2,0
ccef57c84c3dc3f3,0
fc56940476e14f8c,0
c32ab116f0c2e7bf,0
f3077a8f815e175a,0
fe070900a1e015f2,1
f2d678a68484d8f0,1
15371945960a1bee,0
6219472fb096304a,0
013e8c89f210430a,0
4fd6dac9b1fb10e9,0
848f4bcb4635dbf2,0
7e1fdcca116e2d73,0
c351f2dfd527adc7,0
9d374ac514a7c871,0
e80fbc5caae01150,0
b47b060f598a1ae7,0
0b2502c9d872759f,0
1eae6ee77f559283,0
b88a9e1ba9e2009f,0
9dc5297ecd838fe7,0
fa81a00e978e5177,0
2213fc18e2c0501c,0
d9806e189dd5f6d7,0
07e4ecac4a7226b5,0
bedd2ff873e83834,0
cfbd412adfac6f98,1
850238528a243b4a,0
074b5b3ae4536576,0
e8b69fdb47b7771a,0
d31ee2529549c66c,0
4c30e3bf51b29523,0
bd57e2de69f893c1,0
66cea2df42759eaa,1
a531fc8d16defbd5,0
0409dc4072533871,0
f858fe800cd9646e,0
12cea58e76ef4a22,1
34fee00f80d179ee,0
d5fb12f918919172,0
4c2bbb1878fdaab5,0
4c73c3bd73c99f31,0
63e248ca94ece409,0
16e2fd3c2ca6051d,1
9f077982c5399e53,1
f324b52b6bb3cd04,0
327891605aba7aff,0
7d03bb4a807dfa77,0
5d396dc437c7057a,0
57818c57ea9676c8,0
8fe1323657edb86b,1
1081a4a44f103bec,0
2ac9142b1e5fb2da,0
7fcfa7b1f1cca484,0
ff34ba99d5ea973e,0
26a6f6fd3bb85795,0
55fb1c8cda1a5aa2,0
a48be1b9bda722ce,0
8719995c84d67cfa,0
4a94211b3729e32e,0
ea7c8875c2ddf008,0
86f65ca8ff50f3e6,0
803fe248be4e6137,0
05510b3928cbaeab,0
0933d61eba54ba22,0
37272a0cdd65a294,0
2d4ad0136da10e3f,0
99da2555d6ee9b63,0
e810dcc3f37aac0c,0
3e53105825c70da5,1
8a6ba195b9a89449,0
7d1f71ae7058b8eb,0
19f051543c823e8e,0
f8d5676f91ab8c4d,0
0d34d91db8ed4444,0
9c98b863b9875ec7,0
4e8baf8b35eb420d,0
0b63d86ef8b196d2,0
3ccb7926ed42dd26,0
93bb164fc41a2df3,0
2ec2f232a46f93c0,0
29428ab9d0bb1950,0
a988ec7f4131f931,0
392ed588cd3f7b7a,1
76f2ca49ee2fdf70,0
8660499c4b2557b9,0
b2bb9c00d01dda3d,0
b5d3c7e37b521e60,0
705a64026ee99eb9,0
a74247756301ec85,1
0bb6f1ac22d42d93,0
4777054b27425152,0
6d08c2ff0bc80224,0
e122a7532a28e58c,0
3e63cb554bca9f2d,0
bbc732d9e0105338,0
b28b064c08673a93,1
982052ddc7dc3310,0
814e55fa491350fd,0
3a283ed425de50da,0
f80d430e10117257,0
83e0998825264a53,0
74eda0a7865a032d,1
1f3e7ad643d42bee,0
83c0f1bf474fd6c8,1
666f6399da795a88,0
39e487e9c35ee2b5,0
b225175a4da49b26,0
f1fa375e2c98f5c8,0
3348d983c7bf25ed,0
cee4b1895506eb62,0
2844d74cb0c8e053,0
9412078d37b5f1a0,0
983b7d6900271bf4,0
648bd03af1ef8588,1
daf36c6131c059ca,1
084d3f471a2680b6,0
67787bf52ee22563,0
49b8fd27fff6e6c9,0
1eb29c86cc68a8ed,0
362d5097ef991049,0
1134c2c6d81545e6,1
d4dd63ef8a044e3a,0
972c639335a16871,0
2941e75d6bdc5085,1
eafd445b4723cd89,0
e3bc3635758bf486,0
2f393f1055f4128f,0
439065de6c014195,0
39e1b1af13e083c3,0
0f8296fb51f5b47c,0
bb7e1c38122f452b,1
1a689be181f10eca,0
ee4a444072e4be24,0
15a7d32d116d28da,0
772e993f10887b68,0
3a4d401a5b70cf99,0
1f05633d01ad7a05,1
b6e5b4105680ec90,0
f92754b7a2ddbfcb,1
b59984b3d94bcbe0,0
5a3e7b0db139065f,1
8e53d8bdc3c0c34a,0
51ad99073473e202,1
1e0a7ccdf04f5301,0
3a5ef3a06b92b7ab,0
1fc0f5417d72fbf8,0
5f8b71c10ad3a6a3,0
f99c30ce73749e81,0
dc8d3a4d31216d60,0
1317ac22cc99479c,0
9e24dd3c0c67f441,0
2219a0aa76dfe293,0
349dac11dd31de90,1
a3039bc640125d7e,0
6ed0c98b0f0a3393,0
f62ec4c26ef781d4,0
3128879968d2e9b6,0
ff2e9b0d713292b2,0
4455944ff7aa01e8,1
5229758f78fc68a2,0
c43b5d42b7d5b91d,0
fe043bbbfcdf83f8,1
841b81eb17ef68cf,0
f71972a1e6e95112,0
aa97de77cabb026c,0
1022d71f4c58bb18,0
8685c5b9eaabc74e,0
42a6548ef49f6d47,1
2267d03f87fa18dc,0
725d5050b99a6ef0,0
a7f0a1dd6371bc1a,1
9720980fa9d92314,0
4674cdf1841a5f96,0
7ff9e75378ba37be,0
87878b48736d539b,1
7614cd1f1bff73aa,1
83d4dbf0999c595c,0
76435b94f948d536,0
88a2cc87244f1092,0
08bd80362261210b,0
d40f68108d5c8701,0
7521374b8873c2e0,0
c551c88b1963303a,0
771a0e493db6dbc6,0
235ff3df01fe593f,0
bbb6d59fd8f810c8,0
2ea6d668695ad3ce,0
6399c1ba2bce85f1,0
3f0839f8c5598199,0
8bea8c63ad155af8,0
2e48dd80c429c826,0
3e92f7836e9e369a,0
230997fecfa82909,1
bbb2aa8002722415,1
3cb7f436e1f95c84,0
e68979f934c4cf48,0
adb042f4dca672b2,0
4029c64a4a1ac641,0
3f25305f8bdf454f,0
a90227ee6d045726,0
5887ff42cbc8917d,0
70401b21260def85,0
95e1d4276f40eea7,0
6272faa9cebc2c39,1
e2c8bc52d02f226d,0
a2650ead4ca12a89,0
724e93e7e12c35fd,0
4cc94db1bb2df4fd,0
a69fd294c14f113e,0
1eb7ee1d48910e27,1
2dadca2173981658,0
1d2cd663e31a9ed1,0
9f3f41f79e8bf6ed,0
eed6b5521cc98b31,0
85a40ecfc03b06fb,0
34f28c4ea2b8045d,0
0b86ccc061468f89,0
0576f8ba23997db7,0
cea214b34f90d950,0
c82ffb26667a8617,0
dc533cd71f8e9a22,0
f3e4506f77f65ec0,0
6298adfd4e355749,0
15d1aede5eca95a6,1
de9811de49f81b46,0
dbd57246a8e60cb2,0
da219d19be0cb9a2,0
2a1087d6054d70ab,0
7513113d23b863df,1
36e23096b17dee8a,0
123ac3d603dd1d58,0
66ccc3fb4ace6303,0
0c57fff87848629e,0
67de8765a1810f95,0
2a96999de330f5b1,1
953a52f7a57c37ab,0
8297bc847b25b46a,0
f5dab06d3d27aeaf,0
9c1364bb99756cd3,0
e5c5b8f446bafe72,0
966b5771c6ce8b10,1
73f9b84e15a28ff3,0
857652e5ad213507,0
d2c2ebda2fd43688,0
29f2a0b5e5d76a8f,0
f82a243fe70bc10f,0
9a85e9f47b2bc598,0
ffe729fa7491e030,0
fe9553b17038f518,1
9161d95b6bd8e174,0
d611f58dad749ca8,0
39d9b2270b0594a3,1
5c34db95462fd3fc,0
74700fc345ecd0ac,0
7de407a49c87ee34,0
7b2107a4293a93d6,0
75a069ea5a65c96a,0
cbfd5315dcd37844,1
e5028c670f4eb9c9,0
b2ec580c5a7a217c,1
d5fb25bf80673059,0
a2368f4cda55a3d5,0
520967e0b4d87e0d,0
a92b6e37ebd562e2,0
5c4e003fac5ae94e,0
a9b8691584da5bd1,1
7de9255c1e378a8d,1
0ba12adcf7fc749c,0
db9f25da38b39788,0
d898e0743c0130c6,0
cbf5f0c7e05f0b90,0
2b812af0aceae937,0
0ccce7ce5b3def80,0
e3f678f1cea2b8e3,0
180dd08a017f0ac0,0
a15a2c011e537462,0
48a970031cdff1af,0
ecbf298a773f40d8,0
602fda2bb6197548,0
2f43a3b255076963,0
1abe4225ed8ac104,0
cbe3a8aeef25f30b,0
b25877ad10dc5879,0
b296d0a4f02f9c7d,0
f24db278ef1db19b,0
71af8d2411d11cb1,0
b79e19af8b606da9,0
b7b6fcc9c673876e,0
cb241c4ef097a7ab,0
f7c2ca81802d3a17,1
8265f77733fd05e9,0
ffb4e0f4543a436b,0
b1754f7126741a3a,0
8a54d2f8958d0166,0
f6d271949bffc7bf,0
acec7be26693f888,0
55445f570db2133b,0
d61b2c6e15f4fb86,0
91cf6a2822cc0a29,0
b8111c118e6cc395,0
18c32ef10db3964f,0
9c8f9b2fbc111608,0
dfa82ac0d20689f3,0
5d77d7c4c3b8a40d,0
311d51962942d940,0
133ae4be136d7f5a,1
9701644ebac32c59,0
32a79992a6cd9ce0,0
9338243d746f0dbd,1
e28818afba69b3ff,0
e65bd0e2d9040d1b,1
df40963ca70e6c8b,0
eb5b3692da227473,0
82b053838f1271e8,0
44e92f4a55f63b11,0
26e54f0ade53df22,0
cc64578cfeccdb67,0
050ac0367907f1cb,0
82868821c4ce572f,1
5d22e4de04b750de,0
1459d1159a4ae93c,0
bb0c6a80a50290d7,0
a55d63ea591bb6be,0
126d2f08f38c477a,0
9998494409618e06,0
345c2cb693b4dfa7,0
758515baf0956d80,0
b1c0ab67d9b18534,0
c9599626cf21b41e,0
60e8346f50b75273,0
4d50d4e86f2e1077,0
aa75a46a4df31f7b,0
6dd31f78ecb6a43e,0
b052eeb6ce4c5f1d,0
571f17a0ef1d8023,0
a1a97b7b5bd9b1aa,0
5c738bfc7ac3ab32,1
d752beec57582e7f,0
d78b972cd2a90885,0
de24291fc59c6611,0
fccdea2af2c5b223,0
2990a32ecdd8bf6b,1
383eb30ff9c34f28,1
a1407df595ddba1e,0
a002316cf092e9a3,0
2aaf29a6a7501a7e,0
5a25d7bfd71c0a7e,0
23d432f5784419b4,0
4a1b0197c93369a6,0
71d45cd1cc8384fb,0
89cb482b7ab44317,0
2030f37d58c50e6d,0
174c52c7a8b12d91,0
e1950224868e21db,0
110492212654cf99,0
b9803e5d591c5b34,0
72b444d3ff93c575,0
4f2ef0a951f025ea,0
3207ae3544b662ef,0
912fe88a52676676,0
4616c2471595d74e,0
779cd785a4254ad1,0
7a6fea3cc4b4a606,1
791802f6a3477e5f,0
40cdaed513492793,0
736a12f9a2162dfc,0
1c2584915682ae44,0
596780fc782a0a3a,0
e0fef04f5633ad89,1
ec1189c8b72a5135,1
c63bdf4a1330578e,0
7d6bbe8f2029e8f6,0
5c91a92bbe4db7c0,0
7329190ad35d8d77,0
71b5d1756b9bb6a7,0
ef9e1661c8904207,0
abfbb3f1659937f0,0
fdc3658314b0692c,1
6265ecea5639cb2d,0
cefb69603882798b,0
bd664deed934d7f8,0
93bdf19cc336cd08,0
01015dbe87a89c55,0
cdde2a73fb36ae18,0
f9dc4327e6fbfb72,0
285ad358c991d579,0
befa2ab4126deee1,0
96e0416e61536a32,1
0c031a775474d3a3,0
d7f9eb29622d0580,1
e54c807d4abc6728,0
ecb89ea5be3029c8,0
8fb1d4ef9489624e,0
a2cce531b78be15d,0
246adb654ca5df3d,0
becee3cb088cb503,0
625e83680487731f,0
530a842775564062,0
005aee342f13d289,0
d1dfa72577b31898,0
37e6ef2fc7604823,0
cf8008be2779c338,0
27c485ca017a50f1,0
4d0d89af30a2a501,0
0de06fd8ef4334df,0
5725302fbdb95ac3,0
6f4731bb62665c9b,0
c296a24fea78492f,0
6d8cfc79c08e412c,0
57bc3b5ee7c63d5f,0
ca9fad3254756c25,1
abff3ac10bdb916d,0
8ea634b72921ce5c,0
30a6cf8f761b2374,0
1081ecdd43ce288b,0
7c5226931627b6a4,0
479978dad69eea9e,0
2dbefa3f0ee7f5ef,0
bda0e38a6ae42b6a,0
d50cc3a16973c79f,0
6c23f97b7d24bb63,0
a0aab2e8dca05d85,1
f78c46896435a58d,0
6215d3e2a32308d8,0
b3591be7efbc086e,0
dbb481313b127d75,1
e3d85dc6e962aaba,0
91d7a093a8d84f29,0
5d1c1bfb8d5f5d23,0
bb0665ded4609937,1
e0fa6bb9359072f1,0
2fe6cb0c957508b7,1
cbb9b86d1a30f96e,0
6143f666cfa6e677,0
a3442eefda73d7db,0
125a8a5cd1d21dd8,0
3a28c81960d27312,0
bf3fbc9d7bc9e2e6,0
09b49d46941f1cb9,0
f459372dc5adcfa1,0
a4e39202eb876429,0
f0f7850d94d9f961,1
1ff5f3ad3aa3b226,0
d5939526bdb2f6fe,0
316e848de3bea0cd,0
a1c87974ca184d1e,0
05f0ec002fafb754,0
e217e6285ca93212,0
37f3d93a1be38f06,0
7a3c5d33492f3458,0
cae71467c1eefe57,0
67107b29cb3ff0d7,0
cf98b92bc02e61bf,0
98c55650c82a6086,0
1425912a9daff383,1
a7d58b57a66753f6,0
5f6e3ab419ce9f8a,0
1af5da7047733e7d,0
f33827f542f4dbd9,0
9acac0cdbd685b5a,0
b27428009dc53fc7,0
2369481ea82ba36a,0
9970bd523ff302d9,0
1395579d2ec8898b,1
7703ed69d624a9d7,0
d944ea272b106bdf,0
60960ae8524ad878,0
21971be2bca822ff,0
fdb239034edee400,0
f133b0c9e1b91f47,0
7131517e375635e0,0
2aeed675aaebc130,0
a2f34b360c138bff,0
719687cbf76d3ebf,0
3f97847655448a98,0
7d196b83b13601fe,0
d346f91c090277bb,0
4d5f56a425aaa26c,0
49cc5383d438066f,0
a4bba7fbc8a4fa3c,0
18ff802ebaffa61d,1
2c22cdf3f7cbc1fc,0
0fc0b0a9291b6583,0
31601bbab7948c06,0
680e033799109aac,0
7ec7803eed038c6c,0
4126a2a677d2e760,0
a19aaaddb88ffb82,0
ed57b5003e066ab0,0
fba5282078ab8b57,1
b9d5b7a8acbc4321,0
5b9a9014f06c76da,0
6e70a4a7027ac237,1
6092149cf7bed209,0
2639a1bd276fb670,0
ff16fb8c6c227d48,0
16e28b49de940ac1,0
5ac12056d6bb88f7,1
e9dabfd068ed0028,0
67647f2c71fb6534,0
23952fb6d57bb977,0
e59cab4fd0e73d41,1
eed61043a8c8791e,0
cc84dab8e5e28acd,0
47c17f1747c58cde,1
3b9ef23231ce2921,0
5bf55eb0e0dbd9c2,1
db2080689f1bc73a,0
01cfc70dad023c4f,0
84920e532e1a6c83,1
cc1a42009e3a6215,0
9813de0cd154e7f6,1
5e358aadeec16d51,0
952ab7067ca98036,0
0cf21ada1240f808,0
78682423029d0f82,0
fbc3e15e011fdc64,0
84d4bd2a3e8eb633,0
24359b424da47c3f,0
d717b647ad0a34a5,0
62cca18f38532663,0
f43d2dd22369d9e2,0
3a76b5dbe24c22a7,0
0490b52b26b0ab69,0
86a037cbca8cf3d4,0
036cad1691e041dd,0
f2ab3997c0db9fe5,0
339d61894422bf62,0
84ae374e7259cdbc,0
284c3c951db5ad31,0
d7db978a7856bbb8,1
e6403e49ca6c2cd9,0
3007f277e35e28f1,1
d3caec3448226142,0
d054faad654ecb9d,0
8b00e624228cc64d,0
b16c584c22c5c4bc,0
5e4ee33b6278d372,0
af3393b024b49514,0
58fc00c218a9c4ad,0
6e3b712c8501228f,0
bcf5b908de53f76b,0
000ae869dd67677c,0
1ee715ac9a51f3a7,0
de3b37731b362941,0
0fa82817a61c559b,0
71b97b6520f3871e,0
6791fcadec63fcf4,0
2bf39f230769b663,0
7b4e9de2b6cd37dc,0
b0a8930aad11403f,0
ae428290099d9d75,0
8f470c0cff1794de,0
a172ac356577c7b9,0
2e7d6fc30ba0250f,0
fcdfda71e6c7feb5,0
4360636998091e75,0
b2cdd8c7061a783b,0
59514256e45bd115,0
081b85140e6c64dc,0
af7e6f06d2e62fc6,0
77794ef6a599fb95,0
5ad3d1a2a30ce6c7,0
f478fe505a23816e,1
3c59f1cf1e32fcbf,0
5713704e1a3e17e8,1
d46924bc3772f55c,0
cb8caac46fa19e60,0
46a98c3ef2bcfd36,0
9bf44dbf5f727eec,0
a36f3c7e56280bc7,0
42223753d3435b07,0
0d4cc4a47ac97f0b,1
43bef650e1413fe7,0
2e019332981442bd,0
fb45d59c15b06e39,0
03d3e907657949d0,0
0b46a6fca9b167a5,1
484a77347894cbcf,1
3be528799cabcd07,0
846f2e73d20b1891,0
950efce284fccb52,0
bd39a20eaad64cc2,0
7c4f2e5845657580,0
370c01d135c1a585,0
020fd6de005238aa,0
bed5042fe5310033,0
ea466ae75a3e7c5d,1
b985348c131d8e15,0
9aab9dcf18896abe,0
de6dc45f5b65887f,0
90a93c04639d6dfc,0
5b362bf8feae02f5,0
e1460cd24dd9df7d,0
78746c68f6a29ffd,0
43e89ca97d4e1189,0
0857010fb937879c,1
5489a78d79839d78,0
9ef86a8c4a55f304,0
4480da9531ece364,0
43eaef2b916e7b48,0
7519efce042545eb,0
1f819bf886dc526a,0
3528a14c709c7b05,0
b3609339db305c54,0
449571676ed96618,0
1ba7f585b25ae845,0
926503cad86c0583,0
cdd8c8f3d5245e35,0
3aaf761f6b5c7aea,0
360d638125dae438,0
701550816c1e5635,0
874830edd6552370,0
dd342357df15ce9b,0
8fd028824b6b740b,0
27c8532a5fd90c9e,0
90ea5eb1fa9fb22a,1
be1d001de15aa142,0
26ff697a1858a824,0
fe4a51b268867ca2,0
9991c8b8e6e7c903,0
7152d40c0f847f68,1
3711cc85434c8e8b,0
3b20fb75b4bf665d,1
f5ca3801fd7b9aa9,1
4903a31cb1e7d238,1
74f31e8503742d35,1
8ee76023404499ed,0
18825ba89c073519,1
9fb9906f3aa9c270,0
40c60c9d44dac51c,0
6cdf36ef1d701838,0
bc51226b6f586e8b,0
8a8f70f4df3e2107,0
11e2c33537102a71,0
2474ceca57cae4b5,0
3041412cca72476c,1
d43fc77cbdf8b092,0
08d2737ffaee6570,0
798b987f974ef6d9,0
586ef34349754b4e,1
347d9f7339420be6,0
0b1b364ba2692a80,0
cd2d73863a1e8cd2,0
34caffbc254f83a4,0
0b3293fd251d0e8b,0
e787d8cced66d059,1
39f8515841b34534,0
e23e6993971cdc71,0
658d5244edca017a,0
a36ca69a4431f543,1
6633644b194281db,0
a238b796f418679a,0
0b139aa17b1681d6,0
f6b8609e8a2c7aff,1
08b78e9421959283,0
4d7b7af68a524d59,0
71e62ab26bafb6a8,0
e303ae43ae9da6ca,0
1739aa970776158d,0
b16bd7e7e0bd0cfc,1
672c4d56a4cc48f8,0
aa0795ba66fd926b,0
04e4795191b73a34,0
e776d76802cd7c06,0
4c04a6fa3a50b03e,0
fd0b18b219c34f9c,0
365bcb7df8cc918f,1
d572a000b03abff4,0
8e199520df270ae5,0
80b91c0691340432,0
1ea3d5470b90cf98,0
ee2d052701486148,0
141ce46a6b381835,0
e437f29cecfc457c,0
770083fbb66dcde0,0
73cc571a17964c0e,0
8a91937abff792e6,0
c90077a0789c26a5,0
a801343cde8feb79,0
77bcc9dcbd22111d,0
b3846a4a689f4d82,1
347f88e61ae96f7b,0
3f09cfa9585438cf,0
17b35534389991f1,0
ac9321f247d26ba4,0
5f6c01de9f575d97,0
230cae1411f199f3,0
ba0e29d152431656,0
2fdfe3175f097939,0
40526893ba731630,0
44d8deac7853f9f5,0
b389af16da026c90,0
8f6c19dac420fdee,0
e382313c80840f8b,0
cfffeb965c7aedf1,1
68d2620f95a19c90,0
44b5ad11c8b978f3,1
9d35ba00548a6500,0
52211702a7dc5bb6,0
93b5ca0c49b16b15,0
6626755eb65809b1,0
5105c908cab3d69e,0
6f2762fc9b4a17e8,0
f1b394be62aca953,1
12ef673122cc23ec,0
be143579f9ec6534,0
50573c891b2ac888,0
fb30e404a8a1138b,1
647fc292e684d25d,0
99590ed8e726c299,0
1eb2be3e32bdcdac,0
3cf686053ffc683d,0
aabf230d472529ac,0
4fbb2ccc5bd5fe4c,0
8145f58be49d0f3a,0
7a9dbb58637a2eef,0
a66d1f3f87160ea0,1
cbad71dae8bb4e59,0
77515b41a0c9572f,0
0d2e5640f8c12649,0
b229f42a6ab2bcbf,0
fbc4585daf3452d1,0
1602a67e98b79e20,0
d0729a52cede97ee,0
e5610a0ff90b2e0b,0
112dc850aa1e69ca,0
7a064152985167f1,0
3177b5ff69858e5d,0
dd32249729a24241,0
6886a25277b38eb1,0
b8f096b31bd11175,0
f76236327ea6980d,1
012d9f290255caee,1
2b1b6e294599d1d6,0
1d4a08dd455f8aef,0
e31d31365274bb61,1
1d40d07dd230bdd7,0
05d1db2f4ba4cf25,0
26c649c431569581,0
54edfdb22cc477d1,1
b67bb3b72ef3d222,0
e3f82f766a4070af,0
0183b481e2c9d724,0
b3783c12a10a067d,0
3f1d7e842790b85f,0
4cda2d7db4431156,0
43880edd175f70b5,0
2c19574fbb935aa4,0
d1c54f7cd913ecbc,1
3de600ede0b1a649,0
da9a9927369c7454,0
12eb141cad401824,0
98f82c1ab355667d,0
9fa709ac3143abae,1
4dcaec2c9bcc510a,0
3ef83b6d500a0fbf,0
7659a56f8875f9ed,0
0f0dac1bf5cd540a,0
71ec37a245b43122,0
8276876e9d8aeb9f,0
3cb05f751520c4d9,0
f2e4c09e331717e3,0
38d978f8bbdef07a,0
65f32936a178112b,0
9f1b600be3a0fc90,1
cbdd7139e67cee33,0
835533da959eacad,0
394ac34980210ef0,0
3d6a85264c906fad,0
7b3bd013121754c4,0
28b26e78c5a62b49,0
9d4fee76b0edcf13,0
475d6ca3525c8ef0,0
e8b762334b618214,0
95085b1c4f1d0388,1
d5ead28d7943c53f,0
277e16dc991aaaeb,1
399e6d9cbaec1f54,0
18ea3ee92b70987c,0
91923d4c0f58b81c,0
b207b74a3d0247a7,0
c81688531d4d6cd9,0
20fbaddd1e75305e,0
28fa42ab7b57f6c8,0
25ce69fd0fd8425c,0
3ef8ccae3be8a305,0
e6900e67bcc7cefb,0
5ff59c057be5a937,0
caccbb73dc5dcafc,0
d134801931b3800f,0
46abd95dd6c7ea7d,0
b333b2f2ad8db017,0
31c7c0f44efde7e8,0
d7c6babf4584f879,0
26fde6fedd37992d,0
805facc34872a666,0
c480c8e73a8982b0,0
39b63197235c0387,0
a89cdf3f9394a922,0
33ec5bb50ca687a8,0
f14dee42510a6437,0
8adfb19835818bad,0
c7221cde10c4dba1,1
250bf591c38ba4df,0
cf5f504ffae1703d,0
e6427403c98fe0b6,0
b85f1f82b3d5d7d7,1
94c5e45d87b8887e,1
6c46b324c3560030,1
bcba28b657a760f1,0
3396bd4d4f1c270f,0
36496ddf91bb04d0,0
a23b685da1ce0f85,0
d2a66075eb35b4b5,0
67155266a9ae3c35,0
c5ad02dfe6bebe56,0
9405cfef3ca39f21,0
e3ccdbd5584bf34c,0
b847566a434e83be,0
9f4bad4d8741db50,0
13b826aa4b16a992,0
13a5771bf4f1b13e,0
eda9f87b63f35d47,0
307cf50f150db5bd,0
6fec40ab867ea6ea,1
4edca9ae54aff9eb,0
df503b5827bdf3b1,0
70db8051c4533485,0
31711aa983be1967,0
a5e48689c0de583c,0
1996736c86012adc,0
5de8575f78a97c28,0
b2f4b4b34a02d6b2,0
41217836796f7a74,0
264c0527c96dff7d,1
c36d26c474263bae,0
93f287ea933d8753,0
3d954f332fb2a4a2,0
e712d95b39488108,0
5e5f6dd23ba89883,1
a9d740d02dc24704,0
bee3c4e77878787e,0
6fa4d5e5427a7b5b,0
90c05779bb78d67f,0
c1b38bbae2b568eb,0
2f95ca5af38d9483,0
a701547caab91222,1
4d84c058022ecffc,0
72763134f8ba7f91,0
0b9cf610ac53dc8c,1
5f40b1486132f501,0
b74c549279476c8f,0
05b7e5e805e981c4,0
a2411f2c2665c216,0
262a808d216cea19,0
5a5107a4bc98cab4,0
ae250458aa2cf4e0,1
44a27ea9906a724d,0
f8980d9a2da9293f,0
58c1ec42799ea7cc,0
62a252f46a8eeb79,0
e263e9bec3aa5b10,0
94a35313aa488abf,0
fe6543b8558d9bb5,0
65890ccfeb3b67af,0
1950693f9f87b7c8,0
1557540ead906cfe,0
bdb81db1eb3af143,0
4116492672a897d8,0
90b4235944515423,1
b22a96ec48376601,0
eebb449e8baa8a17,1
afe1df21895e6b14,0
c9dd11183ee3678d,0
536b4983a2e4d035,0
9ea20e7a2e5acf9d,0
745a0ff5e9f6e08e,0
c4dcf7dd8f66e706,0
a9e0a22c7e9ea5a5,0
5dd844da33d4d9f3,0
0c83eee6f7002f4f,0
e2eb132f7413c85e,0
61e45013efb699e9,0
51a6679745c9fb0c,0
26d966018d219f04,0
1c79f04e4414033d,0
9da7aa0da5317620,0
0b35ad098024afea,0
32b48ed1b6708232,0
e6dfbab0db766fc4,0
308ef23fd477e6f2,0
fc741494500c7513,0
13bb42813adcbaa5,0
bd36d4746d40afc4,0
1083fc3e7311e7c9,0
f28140aee2ed7ad3,0
dee44dafbf45aeb6,0
a870c79b8c02f6b8,0
179cf17caa494b69,0
edda4046372948ca,0
a304579d5e1d1cf1,0
9e72d1b1b939a4bf,0
7c69254b62e17b36,0
2ae6481a5d7ef4cb,0
675ef2ece9a54686,0
27642b32b25c7a28,0
05d286a804ff5fad,0
0929847de21989f0,0
5678be834279cc3d,0
bdf26cac3e191446,0
0b59cf1b24219af2,0
cd60b1aae607702c,0
6bade6f286a974dd,0
4e8c1a5fda40cdc4,1
c679964e8110421b,0
e606ece4af7f8981,0
ab755be09275f6bd,0
acb3921e3dfcea11,1
31578d2037bcf169,0
fa022a70fd2ae15b,0
8d6af9c9811467bd,0
21f56c2da51407d7,0
e286587c22049859,0
cc6873b3bbac486e,0
ce8acec086d7dcf1,0
a9672ae00bdd65d0,0
a76f8d93be990763,0
87489673cfe476c6,1
86eb77f313e3e732,0
4af0d9cb80cae614,1
130d712bfedf976c,0
7530e281d58facc5,0
2b7282710c1e3a6a,0
0f508fe96962518a,0
f130661c78e8a54d,0
b52bfe84f86059d2,0
aa6eb5c2c9cbd04e,0
4ee5c8dbf920a853,0
d2759732af01fd91,0
d112b3054ba2d002,0
59cf151ef971aeb2,0
3fe9d335090b802b,0
d55274bdfa20a588,0
f7b2dcda38cf897b,0
0325b19ec97d3cc9,1
5d5991dc4cd26fb7,0
4086f43597e1b985,0
30cb91931173696b,1
2cbda0e9c514bf50,0
089b3e7f309d523b,0
edfc7e27df69c15f,0
3e8a4ad0645725ca,0
4c72d45ee07769a3,0
f906de777d4e615d,0
cae6b2f049e6c325,0
2a0db355c2ab742d,0
e057c719c2992eef,0
51910746a34d60e5,0
990816a63b6e484a,0
67ea2ec5f17473fb,0
51b3e58518329de4,0
6eac40d9f216dfb6,0
88c0436e7920f146,0
5dd9059a821011b2,1
cef8a24d2f8c4bde,0
72000a11bec9fb67,0
ecbf404700468d6f,0
e05aabca171839db,0
773481f83c98220f,0
0c65d84d720ab9e0,1
fa1b33428e495797,1
485a4b5cbe9272f3,0
02ff99fd56983b54,0
9276570758db2916,0
4322801ba2dc73c6,0
1061b258dd3f72c6,0
498933f0eb0b40d2,0
15f8eaf48be79f01,0
b56b927bc12226dc,0
f7ffcd1066c15310,0
d08fda287f907c71,1
76146a526691c4a8,0
e114bd4f8dc920b7,1
8b95b724d84dac86,0
b71774a7cf0e7f36,0
288f77728d54236c,0
4603e6d2b4252ac1,0
a3acb3287ef1a0ec,0
06f1bce3df82ea8e,0
d30d506d89980edd,1
f545429cef23b8e9,0
6c5a1a7bd82146d0,0
19d482b198dee7ad,0
0fff99f02ff3d27c,0
d58271158d94749b,0
9b630c7dd80c89f1,0
e76374d4d9efb258,0
ae5402a2c774a60f,0
a1712f4f41868842,0
fb5ab79d08ee0fef,0
7c004b5662add43b,0
d4d76df36335d53a,1
8e91686bc49fabd4,0
e5986cde34f29b08,0
dd7c44f6d0d9c390,0
03e07cf1d620fa27,0
9d28ea26c73bd78d,0
de6aee488a8689fa,0
2467c996c6bf270d,1
ced767225f903403,0
6a6d604c67dc9f0d,0
49f41994680e5c57,0
4d797d31996c49fa,0
ddab5fbba23c7df4,0
3a21facbbe43867e,0
0806741baa6d9f2e,0
427de83565f31527,0
e44baa9307c4bffc,0
e76f4e489d6a11c2,0
a847a4316baa5ff5,0
52bd99a3a1af19f7,0
b5e7985674f63f16,0
75c659dab9863ae2,0
5d9585b874615580,0
36c71271b079d233,1
3aa02b61edf33f70,0
a85d3dd53af47c73,1
ab3404f2ed95c64f,0
fa07d5c1c2d93347,0
e4565c77cde96b40,0
8d8f5064682e0e2f,0
57e61646dab28c64,0
748bd41cdb754fa2,0
6e703f8716140956,0
4b36009575884365,0
cc76bd91ca70bc9b,0
5b7093685cce17a8,0
eb0e1fcfad7c1bb5,0
716bfd2d1e10cfa6,0
65ab6e915b2c9f6a,0
1fb3aefa6dc04743,0
1bf54e9a52e7e5cc,0
2edd255f56c3a4a4,0
741ffaf14572fe98,0
a4bf45249c68aae8,0
798c97de1df26b74,0
b429bc46541c27de,1
8024f967c75973d8,0
6f5d861a530f7afd,0
5a25c1bc07bc58f0,0
83e07659cad16f31,0
83ca8ea7bbe08a5c,0
c4cc8bff54b155c4,0
096361afd3d297bb,0
dc231b5486b36539,0
3ca976a0bad162cf,1
e6231203d81d0fc8,0
a41076b72e9f61e1,0
0194e3d64c590d97,0
fcefc287b8c6e6e0,0
da5aed3c17e9ff29,0
b28870898e697365,0
497af099c5952352,0
41db9916cfed1baa,0
d5a940300220d1d7,0
c8291c80a0ffaf03,0
3fbce7ba7e65e247,1
df94bc582adbbf69,1
896744b531cf6e54,0
553115b609fa0d04,0
6d21b923a29c5f82,0
3ee315467ae675c4,0
7b5ce7989b20236b,0
4a02588cb11ce850,0
1b70c81d7011d476,1
e300c27d44056eb5,0
9dfcf3cd4da694d6,0
5e5bf5b70e782506,0
9745d74700153c6c,0
90c0c0651e0555de,0
8abc2bb0dd10f65c,0
40a7edf317111c46,0
a959d3ace681a14c,0
d958fbd41cb65149,0
35253587222e4e20,0
f0df5bd01d64fb46,1
fc4d473d0f4607a4,0
eddca0723059daef,0
b0e6a85c9b339f77,0
58ca6f84cf1dd069,0
6e0df1c7413d90dd,0
57c75ad64ada4c90,1
dfda3c8f75813ab5,1
b36ab0e08c743bb9,0
edf49a21df8266fd,0
6295014b5976ab20,0
094deac551b781c1,0
b49e6660b3ac3971,0
f751f373ade7e88e,0
b354423939bca826,0
3ec793a4d1811b04,1
60d508e479edec40,0
e8fc838de6e29798,0
69f77b4d05622623,0
13ab9d15d61db458,0
c98eeb0bae2585f8,0
8402ff720016b576,0
9edee34593257363,1
43db0f72a0130c5c,0
807fbf25c0fa162f,0
beead76d1278c1a1,0
c0c56d6192534b0a,0
43ca24f34e20739b,0
4fa7c10aed4f8337,0
c60a75c9b9673580,0
e4188e31e8cab32a,0
1ae5cb29f35e1573,0
c079280f26584406,1
6a454ef8dc416741,0
2bc7acf037f6116f,0
54c5650c57adeb54,0
311935f5ecba499f,0
c5b38e67658e9403,1
95b2f36bb5be7cc1,0
3b09041ce90747a0,0
e236fe876e671873,0
9defe0b0a56b74ee,0
3fb8b82bfc137135,0
6553d7006454d207,0
f0791557df9299d2,0
66ac7113bea2860f,0
53bafb51c73a0b4b,0
2a28a90b3c5e03b9,0
4ffb03bfe315344d,0
51069d1082960f42,0
3851fcdb0874260e,0
593d8231b906144a,1
5f9742a9c59bd0b7,0
79a4fb444fb71f6e,0
195446e5573ea5f1,1
19fb3535bd72d14f,0
6c3cc5ca56b51a5e,0
3f1df3140ad40e86,0
1b6c0d444315ffe6,0
66bfdd4b11cda44b,0
53364c279a56bc13,0
05212f47aed2d105,0
bd4d4cf52dc50623,1
2a5e980d7ea19b87,1
a903675022db0fe4,0
6cfb6cae55e41a58,0
69b898399386f766,0
50ce5c1823b71fd5,1
dfd4504713b0eb8a,1
94ac17c16a430b60,0
45ae955427614c5a,0
2d5c5c256285541e,0
8cd9113d26950dbd,0
986cffdc7630b55a,0
11c7f758fe180912,1
0b26e455d4dd0b71,0
aa47c7071f974958,0
218452e57fa153ef,0
119316f8461f7dab,0
6504501dfea86123,0
3b84c2d3bc425524,0
acb034d226f90586,0
1c861cd57d6cbb91,0
5242b815c9060d05,0
d63027b95cba3fa0,0
2e421be02b8b41b4,0
e0a73fa5b37ffee3,0
933153d88627d0e0,0
ce462a06b8c3dc48,0
c8de054da85f0e5c,0
38ae9d3491f83257,0
fe458857aaad331f,0
2cb45643f81f98e1,0
4fafff12a572c2da,1
a06f18c681d21c8b,0
176a0b3df07d9b53,0
42060be4818db2ef,1
51b13306f8c67c6d,0
d6231f0fe9b80bfe,0
aaa2552e10f71d96,0
7a66a93e47b907df,0
ce48db40d9b8b4bc,1
7401ffbebd1f743d,1
4c710b988493616e,0
a9a4c84e03cddf46,0
20c323e4cf50d30f,0
361fb8a6368a7911,0
2192c614fbd2a471,0
9a06ad31c097a28c,0
3be36df1855e8a6a,0
dea9194f75401265,0
8639a44cac471bf5,0
94b6a582f99436be,0
f0189ec3c2f61619,0
f4196d5a56bb88b2,0
5b2ca4235c5707c6,1
f089c8122cb283bc,0
6a5654e7cec641de,0
41d417698cef9f5d,1
5b6b74e4303f37da,0
645a8a9067eadb90,0
06536a6b182773d7,0
bbe2a598d94bf233,0
ddde44bda717265f,0
bbd8506ac335a476,0
31d616757f66129c,0
8ae092e9c59d44e7,0
d7a517a593f25c65,0
59275332661ed49e,0
1c20d2fb37804f44,0
8565c28ca03bb623,0
d8fe8d1fdc8f7c82,0
f80ec6ef2803f0c1,0
8d3bfef9248b67d7,0
b71752b659dfd273,0
ffbcb69534526c52,0
183695ac800e5973,0
1b725df8e8e7fc2d,0
58a73ea68e4bef9f,0
c312769eb0a540ed,0
043a3817dc9c0f85,0
cc589b942e929e4c,0
da85ad8ace07db76,0
a8838642c9d295d6,1
4a0f2e69860bab42,0
29227e9f8eb06e0c,0
7a5456689f593b13,0
0c6d88ce052777e1,1
18f89735ef3eaec0,0
090ae0054a63389f,0
681ce1b2cd7386df,0
e8d0bdec24a80df6,0
4dc101e28ac4da75,0
ae8633420aed4f9c,0
271dc39acaeafd67,0
838218c3db9f9c60,0
10df75b136724995,0
d3a587ea6b379713,0
e9b50039fbe380fe,0
923acb22c094e110,0
bb0d83cead2ebf52,0
ef93ffb34ffaa35b,0
35d8e65457977194,0
f955bca1df304278,1
757f6112af887d14,0
c147d477689e6774,0
7d942304135020d0,0
62b5fe6f03c56455,1
dd41da714a1d945a,0
dbcda11e60edecd9,0
a83c42b2c4f10160,0
3fe27cab35daaf77,0
414d720a4dbefaf2,0
550e5420d135e156,0
9663214420cb2589,1
6c9e1ef4f9baaf8f,0
ea23d261988f9dc7,0
347175ca305c8332,0
44f0eab6457934a1,0
9d857dfa1bb056c6,0
c69f4a8179512224,0
7558522d8887cfa8,0
e9074a1b4bc18d28,1
46a6286d141d7444,0
cd0b813c8fa91f81,0
2a6153b235bde701,0
5bf2c7b49f539877,0
4b97f7d437236d3f,0
2ca3678589d7ffb9,1
9d85c165e43ba56f,0
42c56937faa17946,1
154c1197563ee06a,1
07d1971af35e0e12,0
892446019d387368,0
8063751e5c77aade,0
a7e8d95174149f84,0
d67d6ecdea5e0068,0
7da595defd1e7ac5,0
7e83f72de9b23677,0
39947f4755be9085,0
96cc26603475c185,0
a3c2ba64128779d8,0
7027ca9543517d85,0
f27bcceec8783998,0
63f10e9481470765,0
f1de61d489414123,0
e40ccc6c2c8ef099,0
a0641f190f5ca409,0
7e225c75b6c7dc08,0
ffa7e8f4987ed568,1
2df454d7e833f761,0
92c1ebd2b27e0ba0,1
fa7f615d048e43b3,0
3b73a0ec68174853,0
e50cee63833dfeae,0
a3311d8ac623cc27,0
d4c384102c125093,0
85c5b7325beee6dc,0
475d97d6ca3adfd5,0
bc345c73784a290c,0
bbe66ec2ae5f5d35,0
5e93175db8c82e5a,0
330cf342611fd133,0
f66479851239d9d0,0
6ed08e4c46bf9d9b,0
a4f250284bc311c7,0
019793adb261b68c,0
9a2c640ad788ad8a,0
94fec11c5d3c6b59,1
5132c18547e48d8a,0
c8162b9cbaa368c6,1
23dfbf8bed0c8563,0
6adf424f8cf834be,0
6782ee4ca9462507,1
e27fb02fcc4b848f,0
91fc0583559bc2a8,0
923e3e98874931d7,0
96f57e7ec81cc5b4,1
a6b956252830f3e5,0
4d94fec36437d671,0
74e84895e524afcc,0
fa5a376d886833a2,0
0bb50fce303eca5b,0
032bb555ca6e9cba,0
12d84c19a74866f4,1
8ceaa521e4a5065d,0
8f776a6b2d70544e,1
f1e6a373ea4e9a61,1
b2a3927164523abe,0
93c9a9540dd46594,0
211a5e551df7e392,0
285c365b8122213b,0
b6f3e37dd4bffb40,0
90aadf9b9cfecb13,0
671a4fbd4d007f5c,0
097ec1a165e2bc42,1
571d6a456575ca87,0
817bd6f99726b8f5,0
d8a22255eb8750ab,1
bbb32db5d87ab49d,0
606d61ee67ef7b95,0
c4f47d030e63ba8f,0
d6022f7b53536378,0
817e9ecacd2f26b2,0
0786456b6b690076,0
c41b5cbcfa40f911,0
54b2360dda947110,0
9b979f850e222634,0
dd4490b2e861fca8,0
54fa55fd324914d7,0
877097f381549ef3,0
2b19e9da4410ff05,0
957571e05f62a2b5,0
1a1eeedd4201b4df,0
434cbb3c7e3f7269,1
e4e6117b9ac79648,0
2a578f1f71cf9c1c,0
b3ff6c64b2f4535a,0
c7411e2e479a9ffe,0
3d97867b03953b6b,0
019101c2f951dd8c,0
f61eaedb9fce04e5,0
78092dd42d48028a,1
c6322b8176c57c46,0
f9fa405c20a1413b,0
58b07841694e100c,0
74aab5d3e8538ffc,0
2023f5d5094b2b94,0
f49b0fb2df2b01b4,0
4033c27151136369,0
cb578984db6ef1b6,0
d73bae22a85ce035,0
66127adab46d02b6,0
ea456e8a97213ab6,0
8b59c7396d4cfe8c,1
40ae209d557e67f2,0
86a23784aa32156d,1
3c8c3df83e832ad3,0
8d8054375acb279d,0
cba18a1c2fc08ece,0
4d7551510d856782,0
d5241c4b6d4cf736,0
46e6a0575dbd2071,1
4ce12996fcad8c7c,0
7d58d8971f775570,0
0fb065839d2e19dc,0
54e93ee1bce82937,0
95d80b553f3678a4,1
0c44b90ea26ab562,0
683a34a72ce1bc38,1
fdec43b2348e18da,1
e12e5d6a93d5d1ea,0
25a9b59b0ee43de2,0
27f8ca838e47f76b,0
c03f21eaa1757ea4,0
a0da1cc3718cf297,0
d1992e13309f7cf3,0
234902b1605a491c,1
e584a2f011eb9cc5,0
cf0b3b0bc3342aa0,0
5e0de196467dd1ad,0
d4f9b347d424f382,0
e342fc033541d2ca,0
5ada6dc3b1733e72,0
8ab5355b2a74404a,0
ad4df0bea4ef2d1b,0
9f25e23b2c6467a4,0
8fa07ef2fce88314,0
33b644d04907ab0a,0
d83628e1a3e4144c,1
26131f55592009a3,0
17c6314a389b2c57,1
30c5076438960f17,0
35f90564462a905b,0
9fb1f2f85f42903d,0
120c6ffbacedc38c,0
2562fbb81b26508e,0
68ac7bee88a82a42,0
134176f8049f4fe2,0
250dcdc57153df26,1
78c3ce1357453464,0
e4d6e682fc86b3d7,0
426d37ed193579cf,0
b9568e59cc6b94f0,0
eef99bff7998c8a1,0
aa5ac5bdec3d89cc,0
38fc75dc727d5124,0
dfd555f2767f2e0f,0
b3656a30dc4d20ff,0
e30a1838c454e776,0
50757914d6e4dd33,0
499123d9a2f0f0d4,0
169e45d0ef2eadb6,0
80e058c15744e107,0
07f137d7db64c82f,0
e0ad5e047bedfc3d,1
298bca5feb9168a7,0
9c09400c30a8126b,0
b67f5a8e7ac9e0bd,0
4b472d8f3f12e870,0
467438d7a1d0e802,0
1dfccab7e50414d9,0
2a8f5c27c343f293,0
982f398fa526d26c,0
b60056b8b59d45b4,0
f16e1f221331b167,0
57fe859a3e5e0983,0
127f41c7c7f9f4a6,0
fa98cec80db4246e,0
660bb83993554bad,0
273d7e86fdd0656a,0
3bfe998f6913b640,0
278c3937d40519db,0
df6bd4be01796af1,0
adb731edb9f4c95d,0
ffed5e354a2a1df9,1
a6ff3974666f65ae,0
bdf8efa32c4e6558,0
2f5c1d5a8eb04113,1
02186a791739b3d5,0
ec037553ff834fb1,0
0cdcbbdbfb503779,0
011d159c4b5475dd,0
29d8e7e8e873f6dc,0
65b4e74a56720400,0
a6550d84ac85aaf9,0
16f789bb54b65964,0
4d695c1400f4fa94,0
c3526b44986f0251,0
8ed216fff577be47,0
c91e46ff6114b211,0
20d7bcafb32f966c,0
6b4feb5fb4e8dbe6,0
f21215e69940194d,0
c1177b60c9d4c1a9,0
f681fe788566f8ea,1
9c1e159c2620e6fe,0
b785a405d55f8a61,0
f4cb18043d1af584,0
434cbd7246fb68f1,1
50920ee2a050d5cd,0
936c77564e3a23c9,0
8305b78817a0c416,0
b40a5c3f3b41a141,0
ac633468f83f34d5,1
d4806e7bd65a6833,1
b33f4bc2b6218a67,0
9d3552caa3224fb4,0
0618035e15516821,0
fe9ca5423fe7d4aa,0
c423af0edb7158c3,0
257efeb84d29bd2a,0
0f1bb7e7f53ded10,0
d545a1f962db5909,0
01edaec2b346d748,1
b5fd9845224bc24e,0
e69f5b65d886899a,0
6f438d498b98f339,0
6bc4911ec5378fad,0
63df23836a55de8f,0
35dbc63125fd4d23,0
e065b70e0665dba7,0
e6f74e8e189842d5,0
3b791ee93b5632fc,0
c711226d70c1a8ac,0
65d86fec67de255a,0
f04c541b6896844e,1
6a72b5354231eae8,0
bb46fab130937139,0
12c9f2bddd9280e7,0
dcef83a8d5927b05,1
553f5d1ca5856ac1,0
f03e9ada4e77f95c,0
df626be657892d23,0
df00ba956d6552ae,0
a5f0122ecdbf99fe,0
6e3484883966d499,0
c78f888fef5bf6a1,0
a6930840b3d80d56,1
ba1ab31a7772f22f,1
14cd89ed85c1ded2,0
6bcab67d75e1efa5,0
905dc11601f0bff5,0
074171c1f774a4f7,0
79c6d0072cfa9780,0
5f2eda4ba89c1e22,0
4e905e219d7b9314,1
91c412e7001a6fa2,0
1360425e55f9696c,0
3719386b6800379e,0
3a2e8dc85c406a99,0
53d6fba42c0afdd3,0
897aee34e62ee963,0
de96a1e5cf4bef96,0
2948acbfac62c465,0
b91cec0a90f1b57a,0
7d5550556964e509,0
b56c6061723e2edb,0
91a61083ebcbc7ae,0
a6b4bd004fc01b37,1
7d610696236c94d1,1
4f4c74fee65c2bbc,0
d0f59d7f12015025,0
e5e18b7737047512,0
f14172a52e2b5878,0
c0980a22325d0d82,0
ef92edd5e7b15a6f,0
4db150f41f5889ab,1
cb1e5a04665dc3b8,0
ac76d8e403fe687a,1
381e4eebb75ba735,0
39f531270820005f,0
2633b55a21042270,1
b174f04465fbcd76,0
f8ad65df2c9c96ae,0
ca0df93fa544adbb,0
529a1931b1d3728a,0
b36a675772f4f482,0
63ba103e8ba1f012,0
4dac4d34f81bb637,0
2500957c4c9e7a6b,0
d4e4d3ab61ec96c2,0
6a8c276d80a38e40,0
8da54342030d829a,0
8188d19f3d024201,0
7bf2e44026bef5fa,1
11a2c083400a6342,0
9869996788caa4b5,0
e8804f2babf96bbd,0
0d53cbd186ae832d,0
adbde609914ea75f,0
da9f06ef32d765e7,0
d5b018cea39c573e,0
40f35aa855b08908,0
07d9eb9cac45235a,0
e3620ba262792940,0
3aa93a1ce26f1874,0
a7c7f8bae05335b0,0
052c375e81e300ec,0
a3871052e1f34098,1
39823c451e136893,0
36e23d924d9fafda,0
6779df8b97b3b8db,0
c38bc24a3d787e38,0
1e02f8661cce5ffa,0
157bf49ef78fd51c,1
3641875c8ebb866a,0
18446df89fc08c08,0
0232dc0183417d20,0
34ec55674712a1e1,0
740114fd1f7a1e59,1
be6f1eb3780be09f,0
2411bc787a08b2d2,1
396a373a24681db6,0
0c0add448f6e3ed5,1
043b35237736cff6,0
86592e5398bd8efd,1
3c3729d675a889b6,0
7709b8a986c8c27e,0
ce9ba9ac249abdc4,0
cf7f0f6e3097df9e,0
adf9e134be313a19,0
ea231f08441c20e7,1
6d784f6c35586643,0
d3b6cadc795ef132,1
d759f670c165044f,1
fad04789297eb1ca,0
d64c9dd7d1a8a7ad,1
4cbdeb9dd1699dd9,0
c57c70c9cacea5a2,0
e28589931face710,0
9039756c002a0c1f,0
420da36b79f26ac0,0
79890f0709f9a31c,0
c2a0803fbb224c42,0
d2168db3e5ec4e11,0
249fd7ce3245635a,0
04981407868f0e12,0
f6361fd05bb4d0e7,0
d4e81f18930d50c0,0
828660da2336c60d,0
2287765b3c4cfb58,0
819abba68c6360ce,0
34a1fc4ef9de1c53,0
c4df6fca43634635,0
38999d9791af8098,1
947bf49fd6faa6d2,0
6d7e94ec7a898c5f,0
bd72d2d27632e4df,1
b2ef5654d142823e,0
5711e45b94f412a1,0
08bd611bd2de18db,0
6942f5f9a784b6c1,0
229f05a7b807f137,0
a5833409015fdd11,0
f949995a6e0151d3,0
29d9bb220814c824,0
bc1f696bfb93df80,0
fc26ca34ec504d41,1
15ea9ba015d9a65f,1
5d2a8d3e59a3f77f,0
cf3dbe07be853f38,0
d738754391b23107,0
7d094463ced69c85,0
05b86bd5ab88ef3a,0
c44213180a0d9db5,1
e8b4b2eecdbd7b6f,1
107188e8784168a8,0
a103f6da17a97012,0
ad00e721f3956a37,1
0e2b4b925e7a9d77,0
cc9e8230430361fc,0
9678c22d51b6bf7d,0
c87bb7e9d10180e2,0
31ba0cc194c138d7,0
6939b99c430c43dd,0
ba993d10c294c2c1,1
7629ddab0a8dd3e1,0
c2dc0d2df92dedbd,1
0baffe5ac620191c,0
104abe9e1933ede7,1
5187ce348de4d3f6,0
ceb2a001cbfdc08f,0
a99f35609261b28d,0
7de06790fde077c9,0
139eb020613efd51,0
47456a539a86507a,0
364d2721bd86805e,0
c2abead1571e7346,0
bca0ef3dae7aa159,0
f16d30865c9e8b26,0
b3d6bc8f0e73b1e4,0
9383499977e8a3a5,0
74c2f9d26618b085,0
ea4890e74069d601,0
a2e66529c18cbfb3,0
bf39b08370c88f5c,0
5323fe07701702c0,0
798f0b0c3898a727,1
287332f740ea05d6,1
029551420cc758d5,0
306a1294ede57c72,0
b23ac19f2902bde3,0
7381e1b650331bb6,0
2ec820f7251c5375,0
93c00c003fbd6b9a,0
a26d34dd42d6a467,0
3c8b31d30a1f17a4,0
45179eb83cc2e87f,0
ac8de55de4814e53,0
2a90d9234f6906c5,0
a1a294b1eca19029,0
9b28608d000aadb1,0
e3568b164a0b721c,0
dbeea4ffb19acb84,0
9b1ea8f26179d5e4,0
99ee54a648ffa6f6,0
2095bc79c5ea93c3,0
5fd71457d80565bd,0
25b8673e26dd5f77,0
a3d00d338582246f,0
b074d1080b4a985d,0
df2ed96564fc61cb,0
24a94f9fe4ffee06,0
13713db9e092235e,0
c363616251317d1f,0
02c11882f77f5113,0
42328d255f9503de,0
908f1d126cbe2a0d,0
556efd5e677f6df4,0
3395b00c8307d804,0
100c867e75937805,0
240524bb9e576bca,1
8e88de84cb7cb650,0
875b78fa567c34d1,0
f5144bd93f84b38f,1
b6b0534a73b6ccf1,1
3c6936db5bcbf492,1
15816d55afcd92c2,0
02af783b64d708c5,0
5c2fc96c9da4aea7,1
a7e533a83a0a86ec,1
dd51b9ba68c7a5d0,0
15a84f48f0fff21d,1
3659f2b56cbdfc89,0
1b4ba5727e5ca8c0,1
fe1216e95dda3774,0
04748af3a482e05b,0
dfa4be36d2f8a904,0
fdb146c83c29b69b,0
f81c48a033b951f4,1
fe2a012e6b26f6e6,0
cced79e610d1838e,0
0a510b799a3308d9,0
cc64ad485587f209,0
c2359905fcac7a14,1
db8d3e6443df812e,0
1a312fa24ba98ce7,0
77a0efd35d241c5c,0
9d88a11847277d82,0
471346f16c9d1317,0
06d3c381d3c400e6,1
abc0082da0894f6e,1
c72e91d389f8226c,0
6260f820746c836c,1
b5cd46e1b72922c2,0
7d0759723279e72a,1
885b739e9dd034e6,0
6fb3a355124ea028,0
8599d4e47e3a4b4a,0
7a38a4c12b3ca64a,0
27b83e8ba391e113,0
bab0f2b8c59e5500,0
a9c07036d576b002,0
c6fee4dbdac24762,0
462b2499ea4563db,0
8401037a501efb07,0
135bc15738d6eaec,0
510e67669c437f79,1
bc2596eb83236d2a,1
8f9f6a3975d7c1c5,0
3fd8cb107e4ccb0f,0
058da014255204e8,0
2364a77ca9a6bf01,0
0b207f33fb349d49,1
7d98102e0c779319,0
77b4ab6adb7fa254,1
ea4165beaddcec0e,0
7f293126d1a7a320,0
9f81105916eaeb8c,0
53f0f70f4577382e,0
6887a3a587df1967,0
face8fbcd37289d0,1
926b1299ca771eff,0
47bbda971a9375fe,0
01feacded5fa6f66,0
98e1ec30f5a7f455,1
afc71f4425c72900,0
a2c4d54b75bc94ce,1
6e85613f845c8538,0
ed2baf69244b9600,0
d56a767a79566bca,0
12cc5aa17c7c5aac,0
f719e3ced7b1d55b,0
e4bbbfab1821c7d8,0
33ec17daf4b5cf1d,0
df01d7d43ae44fce,0
0d29dc286ab23253,0
9fe3df1cc526c5dd,0
6c45c9365a8c1323,0
39a1e442e9e22cf4,0
867af18ffabfe2dc,0
c64e9a8c5a991d86,0
1ab875e8d3af8269,0
55620a2669347929,0
0b8262e717b1eb23,0
40301b7f9c1052be,0
b49c93e8704d28be,0
cf0bef8f0ce83f46,0
f7045d50b3a50982,0
d8f61db228842343,0
978c7a9f4d6efcf0,0
347a0c49ee97b9f3,0
8a726cec970f0259,0
23b02e2e4a7586a7,1
4ea025b747ffc992,0
fc4360801b8a5e83,0
32eda648bc866784,0
82717d51bd960c71,1
9ce883e3f42e4724,0
82b3010b12f4b994,0
c26b36027b59cf33,0
cd17e7da3c986554,0
1a91d2843dbbcfd8,0
17029e0992b1c93a,0
d6c073b89692c1ee,0
15d34153ea60fb00,0
b1bc2ebb5037c411,0
b9a949439fb925a0,0
23ca59966dbccfe1,0
3917acd46bc0cd78,0
49cc5d45ae31b1f3,0
2a4eb639888580e4,0
6798b61a5b98953b,0
0bd9c6c1c880d640,0
744ec55d8ecbbf44,0
700e2374891aecd3,0
9f77eeb2fafa5c93,1
7738f14f6176ea05,0
fe1c2a0e3a59f20f,0
5498f78cdf2cb19e,0
08e0a21ceaee0d9e,0
dea79619c4bcdd80,0
1c917b69bc50dff4,0
80bba719f34bbd23,0
63196653b71529e3,0
3666cf6b383fb6fc,0
cb1683ed1a3931e0,0
1656204ba91ae346,0
1ffa9b03af28e64d,0
55535e11d66b086c,0
1917d4119a1834d0,0
92a6aa0376341488,0
7ea5f12e9e05c386,0
6d90505b9e57018e,0
6e1d7e31b20d7192,0
9e30a693ec36038a,0
67fd2e0f85831100,0
a37482bc200176c3,1
fba5463409b2fff1,0
b368e0d122887b28,0
50033a058a000e70,0
80e64d28342e85cd,0
10c9ce7301f0a7c1,1
c762a0e90854eb3f,0
371d8a3dddc85c4b,1
7ffe6285328b3ad6,0
feedfdb88dbfc537,0
8a120561665603bf,0
b6804eba559e6ac9,0
da5df362bbb48411,0
7a16f4f2158cc07b,0
5de29df9b8ceaeef,0
4b47984968821cd9,0
301bbb894bb9ec79,0
926bc0242dec20fc,0
921f32b6cd2213ac,0
3baff78855f2d532,1
fb0538448ccea712,0
6bd2b1bfe2948ac5,0
8bc229f79b708845,0
e0722e55d9d2843c,0
6c9c98abd1757916,0
f5b1de2fe9d20399,0
de0b1d3d9286b9e7,0
7ba61ced811588d7,0
6aef165becd54c63,0
529f6ef8ed407a02,1
78b023ec9dc53e40,0
66927d27c3363824,0
2d8be30eb39c71ec,0
943b3f26845979f5,0
cf7b8e0b5cd110bd,0
e9917f4f0ef8cbd8,0
015475712a057fe5,0
496afa2437f6d2bf,1
bc33696af3c4f732,0
d243865883bd4a4b,0
5f545ad5aa953328,0
8b02514353c824d6,0
9a5ff40ea5de9e8e,0
3f6cd525df869f85,0
e1aa6cd12360994b,1
be129a5f9bc53726,0
751dd9c432c7ce93,0
cda6a5ba5842e898,0
f9e954cdb5be6f48,0
e086bd1ed23b3012,0
51fbe284e291b4f1,0
c4792bdff2e25bba,1
5ac92f6cae2cf83a,1
3b2b6c73c706367f,0
8ce1207f4525af68,0
7766fd3a2677f386,0
d509bfa05c193e10,1
4973707b8b3d5b3b,0
8a447e6082cfc45e,0
f62d612c2293744c,0
19913d5b77a91345,0
95e08385d82dccf3,0
23a18cce852d04e8,0
b38f22105a0e52fb,0
88ac4f6eb3bbd35a,0
7edf0d522079ccc1,0
9a9748d3aa17f2fd,0
86bbcbcb632458dc,0
a5316fcae1de740c,0
02c15953f908b49e,0
f4fefa66357d31cd,0
674cce4c375a0ab6,0
3d921653a72dd24e,0
01bd8abbf02208b2,0
a93151a61c19f227,0
d04a67c7f6571853,0
683f2520165e8d39,0
64c24becdc1f094f,0
df20ad6a320ea013,0
50aeb723f775dc30,0
5e73df12afcd1293,1
0e4298cc95771d7e,0
c6449baa4bef89e0,0
edef3db4283a2fae,0
dd564654bb63a239,0
fd1a74f432e96457,0
79a54eea695f7df8,0
ab1d2259f02fe493,0
f6316d78480e9f41,0
92a2422fee26fea2,0
de4d9f48901d9145,0
a6babaeaf1272c8d,0
dce4266440efaaf2,0
7d756ea1e553bc53,0
87013290f5fbab5a,0
3f81699527ce59ad,0
ba1dadd18e101c29,0
06fa71aa7fe5f3f5,0
8dcba512385c3f68,0
72f20d2e15a8cf05,0
c5bd5215a86b1ee6,0
152313ae88191f33,0
07d3dd0e78a6a46c,0
7f3f6409b1d46ede,1
2c50b43ccfd90135,0
185f4514aaebd943,1
777d89c7946f0a00,1
bca0ec53927faf6b,0
9c77de28b9b3f543,0
d46bce2452b5dbae,0
c32e40cc9be43de2,0
b3e0e42fad38bfdf,0
37b166243a88791f,1
769cebe210a530cd,0
b29203ae4d0545b9,0
07b9c0837c057173,0
07ef5d6b53b96e2e,0
5ed8a7bcb29d9a09,0
dfd6b76590adc4f4,0
191009f27badcc46,0
96ded8099c4090a6,0
fc24373be2ceae06,0
45a2014c0b3f8d72,0
49a5446d9bce5652,0
a6a0233e76f99451,0
ef25f1ceaab343ea,0
e03d1057fed55f47,0
8d25edee84212a80,1
918c03c0016ebb2b,0
437bd3eaa1acfe90,0
e41eb0e615e7988f,0
df9270f88e264cd7,1
7317df6bc257bc29,0
a3ee9665bd7d9e62,0
baa995c733d00dfc,0
23ebbc841432f7ea,0
f5531a27161a02d6,0
aa9c8179b6fc21fc,0
4920fb8e41fb7707,1
26be70b055ce3c6a,0
b77de68fa37a5382,0
a45226ad903133e1,0
1640fd08f9497609,0
0ce5d194eb4427e1,1
3aee6aeaf992b813,0
9fb88b60a123b44e,0
5c88b3d4dcf75577,1
95485664937e8feb,0
428cbdc59958ae33,0
9bf1110a04e34584,0
677dbd9cc345635c,0
5e7ecb2b36398c00,1
c053bc1443cbf7c2,1
151f7773a35984e8,0
14a6ad245534af17,0
bfdc3e1609a72852,0
a295ad672b8366ef,1
360ae3796386f8d9,0
53fa114ff8bfbdff,0
05bec8af12918b8d,0
301d29928cb2d792,0
97685a23aade0961,0
07970ec02aa6ea3b,0
7fa6bf11f549e60d,0
02618fc690356490,0
1b28de66bca5cc81,1
ed79dfdbfd71b889,0
fe205fb31b740290,0
83339b7ff6eb7cc4,0
fc3d1d88ff7f26d4,0
1fa15bc13c470188,0
9faa11529e90d12c,0
a8c269c5df82f40e,0
eb020b99cee22d2f,0
e1e3105e8c594eaa,1
296ff872079c2725,0
3d1cd733b29c6fdf,0
3ff984d440d41ebe,0
bed18499ff637d6b,0
b6d59a00c7ed9e6f,1
09176407edebaab7,1
2dd7a811718183cf,0
2c0f233104c12023,0
7a903dd5e115f595,0
6da02e25475cddbc,1
7a7978658492a3b0,0
d9b036c20e87c5ac,0
06557a4133e6f38a,0
a91a50b7e7d158ed,0
5a399835a34e2dae,0
98605d0b9f1eb5bf,0
45c8af214e18fadd,0
88b803cb8a171681,0
d3c7be5ea40d51fa,0
572229397e618e7f,0
6282724ce89ac2c7,0
09857dd29be8bdee,0
89a00085e4ebb693,0
f450004fe0ce2257,0
ef79804dbe2770f8,0
0141de8415fd081b,0
4e92ba8f1299c5d9,0
ec872f6264d32a79,0
83b7ad5f3a7f65cb,0
b74e25b447e878e9,1
8a119ccc79ec0fbc,0
50395f5863e5cd68,1
f537a5e25a9016f4,1
44ab1a51c30d826b,0
071c91ef288ac29d,0
727401a182cae7fb,0
278453b341e11942,0
8093ffca2820d237,0
be29ce35cd6ada81,0
811c327aa6c2c9ea,0
ce8bc49bba8aafce,0
ce3a88bb08a2d155,0
5c1869e0dd44dfa4,0
8f6cdb9d3f69ea0d,0
0c5d8410d966d34a,1
9fa0494ed2a4ec7b,0
0e225a367f6174b3,1
12ea97c4953bc5e1,0
bcf17debc79a83e1,0
7e8c8a04c70d2757,0
614383590634bc91,1
2d97149d6e31fc7c,0
60328c9e3361c17a,0
d4f879757177872d,0
1c493bf6884d4b32,0
5bc5ab928fb0c358,0
86358f4971b04fcd,0
5f04128c18986518,0
74511fc3bdd7bd35,0
15f44d44cc8af867,0
f3246ddd09d53775,0
345e08b67a4fde5b,0
65c882507aa001e4,0
ba7659e186319ee6,0
b983fa3fbf24d645,1
eda509cb32f13fb9,0
df775194cda047d9,0
fc86f3d3c4faae56,0
7e2f51b3c55675b4,0
6b6b13fbb394f2cf,0
2e0df007f246d874,1
746e26d5530a2915,0
c5498040f6fd9cb7,0
c725d188e3a6a6a0,0
902e3c3bd04b02b7,0
86855de70ebc5099,0
afb5f63dec5939a8,0
7728ccef5b73ba02,0
bca3ac677cc644f7,0
ba9f2870c91c100b,0
ecea826df0a56d20,1
15e00cdccf4c994f,1
02a91e9aab07c571,1
ecf50abf92d62f2a,0
c8f2bedaa58acc65,0
77255dd58e6690cb,1
230643ab1d60473a,0
5b63060961f4e4f0,0
b4ecb4cb2d5b5964,0
5a2fb82269c53da8,0
efe4624b93bca41f,0
86ba735ad8ce08b4,0
8106be5ad671470f,0
f3d9ab4cdca08e6f,0
d40a8c31bdda8956,0
fce0eddc094f0489,0
b3ea8a2200eccd0e,0
ebb84dbdc51d59f0,0
46f6eb84419e9ae5,0
0628126240cbd89e,0
9db6908623be67fc,0
0ee71cdd450e4767,0
071fb888bbb245be,0
b99b84cb639dca5c,0
f2dad496d12ae959,0
c647118f70d200ab,0
2ac7caab84e5e03b,0
16cf581614b5cc93,1
24adb336495b42f6,0
b111cb966a97838a,0
e2c34fb620880ab7,0
4e287447fafac084,0
b417b62c12d7af30,0
dc3439fc210c0180,1
39ad8a1cf0d30406,0
dbedf3849b25ea12,0
5c52c5229d1bb92d,0
ebe0f5ffdbbe7105,0
07adb8e8905e221c,0
25a26e47ba994a2e,0
c31d1c4545dee015,0
91aabd0ae008a341,0
df58e024f2b5f463,0
7d73f4e92c3c847d,0
2c65b1565a1a82bd,0
c0d4a8afda4a11a1,0
769d03243cd6e232,0
cc08d684ecafe498,1
1f0d552be5ec2bfe,0
eac5174894821408,0
b3be18c1ec95b2e8,0
43f3ef2ba3bc25ec,1
554724609748f374,1
fa2c1bc1bc3ec49a,1
7ed5b82e8f16dc61,0
d2042def7e85a2b1,0
0c7b878a5b6f05e8,1
d0d9d12f62aac5f6,0
bbcb6e55592009bc,0
de166feeb1189ebd,0
f956ac45bce57335,0
21b7e672531b5642,1
f3dfe21475e7ebc1,0
4bff1f582377ad46,1
f03b2b8b0de6938a,0
8033da09524bc726,0
5edbd089f9ec317f,1
a738eddcae353e16,0
14361e91e8b831be,0
763133703c1dd3e4,0
686404729ec32697,0
32bbd768038d5158,0
ff17c723a81d8a6a,0
40468b9dc974bf4f,0
79d253b2633bf31b,0
45527c07d95ffd84,0
8919ae940f73d40e,0
45bdd1f00a769256,0
e533f558af16d168,0
46a18db4223f4ad4,0
93cd6bb4ab7c0d29,1
c3580daa20bfebaa,0
556cd0c4133b900a,0
85cf3a51fe81cf04,0
4a27e90bc3e41666,0
116779a6f7e345af,0
c81f702efe917b12,0
ceb5b1e800256cf2,1
5a725b14a206819b,0
86976917a4940428,1
f0a11b8e983cca93,0
55cf95fe62f0269a,0
d1dbccbe19d3c50f,0
dff2b4aa745d6fb6,0
4c2734e13bba843f,0
0e0a00d5ec806927,0
d58a4e423d9d96c7,0
c677d03131a4b841,0
1193969643d7deb9,0
0be8c4caf193155f,0
ace8980ab14b0b9a,0
23fb1754d838a9bd,0
43f5be47cba61b9a,1
d607fc8e7382e7dc,1
d9017a4a63491284,0
10abae5757298c8a,0
5abde4a1bbd74447,0
68277c86453912ce,0
c782c2d75d36c3f1,1
1d38e0b6a8649372,0
566cdafa4fbd962e,0
e02102c7a0a517bb,0
6ea911dfdfa02b4e,0
e9487efa2ad52b44,0
d22e835c53e8e6cf,0
d4ce6d0c2e4ebc23,0
4f4891a26c30528e,0
dca905c3a49fd4da,0
dc8456089e03e760,0
ca5e8fb8fc020698,0
6cf82245d8df3d3a,0
d9b73ef4a5e8f82e,0
92f8f960aefa4710,1
cb372a590712ae66,0
a866b94108cb5c2c,0
4496c953c9568571,0
02f8d9f47b1c8f1f,1
9f2c34ab55d18260,0
8adbe709790afb15,0
e598cdf8b24888aa,0
fbab4e14d680d3a3,0
bbb657b371aae69f,1
8f4eba1766ef9d70,1
f6275f7f376f0bd7,0
519fcc4a17436379,0
88039e631b1a2b5a,0
4f0224c4f0f5d2ea,0
15f06b74908b11b2,1
819c3b1d47cdeb1a,0
478758adcf42530e,0
a75aafb4bbf80665,0
1c87bcbebe752546,0
c346fd5e927be676,0
c317f16218a1d85b,0
f1e4c6fe8fc3849b,0
25f814a8c09bbf5a,0
21eb2edc9f0803c5,0
adedcd8cadf5a179,1
db34ce79ff209bc1,0
8dfd968c9094cdc4,0
1a80e11568684795,0
1699fe851e5befd0,1
d5c9925297a03d17,1
96ca2c2361df7d57,0
92ee6b4aad8b4556,0
f4c8a2ca6ac243ec,1
c093a8a50df52aff,0
2a8fd92702e3427f,0
108d22e58203542f,0
a8cb9a459d47216a,0
c95bc0a3205d4c6a,0
f48c05a9b293de2e,0
74b376ebfd222929,0
5adf9fcb73bced48,0
d126e392eb7b4f30,0
48e90f458fc8be6d,0
e4e50075970b256f,0
4c38d04b14bf3bf9,0
d49fc236c6ab84eb,0
59d567d12d6a8d7a,0
cf2411b59b8fc2c2,0
e3cc27ae565f5c33,0
48faa8d5f93e3651,0
bfbfcd2d89516659,0
adf4acdbcf36f920,1
72b20720c68a9e80,0
9111bc89ce821e3c,0
4c3a945a1e297095,0
e609c1f55f9322c3,0
ae27952b4c1df5dc,0
62cf5cfc40e5bc66,0
690919dc3c186577,0
458fd075a8fcba63,0
3e94390e87312367,0
a40b13e2da20f773,0
3326c579fc1c0a8d,0
43f6e68c76c62abd,1
a421de58e59f7e84,0
7b8b4a35fee6ee27,0
52835c9423e413c9,0
01215e41acdc87d3,0
bcd9338e829f9a83,0
9f150781d4a1b0f7,0
fe8e287240d93e5c,0
3756a1c37b8a1353,0
cd60f2fef540a2da,1
a40b5e94865016cd,0
f136df53e7ec9d60,0
6cc38665be324bb6,0
13914062f240101d,0
3b5b9b4a4ab3c1fd,0
c49b8751075b3390,0
7c2de42ae53a9526,0
9ece8d38fbfcabcb,0
5cdd620b3f7bf2c8,0
c5c5a3c0a53fc612,0
2b573172f69bf61d,0
c9f17af891549f1a,0
67140e647011c162,0
16ac27518d1cc130,0
6f87fd42f7fa0788,1
33a64d41b0a1863f,0
38118bbfe51882b8,0
b409e9dbf1a14bd9,0
c07fa0f9cfcee63f,0
482ee1e16f8acee6,1
556476aca88e8d4b,1
2ff3d3007024a3ce,1
f2fe81c7f063893a,0
5fce5ab9934ac813,0
b2d518072d4760a2,0
1fbfb19af95b6fc5,0
440fd9e2c32c0388,0
e13a3a306e0a6f64,1
02b27c31254082b9,0
fee7394336c07666,0
66a35f54960965b9,1
8ff0faaac536531e,0
170273ea614925bd,0
9fb9161c0d04e3a8,0
fd74471bd8f29381,0
10cb17dba9a1bbad,0
56ea4af55117cec7,0
774c97f1419eb379,0
f5ac975606660a7a,1
98341e3d262a684b,1
9e39f1afdbe43489,0
b38555182fdb3ef7,0
4996df6ed74e1b7c,0
ba6185105fb2550e,0
3a63cd6486146c57,0
d88b72b8edb4e316,1
d2ee8b48d6d93cb9,0
7c0764294b8439a1,0
8e40a23938ddb7c9,0
6c04819c074c00b7,0
4f5229447e4ea2b7,0
26bccfd9aaa5e532,0
00927ae9c4ea09bb,0
bab31e89b9dd00a4,0
ccf26f4ccc0fe4d6,0
bccbb402e6423c01,1
7d226bf83b441945,0
a0fefc959364c0cb,0
b7de05e670c230ba,1
9f187524da1afe1c,0
d845c5b233436b74,0
75d5cbdc3ba42451,0
176bb2f85a81eb88,0
bb87eb8607cf5ffc,0
fe6936e248e02fca,0
108206d2ccb488d2,1
fb98c3d7432ed4ce,0
68bc67ddd0832975,0
506343b591c5fe59,0
27d360fbfb79bbad,1
21391f2d5146fa03,1
c4768ded0100051b,0
10d7f6fbbab62b24,0
7da3b31449539cc7,0
e0c3b9f810f59b02,0
50f62d27bdb99cae,0
bc70a91fa4c61161,0
6809648a774cd3af,0
4606972cf6bd473b,0
cc09fc1b73aede33,0
57ccb26db87bc0a8,0
fd6b3c72b091fcbb,0
c4ba9c1556a26e9c,0
deae44fc39bb94d9,0
39ada7db4d857666,0
a487b14242e40df4,0
f95ca1eb2ee1d38b,0
bcf65f4592914bcc,0
0870512dd6abd7ba,0
c48912e86cf650ba,1
b762a2f45b5d3e10,1
5227dfd5638244a4,0
a906e81176386c3b,0
b301ae7c829a772f,0
eb99c2e42844dc22,0
4fdf74381c3f21a2,1
d3f6e86bc9d0b61d,0
dadb427a7d7e8de7,0
f509f9a0894ac1c1,0
dd4d8c5003b048b9,0
566fcd382a341594,0
14cc9423d513c673,0
a33229e6faf1ad60,0
960f85adc6c52b10,0
340c28670c891826,1
5289ff3f9e27a73b,1
9a05be6ffd7d3872,0
b1781b7b6174e0f3,0
d66f2fa9e62c287b,1
84597694397a53ae,0
745bf4bc0861e86f,0
72eda4c4656ea4ae,0
1bb2ccee1cb5a60e,0
614a98a55b92ceaf,1
dbae29bc5169f589,0
b170e6ad75f0cdf4,0
b2e20a50c8af3ef6,0
81363e757f438f97,1
c34d402cadde7030,0
8c398d367f1ac9ca,0
b39387cda76c18c3,0
590d6d03859457eb,0
d23b86d1486491c8,1
fedb6a8f57975d77,0
0a9eeb5683bdf572,0
5e590bcc8444aa53,0
ff46a7f4953dab37,0
a24b5186685d0a7a,0
19e26420d50f7c2a,0
0c3417519bd7ce1c,0
187a3573067d3a3b,0
adfe70052299a3fd,0
1541ef52d9ae71d3,0
466ec43c99198f5d,0
18c1df23561d26ae,0
b2acd8bd89ee55f1,0
e1f7aab788bf8008,0
2e2edeec924382f1,0
ad9ca4d8948977a5,0
f47d412ca1a684c7,0
8c448c112893051b,0
6ee424ebc6e13708,0
a04d21c828d52ab0,0
27551203e0fdb5ec,0
91a08b1f09ab8f8b,0
adb9497e3d5caa42,1
aa7000cc32d53ddd,0
6e46423102cc9b2e,0
995798e36bb8b380,0
531873aff3c09208,0
db49241d1bef6a5d,0
f0aeb10bdeffaa02,0
ad1699eb5cfa4e09,0
54b09cd879c3beec,0
c93f852a00776a92,1
6a082461e555add4,0
d9b42df73b435d43,0
2d8a5d3ebec31f6c,0
49b7b998a1c8d7f1,0
7dfa688a79cc0f06,1
cd16a6e02ef1a86f,0
b9bfe4cb4139b457,1
eaf66fcc485ed7b5,0
5918894fc22a1c9d,0
78c56d7e3902400b,0
1e24c077b564302f,0
531f93f1a2a827da,0
d616a271bb541d11,0
0dcf6cfe362afe80,0
7330fe2bcbd04b2b,0
0e3184a3435208ab,0
8436e40c8c2976f3,0
51a6068f65eb379d,0
915f0ae81b297476,0
ff9d944bf3622b4a,0
abe10c9fa7d95c83,0
1818d2247abccb6a,0
786d1680f7dcdd35,0
73a1c7268c64ebae,0
c9e6076efc15dded,0
41fd9a871d096750,1
dafeaa34b6fcbe5b,0
de762a355642d0e4,0
af18aa2371ed2339,1
71a9f0e17f6b05c1,0
742dcdf67e713382,0
0ec3a9b753186b9f,0
6a059bc95399a679,0
6c759f63e9109a17,0
cffc4593d35d5b8b,0
ef55b2f3cb61af9b,0
748725a105c98cc8,0
239fda18d97a8a21,0
8331a008470aef08,0
eb4fd401b1bba751,1
c2c6305aef5ad43a,0
ddf100421c0912dd,0
8d0ab0d71b3faefe,0
5c3f0f4341f5a343,1
9f12bed80448a86f,0
9e24fb95d66cee08,1
969c8c73cf00bd15,1
ffd2aeaef7dcbb00,0
bdeb15b36a00b213,0
9749c94d5f9bdf26,0
698d15945b5c880d,1
18fceca653564a9d,0
a5d4c7d1190ca10c,0
b441296c0c99d5fb,0
e69afce6fd2a369f,0
d7f240ff3b9d78f4,0
1a91c34f2e8a4923,0
b0f92cb1c72f9d8f,0
c8c26a0abb99f70c,1
4d291902604d6b91,0
117e53a6b694cf45,0
433b8c16f6e2e114,0
171fb7a8424f8e06,0
d93121c650d3c65d,0
4b37c96aea4b3966,0
9041ecba5312f674,0
587c97351b36e7bd,0
678e74c5a719b88d,0
29e7b116ef1c95f4,1
ed9c9b5d2624a5e1,0
23d8423d22787681,1
3eab492530ac30a2,0
a502224a0b62c10a,1
b905aa540f9416be,0
04d085c72aea5241,0
8ea7e573e46f63c7,0
0b9a74debcb59352,1
23fc26067c2c2cee,0
86ddfcf8254eb991,0
be58354fe0e87e21,0
3a823b7ed01910cd,0
0bda161abd9d0946,0
ec96e3333ecc674e,0
243b59d712a7c86b,0
08705b40a7026bca,0
bbfd3ae5800028e6,0
36a2273d627bb522,1
89b681ff75f90bb4,0
1ccb841731ca7d49,0
b0b6bb33c2bf1687,0
881effada2266971,0
bf6e599ce61a1db6,1
bc52524aa8d21437,0
3d22912dde56d993,0
8c3ece7cda71ba29,0
c8ea78193e189503,0
77d4853bb4cda0a6,0
a08c13a25b8e64ef,0
3fb9f5406b0c2738,0
c3a5ccea86661c3f,1
00882a81f3c56a1c,0
0aaa223766c2c9a2,0
7062496a1ac53b8c,0
0ca83a9a5abdce5c,0
ec826c0db95ab398,0
856ed00051161c93,0
3ec2a8ae892904ab,0
7abf53e586fe0f3a,1
205a71f7a3e1b57b,0
0868b0ed9c6d2132,0
c7a93bb54542acd0,1
345edd62f372d420,0
631e079707ffed5f,0
86fc361c63e85a77,0
db51da5993b38c59,0
79239c2febb45841,0
27cf412d0a316b73,1
7fdde3b8ae17c616,1
e2aac2080a9a5382,0
084c2b0429d0ffd3,0
443d21f81a91bdf6,0
53bb19bf82ecfc68,0
c951e6e3c5d5807f,0
abac73ea637ea828,0
a5356bb4ccfd01f9,0
6346e54323394a29,0
49fafd0389eb412b,0
d69862c5c5e770c5,0
5ddc80936e683c2b,0
2aa04248ccb805d6,0
eb1dd11918583ee1,0
92ffe5e7d06072bc,0
27aa1e2444d0c4bd,0
182a446e19f9b679,0
c80c2648785a175e,1
9a1a2813e16c69e0,0
84b35e2c8d308c44,0
36429a8c2761abce,0
83d438572d52c971,0
939ccf72b732a9c8,0
713d559efaed8fe6,1
eb62647266595d60,0
e143ab9743ee7ac3,0
3188588388ddfa11,0
48d685443058cdd6,0
42d84fb740f03783,0
83267d007b7d19e4,0
05ba91c9fab6d047,0
9969b204ad6b407a,1
787e16479d622256,0
ae9f3315d1786acb,0
e2b740cf1c223205,0
55c25cb55cda5d1b,0
478bf5a671bbb6bb,0
b1a9ecd222a3a92b,0
9b09e741f5ec9f19,0
2343d3f237fda919,0
5af067450958c69b,0
588d64a958f00cbe,0
40513e71ff425dc8,1
27741fc3debd81f2,0
13b1f6d3004cf4a1,0
2d7cf022a81baff6,0
013577a12ea401b7,1
ff1d5620a37fcb63,0
10853df8c38283c2,0
cc5541191f05fa16,0
1a237154c03d799f,0
e47b3dee5d3c6846,1
3d60c0a8fd18c8b1,0
f00b9fa8522a5d84,0
c558c872e67b0f61,0
89b17b18ee6d56c2,0
1128833130763c59,0
511867a93b88339d,0
3bb75c9efe93d437,1
5eea64c63df947fb,0
3feec6f67553c9ce,0
a3e12a0397a49478,0
fc8814343a1820cd,0
1556d3ea29971836,1
fdeacbba8fe65bce,0
c3114ea67b57777d,0
13c48f458f1bc6b2,0
060960eef6b6b3ce,0
5aa62e104e97e452,0
f06eff488e084405,0
f8d12c219414a2e0,1
f96d5e53a9d5ea44,0
f9497e9ebbb97f0b,1
0babf5dec18de3e0,0
2e625c501ee2687a,0
8d0ed16a4a8953a8,0
1fb6d90021a0a204,0
007ec22f0b4258eb,0
76b9a784fb5fe92b,0
9ea87ee83a019e1b,0
4dc42331c05d0242,0
0e35cb2a90ebfa56,0
43ea48ecdd8d3754,0
5275831c9ac1b3cc,1
a22b5020cacd0fd2,0
8082b9d321e82b7c,0
77e8cb14f2f58059,0
5d2bece46d6e43b0,0
e1a3ace10e0149da,0
4d7c43e4afd29425,0
603844c412da47e0,0
7c28f52079ea7bd7,0
f89e855978c818e9,0
311f29f082bd8dd9,1
ce34be0919997115,1
d1d931c79e3542a0,1
5cd8f7cf9926c45e,0
1bcbd523de204e62,0
b91f003613f28599,0
da587d44ad2b16ee,0
dc5e950fc3b9f6a2,0
82e16aee58abab2d,0
613f9fec320cdf6d,0
5466b01090a58f73,0
04ab536069835aa1,0
a55657b159abaa92,0
17b86660a35a56ee,0
84ec1e31a8edd20e,0
e23cf23f219d3f6e,0
27aa9fa2fca4790f,1
4a989474733f2c59,0
d8f8f4ae6de1e875,0
da5fd82dbf8f3811,0
31a538be943f1a48,0
e24529b30009808e,0
bf573cb1fdb59a3d,0
a178dcb9d1b98838,0
ab31538869ba13c7,0
52cd0199cf0b4a53,0
1d79c60ea93371a6,0
72171d300ca65e7d,0
d303069e4fd8f567,0
3bc3b26da3784e54,1
b92b15f67137058c,0
5a8e17c45b2872e1,1
583d1982c1439b51,0
1bc775d05294aa98,0
9a99100c6cdfbc32,0
c633db6289b8a9ff,1
890b9e09ffe544b4,0
b80567267e27d6e1,0
660cf9ac165d9693,0
eb03c5ca8b7c1ce9,0
8ea921a8fdb7a990,0
3836241c66c2c1fd,0
f658a1fac8710833,0
0ddd348677cafbc8,0
3cc85d6d1b4dc589,0
5e3c9b060a92e2a2,0
8d83fa72eaf83e49,0
ad07f7decf210dec,0
66c6267229cfb398,0
ef8c29b73885a2b7,0
4b5d61e2df3b3d76,0
750a18a760291a01,0
c3bc55f2be2f3af4,0
570c19df2a092333,0
748a79a0ad98dbc0,1
e2f14d8708fdb067,0
e5669b5fee2e6e7e,0
1c568bc8fe409417,0
f1332432f0279e78,0
e5bbcb11c58424a7,0
53a1f82dd1b2b121,0
d4f1ff6c46a5372b,0
9842b97253537fc3,1
aa60c1eac23439e7,0
a0cf97909d98fcc6,0
8d2e17ed009b504e,0
be194463d3373779,0
fdccb1759bde2f2b,0
f813260e9bc0fbfa,0
f3800a674027d84f,0
7e1b771b3d82e479,0
c8169275eaf0f80c,1
b79932c65075cb12,0
806b9b587b92e8ea,0
e8fbd21372bf0fb7,0
77396a2e93390016,0
ebb3c80a1f97f481,0
1dd4553a89bdcd9f,0
5177a89683dd1246,1
e295687fa2ac2825,0
e241c5542363e5f2,0
9c9ebc5fe70ef72b,0
cb9dfeda1107130d,1
8b94a936239b0175,0
d3d28509d8908875,0
0257bb56466ff2fa,0
ee8e275189909812,0
09fe1ecffd0198a8,0
2b5e9bf3148035b3,0
df183916ed38bc3d,0
9c86fe4cc0c27b59,0
517caafabf337216,0
8033912034769d43,0
f5724845d8dc2ee0,0
f4a342d402e7e09f,0
79303eecfc6bf950,1
d4e7fb0c41f22117,0
8b5bf633aeb657ec,0
29b77ec80cfc263f,0
797421929d9c1438,0
1814cc61145014f9,1
3cf7491d29223e11,0
2f27b14e4e3aa4b9,0
4ce781ee720c72bf,0
495755967067e035,1
fd4af4ef41984129,0
1ceba18d6f9fea11,0
b7545227587459d5,0
84fa26af79740b4b,0
ac943c3959581300,0
0856ba90a7be6b31,0
ab188755ff7ae8a0,0
fefa1e506326657d,0
1705303be3f1419c,0
b29f58a87f6c48d5,1
b60688488b747f0f,0
82a8362fc6dec919,1
308ec2dc9b74153f,0
c0e5a1beb67a9b57,0
716682f9415b9468,0
1986422f4a4c858e,0
644fbd8479d00b15,0
75bca0fa50664dc4,0
d2fc20aa3b902af0,0
2f4f8fb232e0fcb5,1
3aef3bea80592e72,0
134cf163f4063bfa,0
80d7fe0753c06866,0
68fb98f07e0efd7b,0
3267193df168f2b9,0
09760f2b6f6110b1,0
7d54403d5da0b2f9,0
ceedfe55b3d3b6a0,1
5db71331b71e1ffc,0
bf53de9335e36705,0
7016d7c40e94e038,0
5d193b2f855e8a8f,0
1b259755a92ce364,0
58194a765cbb8582,0
4970eb0d346bcb9d,0
7ad7c0fcc7448058,0
ba51d9575683eabf,0
9cdb2effe6157ae0,0
9205dc66910a99a4,1
a09d50446f754c48,0
ae66c49450fb9d1a,0
6e705f2638d09dd3,0
728357723530f7b8,0
e14456d93fdfabc6,0
276997ad0a2a1d72,0
55c6b2581e575f28,0
941c0fdd24398c0d,0
3bc60ea56095c280,0
e5a522a362bf5cfc,0
bb41d4a8eec8a648,0
fba9fd25cc7ad26d,0
550f5b51420bda3a,0
5877d22fc3e679bd,0
5d6da108ec07ac7f,0
7a88c6b0d7bc4567,0
30f929a88d80132d,0
eacdcdaa9ca877c2,0
b79903e59c5089b7,1
048a523ad9681a17,0
c6b4922e99f788f5,1
0885182be31c1e95,0
431d93f113516a30,1
15e6bbc7d5072c16,0
85309fd9eaea0347,1
fb3b81658214d5b6,0
fa81ffabc5daaf74,0
c6af43a1c8cb6ea5,0
df545d5364984ce8,0
6c54ebbf101ba9b7,0
8812a0af841ba96c,0
2b890d4dc0357412,1
a055c3af04a38339,0
ebaa063559fb7fc1,0
0f4f96f7604730b5,0
c18315fb87e689bf,0
7d9fd68fdb757568,0
3336d10a0e3e5f8b,0
ea440bdb798d6f4d,0
b3301372cd471a96,0
3f1336d1bcd61d78,0
b879b2934b9253dc,0
d86cae2801a1e862,0
366465c523f6bda0,0
cee7c344b617423d,0
df893ee2c625405d,0
9d86c2413a489f06,0
347ed4f51c6c3af2,0
365677bb149c81f6,0
a0a3d30816291a65,0
2b414c35ae51787f,0
0d8ddbca353ec094,1
696ca7606f697ff6,0
684437c97cbbef4d,0
aad753d7eb17e3b3,0
d5d70b663499cf50,0
01983ed8f4b65c3d,0
e8e8ddb19137dcb9,1
f1bcad06896a8030,0
9b2049325af4f03b,1
f886b409e6ff14f4,0
b106c8247590afb0,0
4cf74a59bd966e45,0
396da776d244fcac,1
98b7d3e5810aa8b1,0
e8411d927f1c14c9,0
38365e51ea832e8a,0
9736ce149cf48578,1
210b358f9a70e178,0
e53b520a810dcd1b,0
386eb5a2ed0146c4,0
2baf291e9d47a7e1,0
638ab8416e6a86cf,0
44572dbdc4f16228,0
fbeba2302648ab04,0
01387ef5ec460375,0
48cc4dd46bf11dd9,0
9da6eecfeff4b206,0
dc0a282bda27bbcd,1
f921e0322085988a,0
510d8e6275d3098a,0
845efa753dfbf436,0
ba4c9b89ef6b63f1,0
10d3ce8878b72659,0
d91dc57bc6c8f1e3,0
7ab27472ab6f30f7,0
32f74c0b20a6146c,0
be1bf45935c4bdd4,0
ae48838a861490db,0
8d633587fcb097d6,1
27ca0c0b1a5b1c9c,0
cf7a2a5971995fe9,0
7435c092b90a53b1,1
c996efc3dfc85dd7,0
ad74296bfc5c487f,1
a95abffa63c558b5,0
df8991401691ea4d,0
94f2bbb0afbe425b,0
cbf5392120a8ab08,1
61ad3715f9ea5d6c,0
6bcff0a816be1916,0
d96d640c6afc35b3,0
c1376fc359c55fbb,1
b1b5dbd61676a89e,0
ca7c4b31ec1aef2b,0
df55a967a16a33c2,0
84b551a29c3b8822,0
93dbb2e5c6060e28,0
1b2ba9a312530ff5,0
51f7d4a2ea9b5f74,1
cd9833c5cd29dde7,0
ad1e82800659c2ee,1
6eb2fad78a5575e3,0
d74388b2e7dd5951,0
563906c0bcd33a5f,0
1aa9de59619878d6,1
af455fff9624b23f,1
4d092fc79a5262d5,0
4579c245cb95070c,0
1ddc284dc60fd9e3,0
bfcc8148c1035191,0
a7224ec7c1090ce7,0
075080e260c853ba,0
cd79a0eb63ddab4a,0
19a9a1a281a11bef,0
33cbd24ba97170eb,0
357714048d4d4a62,1
c3955a4854f4d1c8,0
58fafda246e56a29,1
ded7e77505231bc6,1
e8e9d83ce032bc9f,1
d448cf3f7ced18b6,0
6f6d0a7178e2b23c,0
4b4b2bdf95a35424,0
a5311b0ee6fdb3d3,0
d4942d16566e24a1,1
7c58d24b9690da53,1
2fe6c593a8fb5d74,1
aa1126f5812ac7a3,0
ae1febf9f0c37b71,1
80a47edfd19d134e,1
fcd9fffb8cb860da,0
46784962478f92fb,0
1ee24e1fe0f30022,0
7572309657178be4,0
21e9dbeb00d88d27,0
c9a3266f81cc2f72,0
a412d38f430e5d51,0
fa1feedf07507c5f,0
55c851bdf9bceaec,0
4bf6a644a4c4dcc6,0
1be65095497681de,0
1bf4301cd562b6a9,0
0a78c6750e77bd6e,0
a3952875ed394c2a,1
1739b5f47d483c47,0
f752a2b220081ae2,0
703e6a205fa6f152,0
7194110e448f7608,0
1c44438ca15e22c5,0
99ec0a75b4ea45c7,0
1db0e1efec9a0bde,0
e562b733956b22cb,1
2ea81dea045efd21,0
a14c599f8c030952,0
ae31ef7920103d92,1
690312282a25cc63,0
037e10990a4aa700,0
49eb75ab4d5382e2,0
320b98ddb50b9365,0
eac1c30adcc51058,0
c92a49df7684e8b2,0
4423ffba451aeaaa,1
b9d60603745a189f,0
a84e4b1da3b904f6,0
5a572244229eab42,0
2afd87dcb51d7fed,0
0a5c6c80a2e49680,0
1b7534cfa3da7114,0
784bb094db9468f8,0
e7ce598924d91e75,0
7bf9415011ce96f3,0
cd7afd2924fe33a9,0
eca2ebb869afb6a8,0
d6a52184ea329a9c,0
02791b2a86a349ed,0
1b0e8006d97145eb,0
088700f6611e759e,0
8641574925aee96e,0
bf3209165c67e037,0
2b43896675145ec2,0
eb49d06a69da0025,1
4e5f8e13f0fc3c5b,0
785684c4a4fdf9a2,0
e00598591994c28b,1
9d9ca98d9cdef77d,0
c28a868b51251230,0
b2bbb2e8041f1e9e,1
5ed83d68ce654e02,0
6c5617a93b2206d5,0
34698ba0fec31dea,0
69ea70f276162884,0
a40d744df59f4b9b,1
125b3dd892ce71e0,0
441f3f9742d79e67,1
428da8f8e6103212,0
6311736b51f0672e,0
f1c57b8c94b31abd,0
4b73d67945272a48,0
93a340a29cae4098,0
a65d8241f0468f4a,0
be7569c601077f5d,0
d0827b07710df713,0
5912356ae2b289c1,0
a731ce2c4510a049,0
ab640e5970a0e2ee,1
bf83c170b75a5068,0
d5c7ddc5500af8be,0
634b6d72a5094323,0
7f77ee8ab5b33157,1
725c4d374d767c60,1
e4c8db8db3f78b4a,0
0120e602ec9817e3,0
f0832b5a717d0f35,0
e8bfc7acea3e3c64,0
58488db59dd37a58,0
e3a4bf25b9b16e02,0
bad2980cf10a2fc9,0
044b4a5a2a0c3671,0
01fd6e8da5e88075,1
d40768e75dfe54ea,0
1d4ed259349f3719,0
926c9d989f4f432f,0
85e3ecafb28bc63a,0
765d7b7ecd6e02bf,0
68a1a12151132c8c,0
4d0a60e95548e284,1
24b527811d01a412,0
ea32dceb2c9cfb20,0
e19eec8d82998fa8,0
c37be3ed6e6e5b41,1
f125c63351a71001,0
55617ae5d6f74094,0
88d4d6ce16776b3a,0
8d36a7f537b24f8d,0
5ed842c57c722c3f,0
3d1948ddd2e9f436,0
8db03c67afb2d448,0
c53faf7d35cde994,0
8b0ca4f7f8c7ef09,0
4694ec9640d82bca,0
6cee2b7befaa286a,0
e5ebc9ee8b32079e,0
ed9146cf29eecb65,0
4ea8a464cb9e6578,0
b34aa7026ad5bf5e,0
2f43936676c0b5e7,0
383baafa11755097,1
d4e87adbbe980973,0
d888f2663d8bae24,0
45c298b368f2762a,1
f680eb4a9ac68b65,0
0f7d68ffddfe1bda,0
ea53caa93d3f60dc,0
0247105fce205bbf,1
8000713fe5351f9c,0
af406391d214c356,1
7301549661d69c86,0
99b99b73a4dd007c,0
e14301f64fab7a62,1
5a5a24a671f52136,0
752e2ad48005e386,0
b38425184075e7a2,0
c63cb3f2c1cbefe2,0
3e5af3c84d738de2,0
08399686848bfe36,0
777b3518984c0328,0
3270702aaf01c8be,0
5c7010ff92174ebd,0
a3575e9fbf65e2d2,0
2e9370b68ac7e1df,0
b50a0bc60349767f,0
d260aec317051cd9,0
4a120735c6dea52b,0
4c7bfb0a7dd5e751,0
b43dc54d5ea2c594,0
a14eda9045dd0b64,1
4622cb5bb2aa3df0,1
63faa46274216627,0
7ef468835d10f840,0
c3524db7f5ecb13d,0
c7a2113dcbefb75e,1
4a11f4421111deda,1
814b4d7bdb5315c9,1
68d373c63cac373c,0
9954c158ae9f6471,0
b6cff0b715629784,0
c095b204f7acc40f,1
c5b9667eb3e2607b,0
cb512af8ddf4e445,0
13037eb7e36fb43c,0
914b80a6e12e04cc,0
d8bb4870a74957f4,0
5ebbc17c912d569a,0
ff29493e410fa6ab,0
7fa4292687520df1,1
9eb45c7bc226636d,0
f4535eefc4738175,0
fc9ac91717b3d80c,1
b80e5926e74a1641,0
cb672fb4b037ab55,0
9a96c8d4ffba328d,0
63e42d646c1e17cc,0
5fac245c65759490,0
ebac0dfa5510d79f,0
8ad01eb3441cefb3,0
e03d5330a44b4243,0
d6d33375f3464181,0
bfa77875f9ba7449,0
4b3d9e01b24b83f4,0
e588addb0214a580,0
5bef83b1934663fa,0
c12ec837f5cf6fbb,0
3ec2ba70aa033e10,1
74372f6989195915,0
432900f70196abff,0
44baa35aed8d3e0c,0
33d13d0c60ace2fe,0
876e8f977b38ea89,0
78957684754fbaac,0
df183044d5608ffe,0
b1a4fe00433dafed,0
9d2be7f6e1273eec,0
32c5862d25c3ecf6,0
379dda3eb3dc252f,0
fe5ae3b9957a8c8c,1
800e27da83cfa55a,0
6c77be3489b27e1b,0
08f70cee37728dc6,0
07ff033d0f3d4581,0
19dea282c13d2a21,1
dd96014a2c1220de,0
5040da9b4a3170f7,0
2ed2af9bcd78ba94,0
08506f92244527bb,0
8260e0a4a2af6cde,0
0e2a5ab65be60c6d,0
eaf1cfbfe9f89240,0
aaf3c03447a372e3,0
177e9a57b742dba7,0
64c48600bbc982eb,0
d766baa29db343d3,0
ef96555a1a64268b,0
c0648be782dc734c,0
c9b80615c6fbb013,1
201f3f5b0447802d,0
f3aaa158efa06fd2,0
1e0e71e31f470aae,0
cc2e0975a09114c2,0
e026fb064499d8b0,0
779d35c3911c58ab,0
b50396a132cfe077,0
1c6b2b394c07de8e,0
da50687c1ce54307,0
574db375877a588e,0
786b5d5b64f956c0,0
e6690a576503294f,0
0fccdb0868e8d514,0
8e1dbfa989303127,1
ec7edc637e8c16e5,0
ae8ea40dd6413eec,1
7018b4a2c03d1582,0
3371d35745a7ca8d,0
99571eb790c56dcb,0
aba435483178a44a,0
33fefbde6c21165c,0
919ff5e793d49e5b,0
93b38a272816c348,0
7d4dceb7a9cf675e,0
991e510402bd95b9,1
13afa8d4c1f7f5c4,0
6ef9eb7142cf3c10,0
923a738133c20683,0
01f1bac9a520f396,0
0f409cf3323608b8,0
4297763915cd1a1e,1
409c8fc0069d8c81,0
d50134fa80d5f2c6,0
2156ee24e7967faf,0
d5c5dd297c172fa0,0
c9bb0bd0c2bc177e,1
4601d86beca45d38,0
02b7a1ccd08f2924,1
3b8c67652d834f84,0
3ba572061c44b1f9,0
04a082241fdd750d,0
98a30152747f1095,0
7064e0feb71ce688,0
fd2110cc6384485a,0
ec62107550962845,1
19405b2ad35ab532,0
bc6ed6833331b092,0
f174e4743cd0e7ec,0
3c3e11fc98784820,0
42d7674add73402c,0
cb471e80672557c6,1
cdc2836b967f400d,0
20336b445bef3b6e,0
9ef43fa78a794877,1
a0c724a2c7e2f486,0
5950bb5fb87d0570,0
a781255b8fe30656,1
f7b0ef4d9ec4b919,0
a630d1ee2d87d42b,0
8e9b70f2d0b3f0a5,0
00b6c9c8c35c2c98,0
6b3ad99e01d4ab29,0
8ada3299313b32fd,0
d55d0df069fc24ff,0
10512b3a1d1dff01,0
c46419d704f809f7,1
663c4676e7c8136a,0
6fd9045a50633727,1
65c9001c3d0e5822,0
131bc6aa162a875b,0
b974194c0b455fc9,0
1a99e3ab4a5ecddf,0
31050b8e1e8ffa57,0
e51a66e766414846,0
1fb01f40425a725d,0
0f24c270c6ef1d2c,0
f7eb3f19e1d05670,0
00f4c099b29e51b5,0
9a4b2e692242de7f,0
e84a823ffc623cdb,0
d61e1340ff892f40,0
829cc7823b1aa520,0
ff957dbdf1eed909,1
4b5cbb2eb77ff32a,0
26ed054de94cc8cd,0
f25d629372365f63,0
b662922cbafa2f2b,0
b0621c5f1d823e3e,1
d7141ca59c17a7c6,0
00bd1e6ef43a1b5d,0
51df794188b204eb,0
4498dd5f21ea6a69,0
deef90113cfab7a4,0
f65bd5381f088eb4,0
a1bdffea3c283090,1
c42f0c868da9949b,0
d8395258ad70e65c,0
4853ba746fff0507,0
706fd1b44dfde019,0
d7e011a9c0ff0dc1,1
3c36474e265d1984,0
178a8b842ba35d15,0
443d820f72269624,0
2300990aeaacc727,0
5e2a29f6456939c6,0
0cf54c230a36c842,1
9064c3641873dfa7,1
7352f05550ec6a52,0
b14e78b9ad52d295,0
eeb11d9be234e0a7,0
11abd9e057b51b72,0
b7cd8e3863aec2bc,0
fcb21d1b48a844e7,0
d1a912bbe11e57e0,0
159e20fc80407195,0
35c047ea4e5eb15e,0
5f5d338fbc54e6fe,0
cde95a16532731b7,0
91a81622292f2164,0
3f8b0ba41631f086,0
fe892e7fe165da34,0
8b9407a2eb88dfe4,0
b29a3081ce33edcb,0
e3face11c2c31f9b,0
938db5d512867d14,0
ed9f8a4c5fe09d1e,0
f448a174c8750ba9,1
452f18d05a13a07d,0
9525f3f79887cbc7,0
b3de5fe7ad1b1dd1,0
c11e46e044426e21,0
8cdb62cc8b480971,0
73400c44c4345d3e,0
88433619fecd344c,1
97033154d23c1294,0
7478c160b0d227a5,1
bf0f0d629666c10d,0
02ebde2a11a781ea,0
32501c696c426cae,1
ab9350208fa8fc6a,0
e35ffb0a3b930d47,0
c7da420b8095a509,0
e87922ec3a0905c3,0
0c99499a92141f85,0
6181e7a72edc2af3,0
6de7b6c690d243ca,0
e9a22ea16400e925,0
5fba66288a481d14,0
9505c9fe408b877d,1
e60ccf92b4d45789,0
2cd62d63063c4dff,0
a605430f55c9d051,0
21a9af01fcc9bd2f,0
d8c5484318c37d9e,1
40cd11a6d330e163,0
8fbed35af1bf0b7a,0
e95fb984f49799fc,0
0ac507859394ab45,0
5b7c158e9ab3a7f9,0
34d52511c9af2c0f,0
2098e04a62bafc91,0
dd28b436825900b7,0
1ba494297559eee0,0
ed494b7997d7e9b0,0
a4c4e5972ab23829,0
0e6b7b24fbf4aa3f,0
0d8a236e1ee1436c,0
08c83de8fe6be61e,0
17c9d2542ef48974,0
0a4e794c7f191678,0
b2fd860b27925bf6,0
2d29b596adcd3eba,0
106071c40dabca3e,0
85b70013c65ce86b,0
3265f0be9571c053,0
3485a40da2cb438c,0
b1e952d75cc93a20,0
b9c6e93d0fdf1b45,0
6750f0a3e6053218,0
5d0e76708ff008b0,0
e34051b4b7f5263c,0
d66e88978b20833c,0
c324719a3b7d584f,0
b11a4b1139b55602,0
8858eec64bf8d0cb,0
a236891b6dd349b1,0
9dce7387364bc9bb,0
3e6c91f274b6d5b4,0
d32b1004e360ea97,0
705fe7ba32f12de9,0
ea6b29a37fa938c3,0
3ce7ad5d4825fe0e,0
268df9e168a8acce,0
1e8aa8775e52822c,0
99a7118cdc446fcf,0
0b04cd9054038c2a,0
b01c26b0ccb2e128,0
8a27e7f69097f412,0
b73917260cd8711f,0
2917922aaa2afcfc,0
fcc5eedd547c1a94,0
847b416b40d7745b,0
f8536304cd591ba4,0
b8ad7176d5246ffd,0
f39de98c5559e05f,0
3a416bdaad702136,0
ea9e190cddebb00c,0
a522669500ef9ae0,0
c71a4ccd043afa89,0
f8aa2510e019c80c,0
fe395cfae45d4f70,0
40c912ca6144c565,0
6112abfef5a1243b,0
dca2ba9a9256ba9d,1
2a07bb4c3ce1491e,0
91bb6038b15d1e2d,0
662fd177c91cd529,0
bfbf3dea7118653b,0
50a8028027c58372,0
8a9e98c98c521e30,0
41a3af9e969e84cb,0
664a889e39c3ab22,1
60d9daf8092f7e2d,0
331c67873c729871,0
33dec6f93586b33b,0
605d85dd47814e18,1
7b237c379d7fc50b,0
ee1bfc6e384146f9,0
be30986ef109317d,0
34fe1830ddbb6416,0
edc56b8963de677c,0
07f4fd71743956f6,0
e0a51570d860584a,0
62d1de9df9d083ae,0
3d5dd43a7b0931a2,0
502745b26aa852a5,0
4b00d7ca8cb0dbe9,0
7b389a04e5bcbcc9,0
e225736b2f8e378b,0
bc77efe36c6ee3e3,0
89ddd4edb9e054cc,0
e00761fe71c438ec,1
2811f3b39759286d,0
701be5f44cfaaa46,0
b927bb444547c803,0
18b37f09c5e1c06e,0
5e356c46da3abfef,0
abb77c77c486097c,1
08a6631f16449974,0
04b0f986d369b708,0
6b674309c44386f3,0
267021d8cf86151e,0
0a62c018f0c18e39,0
4cbc093b18837cbf,0
af89dea25cf74fdd,0
c9e582f151a5f60b,0
1daf58de678fe67d,0
106a9b191c710c39,0
2b37f6333e997d71,0
563f9bc02c533942,0
bc857563467d9a25,0
27a6d2f357dc1338,0
71073fa2b395d16b,0
f8a47521f55cc7d5,1
7953c33a7583f432,0
a4c8ad696c35e771,0
787b35303b618815,0
6469db2cc3f45176,0
7619c88e9c9b7f79,0
54561018f1b8c7a5,0
6d5ee858fe418460,0
be27b90abd5cbdaf,0
878bc6a7d7acef8e,0
a129b78e1a269663,0
8f889dfed025ff09,0
dfdbd4c4d6bca1c6,0
2e6518c79da89e6c,0
8920c31f774097ce,0
10e82127435b8055,0
94f09173a401120f,0
cf08be1624031c2d,0
3b76146bc2f151cd,0
557417f0f09ce8b0,0
9238c1cc4120fa7f,0
c776da770c2af920,0
0ccdd2140f6e843a,1
4e866777cb162c14,0
30b7ec4045a53d8a,0
2f240a1de7d783a8,0
81238d8802e88407,1
b284d8389856012c,1
9f488b4298dff5ac,0
8b28e1444a036909,0
e034786c471f2cbc,1
c1b2888325857a6e,0
23b9150a5811d992,0
35eb453bba945a29,1
4d6d40517b472f37,0
84a6cc88d13143b5,0
d70fba121ba7bee2,0
8fd2fd597e7bb580,0
1a3d675c0794db79,1
71f9b55c61d39b13,0
dd0a34d155ff28a9,0
428c0d81c674a8bc,0
9ab2d81ee9c15d63,0
aae0b28ecadee9a0,0
2b509e1a052a39c4,0
d6696ae4fe9897c8,0
5ccdb2a7485ef685,0
e213428f79e77449,0
ff901427878c0af0,0
713cfc5a299117d2,0
ac659cc8319cca51,1
3f374c031c3dfd18,0
fbdf8ab5b7055279,0
34cfccf184fc150e,0
2513809af6bf55f1,1
8b6a7757bb3c0aef,0
f4b100ba96ed82f6,0
756dca64542a5c8c,0
981948acac3eb8dd,0
e80fcea948034137,0
5c50630d40040923,0
5975edaca2004da4,0
d14a54725422d70a,0
675f01bc381ca766,0
a261ff723aa75244,0
20f6c9ab2a883cdd,0
eefd7dd4d64803ba,0
d5fcb0a972f7b12f,0
fe47957173d08acc,0
9ba8ffbddffcdb7f,0
e38db2209a1e1f71,1
946d3884f509e4ef,0
20d2f174a2f1bc9c,0
99401c2cbbeb5321,0
0750d9e59bb80015,0
34cdbc5950723ccc,0
911626838c26ba0f,0
c6949c1fe8395040,0
c1396bb68e8998d9,1
0a7b02175b2ca403,0
edc4e91d66a25117,0
c5bfc3a65123a6cc,0
20923d53c6e8f11d,1
dfaeba62d663253f,0
eeac7f67a65cf662,1
1f3d9fa2f9d4631e,0
d7ab92a1de1943d3,0
881f16d06c9dfd03,0
43ff2f576180bc59,0
ded52c85303ee9f4,0
bd998ac12ec8d8e6,1
4e904cbd7c2b7fed,0
e445e747638c486e,0
ec90a92f50a63dfb,0
193f7eeae17a425d,0
16e47d49660eef2e,0
a10dd853ca9d3d2e,0
a6d1a9637b0f018e,0
74e8f07db1443567,1
3e297d3d654035f3,0
92a73b7edbed5431,0
f7dd3c1029e971f8,0
68ead4848ed545c9,0
05139d81ace00dd2,0
430f6e259a132804,0
ed485ad1187eb32b,0
d4a7c3d4bb447408,1
4d2f279d606e67ce,0
09b2ce2a6249886b,0
62c9359ec0061422,1
247c1db07ae9a058,0
93edf455127287d4,0
ad5e8e2da0a11cf7,0
c9d04f8eb78b9bd0,0
0a04b40fab2467a1,0
a3b96f05ba0fd098,0
16230e386837622e,0
dcc4226162a0ef11,0
9181fe1d3430cad6,0
8b3846763d123dda,0
67b9b67b541d34da,0
6cc32f71f90ae2f1,0
e4659caa628e7b6d,0
7a58a933c7e86ea0,0
d2702255ca40499f,0
5991a546b2bed1e9,0
5ec6befe49dcb69e,1
db6844ac41ec047e,0
12c4e673d4b8831b,0
55b814c52316fb9a,0
3fe15761c0e7bd95,0
dc790e416eacbd38,0
9f9d6884b80eb786,0
c5275927419ea0bf,0
3768065d6f1a866d,0
2cbacf11253a2cb7,0
2516ce9b04e9ac34,0
8697624e531e0b33,0
4b3529bfcfa876af,0
104b161ff64bec21,0
5abceba68b58d8d4,1
196e5a2d38a673f0,0
a7bfc8d2959b62b7,0
446077bbef2edfe1,0
9d583e071b44680d,1
df6d8e7fb97413d3,0
414814c7ce1c0508,0
32392522ea1e4873,0
ee7c3ca6ee69283f,0
83b865f89baa1aa2,0
50998cf5834f1608,0
71c0532569044b32,0
3aed815de3b38ab6,0
2527398764e8b88e,0
431055af1940fc82,0
c71298ca84b4d9ed,0
6d18edc6a10b6783,0
92c5a2687601c643,0
e70d6a135723c8bc,0
0d42c5c455f73469,0
a5467efb506d7d20,0
2dd74a65fd1e7a4d,0
5a7d8164e8764d3a,0
2267b4c14a1451a9,0
934adf658506cc8c,0
5810234d2f8bb300,0
56c3021048cbe963,0
67d7b72285b5aa24,0
573f1b540c91db20,0
f36b3f16421bfefc,0
8414bb4ccfe278a3,0
231e2bd390ba170a,0
89f201d976a2789d,0
65b5e1d8f06d17ed,0
20f7a55012b42d9c,1
64fb37ef7ae8b992,0
7b6dab396bc6725a,0
e8d76fa93e470596,0
69471516f379ddf5,1
81a384c1e06d570f,0
cfa73471d873bda4,0
3417a80e98fd7b89,0
af8e1c7a9cd5e68d,0
0b20ddf1cb26a79f,1
371bb65ffef4040e,0
b7ffa1afd39b20d3,0
6d6ce4ea4474a285,1
92d15bbde46cc557,0
54ca5b2031b132af,0
bd4964f4478aff1e,0
167538d50767ebc1,1
2300919e288fa67a,0
6fb75c64cd70324e,0
88b48114ba21aaef,0
7d1005144d1a381c,0
f82520c10574d051,0
2bce7e08602745df,0
b91de2ce6c7bb227,0
8fa7df8381cb5c92,0
73bd0e7f629adfc0,0
be5a05afdd84d37f,0
e201bd24ffd4d2ef,0
92bfed0f98a988cd,0
090c774cf5ecb47f,0
b3437cc1e2c64952,0
f0a44135d4f395d8,1
036a89d92cd35c70,0
cb7648b94e4354b6,0
0effd75304d0bd96,0
d39c130e6b97b7f8,0
3c3fb47baf3b023e,0
81b435ba1125d349,0
e05fbb7910fb16e1,0
15e4eabc8381d8f9,1
9d43af5c39bc9bf2,0
16aa06dd2bb272b9,0
ec17e98ccb9b9a95,1
43b383fab5a04697,0
2ece15db282a06e4,1
39b3118a6c776f31,0
58dbf6a316d19558,0
4b061e8de2172611,1
6b550033dbfc6dfc,0
5b350f8866973a1a,0
cc57b9ff6ff62eef,0
aed68e7f87bd400e,1
884658d7ee81150f,0
ee503a55d6e883ac,0
02175972fcfa956a,1
3fe168eff4b25512,1
e1da72516b43ed66,0
834de37366b545ba,0
2e2fa78f6741c528,0
1b21659c3041c67d,0
3441be508312d760,0
d03dac940769b2d9,0
5393a1ddb576c32a,0
99a40d7322428f36,1
308dc7e5ab61f167,0
1cd351d2b189853e,1
f752840bee3f7b90,0
8f9677bd6aff2492,0
d6b053084a9753f4,0
e4c7d905f88bab0f,0
4f1887759d3150b3,0
84baebf8b2c69a82,0
0255a9147084e25e,0
e486978f3bcce5f1,0
3b6608d8eeda4e51,0
3704c6b05163b748,0
d27d870514060d73,0
bfe8b8dd43c721a1,0
6aa539df15c2576d,0
9faa57f35043ad8b,0
6af9b8bfc3aeec41,0
f53f193ab49f2f89,1
eba768420900fd5b,0
3c7c63cde6296658,0
254070f343b43b5e,0
ea482199dc820d3f,0
2638b59f8c508411,0
d0a190e521e7eec6,0
81e6b4a95880de23,0
8cdf8475bec0c350,0
a3bc52f242288fa0,0
6bfafa410e258cd4,1
89f5b332851d2823,0
629f002dc31ba14c,0
fcfd79d489191b75,0
713b81963721f674,0
a59a2442e12b859e,0
35ce8983572273ca,0
be794323694acecc,0
d21851c8be738c13,0
f95d209433a8db7d,0
3afad59efaa03bbc,1
b72cacf4c91150a7,0
bfbd70ac481bd3af,0
a8205383d861af36,0
f10683b961ac2cd8,0
46ac420f46f9511c,0
287d584bc4531a2f,0
1d4bdfeaeb9822bb,1
122cf3193f510003,0
8168f4bf5cc9ad12,0
c5730dc1a3dd081f,0
1714789778c08f5f,0
cc5d08685fae4668,0
589abec5c0b53919,1
71a883315ae2338e,0
bf6216e74aad63b2,0
aa9e663cd6b37c43,1
514266e594e9dd75,0
dfd4c58bd993c3cf,0
5c7b6c8ceab56a54,0
8e91c215637d27c4,0
39c00fa1f64be463,0
00437ea7620bd361,0
d569c98c10db19ea,0
2a2801d1af90ee10,0
63d37d813a966653,0
a3db3462ea4a52f4,0
bca703aeacc39119,0
376af993cc79c496,0
b8b098344db1cc20,1
afe2d6ffb7e51d4d,1
c076087278c8aa56,0
ab23b602bb425b7b,1
2b5ab7099442cfe5,0
a74706876459a768,0
9cfaf446d9603e76,0
285d5288444367f3,1
abe61e95c26a2913,0
26a6b4eaa6a1b9af,0
c7ceb0bdd0da59a5,0
30b0d1fbf3131757,0
ea0d5d5d9fde972d,0
a27b6abd660ca37c,0
10beb2b1447afa5b,0
d13dadb26ab660eb,0
eb6322b3486d50d5,0
7ad7503098f2e5a2,0
e680bd28e3dad6aa,0
a02484ba217e4746,0
6978419fdb901df0,0
3109ead8e157f049,0
3a225cfae3de32ac,0
bd7d2fd2d73043c8,0
bb1633782e7c0e52,0
070c50429bd29737,0
ebef6a9dd0e2f7ee,0
56baa4283649cf3b,0
ea78bac1495b3721,0
2823ca6cd42b3f16,0
6e012ba597ea3fd2,1
2a284a04a5c7640d,1
f3296a0259640c59,0
22734b7d81f1cbc0,0
4f7564fd7e34623f,1
37b6be4be39bd004,0
55b03138a25abd9b,0
cbc88f1171cc31d3,0
cc96a5a4b86b8dce,0
127e8101b7c8117c,0
f28eef32da8a4ccd,0
cfcf8144d54e7eb2,0
b46593690c86c5f9,0
e2070a639a40106e,0
e25ea6d532d1ed9a,1
5b09e7c6c4825ac7,0
2e43bc0a48eaec6b,0
1cddae6a8acda0f2,0
5b59727423208faf,0
9cc739f3f74fb096,0
3e4cc1a4b5b6f592,0
5107ead2ac7b79c3,1
20566d75ab78465e,0
0d165f52ee6fd0fb,0
f432ba9e1e3ef0a7,0
fa2f56908dd0ed17,0
2ff75c48d03426a5,0
deb331814f329426,0
1c20a98c94c6eaef,0
880f857e3a30cb8a,0
dc5f5d313e872848,0
ecba8076d78063a1,0
0dfa79e5c76554e5,0
92665a53bf10d0a7,0
de20c6e2024f33d5,0
c101f90f763db4b8,0
2f4b3fde73efe56b,0
c549c3844b99d7a3,0
96a0ca8e4c24bde2,0
4eab6e0277d0c165,0
c7a680afe64f32df,0
de9a85f59e20d3ab,0
464fb9eb292e2b3d,0
17cff0b7d854833c,0
40926684e272bc99,1
ae54da76837ddcb6,0
dee2e464685ccbe4,0
22a3f64782f73618,0
96c1f9a14dcfb115,0
5ad2f901063d88c9,0
3abe1f54a738fb71,0
dbbd997fe5172412,0
6d0df00c00bfd473,0
f9e4e043ff30aa79,1
1334e5ecaf073f61,0
0e389e16e89e7aea,1
cee8bd04ba2278d4,0
c323bbe7e81c9be6,0
36908657797a4df4,0
26eee44eac83a2eb,0
97ade3df501b928f,0
572baaa4d6259c1c,0
a43da543e7f4a8e7,1
d26072dbcd616629,0
5dba2c717e721d67,1
0ffd33de1c70f465,0
d328a6b740d1ef62,0
c409610273ffc69a,0
43ead637d4c87c0b,0
d9063a7fbaadb9a9,0
8970a2df874bde1a,0
c375516208233212,0
872f270de95cc8af,1
c0b184a4a3052a5a,0
7137d78fca2998a8,0
9af3153a35d343d3,0
53bf18dd302f2a3d,1
7f84b97739216abb,1
1582bf5fc39ec908,0
c2ed1e78504ee11e,0
4297d0080b254b4f,0
aadd074e37a773d2,0
33724a5a9e0d80f1,0
9de45f97e9fb8579,0
f20b29911a5f3f6c,0
600a6a549cdb5dde,0
5f5204d529a81e40,0
914bb0d6da0feb75,0
137d73b114bbd397,0
1d86ebbcb409f794,0
9f32a9e227dbba02,0
9aba1c441de90c38,0
b1ec3f28ab88fc4c,0
9da44dbf28eb4a62,1
246b61626deda06a,0
2415e723e4458158,0
81e2e3cea526f1fc,0
3b70a5b202971dde,0
3d9376168a00f12b,0
6809fbc5733e6d91,0
866b6682cb369e97,0
59759164facb156c,0
cf7fa8ae39d695ed,0
933302a8d9965417,0
cf14a5c6b4555e61,1
46636e77141235e5,0
502094afa1c0dafd,0
03cfee796528973a,0
bf5993d3f5a08317,0
cbb46466dda860ce,0
0385dc4585117e8c,0
435b9698f9aebb4b,0
625dd159626093ef,0
76fd89cfca8c9efb,0
f11b5d1de8f7d61a,0
8bd9f7abfe7e829d,0
3f39909ae067a102,0
c81ebce6d504c446,0
644bcfcd69411f17,0
d52990591e78f8be,0
8d866fafc94b251f,0
382997bdf90cff0c,0
4e53a71540aaf463,0
05fdd13e08424351,0
7c8fc64db01f6fdc,0
a4724bcb0020d464,0
cfbae37aba8cfa94,0
62e4e2ab8bfe1ce5,0
a6023f6bac55487f,0
02b09188d9376075,1
7fab823efe4bb0a2,0
ffc6a3e3b9bbadcb,0
c4d84b6a1691d220,0
6e4c7d4e6f29fa55,0
e658c9452dafdc51,1
485cc833c5c50ed7,0
e917dd5dd152d2ec,0
c5c53ee8338851fe,0
90fe50c6fa81b700,0
f1e22dec91b68580,0
5b4e3d37cb2adb5d,0
2ed199b8c54ee505,1
2e6c4c5d785f892e,1
feecf096ff4b88bf,0
f0529e7489ca0bf1,0
a168bfec31fddc22,0
e6febca59a181da0,0
fb7bfb2d4e7960b9,0
f7b5c3df4f4230e6,0
ca6319fac548eff7,0
1a8b561d912ebad9,0
961981b0c919789c,1
7accea61d431259c,0
17f4097dcd501725,0
cfb894c442e9f87e,0
b353098198f0a64b,0
be64b5699ba3a84b,0
94307e321e27b9cb,0
f41cfacdba875a54,0
e9eeb435388a167c,0
f78260e17817bd6b,0
0432056fe95ac29d,1
c4645896abb602a4,0
1548ef3fa07242b7,0
74172cf1b177e4e3,0
84506d3c62dad70b,0
b3d3498737d617de,0
65c4c6e52ab39431,0
13df04c1e0c4f9c9,0
fc71f946f478257c,0
e08ab56cf2a995cb,0
e80a00ed4983e645,0
c197ef7b8f8ec94c,0
89c9933bed38e293,0
a63a6a3367424571,0
17afc35ef73596e8,0
be778c20e0a960e9,0
066f2b1f9eca83cd,0
66e67275106a3eeb,1
a93f6787f7b64a13,0
49d5fa276c81f076,0
0521dea545173679,0
2f348fa0b2c1ef3f,0
11502f3f7b22e6de,0
7c5bf39579932dba,0
a008405bd0193a08,0
a4879fb8c65d5e83,0
775659e745ddf357,0
aad54ec354f0b739,0
181d483fdd0f20b8,0
7679ffe805dae429,0
031491b40ad1d432,0
9b37fca17e89afe9,0
2736362cdf1ec5ae,1
d2c0c0d2cd57309f,1
787dde891adfd74a,0
e5bbc5d99af95eec,0
d0d1b2810fce3b55,0
19042ccba4865a93,0
0c800304f549f6b8,1
ee7a06b19995315e,1
75076b9447d1d63d,1
3d3fe0483fb6a3fa,0
910b932ccee0952d,0
6d401dcdc8e0db41,0
113d2ba08bcc267e,1
3fd8d4abcf56240e,0
b24c9bd7e7f5cd6a,0
d1f4274846cb4f63,0
d23f20e40c943a20,0
eb96f45302d81cc7,0
bd2e9c2093bd60c6,0
4977b61024766779,1
e7fa4c5452e0c4f0,0
cb7009cf6ae4f69b,0
0cab93f81de297a9,0
2da0a0951ca079df,0
bb75b3c049fe62fb,0
196174a8565015d4,0
229b3855bf1d64bb,0
ac5e19cacf4d5457,0
d76a533a09f111a8,0
ccc8499bdb957405,0
8937ee9e794ce7ec,0
10aee86fe5617f05,0
72679ebeb48bc330,0
e7e40a9bd623d486,0
19731a623e1742b6,0
55d069c9d1d57cee,0
b732ba39b0496423,0
cebfb5e5d4a90476,0
ba96cfea2069de30,1
2b0a2b98bd9e1ff6,0
78c37ea8c86b74a0,0
87f33654b2853141,0
9a5c58e325bc36b2,0
a1542b045838624f,0
1745e5c5ca3b7930,0
619892d309f41706,1
b10cf598aa43fcc1,0
c5c2cfbeca967402,0
0860552f519ce7e1,0
5e4feb73cd1f7a40,0
895d4286f3b5c4a2,0
5d5d19069845e511,0
2cd26c89ab29d332,0
ee7afd2fb2dc81f6,1
3f2780e45fa6a5c3,1
e8fc80f4af9a5c9d,0
4f28b3b3e4573a68,0
e53c7cdfd3a036e4,1
947a6225a5262c8c,0
7eaeb98f53b5e2a2,0
9c65ebcb14a498de,0
c29ec80cadab3e2b,1
d29182ab7a238289,0
3d805ee6e77a60f3,0
93327d0eb9b25e11,0
90620bafe6b13dc2,1
a81a7f8800fbbd28,0
44fa22d7b9bfcc5a,0
b80a183105776aaf,0
a548033838bb2cae,0
8d5e01b508a83255,0
c59dfcecd0476022,0
f854b5cefadc1e16,0
b76f0d6afc4cf894,0
564e273052247beb,0
e1916e1b3a289906,0
387ffb9e82939084,0
3a83f181e70a61b9,0
bd4b7445c44e91c0,0
457b6a5f3755e198,0
a1ff4bc3255e9e34,0
30dd896dea373da6,0
353f28e9989ba7d0,0
7e83316bd376e301,0
4771b3730b33645c,0
254a4bf0b4935fe1,1
96c5ff6b1942f654,0
58930dd4ea162b41,0
4fbbcd6ccd4eddd7,0
8eff9a76264240e5,0
cee5296d23d4ae64,0
9932a0c1cba1267d,1
f0b149898a53caf6,1
1625e4f1de4299f6,0
db084477c23e693e,0
f565b9c19984d4f8,1
ce35ed2f49b3e0f7,0
9623a848f2a57843,0
c22c6ce8f9de68bf,0
bfe3ac88761437a7,0
947b7658fe3fb52d,0
56816f666cd02c78,0
fc0dce2181ca7356,0
34a44ce7b26606dc,0
ae30418b49f58ece,1
4e9e2870217aacec,0
a450359e0aa86e69,1
97f340833efb9718,0
a0ba6d8fa688b5ce,1
61467aa86af62042,0
3d1bd8733ef7bef9,0
35352a78952675c1,0
d8719cb31db9a12e,0
d316802898486fe5,0
e1da561d1802bab1,0
f6722699cfdbec47,0
e73674f337ed1394,0
74a5f72d5e97af05,0
6c90dc4852d6b3e7,0
ba8664da58420c0a,0
4afee46513589648,0
6197ccc4a599bba2,0
5b982c957cc65962,0
73e963e0714c6849,0
dce534d9a5d42fcc,0
bbdb69f75b220caf,0
b44c0db3b69ca00a,1
dddcd073aa6ed92e,0
e5b766105156d9e0,1
d3d19cef27c6245a,0
d0fffeb8a23639a0,0
5e2417df36346561,0
97c4831bb163b7cc,0
f0c8e1169c87a203,1
dc3223d0559af55b,0
ea770688e0a3d4a2,1
e573d2a1ad3aa7ca,0
469f395002eb1526,0
788d055667eec515,0
265b525b02218441,0
3be09be5c26842c4,0
99153f1aaeed5e42,1
937dac9a6862ddbf,0
a24ebc868730e12e,0
6349b8a10c2de912,0
b5d7d6b927b40db6,0
0abc53b7eeab8bc9,0
b66a91ba9bafbc4e,0
41e17b6b4419ce25,0
43a4d868bbd01ffa,1
039b1251c9a6a1e2,0
8c27d014d7f6d9da,0
565f2c15f465f730,1
872ce8c1fb35cb4b,0
1c11478371327bab,0
dd8f7032dd17de23,0
09d3eddd34f8af65,0
fdca0d9733b4b28b,1
2d56bbd0b723ea37,0
aca7d6dd2d9dc5e7,0
8e1d3ee99f253358,0
4772a6922e39c07b,1
cfa7671aa8245e5c,0
2cae85ac4c92bec8,0
964033d0b9ea3205,0
ea3c64b033bc1390,0
8d78d8d296e77a94,1
2014da382505d6bd,0
1df9e13de1266e06,0
18910b60ec79145d,0
5c0214f2285455e4,0
d5429bd8e59262e4,0
bc4c2e15364d8352,0
802056e95e70d9ae,0
d54a65adf278f2c4,0
35c1431ef964805b,0
86728f789b105c0d,0
2f7f3a289e63a312,0
a4854473662f9119,0
ccd22797a020aca9,0
c399c414318479ae,0
f7c0a60a57fd5b6a,0
329de887f94802bb,0
c4ba6ed60227b066,0
b194ecf857d281a5,0
ca6bd58e9c38d174,0
5bfaeb533c7f0948,0
22db29d67ff8370b,0
f5577b9edb061b9a,0
d674d4c3289200bc,0
30ddf2860194fcae,0
37cccf8344ac881d,0
7d11099c38f9d85e,0
80a23a82fb9fe05d,1
1b88780a1e227411,0
ee5d77fbc5dc8dbd,0
eb955e2bc9d97d8a,0
18ce69d018bb5b25,0
d94af2bdeff824c2,0
d87b7d8d5f281a1d,0
2000213a5e2ce54d,0
88c1474b2782ad1c,0
b8384279d8e5275f,0
a9640bbfca42e183,1
ab799a5b270e9921,0
8f213b11cccf0864,0
99cbe606c496bfeb,0
a4c656eeca789e1e,0
cf82015ed3877fe3,0
2096f356dbb2417b,0
c93452a449d36d7e,0
7501a3136f4d9d31,0
77a6fdc3ac8c89b4,0
4e66f8858c7fdd65,0
5ad1c3c77bba1d93,0
c9290a680845d800,0
2099e15415464c67,1
fdad7feb5380f645,0
c952b71642a50276,0
4a641078b69a0420,0
444766f09cf7bb42,0
87b599c372dfd812,1
07dbdfd84c900224,0
37f0cfa0a3a6453e,0
b2188832b97b8560,1
ebf51e2d81affda7,0
5ad501f415998605,0
804d61f63a70f0ff,0
3da692129f095018,0
6b57fec4ac311f85,0
36f9263b6d94874c,1
6d03d0a5fb2a651d,0
79dd8cea8b933488,0
bbd330361d4f54a6,0
418d5f5616b05c39,0
51b5dd01e8013c63,0
0139997b3680cc40,0
96f812b3ac526e2c,0
d0d7a25bbc9a83ad,0
a48562ea5f0e1fa4,0
5b7ba0cef3a1d285,0
55b3dc61cfc5cadc,0
9c78a66498eec70c,0
d241b471b5a13c00,0
168d97dbc7d2591a,0
bee7653a59af9b54,0
7d5d105740312eb3,0
1a0085d521c19504,0
e7ba191b45db6bb1,1
8b21fab632a078c1,0
b2c9ea99a9bff2cd,0
269259c39575a86a,0
3c1404dd5222fc6b,0
e8b2fc5fbaae0a3b,0
b7b7aa5be5c59789,0
3f84c3ddfeaaf234,0
be285a3feaf62c05,1
482a26591b37632a,0
c744c77e74e4b129,0
5b26350f997a4552,1
645feef429c5f48b,0
44167d13a16514f0,0
7f0f87c0cb1a38d6,0
f8018cdb812ca563,0
59f40a1f49a742ed,0
b7887d3a3c3f6c02,0
12ddeed0a9723b98,0
22f27ff62fa8fbea,0
cc8caf19460825af,0
fba22af64d1687b5,1
5f8e7fdbbc93a32e,0
be16f4acb99dbb9a,0
6bbd31160cc9becc,0
f1cd8f8882c067a9,0
222bf650b96f7af2,0
823f7ecad3894436,0
0e69941ef41d8f85,0
242665063fda07f0,0
a4834002f8552232,0
190787dd44306e6d,0
9b04abbc0953ff18,0
5f9f2a39e68d2699,0
ec95b91bde66361c,0
79b8482cb1e66da6,0
ed772753fabbefa5,0
a7b19702fba37a86,0
3f2d7742530dbc3e,1
e444890991bb0b0d,0
9bb0e20e452f6106,1
851e85dd9fb296bf,0
b0e110869bf5af21,0
79692242d71238fb,0
71a598f4221a83ec,0
7b0ce9fdc20f1b61,0
f5e9f6f007c44f93,0
bf4a63b4b7c2d57e,0
f059087de2076fba,0
70eaa49380703953,0
01d7cd30870ea7f0,0
d7c3b3691fbabf31,0
48254b31000cc170,0
aa55d6c184698c97,0
afce585228fbe695,0
302a015db5e11c1b,1
e705d027c8991acf,0
e284a7b37bc64ef7,0
0dab17c33bcbf920,0
ebd7bad4c6cabc8d,0
9cb6e2bbb0418cea,0
88366dbc035eeb06,0
545caf4402434e15,0
2b12e66f8bf79e30,0
ecc572086ef8e007,1
83360ae159f7e8de,0
926d3e9a2997995c,0
6dc346b9b9177ad1,0
f51e9c520673d69d,0
bd49181717d69b71,0
61b687e3e9887633,0
464520bdb8670e60,1
0d111009ac21de51,0
39d3d1cceeba7bd1,0
2e8fa70a5db542e8,0
b1d3116cc475b407,0
01edd70d340c4a3e,1
5bfd070b5cd0edf8,0
32b68ddeeb036830,0
b89cfaf61add1b09,0
006fd4311450fa96,0
56feb154440f2ce9,0
f6c091df88da5f19,0
2e3d619dafed8f1f,0
b5b8eaac75fec05d,0
b52ce174289100cc,0
615b4bfc9e697617,0
0aad9c21fcff11d7,0
bf4cf6f8594d3ced,1
e598cd3f3ab8bfa2,1
196be88046676731,0
c238a02396326be2,0
62442443bb2c432e,0
4804d42f66ea673b,0
8f04f35957e4a11d,0
45ff337a3740e456,0
8ce46fde28165d11,1
87147173b5e9a894,0
10e0803be5e40557,0
5f8fc5d6efce0a0c,0
0ab4edce637e23d1,0
69b67ad37d64e464,0
31bbed5e1bb6bc81,0
9e0975519741ade8,0
b7a05b517a40a794,0
a64f94f93cddd2d0,0
b00d1f49bef5f9f3,1
41383716f3e5b2cc,0
d0f4be78f69d2d66,0
2bfc083da48b50d8,0
4dd98e62b3489b9e,0
67748949c8953dcb,1
f94d8ef63035e40b,1
db568469fdeeb73a,0
b7c946a562f3a494,0
7c8dbc3760740124,0
21cc0da27b720038,0
efbbe8eb905c973c,0
6e6c6b5e185a2791,1
c746c8abd8063a3a,0
5ee6dbbb59cb4bbb,0
c0408a789df598f6,0
37b76acc2ea452df,1
14d5b2572bdc49fa,1
0a0d228f40ded72d,0
1fbd682f846d4737,0
9d8872e4ba8b9233,1
04b9f11232d0987b,1
fb3b502ecd241d28,0
2edf0f85c694ee0b,0
5a7fbcf658619809,1
a7d53c555feb4f6a,0
1616343d535504b1,0
74ac123dd39ae6ae,0
3a9b58000822b915,0
12afe54b30c14061,0
282eb2b3cf12ad5c,0
b18062680501e45e,0
e1275b0a552c3fb1,0
46a96d3983dac237,1
1f2c355e4f358a77,0
de08c568fbed368a,0
d553fa4c0be4ef2e,0
22003fc7aea4dfd2,0
dc3100c0f7916d34,1
586630447beb6fd9,0
2f33bd22ff583dcc,0
e58c95a814beae55,0
0157a5805437b906,0
9f45edd4dc12f600,0
d2241470c49a34e7,0
0260037efd2a37ce,0
018efcb5ca7d04f8,1
afe0a147ded6926d,0
7a51b4ad15d2900f,1
4b16da4c506ca1e3,0
8e3b315acbae7579,0
4c89390d9118bb10,0
5184de0cdb987abc,0
1384b9dc015a0b24,0
29ed28675f6eb9e1,0
8f73e93ad386ae4e,0
33d125a4aca031f3,0
99cfb9481ccddc8b,0
4ead31431227eae4,0
2eeb475cf45b9012,0
d23bd385e6d7aaee,1
eead71f3843d2663,0
db47d03e3297f623,0
db17e9b63bb8b4e2,0
f016708521379f80,0
3162ee41596abc0b,0
3c6f784306a79926,0
835ca7b540326cdb,1
a546826289881e1c,0
330f8936acc776ca,0
a9fcb070ba2d21d8,0
6e2fc09670cd4c76,0
1e46b5cc3c2a2806,1
4f966efcc6ab0220,0
4dabe3c6c740ff61,0
e2536147db8491de,0
f0b29d358982bfb5,0
fc773543756a02fd,1
716f8bb44bac077a,0
496e138b5da01c25,0
6d06989d24ec63ba,1
7307e6cc5a4f8ea3,0
792f1c2040aa96b5,0
d26e513fbdbf5af2,0
b080805ac2585cb6,0
d2212f7d43807a4f,0
bcb001e9bea71060,0
2d469b121426b82a,0
9a99062e0045ef25,1
3eb71dacfc86a5bd,0
ef582bf1e951739c,0
66b3d5726477bc4b,0
ae500c093337f22b,0
6bf4f8c3288ed75a,0
3d955cf8b7d5d315,0
56636bf83f1d4cf4,0
a7a7a05e9af65b94,0
83fc8d9002d18386,1
96e3d2f8d4392044,0
1b85e2e4baf42e67,0
6a358f55813deca2,0
5367c6f6438cac90,0
901304c6bf2ed6ac,0
8bedf21ff99d6c28,0
308ffbd872341459,0
031d2d4392d70b06,0
008142ffe3596555,0
de48cb87aab323df,1
1d63e3c5ad68ea5a,0
44bac8f64d6903c2,0
95c6faeb00f14bc8,0
177247ec5defd538,1
28adbc1affbf3b86,0
05af243b63e1f772,0
899604b421cc52b2,0
0b7e2133fc5b86cf,0
cc1faca4bb3e8dfe,0
deaeb491300775e8,0
680df638b4524907,0
df2b44593c9bf6ec,0
9d847bff068458c3,0
440b0b46e24e2b36,0
39e37d71fe98b1c7,1
2514b186d0db9a5a,0
49a8b77caa913a09,0
4ee97a46224077b8,1
5889593d438a9f4f,0
f7818c2b6acc11d4,0
e16aca9b4d882aeb,0
96c72512b5a46543,0
bf357a67b15c04d9,0
d57f7048a5c0857a,0
513d5bfbb283bc81,0
01d7a94cdb14dc4c,0
931144de5baa3e29,1
5652a5247df029a1,0
3a265c8d706aa743,0
fb949189a43adf44,0
3925263422090023,0
db2ba1844087a93f,0
619dddeb02882855,1
4215193224ea88fb,0
18b56f50fc8c1cfd,1
5fd2b54ace4c8c3b,0
22fd54f9718524b1,0
548d1f03aa9089cb,0
1ac856c6e153e895,0
7946a437cde74187,0
8cd4059fc2f570bd,0
f5c284f326cb017d,0
455748387a2cc46e,0
0204eebf1826c42a,0
dac051de76280564,0
801fea3dfb1cada5,0
5adb9ff88b0692ae,0
6219ca70ad195974,0
f1d148077c521c81,0
0e4e89e633c34eea,0
330c74e6b57836d6,1
d5a3b626b55bcb4d,0
9fe295c355b84ffa,0
d8c0ed3d46947780,0
d8454ae39695ee88,0
93cb5bc72be84fc7,0
c504b3dd2203e166,0
9b22410383cddb77,0
bd8d040fb6dc869f,0
abcc082c139ec34d,0
cb5cf8fcb360ea3a,0
fcb1ff3d518f5f42,1
3de3dfb88b6d5765,1
5a0b9f7e7e38d8fa,0
1f00766a32d6bea7,0
c9d3f4c2086067d0,0
50978ba050f8860b,0
e614e4ce9535b596,0
910a3de1cb186882,0
dd4072ec524f1419,0
f32a8264f4b98df1,0
1460163807111c66,0
6e000fab257377ce,0
3660a03648eeefd3,0
ff362bfaeca14ea1,0
aca3892f845f4594,0
c20117118aaffe98,1
b4aeac7348b841d9,0
5f26b57585c0f924,1
3b7124834f8a4142,1
f1cbdac6a524c5da,1
bd8346bf1c9d3dfc,0
cb84ff6260b508dd,0
660e5ece8b48bace,0
524f5a10e2018daa,0
a0ab653c1f131af5,0
71d1f69ab8fb1f50,0
84c126c88486f010,0
d0b821c813e317a5,0
d6e3ab32567621f8,1
96624e9e59d46523,1
4cd0178adadd990a,0
0fb980239d8a4a1f,0
2bbd751dc53b05a4,0
944c076fce288833,0
18062230e61babe8,0
96a3c95872f1cf3f,0
75adf34e4937d365,0
7b77761bdb45db72,1
a4c9cb94b8df2698,0
b5480bbb02787f55,0
70ef802bdcf52b65,0
094b8bd24695fce3,0
672d53efe44fa949,0
e597c080ef8cd917,0
900dcce5511f8033,0
fa5932f410aad4e3,0
384734ccf776ef97,1
e80127fcf2dd08d7,0
d8323c4329fed9a6,0
34f290ac98cbe066,0
464c2543535f0074,0
d26e2cdd0b819746,0
789d081b57fe182e,0
8a1252c3bd6354b9,0
e3fdacdab1850e10,1
50c24adc982c82c2,0
e88f65cbc62216de,0
c96cc245ee47e06d,0
94c0c4ee99600974,0
44e2b660bd18ffe5,0
b71601d0c2a54858,0
15e8b7c7d1c85b63,0
bfda10692d5e503b,0
1df4059ce9e22bce,0
8db6d6d79e88d393,0
4ad435271914d7c3,0
dbc12c07d4093f59,0
7bf7541fe13aaa80,1
1259a6526535d942,1
9758a9940cbbfa47,0
0778dcce7fac3eb2,0
280a9f30167d6bf9,1
08419ebb548bb67e,0
d27c818541333b00,0
81c83543b3d56b55,0
f462235546eb8bac,0
98ec4e6b44fdc0f0,0
4736725d1f295f0c,1
7ef1f8d6fa353fc5,0
11942e5d9150faca,0
547f25af1579ec4d,0
9ca1e65d4fb49064,0
40f026f7ed8f90b2,0
4c30316ce038f23b,0
531e793197f8160a,0
fa183543f15cca95,1
4eed9aa830150182,1
ba6808499b9c0dcd,0
de32de2de53f3afd,0
960bff3a283c45f5,0
5997effb08bbdd06,0
a94e8691a7b16732,0
14f11d6e5181f3cc,0
72a9c63a71faa8dc,1
a7d0614164dd31df,0
f49080bbd498def7,0
abbec7e0f900555f,0
1f36f6a488e7b161,0
a6296b74ddd40db4,0
887c52ee1bae8b12,1
866349d29c55aec0,0
6ce48a9b4f883cb9,1
7068f0a072001f2a,0
44d6561f9e0de781,0
7e4a0c25f63763c9,0
780534b2057880c2,0
0a3dbb3ba88e0bb9,0
797838400ba14897,1
c17d5062b351f408,0
824ff1a95edad8f3,0
dcb3b8300a18f965,0
3a3418c89ce5ee8a,0
b8764b5393b6770e,0
222f42892dcf3cdb,0
58e280d922212812,0
a25168afe07584f6,0
0600757b6f692dc9,0
e4153052ea9ded9c,0
410c8cf1c97130d8,0
16971c997aa0230b,0
2f753422d37c4c23,0
473508d8b083246f,0
c0ff37a2024ff477,0
6e978f230dd0acfa,0
f035316a7bf95855,0
e13ef7f8f80be3e9,0
6696c21b4579ab3a,0
dd466481b5e7c40d,0
1d6f51129fbcf6ab,0
422b8bf06cf1f71a,0
b881459c0ffdeb40,0
97acc42d356c09c4,1
30189e10f3d879f1,0
9d8d08612fff852d,0
a86a1cf35ecc9713,0
6024c73b767ab50d,1
a510fb2bc38b8b32,0
d7cbf4cba262b920,0
e5f51adc05110868,0
57db6e5989f0aafc,0
b60c34d87788a002,0
2ae50901d877beb2,0
6a11b75b5ac25f24,0
1b18fc52fa18dfa1,0
9e96c620d25e3a51,0
63a247613f0a5aa1,0
375319e255298724,0
bebd8ce1e9207ad2,0
993f3351a6700697,0
6780a7501c8ba1d6,0
42719d4891282003,0
4be05a42fae32a97,0
ce9f1f5419f6d4c2,0
5bf8145efaad2d65,0
c2e9da5a6f6197ac,0
bf15db55f2dcef97,0
d1ce4516a925fb85,0
648d0690f2297366,0
d43f93ac8f0561c0,0
64f9e3316d0714cc,0
f5b7ad5174b6257b,1
08d41395dfd52756,0
ec5a61507c5f5247,0
0587b4383811280d,0
b7c8cd2a33d44c04,0
c615463085e5eb38,0
d05515ec7e998fb8,0
c75d362e11fcbd8e,0
978ef03c3dc6e82d,0
29400540d19b7a2f,0
6a9569c742705e0d,0
08b3c27ddf6c1726,0
50cc1c7e0c5bd5f9,0
6fb777447f37c160,0
621f3a774d0ec79f,1
a1a0171eb353f8de,0
0fd774f91d573de8,0
1bafdc4e5bff6475,0
434607375843d1ea,0
e619b4f4ac5bdeb1,0
ad51a08b49ca7f66,0
33c7bb994ee436b8,1
ad03057c0fec7853,0
e1dbfaf1c177f891,0
e74325e09e32c2a2,0
30291f81307449e2,0
0a36ee7db9c6b56f,0
12b6c6f4dbb9eddd,0
0c494aec60c67e2b,0
b0c60e121f718d6a,0
67985a44772c4e23,0
a6d4ffc0a78eea3c,0
c5d05459d905a9f4,0
921ab6891aef584d,0
5c16b6115430dc27,0
a49bb0fbe48a9705,0
ec79a52e81dbb52a,0
0e4191e4bc4a197e,0
aef9dfadd50cf221,0
5519954da33ae482,0
919c5f7275453725,0
4c37e29412b64d9f,0
1e3dc9f3af1f974d,0
d8e34dae0e97ef27,0
83e25722fda39cbd,0
4fc61636d777e224,0
bd13ef33cce99eb9,0
259fc8c18ef7d71f,1
6789b93003ea4821,0
941b6715574da4c7,0
0b5046d3110df3fa,0
0a3c81ebbfa4aded,0
49ce0c5502bdcddd,0
84fe7f3ca7b98390,0
f18ca0b8fb4541cc,0
cafc338978c1b81d,1
c5b56f9f2209f945,0
c842ed4fd01fa2bf,0
13eb63fadffba78b,0
8c576e15953de0dd,0
d129763c7bbf6a6f,0
1503f7ef9e1c70a5,0
373c1837c2b5c9ff,0
e43a2c9710cbd123,0
02e71176086fbd86,0
3e62bea543136897,0
96f10f79747e130a,0
705b219873578b6e,0
d46dfc4059c2e5d7,0
4ec99f8a5557f27a,0
cab85a9fd7ab7af9,0
9586c0081c983f87,0
f5c449a25b578454,1
675fc75a56716fa1,0
e09cd721abb117e5,0
4365610973791156,0
6719aa9bdd6711ff,0
8529de315edbbbc5,0
dc747264a0abdbd7,0
76502a4fde045e2b,0
e323369cb2fe95e3,0
76aa46c1ce68e060,0
22d750dc1606da26,0
b1a2896f00b369d0,0
70fdd39c9f2a2ade,0
feaaf5e2884ba30f,0
f5cceee539a009fb,0
1555b156a1be79c4,0
afd184c351187598,0
a1bb4635c74ede71,0
e0a301045e0ad0a5,0
b749da9bb279168f,0
679bec8ffde9ff67,1
e6a6b738ac8b6457,1
e74210ca309f5f8a,0
5e8e0e2672551da1,1
5c7170e7bab6efec,1
4173cc4ef10db73a,0
3a40c40bc225021f,0
cffe02bbc4462c5e,1
83cdd637608ebad7,0
29d6ce224999b350,0
a493f7f9fcf85bb9,0
9374dcb12db32dd9,0
575e9ff4e40aae49,0
fd21e7ad384bf8b2,1
6178740c49ca71b0,1
c4d3c496cf4dbc1e,0
786a7b3fc520002f,0
3b9d7331a4c67ed1,1
8777d16a1327df9b,0
5e813e4c2108e040,0
0c39458b0767c04d,0
8df19bacac292766,0
b79c66c6f15cabc7,0
420e64db349bb1d5,0
4f1dff84b45845a0,0
b35d61c61758e263,0
abe3f56167885732,1
b6ec4e76acda47a1,1
70d2609e4b634f1e,0
50b3a9e7f4693497,0
8777a9aef3c30f27,0
4b9b8417712f9f09,0
28d559d3102da1f5,0
a9ed49234d546d07,0
bc055b79e992933f,0
2dfc18ccbe7ccb60,0
1fce2ca916a4ba28,1
d4ea1628a9c67a6d,0
59e50022f358cf57,0
96e2758aa9244c0a,0
ace8822890ad55d2,0
587cac14cfd9760b,0
2529613d87d09306,0
17e61a90741d4855,0
53d40e059630e96c,0
0e367e90193b5efc,0
4a6950279c2c0cb6,0
2a401d3e63d5ff9a,0
f989e4ee3ce2bc14,0
c49249b96b9be8b2,0
f5134220aa7c1d1b,0
df7a58d73f502667,0
0ae7088ec66f278c,0
7296ed07bac1cb0c,0
df2f51a72ceb7ea0,0
d07f526b50a5d0c1,0
9fe6e651a1255d2d,0
407d7513154902ba,0
d86245d18491f3bd,0
18ba02d65825b6c2,0
e5c5fa90426f31b5,1
16b47eefadd2291c,0
41b4b0536fa6d574,0
c36de82903f32b1c,0
e02cb35349b27076,0
c8d38beebeace3cf,0
a85b4418574dd45b,0
1458586de9870983,0
c29bab13281bf1b4,1
049f451b672bf5ee,0
5ba5d2edb1d8db9f,1
cf2fb45268a09eae,0
85ace2121d002adc,0
8023b29a6d7d3889,0
3e02251544c713b4,0
a2ff10de886372a0,0
a7d8c0c7a543dfc7,0
6aacace346ada139,1
f836b3e5592b42bc,0
3f8396b52352d344,0
f220cba23424031b,1
e468ec017705c431,1
04a172f60d04c1ac,0
ace33dba1dcfcf90,0
eed6594da026a6fe,0
09004a3a793b0f59,0
389aad5f0e4914f4,0
7edcf379235b5cbb,1
667f6a840ad347d9,0
3db0768a18048241,0
ce12d62e0680b385,1
cc7a85e8945a4c73,0
f42c09c484d02d93,0
770c4d8dcbf42222,0
f58cd320f5a1507a,0
d3ae440ce58b5c40,1
b23eb873507625b2,0
6ddfcd92275a34cc,0
2f0643d2a5c23184,0
78598abf181bcba9,0
dbdb0c56cc5c6db2,0
ae7358b782085694,0
1d5cef42127c7db0,0
7cf4110d81cd6baa,0
4c2941f688df9736,0
081e6ca3e285663c,0
57c1f9f6446ab354,0
61126a7d50e1123d,0
85d0b0b455b24d4a,0
981696ce819ca6e4,0
050b6ca9b12e1f77,0
2668537bfdf2ff00,0
8f2478ee2b041ea0,0
ef68ff437f88c49b,1
5957e5dc90c366c0,0
ca9072ebad83a825,0
c55f8c5968c85ccb,0
30df2f5d18bbe86c,1
9b9099726df17fda,0
ca0dc4a92e0ec550,1
be334a7660c6e994,0
54f5a5f08208dafa,0
ced5be99b7c31f33,0
d475759294725917,0
1b2128fad054748a,0
a330997ae52909d7,0
9d102f3357bdd80a,0
21add9a1209ad416,0
0f0dffedaa38c1b5,0
540df8cacaf5dc21,0
6a2f4fec3c88cf30,0
8ab14b175993efad,0
c3a8ebc598f63aab,1
f337ded3fc7a6948,0
e42cc6f3e515ba66,0
d39f2b88467f7084,0
c53c2c71a834ad1e,0
90e9cefe325918fe,0
b28d899ac68dc12c,0
509845307e675986,0
f59d5725eb0eabe8,1
8850e5cea9d44173,0
590c8b4a24edf525,0
7773c91d532ea476,0
fe1e9ed55699c68d,0
695443279410a931,0
97189ea1ae324bb5,0
acc59bb1b3937987,0
c904cd0a0750d6d6,0
3af1a022a865635e,0
ecf7fd12a086d39c,0
a8eb0af85906fd9c,0
2a1d0ed59d7054e5,0
956a54afdbccf3b0,0
5b90392d6c8ea061,1
43151a0acc1754a1,0
6f9e840c5b23de07,0
31652b6a4d5a7df1,0
fe1515094e15f6a9,0
e0db3ede36679fd8,0
b60b1153b5e01ed3,1
62478ed76d9e4a53,0
23d2fdaf5d421fef,0
880c96821a404aa3,0
3356819ea0078068,1
c6251826265c4837,0
fef51b71f44e2ac0,0
181be59525b71dd9,0
78481313b2d5b197,0
6aeed3cd53d92187,0
ab498e479bbd2189,0
e8cb61059fec55be,0
4fac6a449a1ccd12,0
886f68cd28aba606,0
4cc95f663ccb4a9d,0
7fc9e01033928212,0
c395088a2327931f,1
3f1c18ebf070ca62,1
63afd39d46a48b9b,0
fe872a0c060eb848,0
e17fee79e0501b7c,0
71d6d3435700e7fc,0
7bdec13afba76670,1
87a73e9e7d0009e9,1
2ade7bf41f2e1c06,0
9702a784ad7d7906,1
aed0017e00a07cbf,0
b41d85f13e555a1c,0
d47692c1b128e882,0
2a12eac528661384,0
08d16b4c5881f2d5,1
4b5ea546a3b2e621,0
f8959a7765b660ea,0
ecd86f61d85edef7,0
026554dc6181eb5d,0
2d6593d706790a42,0
520169049614d233,0
e4703b9bec145c20,0
690c05be4e6071d7,1
b2c9ab4e572e030d,1
87792c96c966f646,0
ba5d10dc6b0f73a1,0
fba011bfef37a6ed,1
dac0de404d106506,1
aa3a1a18f2d0ed30,0
6f67525f4fac90d6,0
6251794a77516be2,0
ea33855e17e112ab,0
08c6c4ad6142cb5b,0
8df203fa70a1eb1b,0
4525f8f3178037c8,0
bb9fc8a1f698e337,0
9a0cd28a2f50174f,0
f96b0d62f22ec33f,0
5befd1bb29da55fe,0
48c3781b23b0385e,1
56bc0de8c11d5bc3,0
70071803d92a112d,0
0d97a8ef07507338,0
a1cc611e97a70dd3,0
f223cb9fc132597f,1
4c90ff8df75569fe,0
2dcb317f66808cef,0
57c415d90765c73b,0
b92c971d5a777696,0
cf1fe1caf2b31734,0
5a0365f93176e615,0
5a2baa88d7390933,0
be29ab2f52d49786,0
398a50537e0d5c7c,0
1cdc3300c6360f7e,0
1614df3c281ab564,1
f3e1e4f05b87d806,1
9cf5efa0327e68b4,1
0f414e99bd757490,0
8b19e6189a670683,0
89121a519364a6b5,0
397a748a53dac934,0
6909271624590851,0
72a36aa7aece9693,0
68febb0280541088,0
bd655cbae0fc687a,0
ba7cc0033298c8e6,0
70f2b45af9eccef2,0
bbdbf12410487d4f,0
18fc26a08c47bbb7,1
f78f27e0a697e851,0
b071ed2741e1e1af,1
dd0d747010e86a34,1
1fd552e7f3f27ba2,0
0fcc2cbdb20930fe,0
13b6dbd6ef8a27fc,1
d1b7fddd79928849,0
af04ed4652750734,0
5681b281696fdd44,1
094f1fb230223eb0,0
03bfedf00dc662c9,0
afd5fb4a1b4ff614,0
9585dc49806ddf2d,1
7801f8c36b4a985e,0
feba66dfcc95d543,0
ef02790da49d2d4c,0
d490729b0c2b00a5,1
2bd365ac3067559b,0
3a465be4e4ce3e2e,0
6fc778e0d54905e3,0
18d9b403a91cae04,0
1bd32e803c6005c0,0
e6b3746517625242,0
2b630da8ba32fbac,0
364a4195bfaca92e,1
eb4c25592e6a4ba4,0
29df34c3f7b9e712,1
f21b61d884709a3a,0
bc354a5296491062,0
ba98136472569eaf,0
6df355877bec5550,0
352244862a729112,0
b7de607976f49d26,0
fdae4a26da7576ed,1
87b2ca55750b3f55,0
bbd6a7af0d5c89eb,0
0bc59f1a05b5e247,0
12f1aea38c29b7e5,0
dd7be0d3015afcd8,0
d730ad7e3ef65d41,0
334e4d31e2a33ed0,0
517831d29a3028f0,0
1ef47102c97e976d,0
f9e59a0f1af2c4a4,0
c346eceba777e48e,0
e23f975fcb5ae94e,0
0427c71c8192d291,0
9ce42f2ec4ed18da,0
76f0f91c2d2a5f99,0
f4778d4f9721de1d,0
657259677c745426,0
10996cc60acff402,0
1da013165fd2accf,1
c18a78800ecf05d1,0
eaea36882f82a8f0,1
8adb32b907d7e89b,0
3740da1cb52656f9,0
5f56d8582569de61,1
0055896a2a5eb7a5,0
5ce10806ae5a0496,0
dfd2891a62434b6c,0
515bef8d898f158b,0
e9df24d541918a58,1
ee3bcff19d425e86,1
f1504a5e4dedada6,0
2992eec3580f026a,0
0496c86b1f52585c,0
4c829e052aac49ac,0
76b9d5f529dd81c5,0
2de6432068d434be,0
b5d4589b5d81be9f,0
dd224c32eb63d795,0
d6f86ddbf962ef13,1
80a76056d3ecdf36,0
22c9e3a2864c4f13,0
b3379bc0420d4524,0
e03fd61dce7312f8,1
4ab2b0dae50231ce,0
0f7bda21de153c99,0
da29333957aae59a,0
c8a5bde733845aee,0
52ec5b2d3cd3892d,0
8b8117dc0566dad3,0
961ecedf07471339,0
92fa3e909099397c,1
61b5d42d40465694,0
a25f3dc9cd7c4666,0
12c89cadd39a96de,1
5c63589db35a3709,0
d72830a3b91798a0,0
1837191d6b57fb75,0
d36f64681fb4c620,0
d029861359ceb407,0
4e0aa0fc4f0745c3,0
ac92bc2abd081aaa,0
74f5bd1973009798,0
adfab35de515a8b8,0
4496b66a5b2205f5,0
3ff50a3d893729c6,0
065e08c1fa750d5e,0
34967af941e00c63,0
ce05bf23fb50893c,0
dc8bb221d7ae8105,1
7c977a4f2876e1e0,1
9d92a32b2d00084d,0
cadb3e2aa0e94a1e,0
072eaa2abe831efa,0
7729a35f46cb9bfa,1
eb6813346d8b1233,1
ac5cf078f33ef86b,0
f357966f066de688,0
d237f8fb203bec82,1
71f9f70acb2c1810,0
7c9ac2e042a07e41,0
4c269d23ccf251f3,0
e6528d83742b19ec,1
fe4cbc44ced7ac1c,0
129f1b9b567dde42,0
29efb31338f0151f,0
1c9b60062e0721b8,0
b36e4b74ccdb0113,0
961e726f18ff4746,0
96b3dfd5e9b3bcc8,0
65e056f15911533d,0
608860a6ba7671c9,0
63adcc6678cb80b9,0
c0ebb6cee8ecb839,1
41189a0fb770d30a,0
43a21e030ece0675,0
b6c660c2f53ce206,0
30930e407b6d5d42,0
30fb2cd08485fde5,0
c513ab4ccd0af0f8,0
2e9e76aca4ec4c81,0
899e36ba692f3b8d,1
bfdc47d3522f2cb5,0
898c194b9b0bed0c,0
85dd280bc58ebb3a,0
6a7ad8836db55ce1,0
0aabad05804bf01f,0
7afa2c6ad20aecda,1
bb409d7d369b9d2a,0
06f9679e5922be73,0
9573028cf182609c,0
8533fb90dd38a72c,0
5703e9ec32cf9aab,0
a11667a24c89a2f5,0
26a110e9778f388e,0
c5d2cd064fabddfc,0
54198507301eb955,0
7e2b698ff98b2909,0
edc1c0e826d05711,1
d6e0316fa7a8e6c7,1
048a32e339b62f42,0
b7fd6952f104774c,1
0ec1070e26761309,0
5e2236c8d16d0ed4,0
3571d1915aa682f3,0
3a672adf50772932,0
f2a1ba1cf0966a3a,0
6ed667641da2f9e2,0
056bc9aaf12a2632,0
7cd39c16cf5570d6,0
a6d843d287e97231,0
511311653b649f01,0
d17a372261c4eccf,0
71bc31657f834ec5,0
2bf40ab9012ad6d4,0
dd4d8304ebdde667,0
e6c3528b5f888b83,0
3aa4fc0289326648,0
654110960170f3d0,0
b98340c35959f192,0
327aed930711cb2e,0
1d47e2f20b0614e6,0
41f1ba8971058455,1
cbf1eeeffaa51df4,0
e2a7a43fea7b7d25,0
fd14fb67f5d27711,0
8642287418d312da,0
af5cc46f9c7bb4c6,0
a275d9b0a4886f96,0
12486da453acb188,0
9c6d92afd832d17c,0
e82fd2a049458d87,1
6fc9e3b2809fc234,0
2b3f5eb54d76d78a,0
c7b169d4031a70ec,0
6d565a030db1f026,0
98a5d16f4fd17ebf,0
2fc5acb2c026d597,0
84a388c64bb88901,0
ad26800b91cc1da4,0
2e1e6597301ea4f8,0
a200cbe537dfe0cd,0
0451ff70c6acbbf5,0
16baf6d6928627b9,0
8d79cf6308f0ff12,1
1f11586aed1af38e,0
fa8095595a64b21b,0
2a0d40813accae1a,0
ca2ca9355046aa61,0
73f20406ec16c839,0
68615fcd76363a85,0
aaddacf9aa85be89,0
e02c99e40f4c8ec5,0
ad26d93448c0fa02,1
801618d94bb012e5,0
b8359dc9869b3862,0
963ed52ceed36a8c,0
9736397c415247db,0
c83849f5cba9b8e9,0
bb717dbfe3dda923,1
a2778ac49ac72e62,0
bf40e99197893161,0
8ad96c89cc09a8e6,0
2ab6155de757d218,0
38faa876d44ab399,0
6111292fd7cfe200,0
a19a357461c4e975,0
5afd45b4405f474d,0
b7411f1185b92d56,1
64cbee7c8b2362de,0
5e2cf090c725e061,0
131a74142d7067e2,0
8b407e1393eff754,0
2ea8667d9339e8bc,0
7d32e66ad0e7e13d,0
4fdd6afe25f2f845,0
28c069ebfec547a9,0
b9c5f74c3eb8f3ea,1
50c0b3f84d93c2c9,0
be2c3f3cf976c251,0
672835eb5e5a1644,0
547cbe76a92b9833,0
655b4f6c66f775f3,1
d4bfa22ddb801d1e,0
02f78b75557788bd,0
348e0eb39657a86d,1
0603779360986a41,0
06be9085318254de,0
db80dfc2ba24f2ae,0
9b58c3bc96356935,0
74bcca542bfff41e,0
27a14d506dcf5d54,0
558555fdbe6cc74b,0
49c81922f57e9f42,1
95c9df388316533c,1
efbca65889dbd5af,0
914470fb571f2f62,0
9edfa572b80d60ec,0
49b47596856c4e4f,0
828ae5204bf4bc3a,0
4e3b86ca0b97c986,0
f806c19db0e98e05,0
d388149dc1e5e3cb,0
ff588fbf8b338575,0
d38be1c23065fa54,1
2be7ceb4165a668e,0
486ecfec6dc9e88b,0
615e6885e0d5c0be,0
3bdb85af7c0398ab,1
ab8a00f00bf6c7d1,0
d4ff537d9489a1f9,1
c4859cbe599395d3,0
44ab2cd0ea9e9696,0
a11d573e34a92f4f,0
9e86b34a1935d667,1
1aece09c616bb875,0
b8acdc9ea2878624,1
6dbff27c5914d5f3,0
fb1fca761a29aec1,0
e76dd04156dffc8e,0
00ea853ccce4b09f,0
aa338fa3ea5272a6,1
8947d65f032bb78d,0
0233790f174472dc,0
a3612caeecbdfdf8,0
083f5c82eea5f5b8,0
81c73754e994f900,0
7466b253c1b5004d,1
fc85f47678a52b3a,1
73a6ed6bed13950c,0
330852d8453eb2ac,0
f0c9ca39ae5b8cbe,0
f76ec9598665da1b,1
1f4d1bef2fbac329,0
7b2da53fb9b6ecd9,0
220d3b8a1a99e0cb,0
05a2203c9e7debbd,1
3fa6cd050d9aff69,0
a4470960980702fd,0
b3145f7c5058a8f8,0
8bd6db58c6555074,0
fb3ee45d3f0a1f96,0
5f899f365aead4c1,0
df8f9be3996fe5a2,0
c1020da3d5130978,1
a732baba2eedc89b,0
d737b5b0ffd6cb0d,1
94f8dfa3a696e6cc,0
c573b29dfdcc5216,0
16ae73830044e131,0
e0122305ce9a1d26,0
bf888f6322e795d1,0
dc85385a55c08d80,0
fb80c5b13beeca6a,0
b838b068c7d8de22,0
d4b5c3044152cba7,0
fe2dd36b1cb5b8e9,0
76de5095a1d89c15,0
faef1d838dc54cb7,0
49330621a9c5311e,0
45715230d517f083,0
6f3cf5ac299ff489,0
c1fa4c71a7019e8b,0
1830b9d749c28257,0
7eafe02b38c246d1,1
28d88312733b6e92,1
9d811759882801f6,0
0f0a824c0a27e6aa,1
0fb3f2370cd9c708,0
c7f1ec49065ce6b0,0
7b24abac1d42f521,0
9020aa10c1142ef6,0
f88744216ddaf183,0
66be316d81863ac9,0
74662867a1db6b8f,0
fbc38e62cb49c89e,0
579f1f015ec5aa52,0
0798b8851e36f6d9,0
b7f2720777c942fc,0
4f2f395c0069cac2,0
76e405ccad905ca8,0
c62d883c0ef1fd5a,0
f239383283ae0562,0
a385afe4e88320be,0
823435671278bc29,0
f395d6ce8e22f8e3,0
bd530178f0332d0b,0
1338d5a46d1afdf7,0
696daf851b235446,0
d66ebc3df6dd7d26,0
2a1483628c076324,0
a113a24e480feff5,0
d4ad407eec79b032,0
217bcb9daaf01bd0,0
3c2e24f79be3bcd2,0
0df1895e53a94b53,0
14e2c21f787284bc,0
92c345c30823fec5,0
9dbaf017e6b3a78e,0
1ad5295b90da7a4c,0
ebcad6877f67b7d7,0
fa17ba8c5a555004,0
7eaa9d1f63432831,0
05fbca9f66c95eb2,1
4aa4296d98529623,0
8f98e64e9e9d0cf8,1
bae583cbd55cd8f1,0
8cde16af58deedb1,0
3e0f665fd298bb51,0
93081c3dde67fac6,0
91e34dd6c7255784,0
00ed6225b8a109ea,0
c68dd1a938fbc98b,1
b2059f7789002b9b,1
f1735b5294af63ff,0
804a1987ab547d3a,0
f34c03e2a75255df,1
38acf93d50f6907e,0
f647c271c6747dc3,0
cc9f144224b83835,0
ae8aa5398efe7f06,0
e0890b570a5f521c,0
3c016573db57bc51,0
f02a712cf40c7f1d,1
5ffb05fb2565a594,1
dea717a24a0b6c26,0
f740bb1afa6e90f8,0
926d79a4e9e80b8a,1
1df9e022bed808b0,0
e5a7af65d03eb183,0
353aa1dd258fb402,0
593267c7c0bf4a9d,0
0a9002fc21078a8a,0
cc3e120a7d58ece6,0
33fccc8d1b8ad045,0
f8c5253c923abb60,1
a592480108480666,0
6ff1230af78f10c6,0
725e7deecd92c074,0
055663d77f6f52e6,0
77447f704ec60595,0
8367ff7136b20921,0
ed71824638f86ddd,0
bd84ff4cc3037ad4,0
b9d54ff903ad044d,0
5fc06fa0ade6ed69,0
65728d9d5467b451,0
833d6fdee6f409f2,0
83dd9496936cb658,0
52bfc33f5d236c31,1
2ffad90cc427355a,0
35a361bd66f499aa,0
467c44f818497c84,0
da1349bdc911b8a3,0
1a9157fe0b694f94,0
40837ab6bb5e02ef,0
4b6c5274e7d6322f,0
dc463053593aa39f,1
4410bef3d78e428c,0
320c6451626b1b0b,0
3ae40dfe8d49e082,0
2ff31134c2b44306,1
db9b0f9f7f589219,0
163c3b1c3bb48935,0
e6a3a02d716f7a00,0
282272a000300804,0
afc0efb16667b224,0
2530629fe2bfb66c,0
86728aad2174798d,0
a29eb7e5db84f016,1
545b833e3e458687,1
d2db957bfe3a6fa5,0
d65c5591e4107b51,0
20fd8f66ac6eb35c,0
e012f8d85928d6fa,1
b4842dd2c0a2eb95,0
ffa659e20b587327,0
7dd14c432073ef1e,0
785788674e0ab3e9,1
d36c795bc3fe8991,0
d61b2d3af621de6b,0
50af57443710f640,0
93cf1bd4842e9f22,0
ca2a3f4d5dd28041,1
34c637be81de91b1,0
8ecf5919a45433f2,1
5e5648dc51d76e5b,0
873410a192d8c2ef,0
2181441d292da5c0,0
05f6e7ce44b4a368,0
f60435c8a9b15061,0
f792f848d8f8024e,0
9e7d0dc909ea504c,0
4b540f4547cdb0e1,0
8265a5b94d6d974c,0
eb9b75b27497ed3c,0
f7f073ec029cd56d,1
1bd26ce6b32d024f,0
f941f1714f791d18,0
058dcc764c65b30b,0
32d1d39c8ac0d023,0
7f3174ecd9014adb,0
3da58c24991cf261,0
fe362a1f371f3c0b,0
97e92f585ed369f8,0
539b100a1d959543,0
4b526de78da21661,0
bf25642324274282,0
0b138a6c7282a1ea,0
4aa24bb086efc73f,0
34b47d9315f03a2a,1
c6a94e9dfd531a59,0
1f82bee868447c25,0
d4935e3fa41712fd,1
d73bd7c07c7bb518,0
893f77d1c7e484b2,1
095a1a7baccb3243,1
ebbd6fdaf43ef297,0
4e64f0dff1653586,0
b1c3fe23334699fb,1
15069ed65661f72e,0
281f1443e855fc60,0
984a55c9c1829286,0
cb26909a099050d1,0
de98467095db5132,0
7b88cada4613534e,0
4f5d7f0d0646d0c7,1
d476ed4b6fce39e5,0
13d21030fe9d8f78,0
b15d46b06ba94ded,0
73ef2ca2a0a921e9,0
92fbac2f1353f3cb,1
3924d4389af41a43,0
425bd028c9e1d954,1
6dde2858caeca3a8,0
ea6ee8e725549a69,0
3cfe653dae632356,0
44ab859c2700e155,0
3a9df18ca61cf8cc,0
676b991c685728c3,0
55bc68764c847108,0
1a1f11d99ef11e0f,0
de6338cf77ef2c45,0
ef7dd5648b719847,1
67b0226b78a6e4df,1
ecb011095cd5079e,0
666ea47177b81674,0
f8be927a03830b1b,0
fe5a604e4816d89c,0
ff76968608319d08,1
0a8faf63a01e58d9,0
92f6b4ee538241b5,0
6d81a69f92e288ac,0
989c01a3bc3dc3a5,0
b1275034251a0fbb,0
68d4cda4b9e17365,0
b0dd686c0831cb16,0
b9b08026094bfadc,0
f4cd92d70620fc29,0
92a328fcf88129aa,0
39759dc02f9f60c4,0
ca15646668cbe6b3,0
fed01e40b87476ed,0
8224af967b11f3b0,0
6410420fad4ccacf,0
b9019c6a7512be6d,0
c236009df54692d3,0
84cc13d71aadb029,0
74a9b9025665e3ca,0
392362cd601bc006,0
25702f3f504a4e68,0
ba7cae9dde67861c,0
1d07b6c1f4bed26f,0
f8130be92b8c7764,0
d7659a612e79260c,0
ddd59cdbfb167b46,0
8f7275f0fac8dd49,0
ea76a1aea1d66821,0
052dc0ecc56725bb,1
4eb3a042e69da19f,0
93e5401ab6e5c708,0
ff0a2aed1a8fabde,0
836450fbc99e0c58,0
77c7065e4be0091c,0
07af91e09305c9f0,0
697737038e44b9ff,0
4465c65e7224830f,0
ee8a09f4847be07c,0
0b127bd0dfa18289,0
5cfdbf4ab259d658,0
f5de158d6613282a,0
82a3b88facff66f6,0
81bc00f9bb970a16,1
fc1d01c0134aad5b,0
5df613d77516283d,0
e3119291df9656ca,0
ed7af60cfd867ff1,0
2421837cbb6d3745,0
46a0f2ca99a41baf,0
733e5687593b7ac7,0
cb54caad09087fac,0
caa46bce4306b4e3,0
e81cee9e27470074,0
b29fdc93e6c67ba2,0
5fde473ff2b9da6e,0
38933d5debdbfe47,0
a760885622dacb64,0
602731d65cdd45b0,0
ff21b84f3402e4a1,0
610764dd532939ab,0
e4f993147b0b4a3c,0
2b3fa6407fda52ed,0
9fa46eb421895112,0
a90b1bc15ba5729a,0
04c7d4ae1da1af65,0
28dde8e0bcf6fd34,0
a6845349a6bbef45,0
64b78507d2efac6d,0
cdeb07e2544e40bb,0
fae4e0802fc7305f,0
ada2a716a155772e,0
c72de64c2f5a7bb1,1
b4e278cdcbfa80cb,1
361936f9dee68dcf,0
972a79aa1541af75,0
076a9c4440e49677,0
c79a5ee5526b86cb,0
dd9702e90461dd4d,0
85111c5b0697e04c,0
0b4456e5f8a7e2ac,0
f039a86a40b0c590,0
fb8136a50cbe730e,0
5ea82334d3267aea,0
474ba3d14d4cccce,1
a41c984e4d95d42a,0
7d57f3ca256b8425,0
02098e628fd86b8b,1
1a6e06c163555be2,0
16b21f259f45d5fd,0
f71283396486a488,0
7a26fc801ef2ca9e,0
3f2558c3364db826,0
546b69ca35a485cd,0
4a00a63da5cfb580,1
dee7fb0a0d33b1d7,0
53e9569b3bcc1fe3,0
7ec07d1b877841d6,0
e5e931559c9e68df,0
158e55ad28c7deed,0
6f914a952eae994e,0
f85611e37a2235b6,0
71a2d681c0da16a3,0
a355878acc54659b,0
65c5187eabc62f77,0
3f65e2f9e769142b,0
fb494aea40c40d57,0
60a15815d8b92c46,0
ce1aad237e7f1337,1
7cee35f366feb310,1
a9155f6545627ce5,0
ec1b85d9f20a4082,0
b0bb779bd3edd1c8,0
2e3cebea652b3467,1
51de0d3c121712f8,0
3493e6a62fa9efdf,0
cb640e5621529399,0
bd9e67e50033ab19,0
0ffd61e268912605,0
399c19258bea8086,0
b8e2ea7b8c656556,1
0866b6746ba7e408,0
ed7898d89fde3bdb,1
8306b57e609b32d7,1
f7df0c5a338ee937,0
4200c335671054a7,0
c2fd9e15da5abbfd,0
4039900cfbe014e5,0
e81fce54e26ba215,0
b7b1495aa2b96bed,1
85cd5aac08b3a298,0
385d1a2b60c6b107,0
8521eddf75376489,0
bb954c0264b895ca,1
41256beba9e1f455,0
feec387f061b1c26,0
a7c5d05ae9e2e9da,0
affb50738fdafff1,0
d10b5e10953d6073,0
55de32369f223864,0
5f40002828d9e457,0
037b488b76cabd11,0
e825b7b95046f7bd,0
07b9d74757a8e064,0
b3b9041240050b31,0
e42a32d01a104b0c,0
12b902c49ec209c4,0
fabc27245ffc28a1,1
6ba2612ffda5f7b8,0
8c5c96ffe955c116,0
d313db33c2fa08ea,0
c1a6d6f6e1de180e,0
91df2ce8b1fc4cf9,1
9f0cbf2bb50e80a8,0
ac6c37ad3378d6d2,0
1e9445bed2f5d051,0
d4f028b3a56b0072,0
7c8a1c9f179999ee,0
c049d569b61abd5d,0
4e8cc430aada4599,0
10515298e87fc788,0
595f0751372c877e,0
4d3df2c76c58c250,0
2b4e1eea37a897f3,1
df3005a59ce9b8c4,0
1964b772d8efc4fc,0
34fb848e21dc29aa,0
111d81bdd423c203,0
df1abed01fa8ff8b,0
c0471ba80df633e7,0
bd53dfd1edf7b6d7,0
445c1572d1193ccf,0
6faad6bf8819d921,0
18d87a0049fddf99,0
45272a91422bb9ac,1
3ca98d8ba21938e3,0
ec916dc3ea70c13a,0
a6f2f0903c2b69a7,0
1dd71526bddf56fe,1
cdd01b96ca0d4439,0
69e904d78fa18792,0
7baab3054bfed622,0
c29d2ef81f5a63b4,0
a2236e7c9d2b14c3,0
b35a64063e5cc868,0
bebe0ce5cb2692a9,0
9a5cb3067e5599e4,0
38f12019df74eb1d,0
ca2e35bc5134224c,0
da6218e5b395a33e,0
49bacd9e35989652,0
f181fff20bbcc550,0
7179935370d1df91,0
d67ff7cb1cff7de6,0
18e464d3aa008411,0
48f2befe08c75931,0
a22f264b9b14f1f4,0
1842e3b91706bde9,0
9d591daa884fc4e4,0
d392b85e1471bc4e,1
e0cf67b6647439e7,0
d2512b67472775ae,0
9bdf4029e610d8c6,0
408abc218366ea77,0
1d10a4a060362dea,0
087507cdd43ea754,0
682536a35fee5d13,0
0e91a20f76bf895f,0
262791c7bf1853f2,0
2400629549b08e80,1
c6e097ad2fd687fa,1
c935fca58d823e53,0
cd2fe41d689230a5,0
5329418431d644b8,0
f55f6ba86c1b8fa5,0
daea986b97beff57,0
9217a59123420ea3,0
a32affdc2ab065ca,0
386d7442d9ff26fc,0
2e4344662ba9e57f,0
b90d6a503a648daa,0
10bed543c5c45293,0
da2c7d3279dfa86a,0
578dc1755a54fe02,0
e2cab8ea924f70f5,0
17e8d506191fa7f7,0
8215354107a761c4,0
860f946699eb773d,0
8a3b5843b7fa5ff4,0
33cb2df98fd697c8,1
c7efa6201ef62339,0
4c27f9677b1a6b03,0
3f89a36f29c0bc56,0
1d61d1ae2c0026e8,1
0220c3b95534a5dc,0
1252161bc6aa793d,1
cadf9c8658de0e28,0
113ffaa59d476559,0
7400b2239329a057,0
c324fd2108f9f5e7,0
9052fe309adda42c,0
064a59037b172670,0
75fd5f96fbdeead5,0
9be7c93ea38bd00f,0
e91ff5d375ec2235,0
f154f4e4142e59ec,0
462ef90f1301167d,1
2114a3e3e0d99cb0,0
dbddd6c497d5b329,0
6b1f2d9fdffd0125,0
512cf2c224033b54,0
ad3fa61c9810057a,0
c4239de4825e09fe,0
7a4a17d1359ee78c,0
9ec327d24afabbd4,0
5e96db03c0168243,0
209bb311425318d5,1
230517ac1f82c7f6,1
b6e7ef2c5ca0173c,0
2e144fe584b3b97c,0
80ee2b8622de7618,1
7ae945e2715f9bde,0
28098545bff95f7f,1
38081bc131779bf9,0
a0fba8c93165248e,0
01aedd5798853f4d,0
692d9314aaac89de,1
6408ef3c56b8c5a8,0
389cd76234d5487d,1
5d95a102495e2bae,0
615d4cf0b85a57c0,1
6a7d4155771bde47,0
b5fd15f0597cfd46,1
7dc3ffc4dd1c3af5,0
4719b2fe2ab3faee,0
396e4ae749860759,0
a53588c54a5b16d9,0
08f814050f680652,0
ba31d541eb44cd79,0
0edb99ca129dde14,0
4a0116cc87030341,0
3e6efb59579789e7,1
ea957a880fc001c8,0
6585dd4da69da89d,0
686121bae233f721,0
bc31651dc3deb37c,0
f09cce6c1e2365bd,1
76f9eddbc17b3e7e,0
208c4c7012109df5,1
7afcf7d99b8d26b0,1
d2f86c13d0afe648,0
20fe6bee68048007,0
0d3fa01581614fdf,0
30e8fe1bc7e6ce48,1
dedad666d9b2744d,0
ed85cd052d1f0325,0
464a7d2caa8a6150,0
7f2b016dddf9c3d6,0
096180fae888ee1e,0
0641be132c7870bf,1
f445da7fa3d6c13c,0
13dd4b60aa56f12c,0
c4926a7250a8ea1a,0
c8647612df166f1e,0
ae4c96d8cb33438a,0
1f760a5ed7ae7217,0
456150dcd76bc1d8,0
8ffe661cec35b605,0
4f0d5938bbb55498,0
34ca1991114961c8,0
d4cb884a38000c68,0
3d80ab8d6d09c6fe,0
477ac9ab6c908314,0
c979640d4dbac499,1
be6ed0c61735b74e,1
dbf7ff887fd12ccd,0
1854765429c539c9,0
009fb03321f522cf,0
b65d9eb310645d6e,0
0f8b162c06c03c3b,0
2a115f1e6fcadbeb,0
95df70a8f7b38210,0
55b5f8a92171add2,0
a108ca14b7d43eac,0
049e4d35a89cd166,0
fdd8b9d8bbac92b2,0
74f86d8911536644,1
2ca02dcf95f8a162,0
9c0b70593e6cc967,0
dd94c4f513dbed8b,0
a54226fe81dfd21e,0
e951505fc482e844,0
87d6afe589f13315,1
0c151cfeaec7df96,0
80e5c22b45e6f604,0
e42e9869d11a185c,0
18cca42df3ed2ffc,0
03e05214cc350ad1,0
162360031da47747,1
f4c498abddb85245,0
0693e8cb712d24de,0
445b41a8a3ed0be2,0
999080e55e6fe1bb,0
b18e7b212b4f8976,1
4cd671064f300087,0
553916a71495e89d,0
b320aa5f3c8cf98d,1
a116a1acc1b48923,0
120c958ef9473e71,0
9e93696bc3901535,0
ae97fb6f3391936e,1
f5ae48ab7cb5a86f,0
89e5af9a8cce92ed,0
4ecba03f2c85ca1a,1
d644cd0b25046690,0
d4c12276f41ae3a5,0
137df27eeeb30895,1
ca3c851b31c66f6b,0
a08c8d6a991e8c38,1
70ad6de3110a94b4,1
e7baad4fa5158119,0
89671d35adac230d,0
452042876199c4d5,0
58b2ac47962bb9b5,0
8f8d0d26f632e91d,1
244a04cac012a7f6,0
57d82f3cebba4501,0
301007a8f11c7508,0
a20e52e0b44f52d6,0
55c3bf16d8aed8cf,0
22e8c90528391872,0
c76a8e243a7823da,0
4efaee3db4bef09d,0
be877e140827697e,0
04fd3af1a6c1d578,0
d07c76abf3b5a8de,1
cbc0d29dd584c6c2,0
1f3acc30e3418efd,0
3826a58c9c6837ac,0
85ca4feef98cee41,1
cebb13e3a500c024,0
1cb69909b008dd12,0
58f74d5db4399d42,0
19a9a15394242381,1
2722b850b0ced970,0
9452ab46b342ac0d,0
3ff9e136d1cca17c,0
a80da1902b4f5c13,0
c90f941a248d22e9,0
f54dcf76641235f9,0
9176e08fa4a8834e,0
52986af66fd9bee7,0
37d454073591268b,1
7d88445636a40eca,0
6519e180d52b7370,1
903e88972f41ab41,0
1ef5db79d610d7af,0
22749397ac6097b1,0
32892184ac7aacb4,0
d4d3bdaf8580d07a,0
f95ef96827facd2d,0
be28c7042ae5f346,0
6577784debea39c6,1
999c80c2b6e507a3,0
0741f909fc2c4815,0
01e53b0a336047d5,0
69f4a57f13021864,0
90919aea2c212665,0
0196d374cb2b1c17,0
5fdf28eb6faae4e2,0
08fb4eec643175d1,0
b4c663312ceb3d36,0
a337d674900e2f5d,0
1dc3435a1fcd0e6f,0
afe23d42602c67ec,0
6346d5b52a9e8689,0
cad5ff8c321e45b7,0
715591914b21fdf1,0
de71c0eaac5df635,0
856e29deb145a107,0
5d3c3723f2d88b12,0
8887840607b483a4,0
f64d02424712db4b,1
4f340f0aacb7a144,0
99a7c5b186f1049c,0
32c26ad27ef35221,1
bcb083fc26440b67,0
bb7f598457608639,0
b63cea947310c678,0
df47d2e465001c8b,0
b244eda56d6ee39a,0
f52eabd6cadeaa12,0
2263676105a68549,1
99c5a287757009b8,0
b778c35b390e98a2,0
d4422e4cfa555357,1
ac90dd1ab4fc02b2,0
1d59f750f2044758,0
a3f7ec90998426c4,0
122043490f404636,0
9099325fe687f1e6,0
f0d0923e9bfa7715,0
d5a38d69147c7dd3,1
ecf13e74a45daa77,0
850e50778b1ada7e,0
0d46790f0a9f6190,0
eaa3201634e42309,0
c096c9ff4cbd45ca,1
cf3a3781b6c74b46,1
c8a56c242d2e93a4,0
acd6cc7eb58ea823,0
a5d1b6dd316cf109,0
458a0db441cb1bc4,1
267d8020fd9facdc,0
cfe77736c430df76,1
93e1bde197e40c12,0
64c3eff19c82df28,1
e3d4b1f4af664bcd,1
1d2c564ecd98f48b,0
01f6bdbb127e8f70,1
9ad0e14d51cc6a40,0
b750c8adde183851,0
3cf40a411d6293f2,0
8c229a27ef069c87,0
4369c15aa9a38eb4,0
b93894cd0a679712,0
a16ca5a104dabe48,0
9ee6a628859f5ff4,0
5c3b1f5b8bd4bdc1,1
0650029e2e3d51eb,0
e4ffe15f02056d1a,0
14d9b3517849355e,0
6c12f95d21ac1d10,1
829a588b1acb2ad6,1
51f47ab80d75bfb4,0
fda17356471021d4,0
7676a555c30dcf99,0
322ff83965cbce0c,0
5570a91275e19dac,0
6907175fc243de95,0
55d48b80f912e45a,1
fcbb5fd8d4b6443b,1
e7e87cae210f1991,0
4a4a441abafb20a7,1
c19ada8a99aa471e,0
053bb8adf77b2759,0
624127e26ba4d2c5,1
efb46ccc30be0b97,0
e9adbda4ea53ae9c,0
a70ecc44bbab446d,0
fe0b7c1dc0f5af61,0
76fbd5d94670e926,0
8b93cd83d9f7e432,0
538c5cee34022ae9,0
a01c732e76128eb5,0
d3f879c9d1a67a9e,0
822380626383a123,0
2f942aa0452708bb,1
a516fee35d1711a0,0
bde90916d1bc98b3,0
7b6103000a494f35,0
5848044c32520fe6,0
5b8409e5e1474a5f,0
f4ae73d35627c36a,0
92808155af46fc6d,0
e903a591037380dd,0
43b2cbd70e4e274c,0
d4f5fddcb7079f9c,0
104733375136feb6,1
f955a43feefdf814,0
272c0567d49f3744,0
7a9654e743271b13,0
2c07af24de6f2855,0
6da6dd064f41dae6,0
eb393c0b96727c9e,0
9433755a38a7e057,0
0074f693386970bd,0
310460bb784a245f,1
de40e216ba795b0d,0
542b1f0c6d507266,0
e1572f9098033b19,0
28f8a8511e15be66,1
5bcabf0d8e339f5a,0
7e6feb3edb7c72df,0
b1f525bd2a00c6ee,0
048934e79d0f9c2b,0
584d47cecd26597e,1
8d1e3022baae4a7e,0
8d21eef3a92f0ce3,0
fa4dcc84c2552ac4,0
d20b383d48628006,0
8cec9c5c588c172c,0
b9249f9cfc5dfab8,0
2e2da97ab96efc95,0
b9ecb014bdf0a6a0,0
ae560a9108dbf88f,0
d2c63328ccec48c6,0
08b728639e64c273,0
e8bcd4bc628c95f6,1
4764da29435e2cd3,1
b55706171642cbed,0
89db29af39559594,0
f0a94a2e11fd4938,0
15bdf841e09f015d,0
6a70377275370663,0
363a57f832de6d11,0
294ca4d6752ab3d8,1
c9e23e75d27206a3,0
e91b896adf29aa1e,0
827260ea20df278a,0
05761720708d83ef,0
1683e2aa78d2d099,0
40841c8ba86da5f6,0
004b19f3bca75f5a,0
1c71834fd7d66a4d,0
9756f639ddb64d0e,0
ffb6efd2cf67627a,0
5654cd628e7c80b9,0
f56bc7e55b3e559e,0
8b205c18119719b6,0
25e388671afade82,0
0e9dcdb8f8f2438e,0
bda226aaf200858f,1
0882c832499a2fa4,0
3859697a0098ff80,0
1963b8d8e2d30f13,0
d60d314c470478e9,0
768ba2838989d9b1,0
93f737bd2d4234b1,0
dc43c249bba8fc45,0
9f2310e0447d7196,0
607fc68ab2ae383e,0
bb3b9d3a3df2f449,0
169b22616208d775,0
63087badd10c8bd2,1
7c9addb96c740da6,0
049fbb02b43d453e,0
bdac002cf47de6db,0
6b545768768215ae,0
c6aa58400c59f0c1,0
df30cb7ae56fb0ff,0
d6ea6229e17a2bd8,0
b364b7fc6e685a03,0
a658ce670e3587ac,0
293f2420b2df58ea,0
7a835c49c0e37604,0
6578d48fcbe0e77e,0
e1b541b2c9bbde0f,0
3960458470941bc4,0
c61caff6d6211ac5,0
254f03bc05dc5280,0
1e59785771a64747,1
f88c4e20a44caf40,0
072031b37380fdff,0
a43c7140cf78b730,0
4438a54b387c38d9,0
f82d99879eb33d04,0
152d1cc2aca7013a,0
415de26a2882ca18,1
375d0b2874229690,0
4201302f7d4c76d7,0
68ba38c3781a7d5d,0
74330dac80b3e961,0
eb60f71a8a4b01e5,0
448ebfd66fca1aba,0
54703e59313832b8,1
9c710c5a504fae9b,0
a7e2d136b527c07e,0
d075842515c6000c,0
2c5920c3dd5f0105,0
e52857ce6e905939,0
f0870cd422b35299,0
51980964cffb5e57,0
b97b63b921ecce77,0
9c4de4e4af442b71,0
93a75acf0f890c1e,0
34f2cba603a56a25,0
40fa6522727fdc1c,0
bf58f47d1abafc29,0
28feebd6297556fa,1
e7597ba96873889e,0
b0f2d43bd81db586,0
d797efe4614896d8,0
2e0ad7978000ca89,0
3c7f86e91a6c4127,1
038cb68a555e85f9,0
bba5a7444ad5d662,0
d37ec0db138bd8d6,0
fb1c508c099db59a,0
e2e23c1225a13b92,0
12449a62c45bfbb8,0
3c64970900a0ba5b,0
c7f3a6e83813f829,0
5914fc5024a74a98,1
9e1cf9218e451e0c,0
b4f291997b526e33,0
808856a114a98676,0
a7e938e9efe1cbfd,0
e09c7da05b009cd4,0
9aa8aed644df367c,0
10f274f7dc9b1102,1
24af961bfc6ebaa1,0
ed326abef16b04c4,0
8d658ea26ec85822,0
24b9cd71da79d09e,0
972275a733acd19a,0
664e7650c58551ea,0
06dde87bd298ccc1,0
4c3a334fdddc66c9,1
431afd94213174dc,0
ffe13c56645f8f2e,0
45c94c3a503128a0,0
002435f694564acb,0
1780fac2232d1d03,0
e1207381a2bf7ceb,1
d3210334832a9d1e,0
798bfc12911f8916,0
0c48f824dfefaf9b,0
53929857d99bbfd5,0
17cf45ef69faa3ef,0
9f0b8c0aa492af6c,0
1c4033223516f0a4,0
a08d0e39018f4259,0
417c779f3e9dfe20,0
5943bde74490a7f5,1
cf464a6050e32155,0
2ad655b5e00f3ccd,0
d6fb1b048eb37858,0
dc48912ce9192aca,0
fb67e662f36ab71c,0
6ba1c4f98e113311,0
6a9d667ddd5ce133,0
52d2c6f538c07275,0
89ff8266f292dec3,1
3d6abc4cc62af508,0
e5e1223761cd170e,1
aeaf4cb2295030e3,1
72dd35b88dfd9217,0
510edf4268a2415a,0
23980f4e14dd225d,0
6a7e35ea99404a59,0
790b112069894ba6,0
9a78edf3e0a846fe,0
8a5fb531e804a936,0
2345846c302b5030,1
66f751bda512240d,0
4f8d56e07341923d,0
5f0b31624a8b98e7,0
274d4a6629778ccf,0
4cec147e3e869eed,0
a031d4293b83a6cc,0
75efcb80d06221ca,0
0b7cbe12642bd079,0
6160ba97e5abc3e5,1
564117760c395a38,0
2fff5aa85e22d31f,1
23080dbe14330076,0
0fa0260efa0708f7,0
0411b2e61013aa61,0
c2d615e98ae9a0a2,0
8d297afc3ff6b3d0,0
e9cfda615780ce54,0
4114cf2cf80d95cd,0
1439618dc074cb1a,0
a665fa3e5c3ef0eb,1
967a5905926ef5ed,0
86ced6a425cdee90,0
1ca04114adb583ac,0
630f83dcc55d794b,0
e64d8f24abf4c01b,0
00b39c633f7c66e7,0
15315ee3414c48fa,0
0f7b3d260f76e554,0
a4be7e05b39b8531,0
f667ed061b452732,0
1dfaba3bb27484a8,0
abb5a0f68474727f,1
b4a75c74d07ed718,0
a30c5bf43465e003,0
b07eda1985ea7a6d,1
27b71689bdeb8499,0
1dea5629bbc329d7,0
583325a14638e5f6,0
b5039252fb5387f1,0
dc6950d5484486e2,0
411e15db562086cd,0
f0bcb0ac52b712d5,0
f399653591ba0a62,0
2994d22d773d20be,0
3ce92216ef69531e,0
f27cbc2939738e11,0
f7277ef3f5638189,0
37d53264d91cb3fd,0
d692abbff550ac38,0
9e05769f93a47d63,0
dfb72259341e2b89,0
48dfdb677b5454d8,0
ad7b7353707e0837,0
219967ecc1c185b3,1
cde0c34f24d7f278,0
d7e87f99aabb1c9e,0
c5358c6f936ed4d7,0
aeb8f1f7ed193b9f,0
290067a89274e306,0
35088f580681156a,0
b06e809fa79c7d95,0
6fd89c0201dedaec,1
58c44284e72469f4,0
aa73f357dbcc1c74,0
3e49e8d860f8213e,0
927bb5130f311f5c,0
6c3c7e547799c9f1,0
29d887a75f52b7f3,0
9cdf85897d823677,0
ea354b9c9ab350ca,0
0ddf66f63a772c2a,1
159142e0e9150a1b,0
32ae686df8ea87eb,0
383b8cc8d0ac59b2,0
bc7b10fd283060cf,0
a722dd3ca7e52a49,0
7f76c3826a83f07c,0
db5c2d0c273e3482,0
ce8cdf3b33ca8ad3,0
ca199af1f4aa97fe,1
6ca924e6cd437ec0,0
126dc1ac1261ef9c,0
8d78361958e6ba57,1
faa4a11f16060bef,0
6ce3537df9034f8a,1
5c0c8525063581ac,0
d562c3773f2d5691,0
4269601fcdea5097,1
0201734c5b72cffb,1
6b46fc60de966622,0
0f58fa0d614bb63e,0
4dc9e35c35f34eb7,0
2120e57b592e0862,1
577da62994f24a8a,0
de687e329b08b65a,0
e5e048c3e154577c,0
d2428dcb17302023,1
ae45344a1577a84e,0
d1c1c7365e95213d,0
ca069e55e9c46573,0
dbd3a398138843c3,0
44ccda2082b34a23,1
ad9970b8c680e716,0
