82.4155342633
80.7103196837
85.0334602099
83.9121915089
78.8380094576
81.9000408954
80.7671749386
79.5578461921
77.3963410624
77.5263394752
77.9978700326
83.0096558907
81.7494568874
81.5583689210
81.0078204797
78.2728765493
80.7865207056
80.3744736873
78.9604376361
78.9556618894
75.5553566941
75.9005472963
76.1189730847
73.2374137860
79.8526229623
86.8086714480
90.9900747561
89.9284439078
90.4882040131
82.2386769145
82.4729997688
85.0300435301
86.3035385107
86.6193161382
84.9290262935
85.0771104363
82.8904955597
87.6005435883
83.2334633441
77.9264939210
83.8014942929
83.1954494170
86.0618785915
87.9907527820
84.6556799109
84.1851396845
79.4918518905
74.6120027261
75.3761822302
73.6616082766
79.8673769353
76.8213565890
80.0638615251
82.5295747592
85.9139544819
85.3394302547
87.9255093900
84.2133268852
86.5903919112
89.3059258193
91.5953160147
90.5255809589
89.1884604908
85.5018247040
86.3151356528
88.1679372853
88.8977897749
85.8261954638
83.7894146145
84.6553472353
82.2532614201
81.0471650544
83.3672716817
79.6029375173
81.1891652744
81.3194612174
79.1987624768
73.4874269557
78.1737263033
79.3981199561
83.2929900532
83.1765301480
81.4286447743
80.6024313770
77.6590849932
77.8806794694
79.6924254130
83.8163733450
84.8332182919
84.0753729199
83.3647036175
85.3619937510
88.5169069899
91.1239893148
97.1517260864
91.6953670869
88.9500412180
90.5224346620
90.8192334364
88.7722986135
85.9639660611
85.1516963667
85.0111560602
84.1770493535
84.0456198477
85.1906260682
84.8116881075
86.4715334669
84.4810423190
86.8739510257
85.8565594147
89.2121005197
88.6299709455
89.9799675290
92.3410699789
91.1810203385
91.5469058377
92.6943754095
90.6471331592
89.5004764364
90.6410252899
88.1121035590
88.3035491269
88.6060914416
89.7279268205
88.8471389132
91.2533077474
86.1276092196
83.6893167515
83.0718837569
85.5008341948
84.0327561249
82.7882708834
77.9281462012
78.2877062073
77.4710928996
79.1116324975
81.6977837429
76.3804464471
79.4467003772
77.7538171027
80.6729513790
79.3338369881
81.1651361539
80.2846841440
78.6123189053
78.1962696178
77.7856962272
74.8164295909
74.5491314415
75.5159496196
81.3960644433
85.1336655631
84.0048224725
83.5387351273
82.2100209952
82.6799365898
86.2841020643
79.9313058337
82.5172586543
85.2935021639
89.6771277599
84.1794903290
77.9789823666
75.6629547992
77.6836193977
82.3695287400
77.0198853418
76.5624038231
73.2690847841
71.6699396663
72.6865285323
72.2584961031
61.4926947193
58.3373730963
53.1622817307
55.4101219388
62.0837117437
69.2264657615
74.4712688726
75.6097143518
75.8584916023
71.2767272375
70.2880259685
70.4970074134
69.3860065595
67.7176593836
64.9246416146
60.9160855270
60.2447920770
59.4420847235
70.3923046465
66.8962363178
67.8509452514
65.5258162008
65.5103252290
67.3251120093
63.2018395131
65.5034764836
67.9726673303
71.9363900704
69.7164878228
73.8736069945
72.4221546007
73.5097283180
72.9016561023
73.1725294976
73.1064561326
72.0439678085
75.0810781159
74.9204395100
75.9688190482
77.5964012128
81.2875141968
80.2423378504
80.8116954571
82.9034381239
90.3289178792
85.2044579867
86.2627597001
79.1304540421
81.4171310416
81.5057682416
80.3725742004
79.4501691313
76.2609721908
84.7600148865
77.7015641509
78.7666266978
78.2926926048
77.4757634915
79.8899218442
78.8353931648
78.9572810687
75.8236486908
78.4335045946
74.7933330822
76.2377517983
73.2682407086
71.7763317239
75.2084598259
82.1473481062
79.7151100477
82.4131297965
75.9680107228
76.5714124256
76.9505072631
77.8108732854
78.8900738526
81.0713843669
75.7169476428
75.8137895958
73.1561714894
78.1597470237
81.8391334141
81.1105360838
81.1877166253
79.8715027318
81.1661788266
79.8073922618
80.1063862685
79.2802272228
76.7837066029
82.4259272854
83.4344416079
87.3050664700
83.0494365387
88.4761006119
89.4465514586
88.2904118203
89.7328529240
91.0303295722
88.8607660560
89.1914797484
88.1195038904
87.9015838285
88.0739700771
85.5223334846
83.6855035291
78.1171453051
76.4452335143
81.1039848233
82.4998775607
82.5467716203
80.0564787920
73.8784191717
74.3845720044
77.6035862563
79.8859923341
77.1674461813
76.2371260687
76.4175657352
74.9809897380
68.5458500199
68.3428335387
73.7168599955
77.4662438553
84.2079201956
80.8311308697
82.5427270456
76.8142776044
78.7606587265
76.4260210364
79.7970131989
71.8380845941
73.4517611599
74.6727345636
76.9984927259
79.4052271479
79.1324066198
78.0625840504
70.4446205131
67.0598069015
67.3310037721
74.4842988337
73.4050453076
83.1261373922
78.3513878929
81.8481081265
83.1668889625
83.0860564767
82.1642001057
81.4840600628
81.4194351428
80.0218281530
77.8693361755
78.2357085666
77.0128589065
73.0297145247
73.5987951086
72.8957657767
72.9218921868
75.2956593179
74.6047244934
74.7193495705
76.6133442301
72.9592270579
73.5607440418
77.4207896745
76.9836556492
77.9423563892
82.0477037098
80.8332573640
76.3493610485
78.7585625105
76.8108338973
77.1464606762
75.5685856077
73.6813730042
74.9026486372
78.0142139245
78.1658670443
73.9319857015
72.8372713990
73.8165340197
79.8357626747
73.9947588732
74.0900086939
74.6753985185
76.1796510405
80.3406808185
79.4185067599
77.4756130429
71.2031920405
73.0753688260
75.1834701412
76.7265196135
78.6903091853
74.4402890096
73.8361533123
78.2868706732
79.1879802147
78.1629010633
82.0870477194
79.9921069411
79.9653329313
76.9075558187
71.8137215989
69.8665539644
74.2616185687
74.1182819022
74.4105418092
78.1842819388
77.6847339880
77.8314318131
74.8542322552
76.5002690537
82.0746387548
81.8244708046
78.2355788801
79.2061407291
79.6887567000
79.5427012174
82.9430642864
79.8527463796
79.7297742483
78.3033608857
76.4812066134
81.7018208271
82.2475580399
81.4246580095
73.0794838366
80.4277378823
82.6759571252
80.7052582264
80.3999297620
72.3911143631
72.3181868397
74.2445895197
74.0715964494
75.3390619982
77.6524516209
75.5994680628
77.0705676590
73.5036806957
75.3814505780
73.6470041948
72.5910966368
81.5518536372
79.6553492383
82.1214759911
81.2400191253
76.5301803361
73.4185549772
74.9423854819
75.7940556763
78.5211176833
79.6949110225
81.6020063895
78.1740049955
73.2390031859
69.2901630901
68.1865469821
76.4420469157
79.5706034588
79.8594516200
81.0513985522
79.6762797468
78.0371957192
74.6332623357
74.0515175662
77.5454347734
74.4689471603
72.4512797964
73.7314291844
75.7851543812
77.8132989561
75.1223646154
72.7767536108
71.5684280592
67.5066576205
66.9431106011
66.7587014489
78.3505267716
73.8161551812
76.1132693838
74.3969831717
73.8726634187
73.2865265877
80.1245214103
80.6162399221
84.5010456880
80.4401180973
77.2298284838
80.3436933015
81.5881384233
83.2921590362
84.1271766845
73.8333522621
72.6411143867
74.5510104154
78.0570281767
77.6935099053
78.1774331363
75.6478989383
73.1308464314
74.1268758794
74.8551465125
77.2631610038
77.0400396542
77.9991174754
77.2365377000
80.3449006050
74.1640723816
74.0811749850
74.4300854516
78.0226031875
79.6450639543
77.7136425140
74.8876137674
76.8457295798
76.3671119215
77.8023000099
75.1436879321
73.9094484228
66.6095656607
69.9978437107
67.8067725081
69.4754179474
71.9875579455
72.2335838070
73.3925511003
72.0143909199
72.4842259502
71.0200589229
79.8051488471
74.2935351458
78.2322618809
79.7717255749
83.3240558321
84.8249070279
82.1889383302
83.6754017140
82.5616000934
85.6847103386
87.3573170537
91.1467154667
91.2376514590
88.6497212255
81.3475759154
80.5140441264
82.2557691767
82.3227952783
86.8059661371
93.0008389905
92.0255225590
91.2533284583
91.7317800905
91.0167212851
91.0659770812
86.7847555156
83.8648433879
84.5403990693
87.2686677640
87.9314747907
88.2194840229
89.7610541858
89.5719221243
86.7534380267
85.4624500173
83.6153795873
84.4355415811
85.1169696521
85.2886320150
85.9370282488
80.7680841372
83.3429588024
87.6212542296
89.3579068316
90.7857003687
85.9501604623
78.7228943846
76.3754605782
76.9983503893
77.8049794714
77.6807851691
85.9937640246
82.3687318862
81.1479710180
83.3300731511
78.4392119711
76.2294820705
79.4079836888
74.4467468879
79.2447804789
75.7012700015
80.4614538563
76.9192787009
77.2926703994
81.2131363268
82.0264848786
82.6978231957
78.0386806244
76.2092074187
80.5973226281
76.4184694736
79.5963617083
75.2341690627
79.5654330043
80.7533600394
82.8364264423
88.5731750940
89.5848881681
90.2380060954
85.6896904029
88.2488602756
85.2255684126
86.7094647345
88.7682809143
89.7340621773
89.7730133544
89.0250530253
88.0537109926
87.5025085679
89.9354361509
88.9716136095
88.7504431940
88.7352000350
89.5781843335
92.1399609236
94.4594026736
93.9233022612
96.5528401506
91.3409998008
90.8010320937
91.5384704547
92.1654083002
91.9762749135
91.4357449731
82.3298082906
78.9944793139
77.3366888280
73.5118166242
73.1330443507
70.7525099369
71.2952435522
77.8117605766
82.7233660831
80.2722140236
81.2352400666
82.0229414669
79.3116655417
80.5127854111
77.3456693573
74.6615248237
67.5404425950
66.1346875993
62.6834267345
63.5328985326
78.5507732970
76.7573705430
82.1374572097
86.6934368602
86.3494142799
85.0938561546
91.7566838683
92.7509799154
99.7604565322
93.8867690577
91.1704969626
84.8486025226
88.4971283652
88.3140908718
85.6818875448
85.7955062111
86.5717281609
81.0652246828
79.6375822476
83.5287861928
80.0018978577
79.5832101617
78.1408641055
82.8175331751
86.4006568839
83.3578176108
81.8967913570
79.6196968499
77.7584568752
72.5321679134
74.7258802915
77.9769467533
79.7395057459
77.0131428436
74.0262864620
76.9898839819
80.3087556705
81.8823162546
79.4659283204
76.7051266083
72.6655681786
75.1348767977
77.1730515122
78.0548423445
75.0767665179
76.0131651204
77.3667576134
75.6023942615
79.6847557252
72.0550819278
72.5974443449
72.8344869326
74.0045452650
70.9882610798
70.0222570168
73.8641111822
72.5520392734
74.3344865745
77.1537540078
72.0025893301
67.1278624780
65.5874522678
64.9150994327
63.0465614127
62.7407730469
74.9976753922
71.8383755035
72.9624692719
71.8667193470
72.7498790540
76.4719121924
73.2370076296
73.3175296473
73.8899194204
69.2092666233
74.3877805687
76.0016203850
80.4617124465
77.2821128999
76.5114633305
74.0955337074
75.2307448853
79.0885706749
79.1093199828
82.2974655678
83.7641368043
75.8580166678
77.3698241169
72.8998698142
72.0371161572
70.9034793879
68.4604083538
64.8862826452
64.9379170513
67.2162229408
70.0462242661
69.2270874029
71.0382043035
70.4554484620
71.0002110212
70.0763517996
66.5822288307
68.1885342073
71.9442829266
75.9557504921
82.5632888064
79.9678568589
81.1507661258
79.4118315042
80.5244571156
73.7210052828
76.9734965463
77.7241921747
77.7694637885
77.1457459417
80.7903189488
83.0819151956
80.4036681675
79.4047569027
71.8531522792
71.4644974561
69.4658474600
69.2381541118
68.2807259146
72.0565827136
72.4114896883
71.4501111895
72.9784797601
66.3376984026
66.7810064987
69.2427099794
67.8185559510
66.5770541489
76.8842281942
76.1598168830
80.8006948783
79.9160868125
79.8247857546
80.5959720478
80.7770408167
80.4448302982
75.6458785194
76.0236248064
76.6383301804
76.6372904643
81.1731791298
81.0875628130
82.2523218200
83.0345079778
83.3605943068
83.6960758046
83.5522804032
80.8361228138
80.7810952572
77.9895062747
77.6214465713
77.4453451620
74.2180149629
76.5958920957
79.1036980522
79.1251383838
80.4140140686
82.0233899873
74.4490034989
70.8143583246
71.4048457873
76.2590534296
77.8108178793
78.0092563790
76.0681606138
75.9817338248
75.9220794585
77.0681988587
77.2635936784
78.5778614789
81.5417034314
80.5153083291
77.9488025657
72.7457516470
75.2794324478
79.3441522916
79.5825131648
80.7060474016
80.1801178546
75.8711175453
76.1911161745
72.9173417468
75.0623863082
76.3751518257
79.5384380332
78.1227339392
78.6442683807
81.2704117636
86.6992554134
83.6866493366
83.8741830045
81.7731645041
78.8354023752
78.5558692709
73.7268243276
75.5524021480
76.9722280314
79.9747474829
75.7622611798
75.0323382134
81.4154569416
88.2823349666
92.1529779324
90.8075157416
86.7465420225
88.7510496732
83.0808617538
80.5334740492
77.9794150554
80.3599892622
80.6241869543
78.7567004702
78.5074158790
77.0194145091
75.1721546813
74.4037838438
73.2570018472
74.6585414947
75.3180016637
78.3066597781
79.8928791229
76.0355370330
78.7713901428
76.2751215738
80.2672882876
81.9068814507
81.3087851799
78.7212733700
80.5230524307
81.2951674685
83.5186179084
81.8053529549
82.0581877055
84.1516734247
83.2432948155
78.1116139461
66.9357642202
62.5460009934
73.8670184244
72.4495189757
75.3527518481
76.8220209528
78.7331719754
82.1056364118
78.4423826657
76.9464968754
79.0190570129
80.7579694340
84.1991369878
84.6724859980
84.2924177232
84.4095197843
79.7126737794
77.4959738609
78.8757162537
82.7021366338
81.7251422882
80.2409105558
80.7406702382
79.4088235120
79.5798131087
80.4586988180
81.3913160143
76.5054591430
79.7464566490
81.8667336648
81.2896227856
79.6131492996
81.0649324576
83.4612244308
84.2566649429
81.7135668385
79.8251418532
83.3553283489
83.1385526600
81.9553246734
78.7915385634
78.1289655374
76.2007129650
75.1247557058
74.0282223499
74.5802776521
70.4723628591
68.1637274814
68.1212643723
71.5990080370
69.9748077349
74.1286784830
76.6312078671
80.8546612391
82.5245046807
81.4498120279
81.3293199660
80.9305954146
82.2876478525
84.0613728538
79.4942437495
77.8548023977
80.6835545386
83.4337097487
80.2224148844
76.5720276670
74.6922334147
71.9676493797
64.3429838918
64.0117482937
63.7447656460
66.6181920514
69.7915784286
68.9453612778
67.1620401170
64.5669103439
65.5817782547
67.4967197800
71.6445475912
69.6917016638
68.0455550057
65.2967084679
68.0753971865
66.3066424577
66.7544310318
65.5782384733
67.1436608129
71.1603699122
74.7149934205
65.2215463114
64.8916623938
62.7445168481
66.2000738885
68.0247011518
70.1450673486
70.5351079149
71.3068849672
70.9375926131
73.3476452677
78.0089540639
81.2567517579
82.0471792732
81.8928862316
79.5492278311
82.0991287390
78.4945993271
77.6609325267
79.1270407677
76.5718570728
80.7570221498
79.8879005339
81.3570383967
77.1175043439
75.1300871887
78.3467593934
79.4572571666
81.5493737671
79.5494539200
79.9565704187
80.2246301109
82.6489289444
81.3642628073
79.4871108094
77.5443857152
79.5429365577
80.2075448185
84.1549985958
79.8238374723
78.3733386020
78.5905521845
80.3514688958
80.7998688663
80.0464291721
76.1320442254
78.7737632299
79.7881910280
82.5345475081
78.8239894498
81.4417432325
75.4632637989
78.8077360538
81.1082472965
81.9504836905
79.7674986294
77.5728305868
80.8906012046
82.5672423420
82.0411434481
83.9106476796
85.6488554511
83.2378421353
83.6314018867
73.9336259651
75.7797748548
76.2680230313
81.4011953608
83.8564349233
81.6135132569
79.0681723370
78.1747824735
80.1383501416
81.5706792475
83.1980732449
80.8121344426
77.0261990896
74.7312348077
76.2085255939
76.6874049781
80.0533890031
81.7651758863
84.8200464993
77.3514536305
78.0985679156
77.3105481175
81.8297643113
79.7116522266
79.7673580520
80.6702302432
78.3820587271
78.5526382087
78.6538700205
77.8474227339
85.4587165860
85.0044509440
82.8136071580
78.6991377395
80.5355097234
81.4464119331
85.1483791282
84.9694600705
81.4365027048
78.4766877180
74.4106266490
70.6149449762
76.8262923082
81.8381316960
82.2431435881
83.5465184709
84.8532123434
82.9220897903
79.8086077605
75.9797779320
78.4685098444
82.4226917919
81.4558159572
79.1170196290
79.0918483618
79.6899121288
84.3278361640
82.9011109876
84.4312242663
84.7251823293
83.4831015084
83.8108188289
83.4192059840
79.0899120857
79.6278548811
80.3836372118
81.5517485730
79.7131694222
78.3635051515
75.5471874124
80.3257978034
81.8231427070
80.9539001356
77.0661393357
71.8697512609
74.2133546747
75.7766436806
79.1298976596
81.7542685688
85.1617558205
81.7493425541
78.9544813823
80.0890089424
76.4967814238
76.0030336955
77.8927445285
75.9698708625
79.0708477341
87.5570572556
85.3688030771
83.9572845338
88.9637524009
85.8490578281
82.5080434127
82.0047576168
82.9703330887
88.4561609512
90.4276671681
95.2875572693
93.8417814676
93.1069194968
87.4614982544
88.3491930166
86.5814119494
88.0443099509
88.8054405210
83.8980641470
83.5462814763
78.7605069912
76.6083010837
78.1546825988
78.4900787550
79.2738700920
77.9095383303
74.9170212274
77.3069234452
76.7074093237
79.8965747555
80.7382982467
78.9479596159
75.7576132855
75.1658648489
72.4089859650
71.8734531269
75.6305336583
78.8508645392
79.9535588748
75.8630533471
73.5360748443
72.8104889458
76.4488478963
79.6299796218
81.4434766519
82.4091872352
79.2678641991
78.9001318320
73.3846996814
72.4039057539
74.4097151442
77.0163372432
78.8859972297
76.6299401434
74.6328795128
75.4170584251
82.3506978066
83.7136569160
85.2535912476
84.8643320516
82.1234365389
77.5582185081
75.6384256107
75.6378100659
78.3897022120
80.7679929771
81.9992052299
76.6385850816
77.6754450422
78.2598596830
83.8008884204
82.2397513219
81.4664844682
82.6524165778
84.1829108787
82.0626793486
79.5466813797
76.8909841987
80.2722112963
83.3933067143
79.0639103012
76.1169184742
77.2784186782
80.4895218816
80.1673436281
80.4202261796
79.6192100451
83.9049734766
82.4916384560
80.5691853570
84.0687896767
81.6502344316
84.7191970354
86.4883045380
87.9120655583
88.7004196085
87.5610461244
84.1536364521
81.8852459184
84.3678360658
84.2539177329
84.3976988357
80.0745530890
81.1153999943
74.2014714954
72.6119011288
71.7519124597
72.8245687890
76.7419814148
75.8730960439
77.6640246570
79.5572892854
81.2801139079
76.6348853538
75.7554997987
74.6392061193
77.7334613130
80.7406148098
77.2705831923
76.8849567102
76.7196934783
77.3349728080
77.4228146482
80.0626395382
79.7816819510
78.8924705628
76.6225611685
75.7770535683
76.6469930109
75.0480309218
76.2281080478
76.4944381269
79.2613035936
76.9979617039
77.8404312046
76.7580661508
77.1574824359
77.9811601232
84.5957912541
84.4708491022
80.8593358699
80.5251108532
76.0102548132
74.9264804037
74.1186649328
73.9776790561
75.1003849205
74.4863993524
76.6250653176
73.7540659339
71.2187890123
67.1084776074
68.4347303781
70.0617527169
70.4257263169
73.1553400998
76.8040737399
78.6061472036
79.4211472879
82.0138925024
80.0174933394
80.5638751002
80.9602694250
78.2780423963
79.0481341246
73.7786890032
74.7948608629
71.7932879830
73.5953036204
77.3104312539
79.1349386102
76.1244791132
71.5478830903
70.4140958545
73.7841872301
76.3123315873
81.5638256835
81.6092198529
77.2662408411
73.8970355443
71.3718202585
76.9336797259
78.1491016938
78.2691730606
79.2412651523
82.5722829694
82.0728324113
83.2797631080
77.7411727925
76.5709889627
83.4846448615
83.3633954950
87.3580661896
82.0669404884
82.3768645064
81.9677181258
79.7276857680
86.6062456254
88.5690634657
91.5763793089
93.4995062136
90.7116722787
94.5521858115
91.5387871353
94.7694280908
85.8315779208
85.0235687410
82.3037799285
85.0006975000
85.7921963823
88.0488284194
83.0414305000
82.7638675151
79.5357287380
78.1629948488
75.3971667083
77.2928423564
79.5431549408
81.7534344120
79.1009996331
80.0247615297
77.1788768084
76.2046956640
77.0772695835
77.1638747921
79.8001547130
80.0047674011
80.7886182183
80.1453660253
80.5018860273
72.7092611438
74.1213673831
73.6446554407
75.6032912994
79.8175012855
78.2395996744
80.0424874859
76.6368055838
81.0438372346
85.1002293858
85.6917368699
85.9127696533
87.7278845598
88.0998565470
87.8612092199
84.9525347594
88.4405816629
88.9666383086
88.7793066316
89.2150468487
89.7282873494
91.4510255168
87.9278512004
89.2746957848
89.1686713276
91.9613835053
89.8322308043
93.7116410355
97.2724895944
97.2416999144
101.8871103987
98.5232824560
96.7352085395
93.9674011879
92.7496656974
91.5461825677
91.7171815317
92.4195541654
91.6115960734
93.0135112624
88.0471631545
88.9649272900
90.1929777873
92.5904025985
91.4842004236
92.6130316081
89.6347004130
91.3897532006
92.9860022625
92.9385831485
93.0213303523
93.6516945299
94.3022067707
91.0380541649
90.6998465574
89.9672564560
93.1846035948
94.6636770252
95.9291114366
98.9142858788
95.1736148554
94.8779449780
90.8998479649
88.1306593258
91.8116615970
87.9876411569
87.0133001851
88.0881666000
85.3912004490
84.3311651455
85.0019556570
87.7445902926
87.3046103820
87.6676541800
84.6588209950
88.2989776634
85.1044828692
84.5860012552
81.9841584098
88.8667316083
87.2167880052
86.8456775742
87.0807605957
88.7024666537
90.0368445434
87.7670442811
84.7515590320
93.5725534836
91.7427146939
90.2231210848
82.8166726731
83.5006633902
84.4196332681
80.2604633277
79.9972231519
82.7718440883
79.4228828786
81.8065292159
79.8130530507
85.3127772253
86.4984306182
86.1401277026
85.4286269119
72.7976741607
79.1917967454
77.6709017938
81.6646129976
85.8148495418
85.3121521812
92.6910903561
93.0307113326
97.1259961629
94.3196909902
99.7169733787
93.5219824011
91.9671262457
81.8464694496
79.1286669522
76.6414016638
79.8465678525
84.6384971185
92.4074278329
96.8715186201
96.1123052265
93.1722155533
92.1823360302
92.7833513476
91.1795292246
96.8171959684
91.2507739261
95.7416986343
96.9918310056
100.2564356014
97.1887954256
96.2032470833
96.9448725232
88.4558588378
87.8713374312
87.0767904190
87.6120020965
92.7569216589
90.7896635438
96.5857951431
96.0198415245
100.0154532702
97.1540680343
94.4147773589
98.9872555624
100.8642155140
100.2426439004
101.6416170445
100.9598690244
94.3566323596
99.5020842956
102.2612832986
104.9128919293
106.5894730132
107.1011625488
107.4973240600
111.5143308307
114.6548024596
107.9250131412
100.4606525276
96.8931217728
84.5289354312
89.9178341299
88.5821869285
94.4459431749
92.9365627113
91.4514320115
93.7005144989
92.4185499414
93.3261110322
93.8823942982
94.0104594303
87.8933798260
87.5717517627
89.4057746451
91.1829131387
96.1325534596
96.3432846153
98.2527428174
97.8405375569
95.7519090613
92.8313503633
92.2437908186
91.6717177681
94.8981414279
96.5438980943
95.5033104267
98.2133832530
97.7151338968
95.7040703335
99.1074838595
97.0758708559
96.2174317466
93.2190007985
93.8337755749
97.2722483458
98.2421554013
97.5600860016
97.9534623214
100.1412907532
102.1477645917
98.4062707151
99.8695795144
99.2634106750
108.2685693619
110.9948771819
106.2205134215
106.1981911756
101.9485009784
104.1349253963
104.7145120368
102.2198574958
102.5985555938
99.1741906873
95.0345141377
99.7157102396
96.6924938024
103.1524870594
96.0073938725
93.6752042434
96.1278573781
96.5006263038
97.3800451218
101.0389572495
104.6942097856
111.8198343618
111.7920355835
106.1307638058
103.1350251713
99.1735034050
96.3281013963
96.3796136409
96.5669205781
93.7688694953
97.7350940733
93.7056553871
102.3064660446
104.5999836999
107.1295682714
101.3073501329
97.9673077502
99.4212131162
101.4001697280
104.6081995740
106.3167927172
101.6215272101
100.3590202867
102.3594897580
98.8989511717
100.7680297814
99.7026019960
96.1342116971
97.3405578496
101.3040954682
106.9356011825
102.8006121316
107.4624391974
103.0493601067
100.7234453541
103.9000712752
99.3536636058
97.3598552252
100.5959169128
107.2202982988
111.8897293754
109.5591841201
108.5112634429
107.2026594174
107.1727448030
108.1047740056
103.6410872376
99.2637758607
91.0593649472
100.3962159970
104.1571060396
100.3541421091
103.1235363669
98.5198783027
100.1987786966
103.7437040174
106.2055025926
102.4338709085
102.1105943355
96.6798786766
89.2631384539
90.6250032500
88.2217257178
92.1717433209
91.0957387137
96.8281488215
89.0804473507
90.4842891191
86.8566239467
88.2206763530
87.7172212314
85.5559265099
82.4095118811
86.0926717428
88.2644885034
94.0399324507
95.1179659604
100.7440843477
100.0418997033
100.3603149659
96.3682111146
95.9441122671
94.9529393517
93.8464402092
95.5076342138
98.8337853604
95.6464244083
94.0114644308
94.8635241936
95.1529247809
99.5259803692
102.8180448851
109.6401925425
110.5570757537
109.5230746752
107.7435871749
104.6193021515
100.0090988473
100.2093948701
103.5275259849
103.0721434460
103.9483368477
96.9559783171
93.3389774560
91.8256055706
99.2571639802
99.3871900025
98.4491338472
95.0359931809
91.9490731107
91.9447573970
95.8011742789
100.0023832818
99.1065645305
97.5049171166
96.1019069283
98.0342469220
96.0406751205
95.3114970990
93.6969467244
97.0802258370
95.7702090148
96.6558040390
100.1577062807
104.2607556825
101.1080181695
101.2578600418
93.4903692964
91.5206561105
95.0091287987
98.8527773168
92.4108419604
92.3142805590
88.4780784130
88.0937975658
88.7413750150
89.8808443937
93.8647895803
90.8762130350
90.1953877826
80.3611687926
80.4604225930
81.5168886403
85.7132838787
85.6258322323
85.8208693322
87.6417857125
85.9089471008
86.4640472559
84.8674027339
84.8416117178
81.7093781411
82.8968780246
81.5982736095
80.4674341449
79.3098328927
82.4094915333
87.4782793607
87.5225401991
90.8891838536
90.8004592706
86.7233968044
89.2941037615
86.5341750685
87.1315084805
87.9423023263
86.1712403557
82.0189903964
85.4008702468
85.9833987416
86.7425185795
84.5253066063
81.7125673173
77.5156844799
76.6821860356
78.7375831298
79.4693115327
87.1108731799
86.9917113689
87.1994480369
87.0676686714
86.2477068417
85.1807906044
86.2602434589
87.6967299649
85.8258441893
83.6815855757
78.6476716738
82.0523771206
83.4441769389
80.9613954975
83.2516288042
77.7381875643
81.7688919511
75.7728629460
76.9532049474
83.2713698734
88.1522481201
88.7815365042
85.9651341759
79.9223571818
79.3533927796
74.6944093957
69.8630326345
69.4400440148
76.2627781350
81.2644156658
88.0792349752
89.0924060430
87.3247251863
84.6881369211
82.5361229151
80.1597489919
81.6544455348
80.2794769027
79.6642583100
83.7469469009
84.1430305511
84.3521596919
83.2982309198
88.1168935076
89.3524161781
87.1465010662
85.2498728617
84.1190264850
81.8488903454
77.0765958413
76.9419287685
80.0767728936
87.5136511854
86.3330529674
86.2614190143
83.2092342753
87.2106405118
86.2946887853
83.8506928600
79.2053456200
75.8902913359
74.0568101880
76.7311367478
71.9791988547
71.6243470168
71.9985086822
81.7073717944
74.8134658496
75.2712196481
75.0210216601
73.1777557547
77.6843205343
78.6734085943
77.5845919414
77.0490312589
70.5243679388
69.0995341784
67.9797023155
68.4536538952
70.7812534493
67.2319877903
64.0982136840
64.4571778151
75.3019394667
73.5704172296
74.6153390137
75.0825823254
73.7065226507
72.6223290203
71.1248123111
69.3826443654
71.1031530066
70.4110488465
72.5116552503
76.6982788115
80.3762437210
77.6204306180
74.5300797837
70.0438639629
75.1041369808
74.5046311410
75.6160523853
74.5963860613
73.4115158859
73.8449860107
72.7777585980
74.1867265496
72.1988309089
72.8314673432
68.8101140109
71.0128208788
71.2852471278
67.9204672385
66.4603577617
65.4087768511
68.5580325910
69.0309306753
70.4037423182
71.3091427745
71.1366652274
70.5813750039
73.4078785814
73.8350224019
77.9876865873
81.5550640052
77.6402084719
72.8958941941
69.7778075000
65.6408020335
67.2478194598
67.7360305236
71.5266057936
73.9289154254
76.2408513672
73.0107675135
69.8213660755
63.9867274318
65.1018947489
67.2083728780
68.3998616037
69.2326608587
67.7225929179
70.5028543656
71.9062329024
69.3318243888
67.7719987479
61.8802559714
58.0376845425
65.0689851014
66.2551744718
69.7794160708
68.7569907909
74.0292743569
73.3353913104
72.7276645566
68.3594785562
63.2389371751
62.6800852071
65.6741026236
68.3100313837
69.9794298098
75.0501836111
75.8338046835
75.7301147455
78.3576547849
79.0784426331
82.3442475322
85.0229823635
89.9188262290
86.2035635482
86.5250166325
84.6349852877
85.0411797092
88.2455685127
84.7736820936
86.5469133884
82.6369938182
79.6614932824
80.6136430931
81.2244022695
84.2545261722
86.8508806320
85.0868750778
83.7290655589
80.3975376133
85.3672074963
84.4374232567
83.4442260097
78.4801820331
79.3175065525
76.0107113180
82.0180164072
87.0014735114
80.7628135467
80.5427135202
80.2692828092
83.9224758695
84.9574600747
83.6684345041
86.4482499557
84.2090120404
76.6169391352
73.1693398048
71.2690175209
72.9707147773
81.4257091909
80.7795385302
76.6789216956
75.0421358975
72.6351020971
70.4948065490
64.4730486055
67.0593512600
73.0287363128
72.6387489472
78.3683357274
77.8688798843
77.3140539744
76.0904522233
77.9519481074
75.9655762364
75.4964144268
73.3932615365
78.2887644405
77.3207039356
76.8945150640
77.1173874320
79.1141224849
82.6709963722
83.4702534499
74.9784038964
75.2639487362
83.6451803904
88.2415143756
89.9889685532
88.9587477134
88.4772216218
83.2321901979
82.2553434485
77.5836307530
78.5290872682
83.4542791252
83.9002205326
82.8783518886
79.8534119150
78.4794963462
79.4052682107
77.9899627213
78.8317134954
77.6315308113
78.0020086938
74.2791385999
72.4733009838
68.5212280528
75.1043394783
76.2768738972
79.5598535654
74.7141093488
72.0721230452
71.2141232344
71.9946010622
77.5587539021
81.8987082751
82.3216604865
76.0392884748
73.7196708065
73.1536998151
75.4434148444
75.5052442197
73.7803479823
72.2288904722
73.1211782963
72.8330006782
74.7262457803
73.3167937046
74.4198959482
81.6810765570
82.1068527090
83.8928768091
81.7109937906
80.7278817051
75.4209817146
75.9211053847
78.0994025788
79.0652692651
82.0015643000
75.9854830996
75.8567180817
76.0745789476
80.4273401932
76.6371674394
74.3437746280
73.0434856963
69.4353243634
69.6477891285
72.4301483435
78.1897812004
72.9903261900
70.5854713602
65.5794297672
67.0884007369
68.7822700645
72.4559074892
73.4092861920
77.7844511141
75.3274489364
76.8758608075
70.0608514425
69.0232901458
71.1632555538
71.1777978414
69.0509077768
65.8975218412
66.7659425486
71.7714688897
70.4026672978
71.9914305527
77.4630610091
80.8251122624
80.9297665648
82.9894999334
79.4713417074
81.6089572325
71.3249361551
71.6171716767
72.4395986957
65.5491416957
73.1997572130
71.8049116952
77.2616393076
73.4915302532
72.1703464031
70.4192168915
69.5046967456
71.1069771861
69.1001920893
71.4463029950
74.1287249088
71.0808828425
66.5670641241
70.9425750321
74.2216512357
80.2572600388
76.7139907545
71.4813421796
75.3517824663
81.5174825477
84.3451394407
85.7576857393
80.0631160454
74.5775966079
69.9819883873
66.7802381113
64.6136794919
68.0076873486
70.8755421115
74.2368001785
73.5734837103
73.0158140546
68.3161113285
64.2144311630
65.5610242094
71.5068752964
77.5289244573
78.3328894104
76.4882201201
73.4113601121
71.0601377121
72.4452697529
72.8964742521
68.3738648877
68.6367456705
70.8468756373
81.7133326832
81.3053415350
80.2019065177
77.9196527574
76.4472102366
72.9403872659
75.3765020535
73.0052955054
72.1490890031
71.7217431606
72.0570560618
72.1332202983
74.6508445712
70.2011198051
71.3036148255
72.0660026193
75.9627382628
73.3913016062
74.5032146947
71.4383139876
74.2475039520
70.0285650124
74.5897626525
73.4482116427
76.1055257117
77.2259064477
79.0004047366
77.4670733016
79.2149574698
73.9565364898
75.4796855291
75.3030340287
73.9147997001
71.2615833221
73.5261299949
79.9314908586
76.4866540504
77.7943198727
76.1982475696
78.9619964077
78.9666213492
77.7959736269
73.3204339619
74.6043770679
76.1403010856
75.2961751757
76.8713169969
78.0127554787
77.1263246606
76.7056675131
74.4143989119
69.5968809413
71.1959662895
70.0020961016
69.8353487406
68.0688458449
65.4759098660
69.6773865577
85.6470220999
84.0620173537
79.8860888607
81.3526225776
82.1143729818
79.4120544695
75.5666433629
76.6734330520
75.7093561381
73.4521565672
77.2710887238
79.8413081420
81.3668867515
79.2636366639
76.1158563223
73.4311833241
72.0231759384
74.5113132910
74.1451564378
69.7586366638
69.2338229711
72.5776738707
70.4338939665
68.9576813752
68.1789706296
65.4514371347
68.5181567842
68.6091600269
72.9736946189
72.2396269974
71.3766864343
77.2753359123
77.3861933183
72.5719526278
69.6220297267
71.3515726441
69.0161826449
73.1014183095
74.6977104244
81.7722790182
79.2812485703
72.9668114311
74.6417187504
68.6294059483
72.9919782254
74.7558888629
77.6329910402
79.4144299248
73.8392395466
72.5600935424
70.6534754113
75.5917787176
63.9441204162
62.6337402078
60.0696740118
67.5347078648
69.0712102099
72.1382635035
69.8259870974
74.8813435409
77.9828015899
75.7690708588
73.6844539250
72.0593059453
69.4432807356
69.4377537986
68.2637891779
68.7442856164
63.8823828683
64.5708185980
66.2256791270
73.7157767401
72.1890860004
71.2669413572
73.7483883415
74.2917523759
74.8690610965
73.6179698550
71.8998458392
70.4501867187
74.7848020597
77.5402491175
73.3171463700
69.1791575886
66.7288876352
66.8714159630
70.4295146087
74.5022886475
72.8950565844
72.6432330251
71.3819830369
75.7838373899
76.4388540528
73.5926734342
63.6582539118
61.2017543160
69.6371604024
69.1554836371
67.5043614445
67.1598847390
69.9889738630
76.1888912994
80.6788409986
75.8629529752
75.2549840100
78.4029111621
77.1672332572
79.4299516705
83.3969672506
84.5708841569
77.8884094518
76.6810479510
78.2249760735
76.4898316163
75.3582510592
78.8682849649
79.5093432560
80.3327007888
75.5089032202
74.8077373339
78.1873974279
76.5362243803
74.8661862790
73.9121838602
71.3884320529
71.3854854733
70.1757768408
75.1942910347
73.7298881168
77.1670859710
76.3159424023
76.7479365538
79.8489964511
80.2646996930
79.8816262604
75.8315322891
71.6786306144
74.5444628472
79.0988564381
78.7890113187
78.3402751773
75.3027946826
77.2132756769
76.2824388204
75.0098725834
67.7370979762
68.2173895107
74.9868718690
71.5219846459
74.4237470807
76.6541249814
77.5939743814
79.4610455278
79.0199636702
77.7299722619
76.9113768453
80.7296243441
81.6135712427
82.3923681660
73.0523880223
76.4703598070
74.2680169584
72.4372329640
71.4210946896
68.5668138750
66.4579894339
64.2228602361
70.6714530951
68.4967489124
69.3346814059
69.0851047247
69.1161335370
73.8427007460
77.1503428520
73.4490941138
74.9266280129
74.3280042689
76.6287869886
76.9894851894
71.8568009375
71.5490015159
74.4638554294
81.1603157612
81.6305598426
81.7931500214
80.4695599483
78.2351659924
78.2651558259
74.5813010366
69.2660022373
68.6188958064
67.9069440926
71.6381174855
80.3793001696
80.3720327244
78.2354977384
72.8710920141
78.4263188005
77.6151378975
75.2840903339
68.9483949658
64.9814941044
64.8575934116
71.0994551455
73.3041442837
72.4696329850
74.8757394841
79.8097915279
81.5042263395
81.2520573326
77.3266212795
80.9292999937
73.8659148219
74.7236230215
76.7480010861
80.1735234605
81.3945983002
81.0221334499
81.0674037811
76.4364658204
74.2111247174
73.5998840969
78.3900570608
82.4475156212
82.6117396620
78.8011778750
76.4201108433
76.9600835460
76.2443057343
71.4420174762
71.7436718387
73.3767178796
77.6502026274
73.1687779811
69.6869642204
74.0971413516
78.5254529821
74.8715484805
73.3108831200
70.7215573666
73.8632947831
78.0143339604
83.4774390436
85.6375380884
84.2068759733
83.1229895427
83.3790901741
82.9894522887
81.9606841755
83.4663827991
82.1983984428
83.1139849532
89.2356816122
93.7047629414
94.5516677101
92.7453563045
90.5643090355
88.2957326844
81.4454373793
79.6111483627
76.1584872421
74.5166019002
71.8163216142
72.3662415724
68.3734933183
67.7299722041
70.3949183819
71.4364813476
68.7351608547
71.5074228879
71.6995837677
71.5339862556
65.1757209318
66.9355686451
67.2399239610
67.5043943014
75.2586093838
73.7503513349
75.6127195084
72.6960477629
71.9348206431
71.9183718818
73.0452092226
73.2669734600
74.4899163399
70.0254361062
74.0983152846
72.7854244914
72.8335739777
76.5240415623
77.7086773207
80.1270911226
79.9419415940
78.1297582406
78.2569640178
81.3085066548
83.5306508048
84.7939043691
83.5177296319
82.5640508091
81.8848989830
83.7809420785
86.2314888188
82.1127326858
84.0289761449
78.0190523184
80.4239352121
80.4158704231
80.1355204854
81.8015028094
81.1502217306
78.9684545628
72.9782349062
69.4198364251
71.5242245319
72.9764574922
71.1882488563
72.0788075854
71.4836917216
72.5544028775
73.3304546529
70.1935039063
69.1871213131
67.9390677575
64.5444563196
58.4494932043
58.5306933654
61.1547677928
63.9085227188
61.9290324108
65.8229553096
68.0552956254
72.6025664154
69.5273209329
77.5212118865
73.0858809228
79.1181801516
70.9432233024
71.9864535741
75.9107352852
74.3973449540
78.3707348753
79.1382985868
83.0323398753
84.1883667781
81.1796398611
76.3028220626
70.0091081956
74.2532575985
74.3794161332
79.8250476149
80.9140260459
79.9830031244
76.2004065537
69.9208919794
62.7531023251
55.5290182783
64.1106024191
67.4599456938
71.8981812896
75.3941460947
76.3344381759
76.2066818609
76.9410564234
81.4758931155
80.8126462552
80.6681582756
82.6627719296
82.6424831683
80.1990079374
73.4763613642
73.4549806129
73.1458438679
74.2682775153
74.7677943370
69.0578114407
67.7417630533
66.6390299957
68.5938897963
68.8265746725
70.7266992047
69.0768135457
64.6365288726
62.0835280284
60.3570360598
70.9189663024
77.9536284050
79.3946843234
80.0237525999
82.0119220622
79.7088679258
80.8159671469
80.7672531902
79.0331512935
76.9572902827
81.1039869619
80.5699886715
80.7697428155
74.5820213653
71.4435138426
67.7864804898
72.8022190723
75.0753621242
75.4972106340
73.6214852849
73.5613073957
69.8193673047
72.0870424814
76.3383237049
77.0580111762
76.7019087811
73.6938321612
73.9740788007
74.7109653955
73.6672590320
73.0080344018
68.8093662232
68.0766394900
69.6963204444
75.3708059467
76.7653876021
81.9969645029
79.2764663794
74.7910402811
74.6144894366
73.7142856510
72.8413397886
77.0962978438
74.5146862768
75.3446563943
76.7928354271
72.4551145462
70.5353769348
66.7939870266
68.1994493650
72.0994385473
72.8669194674
76.2992934399
75.1382537803
75.7194256406
71.2240827311
67.6001400001
63.2683779274
68.7389092664
69.7663675855
73.0288123672
73.4529156861
74.5319821138
78.8189260232
73.9609437560
69.1940521268
64.8183294004
65.0623631236
58.4474506420
57.8254674465
64.9748028889
73.9032583009
72.0789304642
73.8252948761
72.8285735275
78.0665388675
74.5447989049
82.8663574706
79.4857680459
78.1677979659
79.0638106293
78.1936092658
72.4562237964
70.3707532589
66.3999037575
68.8990906308
67.6002927426
67.9128878657
65.8015032699
66.3959925839
67.5594198413
74.9183493081
73.9689373552
70.2213242320
67.9805922772
64.8295579832
63.4935847150
62.9641807219
62.8193167099
65.8024699851
66.7640286792
74.0620786477
74.7225366955
73.1256639328
76.3138854422
75.6810833822
76.4897742484
77.0587979129
72.9607690147
70.9106262130
67.9757475088
69.1065275228
71.8773632168
72.9431731567
76.6840801028
75.7072153500
73.6941510677
73.1610653987
71.8389801192
73.0502678346
77.2314792608
78.6742325649
77.1613527119
78.7491943977
79.7389521015
81.8604961823
82.4248324053
80.6817679389
78.9767836277
70.8952604619
73.3611358734
69.8817602733
75.6024168233
76.1898888207
75.0953343320
68.4538776504
65.1437174214
65.6009379855
71.8910119981
76.0409265262
77.9920486870
77.8068795689
77.0927224821
76.9000198064
75.8643916075
77.1619624935
79.4549615824
79.9016518842
79.8403493758
76.7320945414
74.0922944303
75.4785843906
75.5830242123
80.7384091039
82.0192869564
78.7429907261
77.9631204374
79.9583969535
75.6624842500
80.1322492332
81.4076035402
79.0025244244
76.8235510853
74.2209637575
78.1582258538
77.1248344813
73.2815872273
72.2588454231
74.9182461652
77.3076004209
77.1865991800
81.9240868569
82.0861822686
82.8264801998
80.4249845698
73.7915026450
74.4866418235
75.4988964982
79.9271162273
81.3198497951
81.5270076824
81.5681073462
79.2613006992
81.2819549676
79.8185134805
80.4243890839
80.9712120308
78.8351567307
82.0263318625
82.7692936908
82.0457831176
81.2469007232
75.8850858652
75.9804593054
70.3176360278
72.7696053467
71.5854443290
77.7608458769
75.5343411905
76.4179211065
74.8716738673
78.3443928717
79.0481681116
79.4633175943
71.2156414650
69.6033041999
66.8555989266
70.9837648934
68.3562188523
74.8234963007
81.3306472420
81.3420088287
79.7763420292
79.8880919710
75.9788113149
71.9606370378
77.5196636514
78.3247407008
81.6058642088
79.6531246989
78.6963460669
78.2712820572
78.1608699860
76.8995151158
74.8714417179
78.9474155341
81.8822366002
76.4576941687
73.3187047983
75.5014561708
77.4845452544
79.0256223774
72.3194083662
69.2915586938
67.1461365956
66.7023530147
67.2061871361
69.7908544377
72.8189660795
75.3491875170
77.4055213811
74.4292529238
74.4540877770
75.1842650734
75.4052374166
76.1153976432
75.7661250021
69.9684274196
69.9244305522
69.0226990567
66.8290568452
66.3988776342
61.6325805961
58.9754905997
57.8952294358
57.9743187136
59.2565436277
63.1231269510
72.5137398896
68.3547659526
65.6439283374
65.5829094140
69.8979729123
69.1053549135
66.2721337656
59.7924337719
55.4769520638
53.3505388809
56.9187772139
59.2745060078
58.2296029120
57.3125139102
58.8114014263
60.7197301675
61.0680128203
58.2973067659
59.8780466958
56.5609199008
54.6439477381
54.3714766764
63.1133663715
71.5467243689
79.8949782575
87.7110130454
88.2801871940
86.4020113680
82.2792712898
80.0738219247
80.1257584960
80.0048559539
86.5734124587
88.0007198049
85.0188942017
81.1684075980
76.2697326468
79.3692254474
77.0230656366
80.8436379572
74.6416532092
78.3435327892
78.3023195994
80.5056653928
80.1729039643
79.6536484427
83.0383882758
82.4484212138
82.6786979755
78.2183454860
73.0340136544
68.7733430437
68.9335691298
71.3419096228
75.1330524872
77.8513488836
77.0985171927
77.8242985414
77.2905543981
76.4296101306
78.5524227365
75.9717024901
75.0912933583
74.9808706486
76.0838239415
75.5445342024
74.3342062106
74.4419270935
71.3967210300
69.6614157225
68.3082486369
68.4701332666
68.9410988460
72.9245955324
68.5609469956
72.8373662004
76.4419551737
78.2420519882
76.1725309635
69.7464130943
68.9119518516
63.8921049128
67.0971090385
73.6982689612
77.3351781173
74.5518225745
71.5610463079
76.8249250985
81.0577985418
77.3929479195
74.1921871265
75.6978862131
76.6603178926
77.0531344293
76.4775634451
77.0237394302
79.0919050452
77.8262717902
75.1865958943
71.5216642310
69.5942981670
70.7721914466
70.9475042968
75.0656098990
74.3489936574
75.5933649230
83.4203961139
82.1251991391
78.2291515053
77.9009212229
82.6120979458
86.0512885704
82.0865128942
80.1271933121
76.4755336433
75.0515791497
75.4002033539
76.0995470392
78.6345845724
72.9363671693
69.8628454665
66.4732786345
66.1044610891
66.3009592354
70.4340945248
74.6716271913
78.5839154662
78.0680635535
75.9483958108
80.3862647114
76.8042488753
77.5538046824
75.2646174232
74.3602903217
73.3141231643
69.9432337132
69.0259081138
71.0809848649
73.5555642345
77.0350764747
76.0606133617
77.9957941201
75.3827716657
74.4595699469
70.9175478374
69.7235729930
72.4781774998
67.9464480770
67.7886227446
69.6691724601
76.3823891279
72.8441104290
76.0789798881
72.4999015335
74.5983421998
74.6107434092
70.0377018385
73.9787635750
73.6337239493
73.4767447380
77.7891151399
75.2857045335
67.7203216129
64.1497085984
66.9957092343
69.9540925570
72.0885058610
75.9059855559
74.6561218733
75.8065190780
77.4104989449
73.9948460745
75.5789347624
76.0363890291
77.8259750492
75.9217118938
79.8327525268
77.4392052864
80.4187463667
77.0655777310
77.8660051227
77.1339127192
76.3043710468
77.9895267256
76.1784863609
74.3631016028
77.2345295090
81.5148426372
86.0480568557
87.7314311808
84.8040088590
82.1449233531
84.8947050857
85.6542165941
82.7289506816
88.8673988746
81.3536660352
85.4956002838
79.7021778591
78.0257277341
78.5931576459
76.3319030167
79.4955481987
77.8671720570
79.8538617339
76.8314568695
79.8158056575
75.7285404315
79.0802961173
72.0439704893
74.4637586207
77.9136468116
74.7317885604
77.1634179699
71.6367332705
81.2758466187
76.1832531719
78.0707888316
79.1039982755
79.1554475891
79.6416282450
78.4142701292
76.4622344534
74.8187292034
76.5430750240
76.5838867319
78.1361020843
78.2301189887
78.2113369381
74.2425616843
74.7581967601
73.7515927308
75.8833115827
77.3510258080
76.8469976002
77.2731109301
78.0234878709
76.2613997069
84.7295070148
84.3977745516
80.6137961437
79.9296684586
72.1075579599
72.4335052562
74.4437258942
75.7643083344
78.1450782270
73.1130763703
74.4171545647
76.6672712069
74.8985030276
74.3370414600
73.6675547419
73.9234094042
74.6944445307
76.8543307155
77.4732995117
78.6327865154
77.1839237137
77.5368393689
74.7311023190
81.5427563911
76.4724275413
76.1641119217
73.3313419172
74.4687525871
77.0669054824
77.7747588964
78.8116218685
76.2132615022
75.1629050034
70.9167779041
72.5861977541
78.3938692352
75.0135055094
76.0453563366
74.6433855659
77.5113791133
75.8361604980
78.7744204749
77.3862096395
77.6805645645
78.5906762888
78.3440579729
75.5415058147
77.6736411655
80.1392758439
77.5266328528
77.2125568086
82.8429605996
81.0212084105
76.4718859999
73.2292193430
73.4706019085
74.0830782006
78.0052333572
80.2223167091
81.4910548639
81.2218518318
77.2657093196
74.5130686850
71.9350007701
72.6060354408
72.8309033653
76.1799757831
75.2162072750
72.7951977157
78.7092458450
79.1945699315
79.3976308533
75.6815422600
74.1636168136
74.5921417073
75.1061912301
72.8662031863
73.3419148378
71.8559209674
71.1988784297
71.0186491151
68.6675402236
70.5626106638
68.8105271084
72.3480097264
67.6109360702
70.1741686149
72.5881623599
74.5433275098
77.8304777234
77.8071422473
80.9659249332
78.6802579559
77.8692267358
76.2718028839
76.4285997408
75.9529348202
75.1741989809
73.1291018323
73.4176356244
71.9281587490
72.7510439079
72.4994632185
73.4434125174
74.4144379734
76.9607274184
70.4167714986
69.2568616343
72.2121763374
77.6468855979
77.3505714765
78.3666431931
74.7966939974
74.5040478573
74.0124562901
80.0748813603
77.8068748768
76.9876239322
76.7749286618
77.0957276001
78.0518771158
79.4107248050
78.7134274061
78.3305131429
75.8871613560
77.4021138729
74.7814277202
76.1640095601
70.8408773275
79.8118450778
82.0879947899
82.2864718957
80.3716159967
75.6684129562
74.2915048649
73.9818694909
73.0749122181
71.5357230810
71.6671647894
71.2084252140
73.7299057512
70.9207770176
70.8182195706
69.8139661929
72.6846505129
70.7519941009
68.2062521014
68.4162793951
70.8811282504
76.5979043580
75.1016860733
74.7335026175
74.2020912390
75.2718453434
76.9847607301
76.8265876560
76.5470590911
77.3667535739
78.5508105804
82.7854858310
83.9586729195
84.4705013855
81.8991517629
79.4810632027
74.0446467417
71.5430539413
72.2735613200
76.9456794696
77.2317848689
77.5898787782
79.0320087781
78.4240331960
79.3931825687
79.4157972359
79.7401624440
80.9231318025
77.9931856228
74.8843938517
71.4930581365
72.1867042208
65.0383670160
63.3653380668
64.2515110562
69.3039793078
68.1127686119
61.2801745257
58.6293241026
68.3599347113
73.3155584360
74.2558733878
70.4534473885
72.0292532353
77.1583694224
78.1683630053
80.1718596922
80.4866817329
82.9370610664
79.9686687011
77.0586875548
75.9077611905
75.2565699768
77.8693357619
74.2314089522
72.9223339520
72.8427540254
70.2125247838
69.5105428333
69.6089960852
69.1086883565
68.9987096200
73.2916917181
75.4600356670
73.3800295016
72.4205996927
70.4775212096
70.9069235520
70.2031005824
70.5699882314
67.9271017245
68.2279137880
71.2574149711
67.6889745804
65.8618513105
64.1765458220
63.6321494601
66.5630607290
69.0548545543
78.5013370172
76.7909477174
75.9743929349
73.1864874016
71.2907960180
70.7235667660
71.3303089581
71.9116666361
71.3082293821
77.6140881990
80.5549175434
79.7461116655
80.2175997186
78.1889993625
76.5288428137
71.0966952405
74.3671200244
72.7179114318
70.7546752576
74.7402413500
72.5133159112
68.3146715976
76.3912641643
81.5147734643
75.1548520703
76.0484693346
76.3016229080
76.6998611715
79.1331778545
80.7978349485
83.4626111276
84.5963383165
83.0190301903
84.2992632376
86.5549224878
84.2689787310
80.5175541668
77.1252550188
77.8354601775
75.8093293278
82.2633771232
83.8471519674
82.3319872114
82.7411204740
79.0464335470
85.8216123480
90.8769243673
89.6725171386
84.9293166322
86.8842831925
85.5730434990
88.7993718090
92.4472561213
90.9808253337
89.9537767784
89.7910980234
82.5514304622
84.2354428118
79.6355219880
75.4666957320
75.7545060453
76.3605900888
77.7760387949
77.7451786838
82.0603282004
79.4588133645
77.2021956178
74.1187322874
76.5354218147
76.9444699718
75.6785019353
75.1973511104
76.6763595265
80.8487448402
80.6899357942
81.9531659657
80.4338496036
76.9305369441
76.2828937087
72.6910985410
69.8662647078
70.7795964845
74.5634123711
76.6193739819
79.9549899734
76.3342769855
74.7477363694
71.4604729175
76.4148080694
74.1339577856
73.8383947483
79.4729915335
79.4039049917
78.4996784831
79.2555452906
77.9019304254
70.3681721215
65.1920468661
63.8748122995
62.3767996469
63.5025572971
73.3052656015
72.6770335381
73.1358374587
73.1131320627
76.9218952688
82.7228355065
77.8486676490
74.7248602028
76.1521193515
74.4525319650
80.4635991420
81.0863503785
79.2631023614
71.6487517628
68.7025186727
65.1040928550
64.0587727761
72.4639127041
72.5634886499
77.9052152390
78.1773645860
76.3350898692
71.1926586150
75.5595908955
80.2285692005
87.7282211604
89.3811624461
87.2523737169
84.3433321332
83.8811400712
86.0755592235
87.0338852292
87.9462670445
85.1755071695
82.3753746102
78.4773083431
77.7977958582
74.4524622208
72.5941765543
74.2897338936
80.8030801849
83.0310571449
80.8337214003
78.4838214146
74.4366481951
74.7462649401
73.6227916564
74.0637432084
79.6259468583
79.0712445030
78.2068945734
79.9669659580
72.8879290210
72.3829863510
71.7349366051
73.7447420103
76.9548451220
85.9454294549
75.2089478694
76.4426482618
78.9587842564
78.1793256070
80.5552479094
78.7949004594
80.0843543379
78.4939855224
79.1471307130
76.7343321196
76.9803767385
78.1273830859
74.3259833495
69.8512093597
68.3285118990
72.7258328074
75.8461796341
76.4027435315
76.3803754559
71.2774774325
74.3594738726
74.1357582312
73.1246118298
76.6433345008
76.7167581229
73.0818987199
73.8963274211
70.3729073088
70.4916613594
71.1795329773
72.0509903069
72.6308625360
74.5541195735
77.6447330139
76.6948739442
72.2152693083
67.9154701572
59.4661672276
62.4001468616
67.9938300871
68.6586752315
70.2053031491
72.8835440071
72.5108840495
79.4178141482
80.0879879044
80.3121439949
81.9329489264
81.6673234480
80.0337483362
75.7986979045
77.2769213625
77.2916800555
77.7038374231
73.3738868269
76.2477353516
76.1258764178
75.0642875740
71.4904108091
77.1473030452
73.9925661555
78.3496006573
76.6067049362
78.4390372237
81.7824787866
81.4006343744
82.3665054703
81.2280361933
79.3346581266
79.9815578272
81.3369394919
81.0541391655
83.1986086002
82.7572464206
81.0680419379
73.3351435982
74.6097195275
74.5988829922
74.2843373326
74.5425543707
77.8845495194
76.6192303035
78.2428033601
75.2574143259
76.7122232889
76.8096267009
78.0017492745
76.4301776746
73.1773987820
70.0136535076
71.6665690446
70.5202073253
71.1893392026
67.7653430423
69.3665179717
68.2286721542
70.3167928856
70.1330978373
72.9893407391
69.7464381620
71.4600874947
72.8291532442
77.3711309074
71.1787394680
77.9541210119
79.9348418274
80.8747352206
74.9730791863
73.4062465218
70.1157393368
70.9368554849
69.5726384801
74.4005613985
76.6428822140
71.9735439870
70.6219938928
71.3283355281
74.8603228918
75.8851156775
75.8603459333
77.9364183328
77.8833537421
78.3054193920
74.5678926413
71.7541830368
73.6690116133
73.2204702614
74.4456906459
75.4956086325
76.5605458643
78.4182588060
77.9889358164
74.9027623596
70.1922963845
70.5492919627
77.5437531607
80.1308852141
78.7215258193
79.1226305458
79.4725199823
78.5558690429
76.4228408074
77.1520603137
75.9346932129
78.6867573635
82.2677201977
85.6500194739
80.1620866868
78.3057744130
82.9722804018
82.1886405640
83.6244720215
81.4179348272
79.3321060590
77.0328697453
75.1607763286
79.8141032277
81.9250955229
81.5468991532
77.8638147429
76.0680150718
74.5327027508
75.7304216063
75.4862291521
74.6376232810
73.8405632311
73.9377007345
74.6602065595
74.0134052354
73.7293205461
75.5807528403
74.5277748606
72.8303468299
75.4855703956
72.3507253378
78.3707711575
78.6030339790
77.0771156030
72.9516932555
70.6317715912
70.6308655735
69.4437341463
67.0884135878
66.8737284993
73.5478129714
72.2774098829
73.5106571654
72.5520311425
73.8752975098
78.4004624937
78.4134779716
78.6066505325
75.9950862935
75.4258552308
76.2549878134
74.9766708079
76.0570243047
78.9549591386
76.9101775620
75.9463571441
75.9107501284
76.3346157596
76.3152774797
80.4036740431
76.8322481011
78.9862523851
80.5767128737
78.6984455637
80.9666255337
80.0694296057
79.4796175842
73.6256113800
74.1542022147
70.8463979401
76.2937982328
71.8208993688
72.7552294260
76.3162411438
80.3624454364
80.2842485508
77.0552721735
74.8858141420
71.9002834463
78.4579919775
80.4051916011
82.8468478632
79.4476582131
79.0456999193
82.4793178484
77.8028779915
75.8483938946
83.7512572025
76.2702243682
82.0110833791
88.0038399757
82.8306396435
82.6197827113
82.6258906703
84.0084583345
86.9883844505
87.3134631229
85.3363665958
83.5959518480
81.0001243814
78.9633370592
78.3598786419
76.8528022949
74.3110264123
74.2889533705
71.8939264504
70.0148416603
70.1983981115
76.4664628366
74.9433119952
77.5675896035
75.8201706509
78.6184549689
80.8653958962
84.8059535058
83.7396119929
77.3057999948
74.7549319980
74.6648717765
71.7715639065
71.0094725315
72.2115193459
69.0349733284
69.8988932871
72.9144520508
74.6305018891
77.6350777114
77.9874998184
80.0107925380
80.0674933216
81.9097466122
83.9868827884
83.0789696279
79.2072742123
76.6452485468
75.4560043284
73.7785874516
72.5850634542
70.4512897483
68.4832375323
68.4840325636
68.6832725195
70.0366142018
78.3861299581
78.7881900505
76.3389356376
72.1686357002
70.3561092528
73.1759213413
68.7680447217
65.5419156946
64.2130333491
63.5347819145
65.9982476362
67.5165234842
70.9513266499
69.9161452725
73.1360575402
70.8167527821
73.5964863638
74.1353721864
75.6820686906
74.6411054257
76.0658714786
73.1441102811
72.1934240357
70.7573025491
72.2108919633
74.1632040428
80.2489305594
79.6578001157
77.2717200636
70.3587712611
73.2637949827
77.0290926913
73.4111053942
70.8803931971
71.3060425401
77.3112746530
74.7382826887
74.5945605342
72.5176092391
73.2822941754
67.2151289329
73.9959718631
77.2806326513
80.8560660263
79.3729672964
79.5936667926
76.2114841786
74.2738419990
73.0340688770
71.6253465483
69.5930540044
66.4601410534
65.6394254352
66.3850431787
66.0669553753
64.9257200878
68.6023490331
69.7282384910
72.0573940694
70.4463906219
63.9439538294
61.8019218360
60.3708932133
68.1748842272
70.9896139499
68.3581221640
74.0525928248
73.8703909243
76.2521038321
76.0937882433
73.5537916807
66.8922006022
69.8386132837
69.7272844905
69.7940611773
68.2134662365
68.7234969804
66.0317754451
64.5277131861
68.7891782830
72.6227753391
71.7738181520
74.8759588380
80.0821653162
79.0341430373
77.7519738454
72.3997421412
75.3896773738
80.7700951825
74.6209058231
71.3276533959
67.5719730684
67.1174665722
66.5203053051
68.7877533439
68.4045605287
67.1754616317
70.2193776889
76.3303955174
77.0019494104
78.0513534109
77.7447948169
77.4049048799
78.3602238975
78.8418352120
76.3468466733
77.7328989890
80.9632498113
77.8859415730
77.5411659590
73.0081334753
76.4579053720
75.0829877330
74.1697940568
71.9136529523
71.0570069623
72.7693919066
76.2463320591
77.6318852309
81.9416385497
79.1427930122
76.5040819010
71.1163900244
71.8170988096
73.0253909866
77.5807637600
75.0680275135
74.5471005939
70.8601857694
72.1770959867
74.6931072469
76.3380328756
73.2183420993
73.5676649242
77.8727470082
79.4202305750
80.4211658032
82.2831631986
82.2918520100
83.1328062011
77.4768687145
74.7147274171
75.7041943708
78.1929871652
83.3860878212
77.7128397055
80.9724393628
78.3296554024
79.9711125020
74.3619160299
79.3413859147
85.3393121091
81.4411190015
85.6280331876
82.5085964612
73.6140625360
68.1968696560
69.2334386657
73.6887939930
74.0619387770
76.9788991282
77.5980309212
73.5326655844
71.1155506865
70.6517566956
74.7077974044
76.9578146911
78.2631808010
72.6245896518
77.0285977460
80.2412883801
76.5154681001
75.5203741262
75.4183954492
78.5603787202
78.9441772287
76.0467159336
75.4585622574
73.2990431697
74.5860684520
73.3931099382
73.9483298438
71.6527298034
82.9525412813
81.7157776291
83.7680670475
81.4019753619
77.9434749645
74.5743609501
73.0589233356
72.6012864367
81.1159773693
82.9893593386
79.4264525375
76.6939106307
78.9084872490
79.8078621250
75.1461517427
73.0892799107
72.6817244505
74.1700111416
71.1314361785
69.3565098554
70.1730940222
72.4637901690
69.5978798437
68.5181578142
69.5986327346
73.4287383223
71.8295280703
70.2200328563
68.1932372793
71.2078832830
70.0474800770
74.6750518229
65.4019610866
64.5843326274
65.3629784408
69.5107016858
73.0479437289
73.2485306977
74.4690693688
73.2482295809
72.4251526794
73.7094234291
67.9554671811
74.1676557291
74.7428339902
80.6316269529
80.0299913541
82.1769798417
69.8935557846
69.8407101635
70.5334180553
78.7356014893
73.6679059192
74.1435977438
75.8698667902
76.6423545367
77.9405636612
79.3935714327
81.4995115162
82.8780444298
80.8769178144
76.1264974821
68.5175879428
67.6569454334
68.3435168680
71.4585790389
71.2860290891
75.8089719070
70.7599013435
71.6077397399
73.1249330287
75.3991475868
74.9641244924
67.4764002247
73.6306128787
71.9988815233
70.3396355896
69.0048530697
66.6711125525
68.4112463026
76.1447824259
75.8205674141
76.9409626098
77.0443377518
68.2910083022
73.0810087071
72.6744308712
71.9359066124
72.4824009400
74.8761110104
74.5738466253
73.2550024758
68.4607018327
67.4858098681
64.2243624476
64.7163515841
66.7489276178
76.5332686937
75.3000791403
75.7787364218
74.3630426494
77.9845457642
77.4184192051
81.4750643623
75.4048518719
75.5089154804
71.4587590204
68.3870086912
65.6544250306
67.1925881853
76.1404474620
71.8412544857
76.9231410189
73.2884883670
77.7334681539
73.2470400143
73.2266263226
73.8856129656
72.5155655815
70.2732265757
70.8487169730
73.0860042670
69.8683023502
70.7750009036
69.7253899463
66.6645113025
68.4961266893
73.0105557321
74.2565230122
76.0551259320
78.5206828722
77.4194839209
77.0169623050
73.6416314958
69.4141497158
66.6392570191
63.1890186699
62.5222876446
69.8599033240
74.1905201520
78.9237426147
77.1202595591
74.4053414555
69.1382906373
66.6340175100
65.6818857947
66.2392839325
69.0807888864
66.7708042354
67.6282071585
70.6075410053
71.1973372896
72.2711609230
67.3119031892
65.0584672294
71.5498258059
68.9090455232
71.0097542792
73.5867525280
78.5658292879
81.4159607783
85.1754218953
82.2389953161
84.9096602073
84.1611620976
89.1088152886
94.0560186960
88.4031547113
89.7873234853
87.9755525303
90.7757459712
90.1906965268
84.2710325625
78.2335742299
78.8105997996
74.8532978568
81.8833813326
79.7548824010
80.3646398864
74.9689993812
75.2405012609
71.1169396874
70.6298691673
76.1986855875
74.9717620706
76.4598450904
78.1024072364
74.7045679161
76.6284414293
74.2899916669
76.2655161897
78.8733062240
78.0818018963
77.4048136400
77.0612186105
77.7482724827
77.6555928594
76.5772883275
76.4940431126
76.4641188022
79.6191332525
78.0175284524
75.8057889290
74.2852771653
75.1090239648
78.3267273807
80.8726750178
78.1710863251
76.9894018629
73.2371945487
76.8331401752
77.5184668791
72.3551910652
72.7323905667
74.8713939476
76.2876253384
73.7680823908
75.0429109704
75.4436924748
73.1559953248
73.7617627683
76.0119539194
63.3052742662
77.6348564990
75.4641276641
76.9705475952
78.1060206322
78.4659156925
75.2092971413
73.4211109476
79.0911668654
80.5902126468
81.1868218485
74.4267178426
77.7589775107
83.0893880354
84.5636879287
85.9405261199
84.3532660751
81.2449604118
77.7436038161
78.5121045521
78.0354557808
76.2138987193
81.9472709970
77.0336698852
81.3651685630
73.8093698779
80.0905340959
85.8751252925
86.3481781537
82.8862220968
82.3280822785
80.0734549573
80.4143269493
81.4714501537
84.0765458024
86.2492418677
87.2737041443
84.5906312885
82.0675479354
83.7321520276
84.3272528148
84.7948463772
89.8235206204
90.6433056315
91.4806642827
89.8434235607
90.4018105194
88.2058263843
85.5722702928
89.5918047295
89.1941342611
88.1281925821
84.3687729319
88.1398013433
88.1555210853
88.7699904971
88.4789679816
90.8977944982
87.3119351727
87.0031457737
82.5804705797
84.4488284894
83.6320013742
81.5875521522
82.6776307286
82.7211358017
81.8710938667
86.2123407690
84.6247128267
85.2214401147
87.9998953238
87.4831553076
85.3232853419
87.0552173841
88.7436485115
88.6839189073
87.7002023285
84.1111707454
81.2015664189
84.5764818526
84.1412023083
81.7455670759
83.4884930773
79.1038448143
81.5524957088
78.8923238000
82.7398160081
80.5882989242
81.8182676748
82.4789058412
84.1914155028
85.4988048669
86.3116062828
85.3842888349
82.2671906465
81.7568981317
80.3838408896
80.5332845485
78.2114655663
79.4783087281
80.2108969379
77.6229194674
78.2143193911
79.7639490924
79.4986814939
81.7973772863
84.3408648032
82.3356885146
80.6209824344
82.4813634912
85.4538951687
86.6153331952
81.9398387645
82.6406130652
81.0090780000
83.0446220652
87.1278831436
88.9492460059
88.1794476706
82.8776116618
81.4943059704
81.8151528037
89.7580102593
93.4887604169
86.3307645007
83.3913727807
81.6556754085
82.9969890381
85.4570798965
83.8373071505
87.9514019966
89.9951800521
91.6641535649
86.7497828720
84.1121101897
83.7904207148
85.6609204520
90.5764558481
92.9829149031
91.5507656040
85.7675039428
82.3556152726
75.0942950931
71.7020756683
75.1778150302
81.2289464814
82.5589736387
89.5601006460
93.0416881267
92.3919114422
93.2884796412
93.4942277087
90.0100022232
89.7766575702
89.2173585004
91.7742125071
92.3969363027
92.5835981767
95.6120184238
94.1367087417
97.7871949951
92.3446209000
89.8304815619
89.2648709740
88.0192574333
88.9800033751
87.9818643036
88.0031988672
86.5678861970
87.1620008839
88.4130820540
86.5813851793
84.3526053797
81.4910315826
81.6837787913
81.1520510060
82.2732043684
82.2194693981
79.3991316420
73.6688918128
74.2805656323
75.1635799429
76.6499712580
79.1146216148
79.8349664693
81.8210844011
82.9509223393
81.4648251607
83.6090249526
84.6129924664
86.3296998952
92.1431023557
86.8201838057
82.3886815087
75.2135995411
72.9433957379
71.8451692120
78.4804163428
75.4818858007
72.7988820387
68.9797597686
67.5542455318
55.1920538907
55.6699315926
67.4661900580
71.2969066150
72.8333317885
74.9193720849
79.5471656859
81.7361285620
81.3777118518
81.1739463449
79.8025301199
80.7597616583
81.0806743172
82.8569203748
83.2516892060
86.4053994836
89.1101127943
88.2694056818
89.4231859210
88.3707720126
89.5658362548
89.5595501161
88.7387494680
89.0322889210
91.4699288833
88.6196274753
83.3299154547
79.7484365832
82.0275075659
81.5725132151
81.8508375721
82.8404341420
84.3730988142
84.3795916382
84.6131627106
85.4639637407
85.9852963373
86.3448375278
84.0372773941
81.4347323442
81.8081569583
77.5394129278
77.9502105873
78.7550578011
76.9438887609
77.3628884690
80.6219182877
76.7487812978
79.0114731651
78.5118389391
79.9895761638
80.1328976421
78.8712648304
79.6061581692
79.2081529525
80.4614399213
79.6508476647
81.0018618437
84.2325175793
86.0023214948
78.4399186201
78.1163787094
76.3015598838
80.4800044681
85.4259953645
88.2601968291
89.0812721226
86.9158441074
83.6278030419
85.4123224112
86.6803351249
88.6529251254
91.9559276812
91.2557825723
89.2673971641
85.7926769041
84.7081485713
82.8257758605
81.4042784737
77.4057509228
72.8652737944
70.5070928597
73.4985209703
76.3388332034
78.0100547316
72.0807133400
71.0423368065
69.3251433308
72.5046200897
68.4980403072
66.2775787736
73.2052129279
73.5479078011
76.7289555194
80.2702225493
84.3729089645
87.5172039571
92.4729566818
95.6072292216
95.6034239494
93.6606616482
95.0272515988
100.0458904148
100.1987307641
96.4590102525
92.0161711035
88.7441729116
85.8742598976
85.8324385568
86.1822697845
82.7703092084
81.7583306471
84.5973553996
83.7700828178
90.8159427462
96.7707167787
98.7344695868
98.0060780325
96.4406947888
97.2061480873
96.4901488997
94.5780847294
88.1504028490
89.1424390845
86.0134513148
84.7352360107
89.1732656780
88.4380721140
90.2760369818
90.0997532585
91.6789638585
92.3555954966
93.6157515144
88.2569416763
87.9035463490
82.4664313539
84.9411848861
87.9274336373
82.9987648433
83.2496842182
79.6405736026
76.3502968546
75.7472785878
75.5678769283
83.6676765912
82.4147415678
83.1117133304
85.4720736061
83.9405180558
80.7575661027
83.2224291362
84.0786148620
86.3731560166
83.1135597823
88.7336521993
88.5019175536
91.5491676530
86.3669630189
87.3675629922
85.8106130924
84.8796546081
83.2064734039
82.5986122612
85.8701069610
86.1161529840
83.8087712918
79.0340093452
76.5675864799
75.8397684131
76.2922988117
77.1383303029
82.4532501311
82.7638620604
82.4845225708
84.2515413097
89.7025796954
90.6352116947
91.1660634702
90.8774330624
92.9800324543
93.4289943824
91.0936420628
86.2886912290
79.5347098634
83.3233987885
81.5222160370
84.8535916791
82.2371424572
76.7617834220
77.6698446062
77.3304500542
74.4748033277
75.0239272909
77.9973829469
80.6537780932
79.9620558715
76.8910535091
77.0946331174
79.2986631377
83.4433351573
83.4597321243
86.2483425481
83.0984151785
83.4425943426
83.4020776213
84.3509172871
83.7782578585
82.9454628264
80.7804887855
79.4985111383
79.5577938904
81.4903186711
82.6628572750
82.6821999500
77.8181432290
78.3111561639
75.1068837406
76.2286729434
78.8635301042
78.9415867987
78.3462986390
80.5229913200
83.4182579503
83.2390854409
80.7658662595
81.5267726801
82.5692890864
82.1783628339
80.5634215540
82.4235509648
82.3753607991
81.8331005061
83.5681980102
84.6021976794
84.2202360387
81.3787655024
80.4357474484
80.4015795064
83.3181997487
85.0330444574
83.1562930569
84.4579152579
81.8667092193
81.0228497593
80.3388000078
80.8507277762
82.6632319836
80.4093121667
81.4267827137
85.5537926898
83.1334587888
81.8344412915
82.2730721590
84.8177922843
85.0007429714
82.5787758359
78.0436095141
79.8004524138
75.7588552948
79.9924070300
79.4903238472
79.6196657386
78.9485151115
79.9684432308
80.2607692991
78.9880019555
78.4565872256
77.8362896286
81.9109456294
78.8361407016
79.5838624228
78.5529163329
80.7933400400
81.5351795616
82.0419876252
81.1788350331
81.9547042812
83.1197090325
81.8052097573
79.1041596496
78.0471289140
77.9619288617
77.8194999970
77.3196689706
75.6672324543
80.6536825916
82.3134799166
83.8757800720
82.5356647394
78.7001718206
76.9901060894
77.4479114549
77.9428558573
83.2421140695
84.0472281569
87.7220868712
85.5776858949
83.2276913011
79.5586300261
80.8366449779
85.0099328119
85.3930319122
84.9294506571
82.8410515856
83.6914499713
79.0641221436
74.8593975603
73.0976930934
79.4619887068
80.7110951347
80.4825130203
80.6590739516
78.5355519976
79.4778242482
81.7122179599
85.4887115619
84.7779574279
82.6497888109
79.3010585413
79.7045085921
82.4815755099
89.2312761421
85.4494630110
85.7338733588
82.5218832145
79.1949003643
77.3285948174
71.1339778799
71.3940231710
72.5117346299
74.3986717698
74.2335161802
77.7119330780
81.5315431370
83.5693342188
82.3634202134
79.8224024506
79.6141146717
80.0766693544
79.1015155262
77.6230635798
81.1433707120
81.8523706133
79.4161874456
76.5576131946
78.8831461886
84.6649867487
85.6982986490
86.6492385738
87.1718325681
87.3369447218
89.4307968900
88.3014773482
92.3515305202
91.7044069784
91.3866661375
89.7290248163
89.5748643890
86.2022320167
86.1492811512
88.3524522676
94.7208834542
93.1789449417
93.1005801380
91.8251045150
91.6892704124
87.4571923322
84.1169766166
84.9021445342
83.3515656890
82.1461729549
79.9570617235
78.6533304240
82.5469173456
81.3621312741
73.1939640717
69.7248882642
77.1966384573
75.3775527612
76.9245020850
82.0823945704
82.7022606761
80.6917149014
78.8934378299
76.1324312121
75.9600756068
80.4148536159
80.6307761132
80.0031950376
80.0133650599
74.4442789822
79.3927775875
82.7609187029
84.4328210925
82.7091244064
78.0835845510
77.7546438297
79.6818949284
80.4085084590
81.7233846113
81.2805372059
79.6638466997
78.7176684047
76.1348032418
77.5514429687
81.1607621026
85.7387224657
83.0320315969
85.9403396288
83.5371837503
83.9945024875
80.0213084723
81.8346481321
79.2765156000
80.0552913444
78.6989111005
83.2465445120
89.1927011639
90.9537941847
89.1146324339
90.2808397712
89.3304357885
87.9281798411
84.0776633745
82.3973683395
82.0721237276
80.1174659829
82.0918855548
82.9293517532
88.4812873778
89.8702569460
91.4783795333
90.5410151866
89.7559869158
83.2622034038
83.2989806745
81.7509520813
79.9525079596
82.9475864419
83.3845585930
82.3997676758
81.6832072436
80.9063768307
82.1158245656
83.1350366542
82.3028069246
84.7553343518
85.2553771936
85.7135550762
84.9805292482
86.2781623234
88.6617863860
90.2416960064
89.4839137500
91.1206995973
92.5635113162
89.6660479453
91.2728953552
90.5848758852
89.7932184211
83.9961434989
76.4764431695
69.9241663784
68.0257591468
70.9009988002
71.8057245836
75.2155136000
66.6765994396
67.8518610031
68.4133001967
69.9078902951
66.1880526098
68.0696260066
68.3477356589
66.3170629394
67.1329235948
58.9512920713
69.7547519533
71.9726102820
72.2727717886
69.3486993242
67.9305474119
57.8983021168
55.5114699188
53.6035290957
54.7501889276
70.1910296400
70.4808321904
71.2803907424
73.8985265715
80.5423890993
81.1041214710
83.1671933611
77.8708993760
78.0626780257
76.3276770088
73.4098742660
73.7084606790
71.9318862665
70.7686717141
72.5566232273
73.7198683240
73.6652247134
78.3102745355
77.7213420691
78.1152852287
77.6551600648
75.7560000114
80.3016755812
81.8117646476
82.7752915411
83.7289552268
83.8564421696
87.9330598110
84.0127511337
85.1400953930
81.1565411737
81.6878372584
82.3394111986
81.3500475296
76.3739120271
76.1247779651
69.1648219760
67.4290176172
70.1936329316
75.0009959918
77.9382703469
75.6482059886
75.9397941690
73.6149844863
69.2544098021
71.5113717090
67.9881955759
69.8362467233
68.8071376655
68.9525523868
71.9604726868
74.7431478573
84.3819274260
90.8713748413
93.0190470969
90.1716416937
94.0879251797
93.4994145573
95.0443395615
93.8560162875
92.9249935568
97.1129422271
98.3418658924
97.9771702350
96.1531727261
97.2012421254
96.0896583921
86.8552617439
87.9212322225
86.7878792836
92.9299734516
95.6852807441
91.6181385702
90.4724529427
92.5869020671
93.8066125584
100.1917019094
100.5646060727
96.3415609850
96.0930130412
88.6754398693
87.2838857007
85.5313374812
86.6479182850
84.4628710216
84.9184787363
82.1799083481
77.9966523057
82.7319087116
85.5728878392
87.6727977963
85.9269753094
77.6020567756
76.9628820934
76.5079018891
76.5207255593
77.8730721285
75.8494277938
78.0792169828
72.7873951717
76.3461315781
74.4329887371
76.5211220170
73.5805774975
74.7060006361
74.9498408252
74.8669358803
73.7141231312
73.2010144719
80.3307726699
76.3494785851
78.8482177162
79.4029824788
77.3179117278
76.5250144949
70.8114086361
75.0733380433
73.1634359396
72.3796723964
72.5622073085
75.8773963615
76.6840807999
80.7835674389
82.6249820061
78.9788895424
77.8716579304
78.2509939176
84.2070690517
79.6331732955
82.3301921909
85.3523413906
87.8124682157
83.9300647824
80.1248919187
77.5096112802
79.8517575088
80.3936516439
77.2755817916
78.9993239130
75.9185066061
74.8823488683
77.1285475975
82.4647233233
89.1295711920
84.8326595900
82.3734306962
82.6421647758
84.4067672801
83.0310335973
86.1346364140
84.4094311717
85.5219655714
82.3368253456
81.7419198775
84.4971187283
83.2342758937
81.1187898628
81.2164820351
86.6292262388
94.8023906078
99.6449769611
99.6537822035
99.8365120372
98.3570825186
95.5207389956
90.9095354911
88.1866756995
84.7788858442
87.3134129568
87.6424293107
91.0166944366
89.5438776253
87.4965949599
90.7767067012
90.3469040205
92.9957892364
92.2390005030
90.6607108925
85.5669976654
84.1658377030
82.4153784642
81.0174380987
86.1859210344
90.0729109896
88.4980508940
85.9048438536
85.2110696711
83.9836252981
86.5044573431
87.6319688687
86.7433643836
89.6506041631
91.3731533054
91.2329840192
90.7617764959
86.7085258247
85.4947796497
88.0279943416
89.5659023682
88.8271567919
88.1083659357
89.0562783576
88.3867425589
85.8471619245
86.6469077426
83.6930781865
85.8041740528
87.9045434131
87.6442824257
86.9276663214
83.0740735493
84.3524173622
84.5369952399
84.9621323840
84.4084695316
80.5247942212
82.4022218633
84.0708620409
86.6693731129
86.0480435704
87.3688693617
85.3148400328
83.1390511860
76.8571462773
77.3664925063
75.6258834936
76.4709247268
82.0130949636
81.4438075602
77.8530275402
77.0809520272
76.8488264577
82.7274254567
83.7308677021
84.4734179768
82.7530368833
80.7266790119
80.9796266819
80.6068766126
83.0354935926
83.9281876978
84.8476014179
84.3318098164
88.6563038868
82.3298287656
80.5585476911
83.2402625809
85.0041650578
86.3013492417
88.2436777332
86.9236991279
84.8855221974
81.0229555893
78.9302085325
76.1660290633
76.9808784218
78.8109313063
79.9068553113
83.5445466389
83.6059357287
84.0582666654
84.2632663029
86.0968852843
87.4105904598
83.9488847115
83.4199975243
78.4962688402
76.4274773228
78.2240302040
80.7321802106
82.5079387785
83.7072856740
81.7314843739
80.5612298013
83.0663292766
82.9568750758
83.3233011438
81.5163921916
83.7643579449
86.5258829768
87.7463926000
88.8738470616
87.6778793885
86.5170771816
86.5346961368
86.9484957719
88.4513251961
87.7895425956
85.0050831935
83.0762682108
81.7853355810
83.1960359075
78.6866711620
77.4868281019
77.7512666795
78.8121232585
76.7353123223
80.5141526457
83.8111184295
90.3020339111
90.7901525824
87.6518835558
83.2298217683
82.8757744647
83.1153408077
81.0054981631
80.5624825024
79.8924783742
73.7679141026
75.8136695916
77.1392272988
80.9820768518
87.1172494594
90.1530814621
91.6795296704
88.8392601536
88.3365100557
86.0947212344
82.0596595606
79.7352926628
79.2630080987
78.4562133403
80.7905491334
73.3838472602
73.3331346121
74.0957974727
76.5859860716
74.5683411995
74.1356002347
76.0236391260
81.1956118778
82.6781989456
84.8804969763
84.5742755571
83.9074830902
81.8619886607
84.5185328599
84.2159715354
87.2928681892
89.2821038274
89.4009340170
85.5881306504
83.6657494602
83.4191998548
80.4338448807
78.6752472471
79.6221454781
82.0117495111
77.6475472917
75.2623320502
76.5452057461
81.8518974323
82.6195410514
86.2330418617
84.3689503496
84.5581573925
84.8023300624
86.4906004381
81.9018956563
78.1084469519
77.0935376721
76.1987352195
81.4010191701
77.8987676299
84.5758519501
86.7306061045
87.3085665999
86.8684205497
84.4272971571
84.6680440610
84.6737023086
83.9076573480
85.7493321143
86.6935493451
90.0405863930
83.1063107256
81.3797333705
79.6750464770
79.6349873567
79.6723832761
79.8082317337
80.8248762483
83.0182952626
85.9653280717
83.0656626577
81.5331966518
79.6334131301
79.6808794278
80.7917490454
84.4438213106
87.4136567577
88.0952407291
93.3180431130
88.7126081431
85.6736466345
85.9148852646
87.1225656002
87.3611550027
86.5056231194
84.0146525679
82.0226784662
80.8886660704
79.5583211055
80.4832071442
79.4760798431
86.9575077684
84.5323520109
85.1354806917
82.5750146517
82.0274514026
83.1831575288
80.8293940833
79.3603009143
78.0598679773
78.7898778000
79.3094213745
78.0869281233
78.9286633398
76.9289534375
80.3521535704
81.5733437711
83.7440142162
80.7120553643
82.9103506206
78.4571953320
78.8358749719
74.9160479640
73.8370389320
77.2768072157
76.2553436257
81.6248532850
86.4470934282
88.0075817579
86.4826401397
85.5928303870
84.6500723844
86.2087611707
86.5949609629
89.5197432340
90.4668678420
92.4311608823
92.5072789518
91.1291836079
92.3082857898
88.1941323093
91.0443352901
90.5900929797
91.7981987046
90.9759315381
91.6531660467
93.5439734808
96.2167351642
96.9965651230
97.4470220246
93.0747537809
94.6271939886
91.4940750078
89.3251716770
84.9289463843
83.3716864310
82.9078502835
81.5254251733
82.3192020239
87.0629747228
82.0345523535
82.3976432740
77.2193822491
81.1337988958
77.3216137900
81.8573313433
80.1705110207
80.1872291176
79.2539968945
78.8326092286
81.7144994264
82.7969151064
82.5587376491
79.3655138414
79.4484358967
77.6684353128
79.4360152553
80.3713059508
81.7316274403
82.4002086626
79.6228808793
81.1181469567
78.6326993205
78.8551281249
78.7547880627
83.2712826514
82.6168247270
87.9497583618
86.0193670082
86.3077497949
82.9411408083
81.8787194816
82.7568074425
85.1783794475
81.9006466495
81.5335756366
83.5871506594
84.5893584520
85.4680244699
82.4228481891
83.0542593021
81.0136687078
83.0922830197
84.9755207265
83.4218510352
79.7462709643
79.8365028261
80.9496560527
79.5184533218
86.4981281958
87.4705767916
88.7824685833
91.2253224465
94.4014715918
92.6903394700
91.5371432753
87.7147351990
86.8744501838
85.9919582855
86.6502859174
83.6270899432
80.4855126082
78.6542414883
79.5651314868
83.6758856664
84.1950041016
83.5497100886
84.5067836163
84.7302847397
77.1636952065
78.8329412321
77.4834441412
77.4424048823
75.5703891370
78.0985412617
76.5925425671
79.1696002764
82.6754549407
85.4077270034
88.7121608965
90.5783213228
87.2496540693
88.7547243769
85.7301568398
86.9124100800
84.5222236214
83.5532062781
82.8563942271
80.4073824359
82.6055177097
81.9435759009
85.1648760202
82.4787806730
82.2224627487
81.9582885758
80.1864095206
80.2217339271
77.2853811327
75.7355443732
80.2122299517
83.1289764709
83.9849588563
85.5275488878
81.6027758194
83.4058370991
84.0499213825
85.0136119422
84.1880051147
83.1850602170
84.6622191621
83.4823301128
83.5346786294
81.2880610624
82.4157088382
84.9076516765
90.5792782854
88.2911544565
83.9180415487
82.5929643548
74.7950877367
77.0456311281
79.1800851508
75.6358660735
78.6139317671
78.0648221739
79.6673011978
79.6751782530
83.2292601733
78.4149050813
75.0589554852
74.8474256982
77.1748875737
77.9570167887
79.6484160005
80.4632566086
79.5305003847
83.9701752897
83.3750311169
80.0087044541
82.3281679038
85.3386688002
83.9212882910
83.4467251449
83.3433156906
84.8923670330
81.1017604630
80.7677306804
81.9478690219
83.2689796599
85.2847037972
83.9156457043
79.3353965098
77.4582588933
78.1586827772
83.0320844457
81.4198717602
85.7096646158
86.2279123481
89.3451167645
88.1978299459
87.3261744759
89.3889748944
89.8838043714
92.6892095462
92.1271366478
85.9565644930
85.1150703880
82.6574732098
84.0797531144
83.7007497860
84.7416053428
91.7331329373
91.7480293124
94.7015017183
95.6545372967
93.7321385325
83.8115826091
83.9919200850
83.4851461071
85.0174778706
86.5907821844
85.1093432083
81.4757976359
79.3200897280
82.4922415770
80.6134975097
77.7310976851
73.9945839991
78.4808136495
75.8444425523
79.9575386170
79.8882687412
83.0829444287
82.0883284096
83.9929536841
83.6692071938
87.5207615347
86.9619419886
85.6784049655
84.1122774074
86.6295338823
90.8698577304
86.8837182856
88.3121318624
86.2054240899
85.4948423480
87.5161226948
86.7358710383
84.3938241150
83.2145989155
81.8404869517
85.3976198553
84.2122680161
86.4895833975
84.9744782521
86.4704878824
86.5121248976
86.1564323774
85.5314511827
88.6948710921
84.2189121684
85.4992639159
85.9221137193
88.1011101467
87.0755011322
84.0106451325
80.6377284642
79.2123686201
76.5024525755
79.3018280689
84.1815175031
84.7915002555
86.5069844581
84.6527502174
84.1120910635
82.8261830662
81.7542889722
85.2868842650
81.3612247663
78.5489073129
76.6128823117
75.5050672781
78.2406774108
76.5857885375
77.1272383303
77.3097171213
78.9482467431
80.9381468010
79.5430920893
79.9146856316
79.9037461835
81.5068238312
83.9258744633
77.9566690330
79.5340663366
78.3557955968
78.3350624207
82.9140853696
82.9794498742
82.1624696496
81.7467129896
83.5033898795
85.9642113881
85.9255575150
85.5422541301
87.3002888125
81.7006581981
80.9721831431
82.3101727386
85.0136956737
82.8799813609
82.0923432788
78.9889642819
77.0812066507
78.8614545259
79.0823655236
77.6172937906
83.5287201697
85.3484168206
84.7391970630
86.6694352134
85.9522537503
82.8446023430
80.6261695706
84.6428722957
83.5948488838
87.3562627330
87.9486188942
87.9728639532
81.0245494398
82.8575778307
82.5332432682
82.0038179289
83.0851412828
83.1923002934
81.3052043454
79.8058936817
85.9740474881
86.1529768023
84.1332252167
75.6043075795
77.3876226730
83.8130649314
82.2199022156
86.8634701653
84.0549897313
84.0690222487
79.8264412988
85.0635762009
87.8583254614
90.1347790072
87.0626885107
83.8505237399
80.4439863039
77.8839326288
80.8365998210
86.7003653218
86.5891545016
85.8260990764
84.8147755609
83.0157747182
83.8856002823
81.5847380215
80.1014112675
80.5958477218
80.7689617781
80.8368451334
80.5310649173
81.2549380138
81.5462690349
85.6439011486
86.1507977543
84.8401809875
80.6817425320
78.0420482213
79.0953737541
78.9060705996
77.4612643073
73.4097223650
76.2356813121
77.9565596838
74.6494947802
79.3032896793
79.9283141767
82.4268164865
77.7040957545
79.2265697333
79.6014274024
79.8217704612
84.7187407687
85.0586948630
87.6296650606
83.6622346988
80.4679522858
79.3042661366
75.9538163858
76.1983463113
75.9244561536
78.7088878382
76.4387058244
78.1913757556
79.2610087672
85.6267094363
82.9208191013
84.2642788014
81.4754500266
80.5453757710
77.6565400113
81.5166675240
82.5634965165
85.0368197955
82.0885387564
81.3830565389
82.4421352724
82.8011807473
80.0709257533
73.1107601455
80.4654353213
85.6651284395
86.6140595482
86.3188474471
84.1579167339
79.6245009173
80.5767394788
80.8405907111
80.9041816762
78.7660299763
78.2388666204
80.5976544811
82.8220983329
79.4534100225
80.3525244970
84.3004303531
83.7623178241
82.9022813431
81.7246519421
78.7358914016
77.8352309541
80.5394330384
82.0407718632
80.0351742214
80.1433071586
81.5486209422
84.2631725105
87.5235631856
84.6765346755
81.6618944145
82.8682720132
79.8088702034
81.2999797419
79.2668893247
81.0156354611
81.9151546330
79.1879687310
80.8788265790
80.0676755596
80.6674147580
79.0405952213
82.8207078080
81.3933090987
82.6007499171
83.1707461742
89.1496186554
86.1217036568
87.2262706481
87.3721176289
86.0688732514
80.7408173126
79.1071971711
80.2659805309
82.2731280281
84.2849537003
86.9560841291
86.7176955010
80.2031412111
77.1934960961
78.8926871695
77.6039031648
87.4061833554
87.0907629775
88.3278395543
90.1455385627
88.0468036150
81.2934890400
81.7527094943
76.3115825039
80.3053359781
82.6030460022
82.3605808146
83.0452969828
83.8009151671
85.9339054268
83.9455519871
81.0589021149
80.1528268104
75.8273428044
81.1004454828
82.7880290648
84.3626579858
85.2276167826
86.5621083727
83.5939111038
77.5390328183
76.6263484144
76.4839928150
74.9693888645
73.2770865668
79.0245239893
78.3740189377
82.6137642912
86.9414887164
89.4698889667
85.3941349270
84.2711394586
85.8477515391
83.9365869387
85.4056347194
78.4584674386
73.6174284200
72.9514202299
75.0679976822
77.6863051442
78.7183856102
78.9280065540
81.3767407742
81.6932540237
85.0607368986
81.3502036295
80.8832329271
77.5200422671
78.5820613782
79.7982351808
81.6580324830
85.9098933994
84.9645043985
85.5552147342
86.0496677656
83.3219553324
81.9033937186
77.4475138160
77.3597100447
78.8322891035
83.7946921882
83.9184005996
84.0391194543
80.7976303253
78.2556248834
79.1841722697
81.9837505559
85.2941729770
87.2904709337
86.6952253684
84.0112391653
81.7701108153
80.1253716138
81.6611287899
81.3148204282
83.2010144412
85.1302492418
84.4877324267
80.2117804050
81.5066208018
82.1335953679
84.9726206063
83.1522316419
83.5291775425
83.5322949867
84.0679115727
83.4922300649
82.4270677803
83.0690001491
81.8699979665
82.1204740993
83.8903384047
81.2299543123
79.6314094062
76.9341095923
78.4481587037
75.7796823437
78.3499260122
75.7939811563
75.6956134141
76.2332744426
78.3938497361
80.8888508254
82.0140202623
85.5267495657
84.5457584121
82.4992557547
81.8529812397
85.0038516099
84.1670654751
83.8699727428
78.4188855812
75.1037778229
76.2371117763
76.9693111383
77.8235089702
76.9779593485
78.9606506654
82.3164856417
82.5663041016
84.0372723626
83.3163115197
84.4772140601
83.9856309175
80.1573653249
79.3801121531
80.0830977879
81.6580706084
75.9759515286
76.3176684501
79.0790689341
84.3348066711
84.1891173974
84.2107766761
90.2970828777
89.2022442386
86.2202364446
83.0761576201
81.8459705384
77.9293515075
77.8907379359
79.6708781512
80.7063716881
81.2823409739
79.2054179932
80.1104379088
81.1980478900
77.4969766176
76.3566939750
73.4159770763
75.0461842155
72.1225466720
75.4704616777
76.2954802329
82.6887443271
83.4535503151
83.0311052305
82.7479772203
83.5409041408
83.6215560698
83.1547484288
80.9880848975
81.0720797334
82.5786409168
81.2061315770
82.6943740265
80.8853902735
80.3694728403
77.6908280541
78.6663766501
80.1777253125
81.8442563005
81.3065442681
79.2800529115
84.1782412631
78.5453763457
78.8921797925
76.8925648290
79.5873558460
73.9460608397
74.9247140014
78.4956085817
80.9257993859
80.7224757173
80.2362771758
79.7838787482
80.3390363289
78.9940548611
78.0667328121
75.1085773651
75.4146722241
75.4749904398
77.1731533799
80.4337013291
79.8894767792
79.5906368476
77.7457554468
75.6545158897
81.4781106393
81.4154703742
79.7157882715
78.0979125921
76.5146290605
78.0788901867
77.9399686290
78.3610621047
77.3860568650
78.6762316790
74.9107084598
77.2184165327
77.7772499283
81.3958345386
80.8399076635
78.9441283227
73.2663471881
77.4300067162
78.2659759654
81.4091007092
82.8674173587
84.1583494620
85.7734032613
83.1549283730
81.8926275655
83.5684692801
78.1776072573
76.1727976610
75.4394529255
78.7065873578
81.9617557323
79.8326364025
78.9467439356
75.7152298052
75.4365641875
74.8121897526
72.8614156290
73.4457672911
75.9433119024
76.7289694955
75.4294007821
76.0743548344
77.3252493017
79.2482039803
79.0245953264
78.5439733212
78.1145148217
76.0756411968
74.3584154530
78.2848397839
81.6362782804
81.1839225193
76.1592521620
75.8202052852
82.2538958156
75.7342486708
77.9096936933
79.0463910110
80.1585632654
80.2468841119
80.4946411392
78.9553640953
80.0367659923
78.3439862929
79.1764677608
78.4114170523
78.6710068068
80.9261957165
81.3511485175
81.6782137524
76.7945600975
75.6740195738
74.2290616298
73.0761253713
80.7362850250
79.7886995127
80.6215693249
77.6034360444
78.5667806962
79.0537404060
79.1814382028
80.1910375515
79.6518217933
80.5669073237
78.8691084046
80.0822831123
76.4981638943
74.9791858630
74.6994061809
77.8639007038
79.4134425283
80.9102830745
82.4145828657
83.5216720903
81.8438281303
79.9472857030
72.8777127766
71.2926753838
74.3555687283
77.3848978770
78.2411442755
76.6706662155
80.9197964533
79.4715274462
81.8559754585
79.9030689326
80.0046255997
78.3089241247
77.7137975127
84.8400979746
84.5522370978
80.9921241017
79.6019188664
77.1447620836
80.7069730854
79.6196874649
80.0570354734
78.6309672168
80.6953838870
80.2348037867
81.8455036808
78.9259053137
74.9315139324
75.1111106739
75.8995425658
73.8714454665
73.0411102431
74.7148247658
76.4111422105
79.5267467760
80.4959626940
80.3503439492
78.7646762094
75.6407612978
75.8890814743
74.7505822373
77.9366185609
72.8317876496
75.2797197667
72.3034274589
78.1439935117
78.7251268136
75.9216541530
74.1040915842
77.4928816059
80.4209709616
81.9588141150
81.5984067980
79.3771825932
81.1902625722
79.0828945931
84.4547511251
81.4398239811
82.9411358567
79.8299987555
81.6552203249
79.0577009255
77.3999395911
77.3952821525
72.9548480379
72.8058958867
74.4124716943
75.6798837731
76.6795993434
75.2632440730
78.1720382151
76.9146979190
77.7066939213
79.7896717736
81.3401261269
80.3384184235
79.2793690766
78.7789879993
77.6923399416
74.7894121541
76.1410524819
74.6812616446
75.5500007782
73.8139001847
75.0717452864
77.0351696642
77.8718755048
81.7173845982
84.7500439239
85.1488275204
83.5859085241
81.6053280988
84.5155917515
85.1687539347
85.9108782711
85.2390786327
74.3519783359
74.2186809950
71.8075305382
78.2227139885
80.7068997102
80.9664041160
77.1959582983
75.5920703912
75.9079620049
77.6301934884
79.0540825608
81.2801512036
83.7686913015
85.4623535077
84.3053268650
87.9297527415
85.2654588245
84.0814361692
79.8080628607
79.1283443366
79.2378376473
79.3747159743
79.0582530660
80.1956487442
80.9158311516
81.3683909343
81.5465507572
78.7562074535
82.3262374475
82.9399913570
81.5829218003
78.4401820250
81.8818659690
80.6228556285
81.6157176044
79.2339989550
81.8248486716
87.1172283088
85.7546583763
85.4682482762
80.9126680704
81.6613166351
82.2328679710
82.9954503426
82.0482562600
79.6389176287
77.7218841044
77.4473773415
79.0322581789
80.1975037205
86.1369314347
88.1118868685
87.0683426769
82.9561790671
81.5103064959
79.5933272115
82.1034604450
80.3921529266
80.6404685829
78.8345274076
78.6566818104
78.9681809094
86.5009423212
87.1440573360
84.3747384484
82.9184454468
78.6588640099
75.3733055093
78.6226030364
82.8152186894
80.8848032748
81.2741649990
80.7044067807
84.1251572319
83.0480620314
82.7364875377
88.0040234816
90.3256552082
86.8544950355
93.9296158199
91.9508006415
89.4400171129
89.8759248571
90.5536283160
85.1651080332
88.0163679352
85.2723810672
82.9167656186
90.4404634014
90.7096108697
105.6364864311
100.8244041114
99.8437976384
100.8371344190
97.4890453305
101.4683671435
95.5880819157
87.5817333420
90.3506526203
93.3347840677
95.9244287731
97.5134528569
93.8165546688
93.4510233343
85.9365382401
84.6612502604
82.8403700757
82.9411848975
81.1972615526
79.2552721918
77.9427899803
76.6744802280
77.3781293621
78.2610878927
77.2829132025
79.6507580836
81.0734877728
79.9254437727
76.7120680040
77.4088523750
79.8187312643
81.1354098204
81.6905887429
77.7485714543
72.6921607979
70.4938336646
71.4105984015
76.6924510776
77.8131202753
81.5063102053
82.8158652122
81.8064226048
82.4898603380
81.7735512187
79.9676914510
76.3000869902
73.2508820202
73.3647754712
79.6708737853
83.2254581036
83.2537151133
80.1162139226
79.1647449352
76.4753292281
76.6196526482
77.5464622167
79.7128010717
79.0609951398
77.3043447616
79.5143822179
78.8028669523
76.4168650016
76.0046765302
73.6691789492
77.5167236598
79.2623009835
83.7943276858
82.9801025671
76.7075378958
74.8325831757
74.7332452963
73.0344717438
76.9626911185
78.9670969936
75.4933795874
81.6868011149
79.4166174832
86.5545514409
88.8351769199
84.3371444665
82.0781972931
84.5464677189
77.1209765213
77.1450403902
76.8481974753
80.9366626509
82.1319409276
80.7637356443
77.7135703857
82.3059724484
83.5477449838
86.0174285121
88.7016974704
88.5354828684
91.1842308693
88.6070475304
95.1640124601
92.2647747255
91.0032000535
90.1630595802
83.0004699424
78.5175398250
77.7571656814
77.9033060353
82.9041205314
82.7268948568
93.6476112080
110.3756632241
101.0206288678
101.0847266093
99.9250877924
96.0842880184
98.7888859510
94.8233703804
93.5723752973
93.2542154039
88.8851461586
84.3787691654
80.5863344659
78.7944534102
76.8570463324
72.2562851297
68.6317187396
69.3472721610
75.4575928335
77.1322193844
78.6271708530
80.3209335235
70.9399403305
75.7080310112
79.8434382587
80.8546638228
81.5449567208
84.2343370615
86.5632615294
85.0257323899
81.3135459800
79.4398027868
79.3488753551
78.1577795227
78.2363569984
78.1739112272
77.9077739094
78.2553032170
80.2484703441
79.8904040024
78.7991746151
79.4219803398
79.1084501452
77.8452686450
80.0715735125
78.9549933886
80.0858153273
81.0987932055
81.8369641244
80.9701218031
76.8160611425
74.0872741806
75.7868252580
74.2047987054
76.3185556150
77.8038920789
78.4942063258
78.7814516806
77.4952127346
77.3605416869
76.5206786060
78.0971627827
78.7246244604
81.6023041820
80.0147513719
80.2873370418
75.5012185931
74.5032162873
73.8879829168
72.7494094725
75.0982008029
75.6563678074
79.8119795998
78.6762531242
76.1840057647
75.7291321812
74.2585222673
74.3814137765
75.8181034822
73.8001206202
71.5216939517
68.0651143019
68.8249609972
69.1054408776
74.1449355661
75.3745530897
81.5985185091
80.0616494355
81.5700112427
78.6204317781
80.4446485192
80.8796599945
79.9372592176
77.8578206819
78.4044515425
78.0074061790
78.1351202421
77.8003627734
80.6744374987
78.6002015806
75.6419095517
74.2977977484
75.5354999515
77.3423604472
77.8284650359
77.8006850336
81.1508657952
82.8717897249
90.0424350353
84.1393819342
84.0217359857
80.3450504075
71.3807355970
76.3986487486
81.3884295531
79.5400159906
77.8199230901
75.7847640618
79.7107249733
84.3878558525
87.1809710943
88.4482547605
85.5217867776
78.6759949040
78.4016772210
76.4411830589
77.4602441966
79.1011378781
75.3172448812
79.0392864839
78.1199573444
78.3408820583
81.5585106029
79.9308287489
82.2984226703
79.9084727875
81.2942746212
82.8830898696
77.2676432602
77.2086019028
77.4871617350
79.3619478742
85.9878595222
87.6246125096
85.4960527924
81.9765975506
80.6191836359
81.5479111454
80.6883974155
78.9941905333
81.0258779138
79.5809394348
80.7230622228
78.6244158679
81.1931487933
80.3292658054
80.7554904396
74.8272745566
77.4566620269
81.3445136820
79.9678151716
77.3089479029
74.1394379408
74.3638942811
77.4597562158
79.9580397602
81.8011817676
83.9946242869
76.5610805438
80.3940420263
78.4719823803
81.6292434372
81.5359308168
87.6960254026
88.8873458638
81.7961251036
82.0141427141
80.9270849605
79.3934010299
80.1024495268
82.9947066948
83.4033515392
86.8096709151
94.6587244191
92.1785503099
91.5091348807
86.6118097196
87.8240737117
87.5097777869
84.7053863583
82.4792873028
83.3890295665
86.2924413694
86.1827219140
82.1207084325
76.6165877715
77.1419775200
75.6210453682
78.4613521841
79.6919022829
80.6343109293
77.3371120433
78.4751345128
82.6428269553
79.8431841453
76.7617575328
80.7651547962
83.2616472326
83.8649991926
85.1256942948
77.4060876850
80.8789012890
79.3637620512
79.9625298078
84.6339538054
85.8344839257
83.1288193475
83.2922735921
82.3887234295
87.3613612109
82.8985359713
82.3424611517
77.8639979663
77.4528615786
78.5053514346
78.3665176346
79.3925399624
79.1176164772
79.3122790439
77.6081580577
77.9736494208
78.3799407393
81.3352407055
83.1304933516
82.0241525085
85.2550005831
86.5563523344
84.5202002212
81.6089935480
79.9846529815
80.8125453550
77.7399915299
81.5286673181
84.2842275644
84.7729872556
85.0174086991
85.8321374832
86.2803856001
87.4378585314
87.0855650479
90.1757335516
88.1393649776
83.9570079054
83.0791662088
82.7459384481
79.9766589818
85.8596481403
87.4082253210
85.5406119633
84.2581828845
84.0757425947
83.4190566975
85.9642173657
85.1725423573
86.1704678485
86.1488453848
87.3338483268
86.3981391841
84.0924972561
85.0897717988
83.2180857167
82.2085786442
79.9916190966
80.5900390317
80.5384362492
77.2306652912
74.4719302137
79.3941922670
79.6626491918
84.7032845082
82.9553283921
81.4061060942
82.0333270296
79.8526033077
81.8613664889
82.8581204684
86.9314938626
83.0039456767
81.6367577949
80.0279639012
81.8994745326
77.6408050651
78.4286542631
78.3504722858
79.3750948106
81.4056292352
83.3676705781
80.1424397258
79.3067258527
77.3473494625
80.2578951641
79.3738871087
83.8140242060
76.9631263352
79.8326455881
84.1609300246
87.1037290782
91.8035090732
89.8865404214
89.2318073028
90.9864066248
89.0326074079
85.7485782605
83.4034585202
82.9731278927
85.7584360385
77.9694038500
79.9756913219
75.0737776521
76.1330132631
75.7187974063
80.1629686135
81.0357798825
82.1485888905
82.6815741552
81.7529021844
82.0943670916
81.4114171059
86.4788103227
82.6514898691
78.7293218486
76.5418665013
79.1091197440
80.6537607208
77.2447573687
85.4071436658
95.0281726371
95.8641267886
91.7309701414
91.2112635492
88.2036426834
83.7345897885
85.3178799277
83.9679386684
90.4116363758
89.8320745148
85.7637651464
88.3634482554
83.1032569798
85.5497520485
89.6960811946
92.1829420057
92.2781963531
90.1289852166
87.1386169081
88.7614342015
88.2117614508
86.7847646278
87.2603185663
88.6024683845
92.3419527663
92.5167762578
91.7076413734
85.1008099153
77.2232953852
78.9852283896
80.0652118785
81.8234994019
86.1384282786
87.4224494049
92.2798148326
90.9451143051
91.7998074973
92.8702503232
86.7819345862
83.4090817816
82.4515365086
81.6777701622
82.5183037617
82.1173465965
84.4121685766
84.5777423701
85.5596734900
77.3262288099
73.2364473344
72.7694596691
78.5362437312
82.6031951874
85.8591619475
85.3511471874
79.7231679190
79.6100825504
78.3283145232
81.2784925847
85.0183583599
81.3494444562
83.1718880481
85.7649590661
82.7814650503
81.6374858944
78.5073455484
80.3121002748
78.6290758949
79.9520972868
77.3959482502
79.0046955742
76.5605903757
74.5263801719
74.8117896837
62.2222575582
71.4659869133
72.7473943667
73.5185741766
74.7352431283
76.3168416673
75.2573687438
72.5196872677
76.9127450245
77.7314456426
80.6254345244
85.2884218089
91.6644272344
93.1664616618
96.3984734287
96.6414797276
97.0077760622
93.2784608263
95.2073158404
91.8534292927
84.8675867936
80.0223936483
78.6229983990
81.1447527822
84.1065176956
83.9952419171
82.9958134039
84.7532670677
91.0201909597
90.5926684163
82.5365885548
81.2355166878
81.5376843043
75.1108890983
74.4478025839
74.5328008138
71.3522767812
70.1452585909
79.9690650727
82.5682424531
79.5894824599
86.7172465922
82.8425536964
82.8884992677
80.5094758429
79.7329213403
79.4176388184
80.0257498209
81.2730874205
84.5767329936
85.3000026923
85.9531555003
89.9565253550
85.6641310378
83.3975186378
85.1001785914
80.8798263582
82.8253043175
79.2772035756
81.3884549895
81.1088970398
80.9765642676
78.3529516538
77.1079727670
78.5841623395
76.6631584016
74.6222511800
73.1969721289
77.6630504489
77.6901577978
82.8079436183
84.1856352641
85.8184017568
82.4847576873
87.6520050006
81.9865133916
80.8843370605
79.4643268504
80.2628595414
78.2513363454
78.5897031909
77.1986179395
80.2588110150
81.8424170641
81.3819899702
81.0362383806
76.6586052630
79.5626406374
80.5946534186
72.9438404490
79.2562855373
81.9021789748
86.5087212325
83.0852116354
82.9637010381
86.4608745262
85.2268511863
82.0821262488
80.7636289248
79.5620390405
82.5970271971
85.8918472282
91.1896341036
87.6400428918
84.4975940823
80.0137617764
78.8367273259
81.7040778788
84.8344195820
84.0967893054
81.4105756714
77.0680639948
75.5632502747
71.3102729400
66.9949531134
70.2229210516
71.6427000565
77.4337606454
77.6377823741
75.1752592292
76.5696940711
70.6486712509
69.4935778670
72.9117663271
69.1817054303
69.0303148292
69.9546265133
74.0746428711
76.0370417698
74.0845458848
73.4652529049
76.0415337124
79.0446089675
80.9165852896
78.4896424907
80.0789406023
78.2165335101
80.0061843234
82.4005740960
88.2981015040
84.2791889997
85.5347012563
89.3168659415
89.5982478076
84.0430101060
77.9285804859
72.1368425215
74.3479452837
76.7627273904
77.0819744381
74.1014200222
74.2443265201
68.9516873014
69.5132837006
66.5808207648
70.4367340146
71.8836107871
75.3244693059
74.4379039364
71.7730868068
65.3574553236
65.3112783884
64.4576456936
64.0820795920
63.9730129686
65.7262766299
67.8175101267
71.6831384239
72.0050194211
74.6558654088
76.6556550795
76.9279928698
77.0532778383
75.2189478530
78.9595177827
77.7719803342
75.8371869750
74.3947414961
71.7882522637
71.8772263565
68.6809649599
70.6909442879
74.1200390519
78.3437275664
76.5524622597
74.0066224132
68.9917679264
70.6518223510
66.5194631738
63.6391587290
65.9649768541
70.0462648467
70.6645879739
68.6725246232
66.1138763785
68.6451974641
69.2814387206
70.0592550640
70.1240207435
64.7323402507
63.9470916800
62.4095972724
64.2930594084
70.1530508710
70.8987563386
73.4816772040
74.0133608582
73.5603526712
73.8489116875
72.8279972282
74.4588071085
77.0686628293
76.2791843903
73.4296051816
72.7597116616
69.8521875934
69.9895309738
67.9681420658
69.0180844125
74.1275921999
76.2696118776
71.6545062802
66.4431333120
71.9698983973
78.5516168163
78.0449149654
76.7918004063
73.5323816796
73.3712248595
78.7631540484
78.4259378247
77.8429558884
73.0633167263
73.0425512816
67.8889604949
65.4944742813
60.2053583204
59.6220383594
58.0771255092
64.1367276202
70.9099104138
73.1821719660
73.9513299402
72.7401311212
74.2635775075
73.4121864175
70.6796019644
69.2294150269
65.5995981785
63.2179623646
65.1181852150
66.0233199690
66.3157850539
67.1423435600
66.6310442445
66.2899821125
66.0269982829
64.7493376092
64.9120046902
62.4900451718
62.7763102900
69.6592520131
70.8903734219
77.2009619799
76.6416464187
74.8288808885
75.1867665069
73.0424553807
72.4635442205
71.7603208842
69.4723947484
68.6244333628
71.8497070362
77.3106486827
77.6154628052
78.3850007512
73.0811827557
71.0094242797
71.1463719795
69.2704389106
68.5130920405
70.5745603652
70.9289957207
73.8917028105
74.7071211699
75.9251556189
71.3969475470
69.8378568295
70.1202828315
70.8191033740
70.8985752099
71.1327103965
68.8758372272
69.6513559720
71.7485252700
72.9803152882
70.2469323533
68.2373202258
69.4248193932
67.0605890237
66.3687182253
67.9490539496
70.4165172330
72.7789133349
71.6019216255
65.5030087473
64.4514829418
66.7970335252
75.1991200340
78.5019887353
76.2337953459
68.6763046780
72.6755578384
75.4044095673
79.2770644129
86.9317785753
85.7074959593
80.7910417769
75.8666911454
74.7209414970
73.8419219950
82.1027283284
85.2833856470
85.3714880632
84.9963522882
81.2821756498
79.9269590273
81.6117172420
81.3066126609
79.3451936144
76.8503491923
76.7951384780
76.6402512756
80.2866201896
78.4187032580
78.2858416879
77.4585087460
78.8401241056
77.9744595880
82.4694116481
84.4555601945
89.4832574167
86.9691453727
89.0314512553
85.3725046678
82.3814130179
83.9266852711
80.1300057498
78.3249997552
79.1472578681
81.3191060745
82.7691188546
83.3393491715
80.8691575027
84.0761418226
87.4599013729
85.5635223652
91.0884388286
90.3154375405
87.4142792636
83.1323666172
88.0849496724
88.7206834134
86.7105915745
84.9816242964
85.8564768244
83.9692600196
84.7917305433
85.7668634835
84.5573729463
85.8347456070
86.4240076578
82.8810262025
86.9869859248
88.6111749625
87.4803837195
83.9267216379
79.4427824971
78.5118906669
76.2880050825
77.9226744488
85.5127422351
90.4388902033
89.8689418956
88.4152971438
82.0626772435
85.9179275491
85.8991882260
82.9390323095
80.5194334569
75.5137165754
73.7511924897
76.7494745207
73.9431557376
72.0533660298
73.1008783049
77.8987521203
79.5781546652
75.6077503417
75.2432191379
74.2898692106
75.9179881809
73.4828750705
73.2576346247
71.6432886778
70.0444560126
70.9283909556
73.5844592209
76.9368941894
79.8506071502
80.1863225620
75.3599093878
72.8398314428
75.3406634245
77.1147918662
72.6071369229
69.4836039081
68.0366760245
71.0321077455
63.2488416177
60.2700719372
74.5112465594
75.7310446495
75.2730899651
76.4309520192
75.9238290994
78.7744995871
72.0456218521
69.2884697605
67.5127359429
67.8682858476
77.3607213079
77.2922807292
78.2586723100
77.8259255890
84.4943940525
85.3543604465
79.6931300848
83.2770632453
82.8493737805
85.5832639022
84.2482567853
85.4016631463
91.2835717684
94.7293798483
93.1773239658
90.7640873104
84.4671873181
86.1732409816
84.0565346758
84.6001368472
85.6133339925
88.4352662130
85.0363353493
80.2784773413
79.4177392017
76.3018296885
77.5580868738
79.2909472364
79.4914827945
81.9823417696
81.3041939008
82.7631132903
83.2694417276
84.7204860997
82.0998144160
79.9294413680
83.5258072656
82.3447320677
84.9057930168
85.7165827450
88.7394812503
89.2921402436
90.0469775847
89.6341899776
88.3303968071
83.9898704487
81.2362623848
81.0517348966
82.1052636595
80.6587255141
85.9800599110
84.4694356541
86.4890968677
88.1393270464
106.8253161166
143.6237457013
144.8668857942
151.2518476592
162.1473983506
168.0601418627
166.2961841125
161.5656185846
153.8750536224
149.4365605924
152.7343169220
152.1075390027
146.6929157871
138.2622444693
128.9741993515
128.4730888448
135.8685246589
135.3845432171
131.9334409175
125.2603342260
131.0626990871
120.7856771850
119.5247860368
110.4675951937
115.8113265570
133.7188073695
134.1074007528
135.1027008378
137.6256841494
137.0633404299
136.7080127990
134.8915535438
132.3627684850
126.0903821677
137.1483840001
135.5196219038
123.8322363226
116.3787893521
104.4859759396
113.6503735699
114.3130753504
118.5422396298
125.8760526523
127.1426331318
123.9411792011
125.0319073004
124.6907247826
123.9247874531
127.9584631816
133.3074934728
130.7374279754
136.2822677404
131.5443634266
128.2509664488
142.4612938682
140.1219911334
138.9010746088
138.7144205968
139.8895496258
134.6602121610
120.0555228292
116.2367583829
119.2791584051
116.1605227804
127.9794234483
126.9368952840
128.9020127340
134.2804198488
135.2918141469
128.4813683279
131.0910677323
127.1236576489
127.7038442004
132.8049770116
131.7128039433
138.5154930439
137.1297279079
123.5324264682
117.5424234632
119.7002395976
133.0373245521
129.1076568574
116.9605204272
115.1567524228
116.6175049694
125.4790061490
121.8304531240
120.5418841479
110.8091195186
109.6410473853
114.1017462138
117.9040207234
124.4631964728
119.6368564980
124.8046865960
122.2806643592
127.5576336574
126.5359487006
130.9128154916
133.5952338320
132.0344071381
135.3481307750
133.6742432572
131.7639424711
124.7039315700
126.0298142932
133.6564771385
135.1390842699
140.1074907399
133.6750905135
129.6083291633
122.0227629516
119.8373103978
126.2813514429
124.3690586408
140.2145590571
133.7185868218
141.7205935504
139.2812273492
138.9481282978
137.6730985863
133.0065517386
139.8070455494
134.9919551118
139.8349081592
130.3864623254
134.5326486146
128.9359357146
134.2486458990
126.9233983406
129.0527043724
127.6690157238
131.5607587544
133.4094338934
132.8171750416
123.2637264668
128.8997706470
123.0756266350
125.3646832861
117.3487320620
123.4555959193
120.5635262623
124.4062844755
121.0269268025
124.8781347233
115.7408583033
106.2842399156
113.3239304621
121.9541224418
123.5695542441
114.5842984132
114.8601560030
104.4381206037
112.4251738057
121.3960504911
124.1539397245
124.2769705373
120.7560541261
115.1701231149
104.2198408130
115.8246173451
120.0946078714
128.9128960452
121.0957711466
120.4929400666
120.6370823627
119.3057747731
124.7135380701
132.4787950162
133.8454239834
137.6225250986
138.5805473151
137.7116496994
138.8338054634
142.9395983058
147.5931159504
143.5637278445
141.2740309013
136.6203476899
125.6354571868
133.5812478144
123.5794949072
118.2811295096
108.2799767682
108.6258324289
101.3005272590
101.8631415301
106.3881144428
124.1154444251
135.2324114180
152.6173616579
153.8315431194
150.2637847096
144.4267861468
135.4763005926
135.6553228153
148.7659534595
147.6731280526
151.2828111618
136.9405552127
136.5707891960
143.1727944320
143.7296759997
145.1015198520
148.0471294227
151.0621035738
146.5333916326
147.9490565116
146.2130665471
155.0381630766
155.3127714555
147.1698163437
139.3715826635
134.7074080559
149.7242710729
150.9949648806
149.5066092604
145.6761483657
142.6530035054
137.9576263289
134.2732945897
139.2771871601
141.0375315771
141.6126026145
144.3256072486
148.5098414915
145.0045896358
143.8438208709
141.5770404960
141.1730897640
140.9968933049
144.7517874790
148.5426682327
145.9449201891
142.2560635721
142.3395723010
147.8331414578
149.7472646617
150.5551255242
149.8565519968
141.1873827855
132.8643962626
138.1605365294
144.1290524338
154.1829359429
152.3247074264
149.4872775476
152.5348917310
155.4919448715
146.6014902958
153.4770826872
144.4688959697
148.0081220922
144.1323723891
143.6429576985
149.2223808255
144.2634106632
139.1390288518
135.1767669801
139.1849540368
140.7116673437
148.1133525289
132.9728160075
133.5463466870
133.9385946270
138.3451518815
151.4519846985
150.6656219248
147.8586164640
139.4746047607
138.0175914021
138.9169046552
141.8488821764
148.1745233070
153.8132749438
158.9606512855
153.7395053465
153.7528401493
148.6453076634
136.1017974431
141.2461518257
143.6703021906
143.5170339953
148.5405053004
143.2739785728
141.3298316218
140.7290990216
141.0458025720
146.3407125180
140.9554615091
142.3194515186
136.7832505835
133.8574870163
130.3704285857
143.3503018051
137.0944694166
143.8769279238
142.7664655411
147.2407789356
150.0650925437
148.0368855138
155.0810037227
151.3348072226
150.2729007790
143.8799694004
141.3654551451
152.2645163053
146.7570938947
142.5505137002
155.8808239221
148.4805632138
155.7489579113
144.2324277475
146.9627891838
145.8728225196
152.5461770641
158.3087026641
154.6536620888
156.1338257847
148.0542165770
148.6308385172
149.7001860287
138.6463671907
138.3746022582
135.6642401823
142.6248681499
149.6928222313
152.3917269938
158.6344885833
145.7818767561
146.9091096282
140.4904142498
149.3005054357
141.2276594761
138.2762102848
142.9641062163
149.1308549742
160.9299252028
159.5388237326
151.4547959122
142.4552675571
147.0417225324
134.8555493481
130.3998652572
130.7983682655
136.7525661001
153.1290875494
152.7775857182
153.8795790159
149.2690901880
154.9170833667
161.8341124233
161.4186644533
156.6524048837
139.0822406905
145.8379427819
143.0610767728
148.0463015718
147.8119816671
147.7371923217
151.8337643870
154.3432856512
156.3430606586
154.6417474896
141.7120744883
139.6462472039
142.1596707542
142.7697108571
149.0716985851
139.0319224351
137.9045849266
137.7648569479
148.4820023872
144.3381953479
134.9396049006
138.4774020988
142.2670322392
153.0487213902
151.5711508070
144.5610597198
140.6787358079
138.5962925640
152.9140897368
157.9614767472
154.8282213883
153.0924459651
144.6696968368
136.1276548765
136.6548543017
137.6750352678
145.8784402731
143.6861562142
142.3061858113
138.0100133659
137.4164716292
144.8638344737
137.0515680265
135.7995413582
132.4408977169
129.1142046704
125.9616040794
126.3031639155
119.9138981681
117.3616858854
120.8541536400
125.1190115252
120.0060008565
128.0425465166
131.4347768463
137.9136347676
137.2025786983
135.9322692573
127.5050971122
119.5052512311
116.0808363277
127.2247009162
127.5651039029
135.1958089916
134.8530200765
142.3858249685
152.1935569446
151.2769150410
143.6218275196
135.1143382780
140.1940239554
131.9220453978
140.0595519209
133.8723514842
150.1072300425
153.0817266484
152.3339952842
147.1543893786
131.9946342379
137.7065179482
137.0228099697
134.5671720152
134.5832757366
123.2637785370
130.0005295662
127.7904827937
137.6884183343
158.5121533912
160.7045044215
142.8634199555
145.9420818635
138.3081680467
153.3090956504
146.3839653201
146.8715160915
138.9275517304
145.9749448389
144.0265671491
140.9661768232
135.3324430357
129.5661214518
145.3812142159
148.0401151553
151.3785582270
144.3149075608
139.9432113518
138.4637596650
139.9265484873
148.9338588673
145.3916026373
136.4963562382
126.5669488302
126.9480843677
126.9050915150
135.9754563255
142.5898675539
141.0674166638
144.2276519036
140.7197109697
136.9067864619
135.1481712197
140.9545684149
138.2796994450
151.0403909372
151.2018677266
151.7615801408
142.7023291178
141.3270326040
141.4855714298
141.0832251040
145.4624607022
133.9580293004
147.8527793495
157.8312443362
163.5089391143
155.6527118744
154.0064849071
155.7667574772
155.7144517310
160.5897574550
160.3931013770
158.9518081635
155.3872851931
146.8425353986
137.0054445300
143.2121820393
146.2830682427
152.1550569629
149.5774963392
150.1722830596
134.1385264555
96.2152602753
101.6403645596
100.0017300127
101.5175119251
98.3805884972
100.4570812782
99.3871989243
100.1592623407
103.9693244099
105.4438382524
110.5419507678
109.3792258427
102.1019250168
106.9456736911
105.6208796626
113.7854637363
112.7592032699
110.4845805757
99.7276119037
102.8686411953
103.8548386271
104.7093774295
106.4794190441
116.3260363988
121.9181202146
126.8988881088
124.7034652756
114.6343773050
110.2435448319
109.0992054330
112.8126291791
108.8988136691
111.8053343127
113.7286811751
117.1704138899
116.7232686377
114.6840720742
110.9113883491
102.3859024387
93.6709156807
93.8879439523
92.4931237009
96.1454364051
98.6116335985
101.7725947705
103.6255143627
96.0090731200
92.9700637431
90.3614104720
92.7722710589
90.6737747091
92.1155032470
93.6152940630
103.4082461185
99.6249612135
95.2563376975
94.5158381851
85.3686961006
88.4335340449
94.2577710430
97.6702470371
102.9601112460
101.9097149032
102.4903324328
105.5502902051
106.1808927508
107.7214334787
104.3839993415
105.4756851751
105.2776126487
100.2039763667
102.1998435598
93.6298354265
93.7822214475
93.1150712440
94.4454050029
99.4262381166
93.1494494429
100.6924882681
98.5088878864
95.5491650042
96.7648468201
92.6367080573
92.4236135060
93.6505421469
97.9638504869
95.3385153132
95.3973596583
92.4032502125
93.5206027166
90.9399822880
91.1485985178
91.7282011372
91.7612171317
93.3088469630
99.0768837412
102.8047478126
103.5677299960
94.5262454820
93.8638236414
96.5642762799
91.2055208783
89.9902558849
82.6962417696
84.2726545400
86.0340055976
91.9352335591
94.3422106605
94.1143882705
89.6287018935
91.1295475288
88.0036691854
89.2893030380
88.4311254446
86.9309828031
86.9885858626
86.2662880057
86.1023423085
88.2937224684
91.0980607690
94.2163170384
92.8649604827
95.2807398155
93.1835536529
90.0266333672
87.1925346194
86.8617396666
86.5728649321
86.8884429715
86.9379815772
92.9950230239
91.2072491918
92.7120792765
95.4330620487
94.6157488628
91.7649882840
86.0890427672
86.0216336060
89.5591028613
86.4894561254
88.1346879239
88.8144529287
83.2688799540
88.8454639319
93.0168143372
73.0444086839
71.6107723331
73.9794881701
72.4020884415
72.1876486493
73.4163643957
71.6958359751
70.6583260221
68.5068661988
69.2788699334
70.0890002312
72.0305818731
72.2472370237
72.5886025148
72.8976410946
71.3630891538
74.9038272968
78.9887001783
78.8206395655
75.8720906256
75.3452614196
74.6104057409
78.3149936265
75.2060430710
76.1574584991
69.4893415694
73.7383885308
72.8245317995
72.3767493588
71.0843649764
71.6440117205
76.3915502990
74.2698307977
74.8643116162
73.3825708711
72.4302410742
71.5796619213
70.5086734857
76.1203320606
72.1351108795
70.8781956102
69.7234648082
73.7501591037
73.9064383172
75.2562854734
74.1918724663
77.3380348286
78.8800556029
80.0004880322
77.5981477402
78.7369262508
78.1139472564
79.4417447946
78.7170284700
80.0376352094
73.6323001836
76.7378186695
76.9272132236
74.1454592252
72.5309045412
71.5116716038
77.2314745849
78.6567852886
77.9039446959
75.7367266788
74.4580443047
72.3214129538
70.8542633192
71.0064196110
72.1033550397
74.5562016774
73.2378743643
75.0093638698
77.6334565782
76.3438305444
77.1290278946
76.0618594772
81.9976083409
82.4058980647
81.1002694712
77.1476715550
71.9716398453
71.2431778101
68.7613001807
69.7389087964
71.9284682286
72.9827045379
69.5560845374
68.9564055882
70.3422438892
70.2471753115
70.8857081611
72.7997464060
73.9783786714
74.1693409233
70.9805893928
68.7152567736
68.1871904131
76.7253634669
79.5529110579
82.4450310001
77.1494095732
75.9592199852
72.2670830909
72.0001285691
72.6770135204
73.0694542025
73.8410646023
75.5109660255
75.1434974565
73.5549561672
73.1506268665
72.2752576237
78.1694657591
70.6039464530
75.9975919533
77.1783549395
76.7198996926
72.6608863654
73.7937571993
70.5772094312
70.8997371921
74.5261583530
77.8283227916
79.6121913013
80.7436753388
77.3565191814
76.0776317161
73.3946623580
74.3531216921
74.4424253391
72.6730074667
72.9267974291
71.3209806388
72.6349141077
75.9341889211
72.3611510292
70.4093878279
67.7271349596
72.4558274969
76.1696209992
76.7159875992
73.4079825198
72.2922959426
71.7126473526
72.8914361685
73.5947990465
74.0532663585
72.0095654958
71.4118586667
71.4833170988
70.5511517963
71.6769838293
72.3645469083
76.7684944180
76.9010485002
73.3480389766
72.6115990949
70.0092515122
71.9043305130
74.1682163418
77.3789462999
76.3624213112
77.5312951313
75.5539456450
73.1939689667
75.2789977916
71.0156740645
72.7434897632
72.1360808529
75.3568067485
69.2165794750
70.6015704657
69.1533097778
74.0315096231
71.1430271480
69.2102874634
72.9775486337
71.6840704359
70.0623313718
70.6024359903
67.8790576119
72.9224147540
72.3494715925
73.7986225004
71.0016841467
72.0998085813
71.6775516728
71.4864161403
74.1358726644
73.0767007243
72.3996725538
65.8859846343
68.5956852150
68.3888515170
72.2963541660
70.4466749318
71.3109858145
76.5876054148
75.0549066032
73.2718047740
72.1455032440
75.3305239497
72.0418982820
69.7609122083
69.0585947275
70.1911112103
72.5712532779
70.9876984869
70.1950184919
71.4132677238
70.9213221954
71.0192184083
70.8506874348
71.5394051835
73.6176502675
68.6199662663
74.1645408847
74.2072748638
76.6752538907
79.1889039182
76.5156126156
76.1422155202
75.1294712209
78.5889208739
78.0232025887
79.3277995244
79.3013935558
77.1046243085
70.4750429326
70.8167798452
80.0812935916
73.9875134021
76.1084128697
77.5790491218
74.6825869278
70.6962375868
70.8481354575
74.2768099497
72.7091808625
70.8980670683
75.9900128336
78.2048149959
76.1077706811
76.9651136967
73.2206272649
72.9738296747
77.1961395976
77.3060278080
76.6735186529
72.2250642792
69.6099478651
70.3115870144
71.1671076654
73.6519324817
74.0556631153
72.2373984306
75.6381754516
73.5632659574
70.2357506231
67.6497762859
67.9222148166
69.8173569210
72.4415808740
73.0766979783
73.4268577213
72.1765768155
73.7871952953
73.5409991889
75.4383811959
76.3078333227
76.4940137489
79.8368178672
78.4601129146
79.5113156343
79.3866663625
76.0714284364
74.8431621562
73.4593625300
74.0807105204
72.7497425012
69.0267988919
72.0292280897
72.4631772777
78.5355344787
77.8229383800
77.3879756188
71.2300167090
71.3675057092
69.6778429284
67.3790422563
69.3229591823
69.0334397071
72.9629204155
74.5825344468
76.5301396543
76.3635228402
76.3482553590
75.5926111438
72.7530068093
72.6863524107
70.3434727568
70.5610681669
67.8606383705
70.1138492531
71.3031705633
74.5689924487
77.2875215054
77.9922879170
78.9415239912
74.5200600252
73.8368101767
65.5650323063
69.7369974821
71.5287511289
71.2710824273
72.2770045163
74.8970395703
74.2096694556
72.0380312238
67.4257830495
69.7778983457
68.8602111779
71.7632339651
76.1469497868
76.5618330423
76.4791057947
75.9538815036
74.4276352307
73.2182214004
71.6647783089
71.2890044570
68.8555549812
69.3618831511
69.7285171426
72.1500584879
73.6344417516
73.4314823632
73.6779693650
73.0429748706
73.0651865626
73.1317584754
68.1744818945
69.9551771743
72.2147067306
69.1595548332
71.2853508924
72.3444747941
71.1023971976
74.5577568884
74.9249709195
72.7108784819
67.9303757047
68.7008229459
67.6272339073
66.5545008334
66.9697535099
66.0752323534
67.3002447271
68.9172732821
70.3221013321
70.4638135701
70.5203660437
64.4817662663
66.9772322037
68.7499104152
73.4944130519
73.2555219886
76.6888426495
72.1025021274
68.4751143723
67.7552998902
67.2120342104
70.0076255150
70.8265216340
71.1868044517
69.3469081523
69.4206641301
71.5553633927
74.3582630116
73.9708656722
78.3231381097
75.8379743124
74.9674115453
79.4035179434
83.1673901842
82.2167715464
83.7155894427
84.4394083472
80.0032998023
81.8313781799
80.8297737910
79.2202200601
83.1181701491
84.5827364444
82.0720844868
80.6999194616
79.5116443386
87.7309852986
89.2847065592
88.0178467596
88.6880409769
88.1562272160
90.0857845884
87.2262348294
87.9066193343
88.3760462458
86.2339463446
85.7573941693
88.2858897167
85.9103517395
86.7134280386
82.2669410584
81.0867796137
86.3382685709
86.9780785494
88.0816490772
89.8622747468
90.5903845432
87.6650244758
85.9561904108
83.1525033000
84.6664750345
79.1157233139
78.9972979692
80.9835046726
84.1857138143
80.5797890856
85.6565167861
82.5136685865
85.1515490291
82.9243245946
79.7040934413
80.0077283201
80.3338452647
86.0506873893
91.8100197903
89.7073211266
85.1102805119
83.4378078959
78.9013009005
76.2076303658
74.5852978038
77.0485407977
75.6168385737
79.2221128895
78.2431768397
80.2537495082
75.2474143419
76.5184426721
79.0042287036
79.4472227329
72.5896705654
71.6477210034
73.3426822647
75.2288353666
75.4292669735
77.9623945332
72.0080717937
76.9943753118
74.0009349556
77.4584240907
83.4667044353
82.7244470642
80.7351223976
75.1998061196
70.1774146892
66.8946855860
66.5092398971
68.3981852530
68.6297366577
69.2072206597
74.0934324464
72.9927070856
72.8671250703
69.4024339613
66.8091662024
65.8724787076
64.9160750580
66.8331462069
67.1268292145
69.1631159084
71.0588330960
73.1862737588
73.6602142529
75.1203923245
73.6139733932
74.5749941462
75.8775929722
77.5287343842
79.1440822017
72.9820751781
72.6669408521
69.8153227095
71.9181219831
72.9967986564
75.2432657861
73.0010485852
69.1592408979
66.3439761544
65.9159831743
65.6652896004
65.1319820844
67.0470898900
68.9326377271
66.3860331033
66.9237681933
66.7790910602
68.4538457729
76.0167155407
77.4279679723
77.2566094554
79.6153810360
75.8558378278
79.3078298684
73.9328905323
72.7950094372
70.6034078990
72.7639586674
77.2109055828
76.1610320184
80.2924893578
77.4872716103
79.7638488049
82.2290073095
81.3929443744
78.7562850409
75.8942776695
74.1360965589
73.2629223499
73.5051871338
76.2135762164
71.3385849721
74.2464268808
75.9881223528
74.4607156134
79.2298821796
80.7626863484
78.8452197769
77.6274337491
72.5496951563
72.1885906575
79.1339103369
79.3194840220
78.4871984653
72.3349004707
75.0947660690
70.0011140894
73.8180310752
74.5791229307
73.9493733365
73.3264391446
77.3191784338
77.7721102408
87.1831983435
89.5259179662
89.4611463739
83.5691114921
83.9370346857
82.6724571670
86.3856205267
82.9161894329
80.3761870730
78.6636101956
77.2489883339
81.2940386351
82.1651364402
81.6539207241
82.0743491035
81.5218453608
80.3625496261
78.6710447832
76.3192060495
80.6121452504
79.3183291071
78.0270467528
78.5766785393
78.5363023804
79.9518876878
80.1674216225
77.4974788562
78.8981369014
80.1291276938
80.2771768843
80.1498608755
78.7960955666
79.5501175190
79.7953741268
80.1386909273
77.8190616696
78.1144983198
78.6595850680
77.8097389613
78.8790524945
80.1380333486
85.1591175055
86.2159045849
87.7248943451
83.1506087797
81.7656442964
81.8914539503
86.3567550287
83.0341909372
81.8554574350
80.9576855168
79.7892490354
89.5297870429
90.1690837000
83.0903035190
77.6606048767
76.7686836123
74.5564979199
69.0214548229
71.5382076203
76.0764213878
75.3453010137
78.5790634490
78.2197345769
81.8398666972
78.6505900036
79.1084198225
74.3452418543
75.2612937535
74.5819987007
74.6479945724
78.8404832938
80.0256995393
83.0677448647
83.8378605122
80.4031878021
76.7557608442
78.1965224330
77.2611648559
74.6396614119
79.9595836124
80.8039962080
83.4531238520
86.4316766688
81.6579525948
81.3108496812
84.3239009862
86.0630659928
84.0700256126
80.5045812057
81.0019425834
79.4680302044
80.6062037619
83.5288287953
87.2386867086
85.7917711769
83.1378088659
82.1902968204
86.5289820344
87.6046680509
90.8109795501
87.1957635403
87.8758307688
83.3019212625
77.1136069789
74.8277236262
74.6106152010
70.4348295004
70.2448140835
73.4510917438
75.0740440066
75.6776665066
78.2594901480
74.7090045987
76.4205372024
77.0163849273
76.2823150111
75.3219907615
75.5425895233
78.8474615237
77.6643650072
78.6264130448
76.5552848388
74.7890969842
68.2736963961
66.5525000576
63.2284932783
71.3840854744
70.7973810877
72.1020206777
71.6725956813
70.8628272344
69.3408345301
70.2964732623
70.9755170415
69.3078327928
71.1867914805
71.7693741659
74.9395626529
70.7156015282
69.4287864386
70.5349253769
69.5116621170
70.5424266037
72.9799860208
72.6329257253
77.3908558300
76.3800823717
80.7173463663
90.2792129897
85.5540476656
84.4346334125
81.8594675532
81.3023703696
77.2152962477
77.6542701146
75.0350586970
77.4615343152
77.1161293638
75.9479580837
74.9887310535
73.9860288030
75.8849291499
76.2630347533
77.2874758919
75.8325282230
75.5158022866
75.7182773349
74.9807763589
73.0846010337
69.1714473942
68.7310226253
72.4697576370
76.2652313450
76.0518322191
76.4234176418
73.9214817101
75.0566506576
73.4663469891
68.0352053510
68.1880447443
67.9513012194
69.0154661943
68.8029471788
65.9366924436
64.1855867301
63.2755762193
65.2758699430
64.9567680238
66.5986730891
67.0446978800
67.2351227524
69.9366784392
69.1027786664
71.3873313995
77.2256052182
77.8224692967
79.3515819424
74.8534670679
71.3944207809
72.1185240199
70.7639589995
76.8382995779
76.6750274367
84.3031303566
85.6173748514
78.0783706285
77.4101172770
79.5101214352
77.5619689488
80.8657259667
78.9906999312
77.1977907764
71.4393091141
72.7916702085
74.8205434438
75.8152887583
76.9341328247
75.7559097059
73.9864845693
74.3169760378
73.5804408251
66.3197307102
68.9608194302
70.4781864411
74.3336292790
76.3002629687
71.9528643067
71.2809948404
73.4923771406
72.0018385921
70.3726311070
66.2766653123
66.3482108653
68.6134473713
66.3918384525
64.5505650429
64.7928060780
63.9541222080
65.2776977922
66.0142532249
66.2543472493
67.0337158427
68.5806936298
69.0342477594
68.5749808949
67.8787815142
67.1777371885
68.0393478945
66.5162136993
67.6707192243
67.4131539693
68.1965862076
66.9864436816
66.6051994172
65.4336487561
65.1505082845
65.4617372961
66.7922557071
65.2846374442
65.9328259307
64.4267456365
63.2623852530
62.9556306756
63.8550201884
62.1897440314
62.8820817063
64.0679821389
62.5516517239
63.2410590760
63.6329345213
64.1906680102
63.7271904958
63.8767192612
64.2164472755
63.3176146163
64.7057565463
66.4167978811
66.4368118635
65.3523594457
64.5506457276
65.5867463922
65.3752091369
64.8834789734
65.5001080557
66.1020568313
65.7672433064
63.8196900840
63.7097778315
67.0948949975
66.7762946771
65.9301041314
64.4020586567
64.7698271063
65.2122758822
62.7666253766
63.1772235488
63.6120327300
63.8887976988
63.3021480622
63.6314944896
64.4794124808
66.6913124057
65.2602042542
64.6904887380
62.0152949243
62.9722098749
63.9230827378
63.9331310502
64.7947936410
63.7301160877
61.3912319987
59.3530698685
59.3978157168
62.3907072265
65.3632852184
64.7839117722
62.7733158728
58.9878293329
60.0895436858
60.7544642707
60.3968836531
60.7113426539
62.6460803152
63.4149109858
63.9912077944
62.9854097185
63.9307689965
63.1426826462
63.7541276329
63.7804350875
62.8292246306
62.2716310553
62.2809352011
64.9779127017
63.8468248388
63.1673733289
62.6539474107
61.2195308679
59.7799457921
59.4997924098
60.1451669132
61.8355168599
64.9293306626
64.2905667531
63.7028114039
61.1902481974
61.7227499785
63.1426666995
63.2561762038
63.0474091721
62.5609969355
61.3995095159
59.5860581319
58.1552413231
60.5672402731
62.3017626829
65.2917272665
62.5825405709
62.6285006978
61.7527825310
66.1916391602
66.8086817524
64.2579730695
63.6897762982
62.2634004548
63.9405091166
63.3413658124
61.3726557711
63.0029110882
61.9961349006
61.7324964325
61.2653354983
60.6393985245
62.7747607325
65.1206963713
66.3836181111
66.7701150358
66.1227485893
64.6041043155
63.5187840888
65.2233733644
66.1062883345
64.8803781052
63.0839961778
59.9537116896
59.6791523582
63.0692265567
64.9839128358
63.8003810374
61.2609856220
60.4795782642
61.9381807661
65.1980747104
63.9674456355
62.3096133179
59.8964425348
60.9145694877
61.7120505891
63.0620450151
65.6281375646
67.1703770638
66.2081935344
64.0122819567
64.6471025577
65.5141695018
65.1284392153
66.0970016296
64.3965602432
64.3379502610
62.8289058312
64.1843072238
63.6003340507
64.9519026498
63.6058708358
63.7374581361
64.2602284148
63.4532027993
65.3481096554
62.5016846299
64.2190218267
61.5874100472
61.8829244779
63.1120403593
62.4067968035
61.6748078982
63.5066920531
69.0390413634
67.5205602373
65.1705346433
58.2473940248
58.4236628650
60.7885829562
63.8805281980
66.4505595677
67.4192854337
66.2143168717
66.2149509637
62.9186680824
64.0234715497
64.0432319121
63.4594271498
66.4776550007
65.9166253451
66.1600933798
65.6085285498
66.0126245926
65.9257375567
66.0301856843
64.1234271850
63.6693417859
67.8817985585
65.1604149437
64.2396009665
61.0425886376
61.8955677887
61.9080928147
65.5814309719
69.5507183731
69.5839518177
68.5858478296
62.9400285481
64.0408930053
64.5305388227
65.2511394290
65.1224986574
62.2801129130
62.9558187272
62.6820517096
66.8019023933
67.6960029742
65.0376479872
61.4301468359
58.9989861361
61.5589275174
64.3277051524
68.7598971768
66.9539986870
64.5036948284
61.1022154105
62.8705531834
63.4616085824
64.4373147703
64.6100629333
64.7504317801
62.2571349171
62.8446697694
62.6112378414
64.1231373429
66.3367004269
65.1890329717
64.9023776461
63.1400121119
61.9872098921
63.2216979051
63.5305816285
63.4422382624
64.9197033222
69.8689103432
70.4163844142
71.4856343252
66.3986633306
61.7212706143
60.7906578798
61.7569376366
63.7742085529
67.5909670413
65.2549588960
63.1813726348
61.6121862016
64.2421305099
66.4331704592
66.0521865096
65.4965774794
65.8012414152
68.9313730481
67.5349273826
65.3715825706
61.4674657919
61.8863222453
62.9436743878
64.4759554562
66.9288106601
65.9157472175
63.8851940685
62.7496978664
63.4315282786
65.2776716037
64.6149873972
65.9746269279
68.5287515942
66.6365183251
64.1228817440
60.0132029331
59.9412952845
61.4014425871
63.8665337029
64.8585642884
67.9443620864
66.3851314713
64.7752608050
61.7211637842
61.2581477479
62.3173479961
62.9476618678
64.4713392389
65.2215914450
64.5532622848
64.5564083960
64.7048960352
64.8393064033
66.3120677180
64.8793275891
64.2190163495
61.5532590144
62.3390161060
63.6312834818
63.5337802098
64.4661985773
63.3076708569
63.7461313859
66.1409303652
64.2262786192
65.4291974376
62.1188179122
63.9219032414
64.5943164848
65.1017802722
67.9853213358
67.9454949670
65.1162718515
61.9248824895
58.4310951888
60.8585813561
61.7630324525
63.5524753478
65.2150169967
66.1439473621
64.3892523382
64.3093296587
62.9393610335
62.2232915613
62.7428409886
64.1450193042
64.7074540673
65.7094397669
67.3968403168
66.5813047571
64.9978164302
62.0647271081
62.8914913034
62.1325630954
63.2096346658
64.9060863360
67.7874359213
72.5951519661
74.2289766097
75.4286577871
68.1738213085
61.8486983680
60.0471289718
62.0271082827
62.2696934723
61.5577643830
61.6726869869
62.9394902285
64.0776680512
65.4514559791
68.1928493491
66.7690533134
64.1778903600
62.2392604005
63.7313078337
64.2859623093
63.9282002902
63.2642470994
63.5552405018
64.3154110637
66.2343499749
68.4612593167
67.3724747505
65.0694126522
66.5796726719
65.2166594760
66.7276511812
64.6634511320
65.4032674952
65.6766978231
65.3396797206
65.4404259236
67.5871402986
66.2989038173
65.7193540294
61.1378906311
61.7001718069
62.3474517394
63.5344064017
63.9391470619
63.5931252802
63.3947837572
63.2330801412
65.8986732247
66.0892114414
62.7220791866
60.9772051332
60.6406744144
63.7582675830
66.0482692908
64.2043786974
63.9327480392
63.7665857301
64.5927247772
66.8367177877
64.5693529751
63.1142625700
61.7536398751
62.3013732612
64.4506278275
66.0109896002
66.9133044803
66.4760669587
64.8112700153
64.2523069352
65.0058304893
64.2031785382
65.1772680959
66.5994489599
66.5075583737
66.5904429561
69.0486998498
67.9362095953
64.9910480749
62.0896863297
61.7430810259
64.4664184058
66.1652368682
68.8927392988
68.0478989928
66.3567329834
63.2129360595
63.2365168238
63.9181624797
64.7549176933
62.2846249288
64.4438944871
67.1605006100
65.3814075460
64.8451124570
63.4630402359
62.8628039603
63.0046267247
62.1292729598
63.5229177989
64.4555907101
66.8915035982
68.9085422464
66.8330523409
65.9571178012
61.7508144626
62.7949858007
63.7158527406
63.7147190112
63.6750112120
63.4688029548
67.4299871774
68.1672582828
66.4691830222
64.2609208837
61.8913465261
64.1733037334
65.1065204818
64.5358659493
64.2725934131
64.8235047903
66.7063731224
71.9622560085
69.7197990925
67.8992934613
64.5420818865
62.8889763480
64.7395081585
64.4337505353
63.5704556022
64.1173878772
65.4311467014
64.6676413536
65.2801576432
68.5345105150
67.6661418554
66.7468469738
63.5599269452
63.5389200126
65.5505539725
66.0193956647
65.6323845557
65.1127028562
64.1973627983
63.6175480988
64.3979281142
68.3772912294
66.7919670680
66.6940366060
63.8566374915
64.4024486891
65.6073563775
65.3259293179
66.0872804543
65.2524346950
65.6012220650
65.3328712454
68.0259482116
65.1036898130
64.1517262881
61.5884890990
63.6735449289
66.6597760726
66.0765435054
64.0721396365
62.9349913508
62.7162485005
64.0353237105
67.9113298833
68.4554249126
65.4790389424
61.6662776084
60.9939881884
63.4873871222
64.8210204778
65.6269930625
65.4318815757
66.5173118155
67.3161757663
70.3156685707
67.6062532216
64.9556770368
61.0578018740
63.1033146166
64.0410284923
65.9296958381
65.5973985457
66.4538722804
65.3100062323
67.8174250840
67.2774080879
66.3507987344
63.1266160058
62.7070361843
65.2710775233
66.6307307630
66.6555158378
66.4977990306
66.3046925002
65.7489732204
66.3489286276
68.9745754192
70.7136188584
68.6796378880
67.5260360477
63.1047209155
65.1286124877
65.4325065724
65.2657271618
64.7265748362
65.8612143877
67.6362780383
67.6646710490
66.2362390168
66.1173295261
65.8244556830
69.2325777023
67.5750068170
65.8949761110
64.4193673227
64.3186128877
64.6253517348
64.9518010027
65.1728302367
65.5212188206
66.0766228337
66.6231870854
66.0565616995
66.3620130302
65.9859377116
68.1536497235
69.4506638365
69.7833088369
66.9938243072
65.2606841950
64.4333509616
64.9546883979
64.5671485646
65.9270108962
66.1215621696
65.3660731566
66.1791406018
66.1723608203
67.1514700726
66.7178192273
69.7398328841
68.0855809097
67.1531612775
65.3369880965
65.4218504874
66.6538930760
65.6528239402
67.2942926377
68.4433687398
68.8698467109
68.9499347477
67.7421890455
66.6692365980
66.6888940442
65.5734467983
66.8947113557
68.3890511984
68.0675846077
65.2765434780
64.2813658712
64.6957457818
66.4861459021
67.9027742299
67.7553212646
68.2787307453
68.5572365191
70.5870624059
69.1458058017
68.0958842112
69.2081019093
70.5826176824
70.4383542611
68.9284200001
71.4074027942
71.2956703637
66.7108630390
63.2076143702
62.3864109030
64.4243259780
64.8484927678
66.5069177678
66.6291204556
66.0926549674
64.4622043675
65.4266940994
67.0909746395
67.1777682767
69.2128945204
70.7011188264
68.5266492845
67.0562010911
62.4824953126
66.0222946776
66.7555502905
67.2807010227
67.0951440344
66.0915654339
65.6281402362
65.4704739871
65.2950288145
69.5529312243
66.5781431877
65.0701763300
60.8390326907
61.4844087286
64.0541446490
64.2951546688
64.8679985967
65.3345923397
65.8513514856
66.7184052501
68.7501204559
69.7418119153
66.7297939020
64.5527854016
61.8656807705
64.6779474313
66.2114254747
65.1741299452
66.3872409776
65.6847097394
66.7867412399
68.3697593801
68.2658139008
67.8817798601
67.0841939114
65.7949382442
64.9204621781
65.5614872374
65.9214993667
66.5965978123
66.7536047161
67.3701418868
66.9832487383
67.2326273171
67.8436124480
67.3596650829
69.6293991083
68.1872396620
65.6604629860
63.2346376818
63.8016290129
65.3585713715
64.9621359441
65.5264874827
65.9543142644
66.7248840041
66.9052411058
66.7875224558
67.2097464492
65.7615526268
65.7291991787
64.1421833647
65.0767704124
66.6287526497
68.8619522645
67.5117388995
66.2453648290
66.3723083203
65.7566504720
67.1808394256
66.7330859535
67.0635542346
68.2330404392
66.5262147983
64.8989239994
62.6075789661
64.2101642726
65.2629026788
65.7345495156
65.9645130660
65.8065879462
65.8958534551
67.0205578381
66.6747306014
67.2171304002
69.9512645753
72.2236670250
68.7099047975
66.8209853124
64.5850670228
67.7066746512
67.6681126691
67.2890540757
66.0991116261
65.0437862962
65.7330016187
66.5497283572
67.0154663726
65.3672084265
64.7977545243
64.8841177417
65.5232179305
67.6507880868
65.9574265660
64.2387294648
62.2785292494
65.7658458017
66.7539496904
66.9533165412
65.1595386394
65.2589186825
65.5154755762
64.9503126416
66.2068059958
66.5720235243
66.6209339259
68.2250427786
66.0747560260
65.3276183982
62.0232492584
63.9666510716
64.8997789030
66.5895640929
66.4664896297
66.8133491414
67.2913763887
66.2287666321
65.9595227178
64.3530077109
66.5854647336
68.1623581473
64.7830866365
62.0237110814
60.9752890464
64.8186297613
66.5036245255
65.5664765568
65.9809822210
66.1076451419
66.2813277995
66.0286257562
66.9222344782
64.9839358839
65.7051302307
65.3824954013
66.2367358789
66.5770853075
66.6463810421
66.8581590955
69.7320241987
66.5065225162
64.1627140384
61.4857620366
64.1525865036
65.9181644613
65.4054956140
66.1293334036
65.7596710902
67.6075849718
67.8110532667
67.1485150498
65.8545328482
68.5641811290
74.0636221141
75.7549368432
79.0224017540
79.5838720886
79.6077888025
76.1511847385
77.6477962428
74.4618596618
74.1941912064
70.6137206244
72.8651820464
73.6890328088
72.9618022734
71.3575064520
69.8588695204
70.1347821448
71.0548894391
73.0657587286
74.0102810813
73.5006221348
70.3724971047
68.0042959890
69.1899721180
69.5259833673
70.8552856649
71.6690958816
71.1257990342
71.0418627756
69.2606654690
69.6375361464
69.3913107757
70.5690775131
70.8724167270
70.4196347344
69.8125216860
72.8853951128
71.0805052759
70.8165363721
67.5397775050
68.1921836153
69.6062359346
70.0793266898
70.9009671726
70.9984552984
69.0736841574
68.9107306266
68.9869255925
68.9469195515
72.4956844707
73.9230662666
73.3239442756
72.2964809813
67.9064019452
68.7021972143
69.8073687617
70.9179128293
68.6484222454
68.2720787538
69.8074028277
69.1946470005
70.4611358145
71.5536634026
73.6065050662
73.2831573041
72.9495031953
72.2118114620
73.5995465350
74.3057555560
71.3797489362
70.8398647555
69.3271492260
71.0051024469
70.8063449553
71.4712433390
71.1836851623
70.4452313851
71.9308845674
74.7298279096
73.4251251062
71.2508268675
68.5918576591
68.8788649793
70.1508291707
69.9700187411
69.9019693809
68.7697819900
69.7749293150
74.3620971411
74.2970606655
74.5381350684
71.7568591101
69.6104658602
69.0990498990
70.0706694336
70.6158494025
70.9699489845
71.6391179293
71.5191361589
70.1828519851
68.8863234365
68.8349259388
68.9968919198
70.6833298785
70.7652305570
69.3524304149
72.0743451594
72.2177601230
72.1244588540
72.6738087425
71.4588609212
71.7556310723
70.6481292788
71.6272382564
72.2817825889
72.2399520263
70.8145045098
70.1111442492
71.0984816122
71.1519554451
71.0778838507
70.8556045802
70.9369483437
71.8571408581
71.5105886529
71.7765329226
73.8908169018
72.7316988824
70.7550541586
68.7622769658
69.4641424442
72.0646997806
74.6995002250
73.3492392728
72.5131324340
71.3129425933
71.8019661151
71.1138664994
72.2046035771
71.6507087460
72.1115490714
72.7717786394
72.4044780572
70.4099175403
70.3616705182
68.8915442342
70.7290736030
71.7489141400
74.0129242356
75.1855648763
73.7950321167
69.6227019054
69.6018035229
69.3428360283
71.8237789966
71.9883796971
72.2650727906
73.4656000667
72.8975109490
72.2944143429
70.8723097690
68.5587209492
69.5332319384
70.0517585139
70.4154765496
71.0325331560
71.6980165681
73.5156415636
72.2446172295
69.4325656773
68.7818269231
68.8916565561
70.1037340890
71.1338474782
71.4340238873
70.6470792612
70.1408317039
70.9413766254
72.7342585049
71.8511813825
69.9586665588
69.4221272084
71.8330394336
71.4423075376
71.4671693319
71.6510336519
70.9923603045
72.7864741624
74.6496621364
74.0617446036
72.0363122851
69.7114725753
70.0151669904
70.2502977989
69.8194869547
68.6058891395
69.8213132746
70.8572704311
71.9462414295
72.6611569334
72.3144896378
72.3112913921
74.3368424010
74.3259979029
73.6681531993
70.8452349614
70.4435168829
69.5770231612
70.3813382227
71.2279818996
70.0180087863
70.2647373141
70.3940453969
72.5630591988
73.5462343605
72.3819166986
72.4217453010
74.7273853415
75.1928404770
74.0587235327
70.9569940111
70.2474989678
73.9531635175
75.2403757774
75.7732534968
76.0800586396
75.9384806892
76.6508836792
75.3143462354
75.6343500099
74.6343658421
74.7649253262
75.6347294518
75.7600103639
75.0744924621
73.5350244432
72.3331824288
70.7868884532
72.5090063108
71.6261549438
72.1171322768
73.1839305578
74.6248243482
75.3149203028
75.8969189827
75.7442863480
75.8310395107
73.9567710089
74.3676874994
73.8938299377
75.4660336692
74.0059619593
73.3540247552
73.2962814587
75.1578545278
72.8625497883
71.6323305225
72.4692753453
72.4696478191
73.7532964536
74.8133614657
74.7060731982
75.0295748812
73.2843832544
71.4503542718
70.6155439355
70.4166679338
70.8139390199
70.5696070886
72.6490482378
72.9035956899
73.8938600031
74.5612167988
74.7986397103
73.7941204637
74.7061807329
76.1186081000
77.0638498722
76.6649249076
75.7230373779
76.4823340050
80.1175139779
80.7735639255
77.5581186038
79.9329613469
80.5005974948
75.8587635291
76.1115548141
68.7654906350
67.9883014426
69.0046429110
69.7822710640
68.0726166341
66.7034536366
65.8087484528
66.1657811116
67.6760629660
70.0018992951
67.0230771182
64.9712830913
61.8749923387
64.5635586406
66.4464032955
67.0633305648
69.7168389557
71.1511233215
68.3739753776
66.0787575021
62.9507736650
64.0514992041
66.2097182051
66.2428871717
66.9321347283
67.7408855793
67.3395339534
66.5602334494
66.1204583134
68.0212459219
70.7448654558
71.6372148602
68.4696091579
66.2055326474
64.7393252826
66.4124314733
67.8639216186
66.6118584265
67.5633764374
68.7221228149
70.4387587669
72.8610522482
72.0928103068
73.3023366026
73.9717558505
71.2911854436
73.0891241082
72.4487201939
71.6276043906
68.1074287210
65.0363282909
61.7878812459
62.6646084056
63.8822480266
64.6145168133
66.2319658211
68.3083720410
69.1368686409
67.4702740930
66.2444486447
65.6537870208
65.5399580371
67.8271682039
68.1475649633
71.0186255978
68.4552994400
63.6517891575
60.7851293400
63.1533998044
64.5354393167
64.3205067177
63.1126523378
63.0837966116
63.8276304756
66.2481461340
67.0119014102
65.4071112760
65.6100952281
65.2743008579
67.7048187439
67.7084321149
66.7177008520
67.0769261875
66.1874183302
67.3389592229
66.6224340366
64.9971268726
65.9361762667
64.9718397535
64.9652636621
64.1734625052
64.9949383737
65.7827710297
66.7435570933
67.5089205746
70.1123762149
68.8314661104
66.4192894695
62.5040958227
62.8372080104
64.4514392874
64.2677459643
64.2823241914
63.8967964071
66.0459398358
65.6591963796
65.0144595213
65.5912772726
67.2408661195
66.7864555967
66.1628866147
66.2704102617
67.3139788043
66.8777262510
66.1361628546
65.5673831137
67.0083946549
69.4799464927
72.1997071038
70.2771951412
67.1885144553
66.3075748121
67.1414625654
68.1000055868
67.4401734344
67.8715168455
66.9862774870
66.0961648148
67.4021902773
67.2431517497
66.7061721336
71.5341045793
76.3935119654
77.7068507930
77.3612533793
77.3618449840
69.0047050191
69.8177963068
66.9482750492
63.0873177432
62.9205594913
64.9467542344
73.7460281138
75.5486112428
78.8517116106
78.7918918342
77.8879417058
76.9438905785
71.3186230985
69.2745899018
66.6272968133
61.8672986505
61.4743969849
62.0144581804
62.6090758005
61.9920571588
61.2116567889
63.0743613792
63.9980405489
63.8372015861
64.6606145424
63.2232152506
63.9482917415
64.1989535073
64.1765472802
65.5100596983
65.2317826590
65.4834832837
65.1520951419
64.5243006295
64.7869451015
64.4615091008
63.9282819989
63.3931089538
64.0743762452
63.4323950131
64.6939415038
63.9031303832
64.3570776138
63.8625484565
65.4562493257
65.5380017555
64.0315691923
63.5884060566
64.4394376222
64.3217012043
64.3051336031
63.1681669286
63.1947813400
64.1463406515
64.3412641922
65.4294668488
64.6661706802
65.6944450084
63.8852786821
63.1453868885
63.6480485434
63.8393126575
63.9188422668
64.4890639574
65.6774253813
66.4781112978
64.0942872681
62.3875382573
63.2303603467
66.2766853016
64.4944773449
64.7411203744
64.2718886847
65.3913870521
63.0694040752
64.0841542421
64.4957248616
63.2868772856
63.0744306324
62.0909174906
63.3477582213
63.8252166660
63.5454308259
64.3362322574
62.7965626784
61.6520284741
62.7660227128
63.7470070600
63.8063909347
62.9742200911
62.7765023818
63.5673196970
63.2237066277
62.7484357085
62.2976353110
60.5167448344
60.3452522301
60.5713482726
60.8034147205
61.6982643534
61.8941374772
64.5985688477
65.0096321676
62.7332422825
62.6837661545
61.6281958827
61.9818865858
59.6092786399
59.9681377034
61.7718442619
60.2929604315
62.4997076996
63.9224119201
63.7815366976
63.4567788445
63.6135643654
64.5855862723
63.7583696530
64.0673927857
62.9749167133
62.1192862784
62.5787666594
61.3999389088
60.7815784304
60.9704919072
60.3483884189
61.1839196064
60.9637032921
61.9942414966
61.7452579760
61.9056527961
62.4982286361
63.1538986305
62.6563323247
62.6766229135
62.8101259440
63.1676674780
64.0158389500
63.0010010145
62.4486693883
63.9436506953
64.4836865835
63.4269840967
63.2380638082
63.3893945685
63.9050224951
63.9479598520
66.4732543792
67.0089542971
66.0994523498
63.2074617896
61.5614689809
59.7592536573
60.3757034080
60.5100005037
61.1842577350
62.0641055827
62.0580523123
63.2531156441
62.8577535142
63.5082289998
63.6392389599
63.2885250104
62.8255885781
63.0402017561
64.1616511001
63.7446330401
63.3928575328
63.4822571813
62.4674060613
62.2255959960
60.9576457082
60.8849160381
61.4731420079
61.4053364973
61.3647021515
62.4512308516
63.9596936986
64.2686577448
63.4708433454
62.5644395009
61.1378927789
61.9982312828
63.6224398914
65.1440019727
65.1488438920
64.7784399290
64.8665163879
64.9056372471
64.9638844580
62.9450657742
62.9881470141
61.3742971423
61.5591132897
61.5607708498
62.4819591177
63.1699942322
64.0246379799
65.6616397882
66.2541045457
64.8426377981
66.1168168647
65.5982078899
64.7384356094
65.6878757417
63.3115814995
63.2532159019
61.7448516264
62.6017172298
62.9911627034
64.1934132080
64.6856123431
65.3190946144
65.7291461008
64.9080573225
63.6597721461
65.4269078805
64.8090865603
63.3188373537
64.3704918058
64.9163472902
66.4543094600
65.6824678573
65.9993823355
65.7238466621
63.6998358049
62.7017926466
62.0617484138
62.9242150962
63.4265046508
62.8019010677
63.1559477876
64.9064744562
64.5688373878
64.1511878101
64.4290313347
65.0030092638
64.9584404581
65.5436744849
66.4255542809
67.9759110795
68.4863420807
68.2062656600
65.9600689652
62.7369574907
61.6995419527
62.1573940020
64.1995838681
63.5095976804
64.2729729016
65.3213739377
66.6332333759
64.9598742859
66.2834734823
67.2382241989
67.3975487863
66.7217412097
67.7436515585
67.3151618000
66.0555789594
64.5273377481
63.7862317511
63.5015351922
63.0208337165
61.9077058896
63.0785207331
62.5212093242
64.5192481582
64.3080662993
66.7176025093
67.8818852106
65.6290091612
63.3021312700
63.4092508890
66.1889126107
66.6332663494
66.4277302917
66.9947474127
68.3903109534
67.9843844969
66.6380935593
66.1126018605
66.2819223205
66.6871676007
67.7358464911
67.0030853837
66.5209892340
66.5817672131
67.7062525630
67.5370243604
65.6508820749
65.2033746124
66.8759214550
67.1358597377
66.6235721388
66.6330564101
66.0209838297
66.0523806479
65.7152342370
66.6157885347
65.4619854418
66.1917098613
67.5429486579
71.5543928468
71.1287833324
68.3045287784
67.5092615519
65.4139934421
64.5469947987
63.8415081999
64.1915888565
63.2357199854
63.4003192952
63.8765930110
63.5246701056
63.4965470163
62.7157351092
64.1062967324
64.6931200305
67.1257081791
68.1016035370
69.3269851271
68.9695556610
69.4283504920
68.7608550863
67.0578640685
67.3892304722
67.8116224113
66.6032347422
64.0325780671
64.5504126423
67.4553038970
69.7645827312
69.9532083875
67.7946499000
65.5962336769
65.9386901058
65.8251387751
67.9826732863
69.1483492752
69.5858683885
69.5360435390
69.1086015179
68.9499627236
64.0890794998
63.3458091824
61.7361792849
62.7658884516
63.5204264427
63.4329133890
64.4394585818
64.9320201901
66.1132102314
66.7867164723
67.8537250329
68.9374873946
67.9619209130
69.6298353237
67.5765172879
68.5819766708
68.7357140582
68.3577156689
65.4187746085
66.1926667821
66.4727736203
69.4446524312
69.5792986508
68.1479122873
67.1398870803
67.3615839750
66.7190668566
67.3892767528
68.2521961427
68.8108885779
68.8153726462
67.9383557748
67.3319462645
67.6962129992
68.3217709192
69.5223464901
70.3299625355
70.4970365793
69.2767990619
69.6048379994
69.3086267642
69.8847997967
69.9239552949
70.9489416676
69.9948745551
70.4292771421
69.5199710041
69.1610842693
70.0003060321
68.4096264289
68.0599664736
67.8223114102
68.1133662194
69.1165855238
69.4147075242
69.5380831702
68.6151098529
69.0415930824
69.1593925433
69.0495904056
69.0738978123
68.4972004296
67.3623800406
67.3328919613
67.7930693009
67.7063407743
68.5419544266
67.0763818501
68.1291950445
67.7455755806
69.3827569398
69.9797519541
70.1808422862
69.1995883373
68.8062031794
67.8779089656
71.7542529623
71.3793083447
66.5856302025
62.9446296993
63.2183433534
66.0322602435
66.8440144411
67.2002524326
68.3562265451
67.1425534598
66.8776814509
68.3268194660
69.4801566753
67.7556664610
66.6146776880
66.9991138451
68.8485557747
67.3548344499
66.1406469488
65.7848328011
67.1149024360
68.0229144031
69.2979561898
69.2041915306
68.9186350329
68.3775867514
67.0288297374
68.1270958854
68.7571648264
68.5921212837
68.5297769900
69.5231215615
67.0465455022
67.0374753715
65.4967361898
67.6768694336
68.7198944355
68.4747617111
67.7754775917
68.0107495493
67.5839574598
67.8845139028
67.2515373922
66.8106574460
66.8971304814
67.1845583636
67.1478346413
68.8476426253
69.0207026431
68.9641172445
68.1307894859
68.8418900845
69.2492620049
68.8382554698
68.6443461768
67.9698622415
68.2354007709
68.9504225686
68.2610993733
68.2826401202
68.0255254435
69.5630641124
69.5405797347
69.0105549487
67.9087777212
68.2869745277
67.5363115555
68.6254549109
68.5649339734
70.2593960352
70.6712920994
68.7925968223
69.2940741860
67.8378221314
64.9091368299
64.7365149172
65.5782767079
67.9671732780
68.4990226225
68.3768848655
68.6554543148
69.0276106064
68.4118086713
69.2937334409
68.9475846561
68.5637177924
68.6001659391
68.9453861948
69.3116506071
69.0635855913
67.8483859917
67.7459953814
67.3140433052
67.6727627089
66.8902095632
67.5078286722
68.0630797583
67.7494281147
68.7488044491
69.2533499197
70.3657251264
70.9565776864
70.3375826781
70.2238150019
69.9702010992
69.6726321390
68.6903983578
68.2599283564
67.3312782107
67.4546625467
68.3336519141
68.5826908990
67.8792257658
68.4953093121
67.2952214888
68.1727908539
67.9612711481
66.5702804797
68.2129685554
67.9618670254
68.3025780205
68.4422860436
70.2540994126
71.3534516053
68.8618671907
66.2063513006
66.4780900369
64.8740882934
63.3156561683
62.2426180473
63.8034308504
66.3805737224
65.3192822282
64.0968368538
63.5532397389
65.3159265891
66.1809367463
65.8132183587
67.3759868860
67.3872841629
66.3990020934
67.0544964557
68.7496825177
69.5295557947
68.5354582129
68.1346968617
68.1641527022
66.7966713711
67.1892642833
69.1761165842
68.1123398069
67.8700925872
66.3267242028
66.9228593863
66.3933177283
68.0267813533
68.0448769500
68.6543065811
66.1711695516
67.0205151225
68.2056208526
69.5604822338
69.8509082914
70.1130604847
71.0224043316
69.6037379443
68.2608271411
67.1239207744
65.2739947456
66.0388026856
65.5963376542
66.7751755585
66.8199314492
67.0161697066
66.9088881971
68.5433417215
68.7427597478
68.5071407294
67.5757561455
67.5637733487
67.5111340344
66.3897392167
65.8204587303
65.6775214877
66.0071416167
66.4493406191
67.8828292614
67.7042413231
67.2019585385
67.0915526730
67.2257119382
66.9692972760
68.0933402807
69.1319666054
67.6420438504
66.6919924419
66.0133670803
65.9212698045
66.5953487881
66.8587944764
68.4789757269
68.2091657317
68.9580714588
67.6279522339
68.7879561159
69.0458443064
69.0019926376
67.0124509104
64.5100564807
65.2844817842
65.5688661135
66.2954390443
65.9064125820
67.5647089880
67.9785563817
68.8193743471
67.9560761984
67.9510478405
67.4514939645
66.8954393360
68.3340545399
67.2763798420
67.0262626321
64.5365161947
65.2194816076
66.0717500616
64.6022644412
64.1219991383
65.7554177208
68.3618825998
68.7389302363
70.4665955556
71.5988950800
64.3745774983
63.3315326192
62.7480829267
62.8385210670
62.1567671796
62.9263003745
65.4350805099
64.8291515085
64.3841628667
64.9483253858
68.7659756072
69.7544736018
69.4432451653
67.3962938109
66.6129857762
66.2233711403
67.2813472540
68.0802836566
70.0748427439
71.9354420542
75.3624619710
73.4372552479
74.4832364516
76.0830580613
78.4649692193
79.5162261549
82.2379107653
80.1298711968
77.1600159787
71.1299655969
71.0843735658
68.7923899409
67.7138398659
63.6754212209
62.8423296359
64.2241385981
64.8621719599
67.2531173549
63.4840406806
63.3998321682
58.6222245209
60.7835269852
61.7272901027
62.0932789442
62.0463236537
61.6759343399
61.9353452311
63.0762037543
65.4346065653
69.8586168438
71.1990727723
67.7252754015
62.5668520865
63.5196112301
67.4743626614
67.1362994607
64.2118006729
63.7452759296
66.8549923573
70.5943536013
74.9271247062
76.3949921313
75.3959659294
72.8468438485
69.7492531562
71.5062478404
69.6387238001
70.1699628043
66.7903238150
60.3038907141
62.3407804750
61.6186126223
60.3946982493
57.6918167275
58.7811321528
60.4652441218
60.1792672493
61.9932372307
62.4828922609
63.3291099724
63.3337062648
64.1214341231
66.1669211691
68.1176434305
66.3365984588
63.6682943898
62.3569016172
62.6465196840
66.3435420127
62.7406237223
63.3435739457
58.7414367675
59.0211442766
62.1262458168
63.5004914508
64.9594637639
66.1761032288
65.7454559473
65.5097489072
66.3036899268
67.0749165308
66.2747401609
66.4341304695
66.9930372287
70.7832463728
70.1166451193
69.5921354642
69.3493240361
69.1987177471
68.8778973342
68.7752055769
67.8147802353
67.5404370051
67.5161812201
67.0351978724
65.2731854384
65.6242652939
66.9566082412
68.8425088373
69.8726437000
70.8033191847
69.0948982767
68.1869112172
67.6202061902
68.8280076475
69.5385435234
70.0047770480
69.8907018572
71.2613081585
70.1501574327
70.2533212744
71.2294762669
71.0315681915
68.5935890984
68.6645173423
69.2720450529
69.3350473521
69.8385953728
68.9072333585
67.2967430405
67.8920323777
65.4939650350
65.2015255380
64.5027289627
68.1440568877
69.6837624518
69.3176928736
67.9436768352
68.6201685251
69.8002985345
69.3645483756
69.0229696835
67.7677918866
68.9372492885
68.7392588859
69.8587634904
70.8274364208
72.0883622790
72.7934612612
71.5778869069
70.5235879264
69.7110333903
70.0393109040
70.6931212501
70.7108959917
70.1086439045
68.8963779858
70.1393966581
68.0326402093
67.3392242342
66.7710231960
67.4038672579
67.6094618781
67.7145524616
69.0592045181
69.8260333207
69.1982633379
68.2046209373
69.3006327856
69.2607626231
70.4233923317
69.7271385258
69.9979556172
69.0720977455
68.9794468570
68.6539811529
68.6543198411
69.0770052155
70.5234881008
69.6133699240
68.4541379163
67.9703191115
69.1259061680
70.5519252634
70.0940123743
68.9651809673
69.4697471580
68.9532276981
70.0645770714
71.0233528264
70.5095845884
69.3389764554
69.6996023137
68.8672700903
68.5622463088
68.2422086759
68.9106703480
69.1517234880
69.4403129984
70.4316779529
69.0924725907
69.6012659648
69.9720358891
70.5032732149
70.4397217374
68.0307409925
69.1374583580
70.5746932615
72.0438180167
69.7265879045
69.0426091123
69.1868878019
68.5032939621
69.0486128332
68.5521804484
69.3278856181
68.6920422406
67.7430715584
68.2122826874
68.3608827332
69.9225498092
70.2156986838
70.4736891919
69.7013087444
68.3540541680
69.1775082382
69.6102934788
69.3146747723
69.4179889260
68.7837249024
69.7266566065
69.6253804946
68.6791535213
69.0463532965
70.7153990494
71.4993215053
70.7801456228
70.1245133628
70.0991282096
69.4782722030
69.4674701881
68.2042948151
67.1987551612
67.7081941796
67.4689966217
67.9922955117
68.0472612514
66.9489061989
69.5085696915
69.4672188117
68.4981191547
66.4717097890
65.0584862897
66.9896121217
68.4840846382
69.0953815978
69.3332167546
68.9705099359
67.8860269641
68.0849289230
69.1512083276
69.8696623452
69.9452225487
69.8888296278
69.4141439354
69.6110291692
69.4571524066
68.8160713775
68.6891022585
68.8078926397
69.6319727340
68.5504973709
69.6592741736
69.5686773279
69.6674195755
69.3976326808
69.3045991092
69.4931820156
70.2925865964
69.5061506484
69.8772525527
69.9145842950
70.6067467588
71.3527858697
70.3648882336
68.9399899452
68.9319834495
68.9532547069
68.7562964325
68.8388971831
68.0777170475
67.5038871098
68.0914385341
68.2018183992
69.0827601383
69.5806868133
70.1929091502
71.2503730055
72.2284688675
71.8594069949
69.8553318111
67.7869663203
67.5475774290
69.1455597134
68.0744834517
69.7183885945
69.5965338649
66.3815475075
63.6866002352
64.4090301856
63.0345139822
63.5652867586
64.7278946766
68.6582647917
68.7439513832
68.2418581982
66.9850374920
65.5174480310
65.7009184525
65.5105023634
67.6716221108
67.5943086673
65.4572959810
66.8926075525
68.6887464524
69.4401846891
69.1091507741
67.7895534403
69.3013831503
68.7827846349
69.0256237795
68.9180856179
69.9434479785
67.4026273095
66.6394374040
66.3734154642
68.1149112041
68.4614773080
68.8234310787
68.4612538398
69.0303287443
67.7303850638
67.8564977345
68.9357609393
68.3903549897
67.7903516833
66.4606582159
66.3746892536
66.7701925479
67.8390824763
69.7331663204
67.5864870865
67.7997164802
68.9108756257
69.1825091096
67.9150410372
66.7743129850
67.6203899875
68.1809348354
67.5397861667
66.8945613905
67.2157412485
67.2465018780
68.2550173023
68.5662892023
68.6892241704
67.8388149442
67.5863755230
69.5548609730
70.3400045517
70.6448210731
69.5752402246
69.3683421378
70.2578368349
70.3015953760
70.0000278071
70.0978081089
69.6031092458
70.0875947213
69.0242040548
69.9903323339
69.9981352873
69.9162174572
70.7974346408
70.3942830091
70.1282888091
69.1679377618
66.0818439811
64.2434900545
64.2433715215
66.8836275518
69.9885705171
70.7588118175
72.4434962212
71.3309970084
69.6420213309
68.7270908982
68.0563228683
67.4403685376
68.4277216354
68.5508625757
68.2721384896
67.2670583680
67.2541362368
66.6210041449
68.3930215338
69.9047122543
70.6112508760
70.9811907677
70.8377032376
70.7320639687
70.3873833541
69.4507130466
71.1656529312
71.5809718144
71.1406640825
69.9197798855
68.5458543600
69.2422756533
68.6181099701
68.4450500650
67.6488415128
69.6253084329
69.0313755198
69.8528815585
69.1413475911
68.8992575971
68.4034427683
68.2451452703
69.2819902611
69.4149509672
69.1582935515
68.3336635232
69.2550311630
69.1611567108
69.0025905099
68.2314185608
67.3746980863
66.3262988080
66.9426360890
68.0142662833
68.1454666958
68.9126940382
67.8688127136
68.0377884114
66.3677337001
68.2697963279
71.9114820555
75.6869983193
74.9937567706
77.6337436402
78.7919738693
76.8210495833
65.7896994204
66.1807208084
64.1912553054
66.2926485463
66.1150984284
75.0942668400
74.1864357358
77.8176949896
77.9102624892
74.6936901043
77.3362178875
76.1749978122
65.7484068726
60.4708896155
61.0527263703
61.0125203179
64.2223778924
60.3132267649
59.9761723014
58.1709958928
56.4003322837
60.5850448925
61.1861643864
62.2237125392
62.2970430387
64.3045290402
64.3133169304
63.9953554489
64.6228224199
66.8747914515
68.6315260246
69.6257723027
64.7561077519
62.9916094440
59.5741231567
62.5865566287
62.5847396122
61.7923426253
61.1109845581
61.4080551675
63.2087810951
64.1191710659
63.7306182480
63.7808040763
64.7333921213
64.7507933822
65.1722710380
65.5443272433
65.8904168316
64.8288331956
63.9455746742
64.2607225440
65.1209886306
65.7000970777
65.3968602989
64.1556492447
64.0217115994
62.0853320131
63.5530119487
64.8976359679
62.5914557610
64.0647625714
61.2068362172
62.6078326705
63.6636564001
64.4338220787
65.6005901589
64.9126857581
62.0011127340
64.2086218075
62.9002285804
62.3420178630
63.0262244104
62.6349345813
61.2852268527
62.1588021029
64.9026769235
64.0146155246
61.5084668748
60.1776802015
62.9426479100
62.1076376015
60.2406790611
61.1575525077
64.2888052773
64.8604711865
67.0782455948
65.1035960123
64.2172193084
62.3106844888
61.4934307052
60.7324205304
60.2104189406
61.7303001950
62.7624374392
63.2694132585
60.8002015387
59.3406791943
56.7650747318
57.7758319080
61.8787629664
63.9695211658
63.8565474954
62.1030262667
62.7904518526
62.4219923690
62.4707901191
62.6259537609
62.5102771897
63.5852890054
63.1749849210
63.5614473661
63.3532528865
62.2043005660
62.9695599856
63.4815466122
63.5595224535
65.2093567324
65.3515965673
66.6760966554
66.9789123555
67.6491745263
65.2294239699
65.4464736536
64.4398891689
65.2095926322
65.4650942018
65.2736422454
65.9342929591
72.1901691190
74.7340280420
73.8278599589
72.1026310915
70.9428469049
74.5843459385
75.7892949844
73.7778058744
73.0639258502
71.9331858756
67.5259258135
62.7362124357
62.7493003858
64.7108019407
67.2591548507
68.3372819969
66.3547371406
65.5554902147
64.5136692127
64.0262946977
70.2987092213
65.5227197495
66.6113108868
66.7906776031
68.5410366276
70.6970745965
71.7269723371
70.6233644961
68.5148032414
66.9988468637
66.0259197099
68.0945307617
70.6593565681
72.1977064036
72.6670888632
73.4930961157
72.7426026154
70.2214932628
68.3971156617
70.2455975974
74.8082587499
75.2600987655
73.5406866592
71.3182601967
70.6277144982
72.5261139578
70.6780177011
70.8538818771
70.2442073829
71.3592483747
68.0153432109
65.2779507986
71.7126953744
71.2954715072
70.9342858462
67.3671094318
70.3572381165
69.0815771157
68.8957017140
71.3802332289
69.4939160044
71.3618786454
73.7845197304
69.9300216336
70.9859967852
71.4290817293
70.9801364592
68.4590929957
69.0891352165
68.6425258643
68.4587043400
67.6436704331
71.4183702694
72.8176904723
73.7309827972
71.9007591983
70.3790071600
73.3326439849
70.7152376175
73.7475110760
75.6724976102
75.9925569813
77.6442260562
76.9747176141
77.8865285734
77.6238554784
73.6636984360
72.8072855218
71.2964749995
72.1037776281
74.6345723123
75.4215108652
76.0484241856
79.6567232798
76.0465447784
80.6930220270
76.6456399394
73.5325620665
68.8001939571
66.4927831751
69.1116431623
68.8570859086
65.1580455324
63.1201609012
62.7172361976
63.1844162202
62.6985096873
63.2064862700
63.2973121194
65.5022357981
66.7895356280
66.0730225053
67.2948547792
66.5915570850
68.1654247828
69.7015409426
74.1827850457
74.2689665302
71.1381035763
69.1250925143
65.3968207566
63.3732390672
64.0117107073
65.6704809071
65.1918487965
65.9495930848
64.6117757749
64.9328812456
65.6824566484
67.2687407237
70.5762058215
68.1428267607
63.7278268259
59.1395352899
63.1958001859
64.9815965640
65.0331095558
65.1657052955
63.5052445234
65.7927515100
66.8061533505
67.6240740225
67.6839756646
71.1013753359
66.4426738477
64.7085179982
60.5071387044
63.5604453891
63.1737137702
63.5881058134
64.8251812904
66.3359307981
69.5139723717
68.9163371975
67.9622838952
70.1344897550
69.3387201106
70.6842017748
70.1710850537
71.9007430153
71.5430804359
69.9979186570
69.4594318827
69.4138746922
69.9724738606
69.4728458782
69.2672582698
67.7134153312
70.5222100925
70.4708561541
72.9704253331
71.6820830702
70.7945884546
73.0155052794
68.5280637305
72.2520276521
70.0166680084
68.2144886826
68.0037600339
67.3384452132
70.8303541805
71.8221008697
69.6109632836
70.4074574882
69.1220018825
66.6697835491
64.9994275168
69.8326470726
72.4404302148
72.6325444217
71.8087757597
73.8197177125
73.9313254783
72.7583898848
71.2803736439
72.1536540273
71.4036328542
71.1986629517
71.8585757813
73.3442945240
73.2567136598
76.0994483066
76.8999072105
77.3176206739
74.3116569054
74.6314830567
72.1720415181
68.1870469899
67.9706951458
72.6769025447
75.3235997428
76.7606370636
75.7099768174
74.9362732257
75.2498616183
72.4983159523
74.2202355450
72.7596137054
71.3409776174
71.8745277026
73.2147247399
76.9280766107
78.1041831314
76.3662886408
76.6547077424
76.8036741277
79.0745462202
77.4109492511
78.4452337515
77.7795560232
75.7927216773
76.2560323241
76.0469597024
76.6074467282
76.1893552969
75.0923296031
75.1906021394
72.8395060835
74.6874965019
77.6031125826
80.9838376422
81.2977271886
78.8961220839
80.4288552733
79.4274571015
78.5351714538
77.0647020222
76.0404317523
75.4106098495
73.5072173423
70.8191499280
70.5845516647
73.4247915141
75.7007240966
78.8520711586
77.0386644123
75.7411554517
76.0263508301
74.6844909175
72.9627973873
72.9645782297
75.1128461513
74.1447588741
74.8381461797
73.8906213363
66.5889486575
68.9196287310
68.4192682137
72.5534448959
72.7978316049
72.3692621502
72.7326448810
73.4139516300
73.0756274262
74.6262702548
76.0118887962
74.9993144288
74.0837153537
74.4473272590
74.9665087755
72.7249868391
74.6549731435
76.5698097339
80.4514175101
74.4528759724
76.2905385344
74.0013574425
72.6446359002
70.0743918901
71.8636239275
72.1500020507
74.6669852291
72.9143129447
72.1714370246
71.6389700473
71.1276586341
67.2099864556
66.5536874831
67.2146256132
66.4404264722
65.4562999532
66.1251367288
66.2621682433
66.8650855920
66.8460179839
66.2399004403
62.6752743800
63.7674536964
65.8531116127
66.4714049759
64.7419916298
65.0060851225
64.7532714828
67.6368322336
67.3592765571
68.5074141012
69.4846304658
71.1786167683
70.9013378135
72.2092661947
73.7039279927
72.9666235039
71.9179949130
72.4467019406
78.8391773588
76.0363667858
77.3870985296
75.7562703474
73.3525186862
73.2870249402
74.4223757090
71.8040981626
69.8668574534
68.8865785559
66.2556517540
65.4691374306
64.6308456582
64.9252384432
64.1925725404
61.8619757427
61.1226015627
60.9082309065
65.5985630764
68.6732186215
65.8769704575
62.1576446193
62.7671425720
67.6452108210
71.5058867709
69.9679046887
69.8604882699
70.0573543522
72.2869188787
72.4746376456
72.7820848174
71.1155107356
71.7345585474
73.2451161594
72.7514535924
72.7541251634
72.5955465284
73.4126548168
72.2079250753
70.8859142807
66.3922498275
65.4012476735
61.5676742264
61.1922403476
63.6982808407
66.5106877268
66.3244008472
61.2728345699
60.2163542692
62.6378504544
63.9884416005
66.7022793039
68.3246929111
70.8804506490
71.2954828517
70.3974554651
70.9999623155
68.8658882521
68.9868068835
67.1868980340
69.4091006542
71.3255669839
75.4370532180
73.4239525672
73.2137188660
72.6216977089
72.0794276821
69.5276619804
71.5276952595
70.8173924205
71.6184413628
70.8304579476
70.7390911348
72.9759153685
70.8126288129
69.0258974118
71.1059293657
73.5711680520
73.6725525747
70.7813720481
69.4164300542
72.2140638434
74.0435498669
68.6924598656
65.4446439314
61.4215302711
61.2594224853
61.9948110467
60.5259286980
61.5712858051
61.6692934414
64.5733498235
67.6403994596
65.3166772576
67.1431525314
68.0460792322
68.3902803319
67.9044017589
64.7915966486
65.9538732231
65.9390512046
67.0448627289
66.9177218937
65.8754361573
68.7010797001
65.6435245292
66.0319243612
66.5085839345
66.5413030865
66.0724690222
64.4803581237
67.2114035443
64.2081650500
60.1158305868
58.4896937123
63.8052844651
68.6333721457
69.3564907393
70.6256408214
69.1176880577
71.0123479838
73.0348381102
70.8852036019
70.8079024182
70.6544050045
65.8458374836
65.8614860514
68.5491235302
68.5628368045
66.9526444905
64.8897903736
61.6856721873
61.7905359361
61.7988101563
66.3731865688
69.7026188370
69.9057124607
71.1452097929
71.0735627185
73.0094930659
72.0060455725
69.4724297114
69.8132027768
69.8814964880
71.6654638190
71.5242847261
70.8279080864
67.6254251460
68.2408467781
67.2281763990
71.9482184413
71.7746104639
70.6438112405
69.2962186144
67.5051362231
66.2842984954
64.3414304059
64.0724074822
65.6803912629
66.6850806719
67.4714390210
66.2223802437
65.5350204475
68.6653560729
71.2474546636
71.4575262537
71.1998268687
71.1083893672
71.0315173963
68.8902830099
65.3547698994
63.6377059357
64.4384663586
67.2782522505
70.3944569318
74.7873093855
77.8750682680
76.1678959770
77.9858896326
74.5530842099
77.0743291451
75.1767792024
70.1753666327
59.2241116728
57.7826658509
55.8332027269
54.8702794994
54.3434659575
55.8721492272
58.0330174956
61.0449790488
61.4473016348
59.3987028250
58.8804872022
60.8678196126
65.6040236834
69.2010243370
66.3868605636
65.0387305047
64.3006479102
57.3990780518
56.0412973369
63.2775403007
56.8079202727
56.9824417880
55.4618225380
61.9273837040
57.1301693272
53.6167010944
55.8819326522
56.6934178996
56.6535355900
56.4218498450
60.6710049897
64.4555597039
63.6386654039
65.2681842903
65.3551750434
67.0944183165
68.2955721438
67.0432534133
66.5894050363
67.4486119774
68.6808856798
67.9569958077
68.0430529037
65.5639012844
66.7729803603
68.0150613639
68.8786142861
67.0853605456
68.5528166682
67.0937888492
66.7794803971
63.6215913011
64.0075639953
67.4419141395
66.6394228598
67.2240950573
66.8310388667
67.3193623893
67.8462564861
66.7424495791
66.8195451867
70.7143680301
72.1666255649
71.9639120202
69.0984591724
66.8480129634
67.7706303211
63.5907954569
59.3150981042
59.2764194865
62.2447529195
69.4948335838
70.1527657276
69.8593384201
71.4390068865
70.7188365843
71.2191263852
72.0393074066
71.5077178534
71.8042441306
70.8478933323
68.8610834008
69.4024791297
67.8688861599
71.2405386535
66.5721494335
61.2285929573
58.5592950859
59.8116215028
57.7703350268
56.5043982857
58.6618786050
62.1304546757
62.6391407374
63.2148940403
65.7849429510
69.7194708394
69.6122180120
69.3385629632
68.7878829010
68.7836516339
64.9461808133
66.9398900925
68.3368831096
65.9782391192
67.1650363243
67.5556919813
64.5089484083
60.1047445178
60.2147686847
67.2613007524
69.1396493134
67.2084786974
65.6450094915
68.6428567679
65.1253646037
65.0678524791
64.2016283580
67.3169057927
64.5292208350
63.1315606370
61.7218644808
66.0886912130
60.2665408032
57.1297113475
61.0975673221
67.5462023052
68.6121535756
70.6701324653
79.8793467846
80.8779533409
83.0917826431
79.3484540219
72.7793056145
72.6764388255
74.5545731269
69.0562209109
65.7930319435
59.9720685078
58.2316718999
56.9213492983
57.3167284694
57.9421079179
56.8407546084
55.3515887346
55.1681375934
56.4552742161
55.9521766734
54.9749155260
54.8115918749
57.2592975022
57.2127437688
55.1163062363
54.7199680424
55.6869864055
56.1577124270
54.7947444293
53.0783048203
53.6648984019
54.2282973264
54.7276432760
55.9296733650
57.7106782437
57.1863203157
57.4611682082
60.1120683141
60.2132160072
58.8886202320
56.7269347873
56.0985694710
56.3126319785
55.9609574246
55.6206105525
55.1432617108
57.4153698301
57.9393594860
57.8509989360
56.5182278419
55.7992583368
57.5663919647
61.9333861795
63.6425868358
63.7973212461
64.8087974332
72.3089975093
73.9962251018
80.0253179477
79.9231325436
82.2386888121
77.6842134781
73.3311956120
69.4594304556
62.7425656525
56.2264568442
54.7035194788
53.5331382803
53.9532457778
65.3400757963
73.8871027436
79.5946818484
82.4964650511
82.4389662597
80.1120464542
79.9796834784
76.8900308570
74.1628648434
73.8739490252
69.6107050313
62.6838572847
57.1464208125
53.5653378169
52.9113384239
52.7493056845
51.8928486188
52.5486192464
53.8986424630
56.9011836034
57.6396989221
56.7938434818
54.6882949176
55.6606102712
56.8486842860
55.7845563812
54.8128790704
55.3844962063
57.4688850516
61.6001521887
60.0339626137
57.7321612559
53.8115802459
54.9243121964
56.7668852805
56.0153380874
54.0247575992
53.4955262399
54.7292188414
55.2144572280
54.5920929678
54.4034152282
56.0303894729
55.2598072532
54.4038257749
53.3998282530
54.3203539178
54.8796211006
55.5306597993
54.6477831667
54.7110601553
56.5734155494
57.1098256434
56.8691782714
55.8552095749
56.0976649375
57.0379220964
56.7504666303
55.9660798702
55.3758245214
55.6189071914
56.0510316580
56.5309534203
58.1467260223
59.3150587150
58.5868516348
56.8476639882
55.5566184973
56.4494747321
57.1844033735
57.7248471619
57.2801524062
57.4336662960
57.2982902952
58.1327917945
59.0415126360
59.9370175708
58.6673506190
58.0804621129
56.6265367887
56.1232301827
56.8566419687
56.9524243047
57.4460723339
56.8135742910
56.7424752391
56.9082971334
56.7332298676
56.1665556895
56.3202236389
57.2474294440
57.0294747963
57.2132260571
56.1613985759
56.2247536944
56.5128134668
56.8614117174
55.8231571650
56.4653035698
58.5885412846
59.8560749051
58.5130424353
56.7073977565
56.6350259202
57.4020554686
56.2850763362
55.6255391597
56.8431220843
57.3027500747
57.4014149953
56.4064013361
57.2734514553
58.6163044867
58.3708436338
57.5673208887
56.4023397755
59.7603410435
62.4498783937
62.1188507850
56.5467343113
51.5282148781
51.8421141023
53.0273045062
54.8880404384
55.8685166831
54.9258628146
54.0774318556
54.2213362131
56.2864880296
57.2325436454
57.6035132510
56.5420758015
56.1011690976
55.3716664448
55.0150784841
55.3345643296
55.3010354524
55.5291197623
55.9589605990
56.0447878778
57.6091475831
58.3406984937
58.2690289165
55.6214947994
56.2100367310
56.3521953822
56.5342735299
54.5047526575
54.5453129531
54.9244462986
55.1843558126
55.6911814204
56.0923406868
55.8346640400
55.4200168682
55.0078959398
54.9179485673
55.4048730611
55.7021269652
57.0232718079
57.9362267805
60.1396720025
64.5777115183
63.4183948065
62.8555041117
54.9679419670
52.5608180476
50.7912583350
52.2139353263
53.3446810011
54.8012993458
55.9107473760
55.8344936955
54.0171573143
52.8038410953
54.1105619590
55.2787637162
55.8195487842
55.3558993454
54.7152548297
54.5142387700
54.7928694413
54.2589312729
54.7999616826
55.0795767446
55.7336480017
56.6779884621
57.1979241782
58.5941999499
59.3055186669
58.3119483865
58.5417898710
57.3766634508
57.2200792838
56.8801500864
57.2760239252
56.7433893887
56.9164435227
56.8560599406
57.0624489132
56.8580312490
56.3915939730
60.5973106487
61.9329051059
59.6649141084
53.4067661660
51.8015839304
57.1386494328
59.9099091850
60.1578274014
54.3203799785
50.4466410680
51.3361920231
54.3951425954
57.1159234784
61.3591445393
62.9793855103
59.6639152107
53.6296672988
53.1350304490
51.9715308544
51.2313085432
52.2827466786
54.0447860479
56.1556529635
61.6026023428
65.3403769086
69.8136233507
74.2724822272
74.4079440231
77.4925053003
80.8475712184
78.0194997994
74.1418209365
70.1277122646
69.4646196325
67.7910924131
70.8662340642
71.0407223835
70.1512367073
71.5060556563
71.4821137609
70.9458497325
69.2879778995
69.5083404293
64.6730027418
63.3914628416
62.4542110390
62.3375069038
62.9968472311
61.7639804474
59.1234128771
57.3097554454
57.5113601990
59.3726367435
58.4585449931
58.2178906807
58.8696077173
56.2954196711
56.9494333250
56.4590197576
63.1321855569
60.2971305825
61.7751329914
58.9724459138
62.0140670662
59.4609170106
58.9784812140
59.9345260769
58.9862182891
56.8000660599
55.9192376023
57.2548478367
58.3454245747
58.7336630099
58.8568641610
61.0844582165
61.5007110101
56.9980557949
54.7396515549
54.7558492301
58.4449298155
57.5649137950
57.1305116024
56.8488640370
57.2835741789
55.7807479419
53.6537032209
55.9900557805
56.7571664544
59.3285145469
58.8244745745
57.8542918519
57.3643147686
58.1565150202
58.5945330516
60.5178442343
60.4960789657
59.0789444856
57.6341115345
56.1398741733
56.3442125845
56.3558831231
57.5261227177
60.2980643547
68.3142955717
70.4719117679
71.4367698580
73.4760861155
72.7780443974
66.3418594001
64.8289893657
59.0095001000
57.0946758104
56.3834911429
54.6389166885
55.6772865108
55.0523329187
53.7061888718
54.9088627820
55.2267597999
54.8328971878
55.7169050047
55.4607466902
58.0996360714
61.0614268634
60.1058221386
58.4282233768
60.0911765718
60.7914451912
60.2642328443
61.6744760836
60.0140521319
60.1140668483
57.2254664231
59.3069491369
58.4098916123
56.7415546291
56.9961588705
59.9809193034
64.5208492315
63.1701193244
61.4686149091
60.1251503762
60.9222362491
60.6805754387
61.5121875389
59.5989844857
58.1613930040
56.1913746989
57.3514841668
58.0247055985
59.3201669465
58.2578423629
59.0087683598
57.3620662838
57.3491962787
55.3141806586
58.1513191225
58.7608826411
61.7132009947
58.9331457456
59.0425398235
60.0406212264
62.8821252211
62.9021789212
60.5794535605
60.1200178229
60.5198429183
59.5237452519
57.5698924507
56.2754933347
57.4650348041
57.4758010291
57.5883097657
58.8014853852
60.7331931382
61.7744734661
59.8705835671
57.9680307353
57.4172609862
57.2778522057
56.0293263485
57.7025859171
60.3865051658
61.3781340255
59.5595087420
56.7275986291
59.4025477046
57.8217564968
55.9977317766
55.8276170756
58.1692625838
61.8296466114
60.9066273039
58.7709917740
59.0384495964
58.7848289296
58.6593975707
57.3316539083
57.4777921148
56.8785190383
56.6766199315
58.5209820531
62.0805873108
63.9043935863
60.0807412428
58.3966540534
58.3131864314
60.6260824690
60.7287324175
59.4982958482
59.5253779111
58.6430068390
59.7714565674
61.5730893633
61.4012143413
58.4519852317
57.9742557285
54.8836280829
55.6268806615
55.1006709959
55.8385542210
57.6132988604
58.4512278657
60.6548430836
59.4774370402
58.5411600511
54.3139320542
55.9829043161
60.5957182953
60.2200423127
58.4320335224
58.4339359310
58.8705545047
58.2363222271
57.3591476078
60.5484217097
61.8700241517
60.6170346738
61.0134367545
59.2228472882
56.6754557311
55.4725613673
58.7758381148
58.4563186363
58.8116092352
57.8342896138
57.4836520142
56.5991353925
55.2222438886
56.0659373566
53.7757909827
55.3593541356
60.4394743277
61.5418159032
63.7994412388
62.7116958405
65.4937763434
65.3812502755
61.9810497312
59.6464353616
60.1176610924
58.4641603033
54.6525356546
57.5255857854
56.2381444428
57.4420012437
54.9298649822
54.5171054347
56.6597932406
59.6443578861
61.6832297339
62.7892836527
62.7841375622
59.1361997961
56.8353416129
57.1501676273
57.4990388435
56.4896519860
55.0746192923
55.9393520687
56.1148652984
55.7342854381
58.3139815245
60.4892850764
59.8969071183
59.0403568522
57.0703694406
56.7793207365
56.6049080949
59.1338733274
58.8625353729
55.7480454175
55.2413806667
60.5803719516
67.4382545793
63.8618291998
62.6624116872
59.7417444925
64.2713085272
62.3185140402
59.9789200727
56.6839609777
54.7190822076
55.8566045671
57.1746425100
57.6767994155
54.6424377813
54.2787678027
56.5829327679
56.0899158932
54.9507232102
54.8401727171
54.5845329491
57.0888268758
59.9689854574
69.0273337642
74.1337005338
73.2668462728
72.1423436657
68.0450321070
69.9869507523
71.8230188736
73.3067959393
73.2795181376
74.2018664586
74.2430026067
77.1251127381
77.0678434931
76.0727017445
78.0852031355
73.9345198616
67.9829875944
61.2061976086
57.8289708642
56.8193565024
55.5438848630
53.7433719099
54.7215469337
53.1968920310
54.2369530826
54.8243102937
54.2650545414
54.3602578956
55.1360227663
56.4785571440
56.5187552601
56.5544270027
57.6524379681
58.6818972985
58.7155872313
57.0370251761
56.5655152544
57.0280618860
57.0968802163
56.9633123884
55.4685664637
55.6497828495
55.3857870802
54.2148830539
55.5493722473
56.3675683487
57.0986242460
56.1798126098
56.0283290657
56.8738100048
58.3097929049
57.0319054974
56.1226947495
56.6740753235
56.5956412495
56.5316224082
56.5166004186
57.5725047499
58.0242801546
57.1025264873
56.8120546688
56.6738707959
56.0728645420
53.8889676757
52.3750895848
54.7277709242
55.7816686157
55.8933621264
56.3045115965
56.8858807553
57.2058076980
57.5437312561
56.9834523069
56.4364552107
55.6297029590
56.3923799754
56.9186979473
57.8105808880
57.0871206255
55.5219218767
55.9192818224
57.1198672211
57.7436702202
57.5387864657
57.7784682509
57.8287328228
57.0674513504
55.7443545549
55.8866821731
57.6225131239
58.9498224736
57.4983075433
56.0530569487
56.8061365498
58.2425245962
58.1042556359
58.2258414711
59.8812204612
61.3107224398
59.1414759668
54.9891461648
54.3508778580
54.5020900720
55.5243442056
55.4642488863
55.4544178997
55.3820160612
55.6047661384
54.9110900990
56.5506689921
57.2838619378
57.2967159627
56.3582560131
56.0450462502
56.0348848991
56.2471488219
56.5868004027
56.3117139906
55.7297063615
54.6752262681
55.4536594335
55.4877156872
55.4778546045
54.6617786843
55.2268266775
55.6276812804
56.0753098842
56.4072452476
57.0885129788
57.2691193522
57.1616968974
56.3928955514
57.3212813546
58.6345194403
58.5120188999
58.3160050524
57.4344136938
59.2411764733
58.3443771348
55.8908377227
56.4475380079
56.6227686440
58.1319152147
58.2385214009
59.3723840078
60.7702230762
59.4677904856
58.6352045288
57.3941023357
57.1324257046
56.8500493387
57.1750888905
58.0716024642
58.7630510675
58.4250845623
57.4090754289
58.0446274442
58.8842597050
59.4498637942
59.1612504015
58.8575468217
57.6880091752
57.9375863478
59.2277501413
60.7544369398
59.3777883516
58.1613552134
58.6234343716
59.7056815334
59.0809389684
58.2169478352
57.3019098702
57.8202857072
58.0178130852
57.7165889661
57.1560206248
56.9850607585
58.2741809317
59.9190981182
61.1331393993
60.7828159356
60.5998920082
59.6947173361
60.3733069218
60.1857212202
60.0980821237
60.2775971478
59.8145854110
62.9908182797
64.3563451536
65.5790393116
63.9377738355
59.9326351047
60.6615325022
57.1223043025
55.2727764095
53.7574833247
53.9213807031
53.0618071013
53.4560454647
54.5970773518
54.8016091918
54.1186655131
55.0493417575
55.3768690906
57.2757129484
57.0813600322
58.1158039453
58.2489003094
57.6859163208
57.0017530203
58.1911488957
57.8217090220
57.5709322194
56.9576727543
57.4562085240
57.7037935114
58.4033695133
59.5454530727
59.8503386633
59.3606194801
56.7757430466
53.6898151531
55.7453548768
56.0089117416
56.6917898380
56.8544111242
56.0057895195
56.9579870109
57.1826627705
58.4701816063
58.7286535067
58.9175586340
58.0720581077
56.8853972746
56.9593211582
56.8032483555
57.5012757292
57.3480051904
56.1612710592
56.1442876738
56.6372551267
56.3313996232
56.5336669207
56.5465722511
57.2531930257
58.2344526572
58.3841360233
61.0012011833
67.3780245403
74.3526026741
79.4487288937
84.5094311392
82.9282102537
80.2889009395
73.4795825230
75.9202064155
73.4454304846
69.4161374786
62.9748251324
60.5067632852
57.3064965990
63.0831687152
67.3955503900
69.3591865275
63.1262880820
57.7579003763
54.9840431452
53.6316273272
53.9646552332
54.5632284817
55.6066917231
55.1249118519
54.9676802384
52.3703916180
52.6334013983
52.9475263628
55.6887739445
55.4299003048
55.2857344286
54.7037821661
57.6344957979
58.7664132628
57.8755219902
53.9415274482
53.7311719762
58.9044893569
58.8340871577
60.3224067185
57.1768472052
57.3634569618
57.8887132045
57.9279606262
57.5523149075
57.5522849306
57.5968583311
57.4873868420
57.3769074514
58.1588020217
58.1149172667
59.0566412464
58.6320093205
58.7366448279
58.1653015600
56.3253350328
56.4549938584
56.4114437027
56.9137449497
59.5548266618
59.1761049955
59.2330626679
54.9532466306
54.7559210748
55.9919375217
56.6572951055
56.9506276637
56.3614873125
56.0713494741
56.3858093211
58.1255254141
58.6030995258
59.6996035863
60.3636364667
60.0671844354
59.2568399079
57.6350149612
56.5395906528
57.3680228039
58.1189372864
57.1276765856
55.5026230300
56.6964363733
58.5936209592
58.7902335023
58.0543025745
57.7886026293
58.8777443714
59.2742736595
60.1712688029
60.3650598226
59.8140145103
58.8813076282
58.6262692653
58.5977674168
58.3422293125
57.8704802101
57.8302245767
56.4850835934
57.9107552463
57.0998246726
57.2892788738
56.3712192446
57.5555288573
60.1125249776
59.5242940112
58.2564101157
56.8626905162
57.3649832760
58.0187354630
59.1465763227
59.3599284195
58.7046838230
56.7405688884
55.5026154679
56.2683325337
57.1846592480
57.5531405783
58.4135246639
57.9647942857
57.5326653196
56.7897632891
57.6074916641
59.2569031549
57.6203476166
55.8583578553
54.3821911792
55.8307298881
57.8451168433
57.8146431429
58.8921485847
58.9485375368
58.3787074987
56.9406645174
56.2621253008
56.7362493449
58.1525181190
58.8173777216
58.4718496174
58.4052739077
57.9451291042
57.2140306038
57.1620041269
56.7384244697
56.7397623414
57.3419548926
57.7645037408
59.3728320284
58.8121501323
59.4767917258
60.1295456790
60.4453757397
57.6840130506
57.0078175269
58.2599104521
57.1822135405
55.5131530694
53.5318157875
55.8461239175
56.8879190194
57.0678092701
56.9999271417
56.7708059716
57.8525410701
58.5321066653
59.4743029333
58.0504619887
57.0128184528
56.7231116777
57.4199129071
57.1404001422
56.7619830315
58.0038602400
58.1172231670
58.5241801442
59.4069092274
59.6959235858
58.6901465288
56.8444901196
54.6340012258
55.6342413595
55.6471282307
56.3730769813
56.2155452300
56.0911467051
57.1467235039
56.3289958515
55.7447361597
56.7393013106
56.3939284947
57.5038926865
58.3257287311
58.2970302989
58.0291191599
57.4966576415
57.0429309334
57.0210795593
57.5759466884
55.4728812755
54.9938239485
55.6885739272
59.0280638310
58.3023242677
54.6649876606
50.7285332560
52.3407273589
53.4344872812
52.9908039226
54.6186671600
55.8297683474
55.4429503517
55.0694987177
57.3697543170
62.1050855008
67.3202193781
70.8212567854
72.3861542914
68.8253372257
63.3409862478
57.3705652590
54.2008834720
54.5958741421
54.6661330004
56.9585938330
60.9654405828
66.2828982770
69.5413065750
67.6311832006
68.4120910173
64.4529561779
58.0408676497
52.5788155952
52.8922116861
53.3375844586
52.8775427871
51.6715900365
51.7273602928
52.3370807835
55.5559025455
54.3117268866
56.2640642779
55.0650942762
54.4076473100
55.8990448997
56.6793490938
56.2757416330
55.8779670363
55.7069872773
56.0521725768
55.9618598290
54.8799264966
55.5164257568
57.6406678363
58.1417369498
57.2450935496
55.6855613541
55.4818585304
55.9262984981
55.9824141131
54.5448472982
53.6626555774
54.3953078456
54.5630462386
56.3399376928
56.4594763074
55.9086674553
55.7109480357
55.4553307481
55.2346453552
54.6554996159
55.0959542525
55.7435156921
55.2715780321
54.5870545628
54.0972129404
54.2776570078
54.7424382301
54.2281345939
55.8834510857
57.2129536588
59.0801506612
58.5367399008
57.1711824860
56.1938633546
56.8873331772
58.0776429760
57.2273467667
57.0690859573
55.4768050590
55.2337898890
55.6540391676
57.1075620993
57.5743908641
58.1644795207
58.3456171091
58.2980031486
57.6887121787
56.7964858249
56.1786442868
56.3205482413
55.5771454779
55.7216853189
54.9374340830
56.3865739964
57.8179155721
58.0459698258
57.8969207787
58.9681704916
59.4856751561
58.8604580150
58.4190640521
58.1887371281
58.4012125705
58.0804969642
57.1671059265
56.3004697941
56.0221323176
55.8190355979
56.4444786290
56.1392254886
55.8869613750
55.9549843605
57.4015033784
58.3192764908
59.0986421236
58.1229450901
57.8564612844
57.2630695594
56.7625174381
56.7846154120
58.1101758832
59.4501293132
57.4743923208
56.9683142775
56.9693902738
58.6626932149
58.7984960019
59.0725406305
59.3773183443
58.2276013820
57.6900159474
56.9124066082
57.5158673579
56.5059131894
56.6526686963
57.7277204166
59.4127559127
61.8172065990
62.0477434036
60.7276628031
60.2063454781
58.9378759145
59.5426396750
58.8507051397
58.0310171617
57.9105926411
58.8518877045
60.6549901383
58.5804700070
56.9157581118
53.5067087402
54.7469341535
55.4635337473
56.4320229147
54.8568996958
55.2735843518
56.4730466762
57.6053461292
56.9355478104
57.8189105774
59.3147746162
60.6402768791
56.3646128160
54.0521481396
54.3758674050
54.8158715767
53.2352800711
54.6353721197
54.8227670678
54.8832746025
54.6473508607
53.3352225982
52.4788914709
52.6459247522
53.7296596801
54.1386976703
53.7388302608
55.2028745444
56.9147785222
56.8861328711
56.2815071881
55.9629861298
56.4703388112
56.9642989345
57.3302347376
57.1174518247
56.9117116748
56.9969081562
57.7122648739
57.3945275569
57.2583017058
56.0993920919
56.1280453190
55.8897715589
55.4483937421
54.7590968149
54.7888310898
55.3044923261
55.8224569854
57.7472126141
58.2357138751
58.5325654549
57.8516747209
57.4544706386
57.9153418047
57.4274838909
56.5061262010
56.3030323700
54.5485206500
55.2983997035
56.0336151797
55.9473627479
56.5727350562
57.3733338962
56.9912597615
56.1811869227
55.5788655905
56.5823903730
57.1657320465
56.4216116943
55.8044206182
56.2086704838
56.8441252942
56.9415400418
55.7335792724
56.1421847431
57.5128957661
59.5731472753
58.9661412962
59.5486784528
60.1731393628
60.4420739712
59.7191043592
58.8834827679
57.3981451464
57.3313576379
57.5958640940
58.5037365336
56.6340155325
54.3107022578
53.9881474298
55.5752462695
55.5532520420
53.8726586587
54.7324680798
56.3469273861
56.7450393047
57.6450890353
57.1407733262
58.2467016837
57.2093242029
55.2187214443
53.9580646868
55.9424357796
57.6370902385
59.2041239638
58.4106837413
57.8084231941
57.5675444099
57.4434635860
57.5032642192
57.4375503150
57.2918897848
56.9512897895
58.0499964256
58.0745389565
58.1145377023
57.6361222644
56.4978917565
55.1399623412
54.4318221581
54.8384629371
58.2582103483
60.3777208633
60.1681600393
59.8864664269
59.3847862257
59.1494197811
56.1818640232
53.8538912214
54.7685430103
55.1317659660
56.3179962772
57.4654176899
57.7480458016
57.7429516607
57.0917964413
58.0735881342
59.0281573863
59.4885906289
58.9774382137
58.0893904707
58.1977855568
57.6649887682
57.9694729408
57.1745018804
58.0631394918
57.4150793978
58.4790528177
58.5248249916
57.8025454884
56.3964579983
57.5709681229
59.3380245276
60.3155700853
60.1237178101
58.7786337818
59.0618023723
58.4079851643
57.2947186703
57.5586798444
57.3020457208
58.5360412411
57.4236672314
59.0568772284
61.1787812793
61.2174596949
58.3184352539
56.1152225239
56.3729900738
55.9958840108
53.7493330119
53.7572683935
55.1462766788
56.9971256617
58.8677905928
59.7946614892
59.9273786610
58.3176252940
60.0513841992
60.3526077820
60.3863368926
60.9940535495
72.7738982077
78.0703065428
78.4123423772
77.1693736561
77.1535832306
72.3924389392
71.2228699129
71.4802541192
72.4331288853
70.0443825071
68.7591913773
64.2861490614
59.1082616636
52.5650651848
50.9443997594
52.3936110527
51.9089043694
53.0940295103
52.6551420536
53.0151634456
53.5262048561
53.7398333642
53.9283662872
56.0894869328
56.8158862755
57.3350800310
61.0974909454
66.4171990919
72.9141092368
71.3820022656
66.1235356891
58.9836604239
54.0471935369
52.3956076340
51.8954069102
51.5659893021
50.9235999226
53.9156161569
54.1902295786
53.5736852901
49.4249663173
51.8656636995
54.0494532305
58.8639855775
58.3449149034
56.6134758710
51.4952801513
50.8590473203
52.4957420839
54.6078217087
54.7897471243
53.2421952425
50.8239571577
50.1302889173
51.9028628445
53.8061491057
55.0328388892
54.1206631504
54.3187506979
64.0113153299
71.8975168494
74.0324034909
74.2360957198
74.1382015691
69.1330666496
70.1295385756
75.9674447156
68.7880513573
63.7271814304
56.6554691963
57.1561006620
57.4064047860
55.8801865753
55.1819151649
59.4380939511
63.2014921439
61.3032827656
54.4883379799
52.1589954458
52.4687804129
54.4963631885
55.8854593586
57.3711920224
58.8355959902
59.1908139367
59.4342364455
59.0865902523
57.2609642703
56.0155248006
57.1637486253
58.6018224604
59.6838546673
60.0016633012
61.1728006309
62.9791766981
62.8901025385
62.1792255875
60.2051893099
61.6281153957
60.9995183568
60.7766929248
60.1255968008
59.4455125980
59.3308569063
58.8128559424
58.4359885604
57.6256500408
57.5634529800
60.2070727206
62.8261413495
63.1317576000
59.4856334473
56.8019549886
58.2896826487
60.7556665228
62.0470419233
60.5761762844
59.8821623220
60.7625730534
62.5686777194
62.1932486365
62.2835441103
63.0044671968
64.8691906194
64.5518752541
63.8887130717
62.0384693471
61.8315118754
66.5945027179
68.2868411498
68.7083420103
67.5144843777
72.1222668027
76.5776446300
76.4143281433
78.3102833357
84.4474563564
74.8275029576
71.1210202563
73.0707186143
70.1038877787
70.9149059278
72.6752709237
70.2274523402
71.4541797658
71.5973332622
71.9753216367
69.0364862570
68.6373699354
70.3951102391
73.1458494759
76.1255655860
75.3008888255
72.9027127285
76.2248366562
74.0373561448
73.5375853621
73.1093396376
76.0322667046
77.2124352805
73.9605082117
69.6277344177
62.9456630582
58.3139089259
57.9975235986
56.4998399976
57.8997016421
59.0334755371
61.1635950982
61.7437885435
64.3565468672
70.9885568843
72.0411638519
73.8541450646
72.0208023168
66.6911039151
62.4982055057
60.3774890824
62.8771323059
63.5539052361
63.7586236621
61.8376503104
63.1721577964
69.9731822509
78.0664589828
81.5382412909
76.9105236652
74.1587997830
63.4031288278
60.3373733236
56.8664229663
55.0121462425
54.6353869097
57.2704540781
58.5292466848
57.7082014370
58.2155349939
59.2619706375
57.7474561267
58.3368618295
60.7263757271
60.7301309335
58.0424711994
55.9881478135
57.2090533285
62.6175051781
66.2514860123
65.8900530904
62.7561751310
58.6326099337
58.4070544491
58.4390256149
58.5379040701
56.2728802795
55.0196332748
57.3971030339
58.3333008229
59.0238595348
58.3753626454
58.2985319980
57.6808938037
57.8084915355
58.5930290269
57.0800135286
58.1909300215
59.4540016880
61.8040683240
61.9493591837
60.5762885564
61.4620258110
60.1212108226
58.9456293963
58.6796765458
59.7724839110
64.8153085308
73.6537933468
71.9818904742
72.7997807819
72.4023903459
70.2931979076
67.8666477805
70.0566693266
70.4584244427
72.3718933071
70.9367252036
68.7314812174
68.7797047978
68.2732484330
70.6571622063
74.7113283546
73.7694195569
73.2956140016
72.6191580193
72.3480395804
70.3039525575
69.3535718321
68.4453857103
67.8850728937
66.7295229873
67.5588416609
67.6049678158
69.1702102717
70.8053237117
71.3300004163
69.8498414682
67.6290427579
66.0517665598
66.2626797147
67.0442198458
66.4108673244
67.2238606331
66.9267964557
67.5830758568
66.8057329061
66.4306198822
66.5632593277
66.1154520380
67.0402112803
66.6303499508
65.3814735426
64.4229097386
64.7943816620
65.6374081907
66.1705502561
66.2895342806
66.7020575688
65.2355839001
64.5382556235
64.0370887828
65.9742422438
65.4148113629
70.8093452815
71.8204297827
71.2101354603
71.6812907484
70.6738803356
67.1541723177
67.4993306447
67.7818742337
66.9246690585
67.0547464080
69.4233337165
68.3735501716
68.3016223129
67.0130509174
65.8702002586
66.0856354845
64.8152274838
65.6531175787
66.5990832287
66.9264325406
65.5967343839
64.6940301130
66.2691698113
67.7115602063
70.2055584330
69.7546790118
69.0350893649
68.4326849265
66.4345669950
65.8830605370
64.6757458165
66.6884462391
67.6069248163
69.3447650724
69.7698298376
69.0134969814
67.8892588759
66.1217745500
70.8982490469
70.1231030388
70.3649237982
65.0382610668
65.6988395249
65.3235677467
65.4061553812
64.8476013017
66.2441101917
67.1486593565
66.5562991281
65.2041818317
64.5381785901
64.3383508679
68.7836291699
76.1246502753
74.5246433565
77.1092265204
76.1158151930
72.6739184213
74.9897682804
74.3817660693
73.9996715533
72.8712990233
69.1342651470
70.8583697082
71.6272041177
70.5406181731
71.8204090458
71.0759232670
72.3551208473
71.7634969449
72.6319988139
72.6506928192
74.1473234506
74.4557331728
74.0247071983
72.8979542163
70.7531431483
70.3310598616
70.2084124813
70.1873040337
69.5420284865
71.3162761108
72.2074217684
73.6913625681
73.9548427677
72.6567793853
74.2269857598
80.6979173758
80.1054167805
78.8593882173
75.4317664484
75.6438012480
70.0283360236
74.9753603763
71.8084761567
65.6528146216
59.5880899946
58.3776513652
57.6514002085
59.8280700732
63.9794788061
65.0747652482
64.8918637433
62.4939695159
57.2450483719
54.6812526675
54.8231206789
56.4464588001
57.8184973975
59.4113718027
61.1853673929
62.3344960090
62.8609177264
62.2160973552
61.0364516089
60.3078010071
61.0768866203
61.8700534689
61.9383983995
59.9255422312
57.7075271021
57.8689821276
59.4625573275
60.8147156691
60.5692838055
61.2150010692
61.0698171587
60.5107824680
60.1038798407
60.2436678944
60.5853646070
61.5498618155
62.3381737012
64.8556324979
62.7393782690
61.7034510772
59.8817155393
64.1538960568
64.9420389710
64.6340619725
63.9193753633
64.0887095292
62.9519066507
60.4482713326
61.4244129303
61.1107979075
63.9832564913
65.9955472986
68.9722726485
66.6977679450
64.4258306954
65.3325542991
66.5236630164
65.9102644348
61.7759392512
60.5999573929
60.3607337791
60.5483340266
61.2207784143
60.9851617797
61.5931740284
58.9131277394
60.4716861078
61.5114538356
61.7901327720
61.9031291464
61.0789939349
63.6332385640
63.8280997962
65.4658812275
65.1945976411
61.7811346027
59.2255558135
59.4104279740
61.0891600471
61.4096287203
61.0410350979
58.3118506526
59.4412008594
57.7825908675
60.8360526851
61.2533055603
63.2124646207
62.9877790683
60.6018254726
60.9382949787
62.5558021021
62.4370155978
60.8316712600
58.7885591038
60.9571288989
63.7355258724
62.5953671833
60.8008612620
58.5985470150
59.1302812086
59.9884752993
60.5727568785
61.6373152773
62.0811910590
61.9906404260
61.5466226984
62.2488844923
61.9436362193
61.7466452470
61.7857516466
65.2670366434
66.3580679109
65.5403005253
62.8700517178
64.5276759133
63.9036553750
61.4649888740
60.3318837163
61.1939361175
61.6952976617
62.2365985059
58.6281480612
55.7243929824
55.8186563609
59.7262165382
59.3823655422
59.4878293021
57.1240614833
59.4681937915
60.8812262885
70.5257122195
76.6642839042
79.9872567915
78.3995770419
75.3444640430
67.8654993349
74.7052928232
71.4355777267
70.8442582972
66.5747058352
64.4773007892
61.2639822498
61.5796933029
65.2741143727
65.9752060357
67.7872399530
74.0080098188
71.8893080914
71.5258902933
71.6866515793
60.7684059607
58.3294943249
60.1148835878
62.9306876104
63.2970197623
64.4230685298
63.8005858780
64.8562793670
67.1795323840
64.5081956256
63.9633296834
65.0783148697
63.1606484320
61.5712187221
57.5123077708
57.7469061239
57.7855002564
57.0898478314
57.7123639504
56.6923235126
58.4295804100
58.6558933727
58.7493317878
59.3141763387
58.2571330270
61.7377941505
63.1507222401
66.2391032371
67.7263052370
70.7284518174
71.5970545148
69.5395410956
67.9342679427
66.1764944928
65.8717023230
62.6850343300
63.9137302752
61.9849403012
69.7611024682
67.0433540123
69.9608138483
69.1177663199
68.5950155955
71.0638892944
71.1762840842
71.5847045903
71.9982120703
69.4121489381
66.0561721308
58.3345591312
61.6017932061
63.7321756469
63.5564511869
63.1844175383
65.3937914194
60.6562807902
60.5193723155
60.6288274965
60.1291231137
59.9272162759
62.7270402231
63.4043370784
65.4366435741
63.2040519298
63.4872771107
64.2646503898
66.2816852401
65.2363866868
63.8086806722
63.3958608620
62.3034546639
60.3258685410
60.2832138251
61.0193657907
61.6955919738
62.4990634437
61.3938383981
60.1971918368
60.6862396223
61.6555763743
64.1122815417
64.5414290126
65.1019123420
64.5868081474
64.0589505281
63.4106150766
62.4587307131
63.2914173374
65.2728850242
63.5593149733
64.3572363500
64.9748612331
66.3950141222
71.7784212702
72.7286020350
75.0144841827
72.4757609304
69.3650078097
67.8284417457
67.8360404548
73.3061694767
74.3571184205
73.2558082296
72.2074746828
64.5111006962
67.4747654044
74.5962884021
74.1904440131
73.5418702701
72.9865529654
70.7727678681
72.1854180814
71.9353076337
69.8791228909
66.3655977076
67.1770068924
67.8175533227
68.1941928295
65.9848013767
65.0536263676
65.5822926736
64.8736702533
64.9198338681
64.2572743843
64.2575477693
63.6916657628
63.2914817492
63.4763721793
61.5284567785
60.5038065853
61.7962033414
65.7359829610
65.5508832947
65.2806806660
65.9578212136
66.2586136320
64.3288088380
64.9868799122
67.1923078525
68.2579219726
67.3759552787
66.0952785434
64.1435231138
65.5640977291
64.6945280593
64.9938774500
62.2872500911
66.5286604785
65.3976797454
63.4068094006
62.5554893901
66.0166477072
66.1740377700
64.4096868075
62.2067877825
62.9411986326
62.4900413033
65.8005961619
64.5621579935
64.1797215750
63.1748428545
64.2364046498
65.6304308203
62.5419426623
60.3545766074
59.1278822042
60.4904586327
61.3337736194
61.6556327127
59.3026257659
60.5588261245
62.4009999279
64.0308706574
63.3147681696
65.3704070977
64.1756912336
62.0951408662
60.1182898125
61.2854164894
62.1936521440
65.2975550472
65.0560833960
65.6087275830
64.7967549241
64.0486711024
62.3302512151
62.7004322502
63.2360588138
61.7870428623
58.7707447537
56.9728689070
57.9678147392
58.4923764732
61.0347873624
59.4127853231
62.5537119917
63.2115576291
63.8179338190
62.5896003478
63.1326056462
63.4484548024
61.6632896285
62.5488830727
60.5131012439
63.2103530570
63.1319474288
65.4558756106
63.8361589976
63.5633401795
62.0541758429
61.9097165700
61.8369635448
63.3280815652
63.3632600547
62.9270285845
62.6909569890
61.3623846448
62.8512255986
64.2390293064
62.9697781262
61.2229719537
62.2917049410
64.7230100704
64.5465765879
64.1510464831
63.3649373500
69.9650634570
76.6897308720
75.8652793507
74.6562676777
65.8833084650
67.2500795344
63.7570201634
59.7130197833
59.3807319803
59.7507441270
57.5188187335
57.9221555200
59.5380397251
69.7963334313
69.0025947723
69.4277014660
67.5356260394
64.2066631053
66.8444676509
62.4212491945
64.6120887252
65.1077330288
65.9571980972
65.1039355319
65.6132702162
64.7247973387
63.0372768200
64.0043203601
62.5284163364
62.0631753741
59.6532158963
54.3296753902
56.2927420096
58.8086726671
56.9797585612
57.2267809853
59.9214767138
62.2562099613
61.1415388356
57.9618426472
57.9313932346
60.9856663099
58.9626860591
56.9018272684
53.4116174955
58.8690433624
61.0469739165
62.3666685524
61.4615404822
61.7544098619
62.2458032688
61.7340654316
60.8091799718
60.5762418573
61.6544057414
63.0361974029
62.3816387802
60.6072458567
63.2184955603
64.7446716117
65.1251104579
64.1236758092
58.2974837661
59.8014747229
61.1288469698
65.6578216357
63.0728618110
64.2639762859
64.0165205947
65.9430251283
66.9708663089
66.4231306457
66.2703467230
66.4512308326
65.2871036210
66.2170941030
62.7513856215
61.7092985762
60.9441498926
60.3147814587
59.8433651211
57.5275231099
59.7480737927
61.1711090799
62.8201017265
62.4159780864
63.2228130151
65.5026496694
67.3252311813
68.6712090766
66.5495449569
63.3264872635
60.9138964130
61.0047464740
63.4676778891
63.3700521455
63.5038287870
64.2889014150
63.2423381976
60.0374376363
58.2894715796
59.2595005854
60.3627060204
58.8663135254
58.5535197487
62.9696789638
65.3301588334
65.2948309907
63.9986034903
65.1621069173
66.2895188385
68.0413548624
68.5102623553
64.8281639911
62.0953842834
62.4719073196
61.6543267813
60.4310815584
60.8589553361
62.9716485634
62.5559629161
61.1287436997
62.7399655206
65.9539753983
65.7379859474
64.0150174572
65.4063221284
72.4122131603
70.8253573705
69.0376303209
69.9227647150
67.0123025090
68.5353604166
63.4986618625
60.3094759290
57.3315413475
57.6042927976
57.4875970666
58.3838850384
58.1354847278
59.2677289760
55.8693180732
54.7736399207
53.7394362374
55.3449744558
56.7564932323
56.2089024054
56.5202658994
55.9199491769
56.5182480145
55.5621223618
56.1225035880
55.5771266523
55.7045329442
56.5191846332
55.6429225166
56.6606707039
57.9864220266
58.4461259008
57.9960936929
58.2317517035
58.0709318039
57.6625407115
57.1984747231
57.5030224110
58.5189112292
58.4721449290
59.0958344788
57.5458880620
57.5548897791
56.2058539453
56.2778220987
55.4663064948
56.9041343937
57.5285087654
57.7848689332
56.6875619285
55.9051750191
56.2185032322
56.6727998121
56.9497650026
57.6908888047
58.9854526885
56.7800918239
56.3097795392
57.2365295235
58.2855384936
58.8201177445
59.7966249323
59.3756888591
57.9484849816
56.4423154224
55.9608170634
56.0179539500
56.7856862343
57.2947764981
57.8559501250
58.2190469328
56.6705333745
55.4133930261
56.4444167397
56.8805774120
57.5449381566
58.6391530126
59.5676843155
59.5832711867
59.0679829922
59.7964198670
59.3313640613
60.4658555928
60.5960897393
58.8814760302
58.0964458150
58.3139928252
58.9475209979
60.4192378061
58.3178127138
58.7736947773
58.1354610989
55.5586301537
54.7919331306
54.7782957097
57.4371204705
58.1960619936
57.7282631755
58.8476702282
73.4708559255
75.2117060179
78.5195188449
75.8727825921
73.4255616068
67.3567077347
70.2564479301
74.5832343679
78.6392336265
84.8823656379
87.3548440136
80.7653688327
82.5832549796
73.3567684634
67.2531182198
62.2241894171
55.5934424388
55.2440618865
55.3370489399
55.3756620821
55.9351635373
55.7742331304
56.6291283139
56.2772989821
56.9290998663
56.6756471496
57.8536120486
58.8327995763
58.6304432136
59.6886905618
59.7472165030
58.5026425310
57.3802319435
57.2196242741
57.2579362726
56.9894148310
56.8487359356
56.9739675381
55.8814056363
56.4214519930
56.8042253152
57.2582345183
57.0181042823
55.9633799891
57.9181667852
59.3937587399
58.7097957977
57.7532545769
57.3355140901
57.1320111030
56.9942413232
57.4721509420
58.9459095982
58.6520581781
57.3249431090
56.7568244730
57.3291607116
57.7553187331
58.4393794775
58.6106157820
58.9476470792
58.0510853713
57.7177858855
57.4956519000
57.1031134736
57.4137731060
57.5076405248
57.5099095653
57.8304963014
58.2906655031
57.9443625686
57.2143550342
57.0881595590
57.1701586921
57.8360444884
57.6126541553
56.4666670219
55.8574861756
56.0202351488
55.9651832289
56.4988681651
57.4013332904
57.4351786855
57.0894281567
56.8829290154
56.6128314449
56.0993340861
57.6044528632
57.6262683403
57.4618749408
56.9713071512
56.8074388413
57.4605581232
58.6586917405
59.6565434981
59.8287135066
59.3774143985
57.8380922226
57.5462471434
57.1661864402
56.9171712974
56.3867717331
56.5399841590
56.3941332816
56.0435374555
55.9512835907
56.1070453393
56.3160748582
57.4540218251
58.4686182953
59.5498567524
60.6403868676
59.3382183876
54.7620790660
55.0477104727
56.8001233569
56.7715306084
56.4588115701
57.3489958767
57.7163323101
58.3171087351
58.3237425086
57.8032556660
57.0060850051
57.1861945800
55.8298981993
55.1051949403
54.9658238276
55.8127785950
56.0923326980
56.4860523678
57.7000619586
56.8903995966
59.2651968550
59.4934286494
60.3206193596
59.2420527360
57.3486342979
56.1642110432
56.1169715942
55.3987154566
55.4112732371
57.0297098102
56.5148662480
55.6437763449
54.6927683940
55.0722562352
57.7644955040
57.2742023140
58.1752676037
56.8671550710
55.6225060092
55.4691652478
54.6055387391
54.7577515436
55.4200590280
55.3570417295
56.0336598614
56.9656570000
59.0947437618
59.2148674563
58.9650313960
57.6089325916
57.9448278331
57.3452381776
55.5836947909
55.0665280737
54.9782827655
55.0720181373
55.2700162552
54.9321848923
55.6818414504
55.2543518842
55.2938076487
55.2020511771
54.7983473934
54.0121844288
54.6440879669
55.3308811869
56.2184746182
57.6298015194
55.7813338858
56.0258168548
55.6518630562
56.6391642312
56.7799516013
57.3721881076
58.2419027245
57.6902351802
56.4617957184
54.8989416345
55.1036348462
57.0748793238
57.1529848930
57.0149302677
56.5055728258
55.9799964671
56.1364913964
56.1737429889
56.3735327300
55.9385378867
56.2325387430
57.7395818062
59.1635543296
60.1114937496
56.4549985732
54.8478976746
56.0042323736
56.6504002247
55.1315332678
55.6031342188
56.0016873302
58.2987561183
55.4037479123
55.4359258226
55.6459000102
56.5688691167
57.8073509186
57.3034981678
56.1425497434
55.7672422825
55.0058640701
55.6269571470
56.1867057473
56.1845415891
55.6458823966
55.6257257632
55.6855885973
55.8837979140
55.9169398989
55.8786241077
56.4415645112
55.0886941696
54.7402642346
55.5975658876
56.4267903261
55.7921091182
56.4923894733
55.3910232888
55.9947587912
56.7506182471
57.1278968615
57.0635760324
55.8095226800
56.3245613963
57.2498004824
56.6470304397
55.3643857732
55.4610049001
56.2811942096
55.9381777639
54.1854456903
54.2744323272
54.3217622346
55.0947783470
56.1100771981
56.0650665308
55.5909366325
56.4497921307
56.1946560625
55.8572838075
55.1641514698
55.7398709352
56.6641726024
55.7661115483
56.1760965023
57.5124640213
58.5533473950
59.6615904490
58.2524046765
58.4874940131
57.8676704023
57.7810006978
57.1851350180
56.9031151301
56.7487111319
57.3475611165
57.8854471454
55.5051991919
56.3939790725
56.9270386022
56.3051796046
57.0966561158
55.8521948161
57.3905175591
56.8343093814
56.8110267316
56.2720840013
55.0996801280
56.5752465707
57.6204451903
58.2237373854
56.1720035711
55.7141511308
55.9640562818
56.9176007533
56.4316779004
57.2395259854
58.7778599338
59.3402408541
60.2956581514
59.0346381840
59.1614168364
59.6210078970
58.2863076541
57.5400241704
57.8698284797
58.1489140714
57.9073588305
56.9274099188
56.7981415087
56.4308102962
57.2956091726
58.5232568624
58.5340950013
57.9918080279
57.0858637811
57.5603619048
57.0565426170
57.8718751684
57.1872631604
58.3603620379
58.8504374744
57.5436324462
55.7605283589
53.4914772630
55.0659537464
57.3676903797
58.5499643718
58.8639962823
59.9046185287
59.6756201059
60.5360770793
61.0485038506
59.9954263604
58.2916112332
57.2544451568
58.6909046903
58.4687490564
58.0058109852
57.5386850898
57.7930237005
58.1858500312
56.7219117822
54.7910669611
53.6158396868
54.7164793226
55.5272130369
55.4302280268
55.7462079386
56.8641240457
58.0008323121
58.0957111769
56.8891770972
56.5496571293
57.5225366082
58.6718426697
60.3583946628
59.0782145071
61.0904783871
60.1370862937
61.6178421091
57.4825576125
57.1074743626
56.4842532884
57.6373338034
58.8519592226
60.3827703613
61.5342042930
61.1951550703
60.4315809256
60.8276586399
61.4366428911
61.0301424347
58.4122200219
58.6317374800
58.4933652341
59.1616685314
59.5434783365
59.2903123986
59.6766115110
59.4027642199
60.7851434057
60.4939403105
58.1340086191
56.9361561873
56.7623753623
58.5535790365
57.8079261892
58.4848216141
59.2918116168
59.9173540724
60.3604277910
58.7136332416
58.1413681337
58.3789613286
60.1186162736
60.3551665028
61.3561542489
63.0368749321
63.9982665616
61.0835280088
57.3938368353
53.6996575018
56.9726463541
58.0543184475
57.9408535916
57.3002184366
58.0002017951
58.7132814820
60.3241555988
59.4942024686
59.9607626709
60.7053099893
60.7258952298
60.0165885728
58.9781335429
59.9663884158
61.8405385981
61.7369187870
61.5718770920
59.3586451165
58.3986822794
58.2046618386
58.8776116424
60.0040468293
59.9069639334
58.8753181267
57.9029525521
58.4532967909
59.8944024005
60.5210926258
60.3619726239
58.8615802052
57.1701277843
58.3516548456
59.0135624567
57.9649270092
56.0066676960
56.2305427192
57.5903182931
58.1317677467
58.3110006347
57.5854646001
58.0824208147
57.4963070589
59.9459120694
59.6498159281
60.1303727363
58.8914484882
58.9864634540
58.0527801461
58.0075644772
57.2415633060
58.5163263445
58.8560159262
58.4131746228
58.9418967486
58.8413496385
60.0110475847
59.6942396382
58.8799188731
57.4757173608
57.0528807148
57.3642432941
58.1347088724
58.2018616275
58.5285755975
59.1122979677
58.5589987495
58.1632108203
58.1903136857
59.4247234788
58.8967326449
58.1452524887
57.5454276647
58.2454138870
59.2238061356
58.5298394065
58.0668231333
57.4846527198
58.3650021336
58.2070437404
59.4494704366
58.9422702195
59.6113951618
58.8850391245
58.5498076294
58.4565417843
59.0135323457
58.9335112228
57.6213991838
56.9950850646
56.6666667663
58.9309426862
58.8048752560
58.5283814068
57.6526303302
57.7094352379
58.8053890059
57.8355016471
57.3146431007
57.0667150210
57.7957094759
56.8713522746
56.9044972107
56.5490756970
57.3361091675
57.4123090123
58.5444733185
58.3328347462
58.7284468256
59.5387010911
57.9064988123
59.4067304199
57.3319920338
57.6732947768
57.6261260888
58.3095558372
58.9346859656
57.9354161821
59.7979782613
59.2494562935
58.5574294038
57.0640818622
57.1182978140
55.9981243761
57.6349722511
63.5514300665
66.3485466395
67.5264956063
64.5340438407
60.6658532866
60.7479778906
58.9454571207
59.0491109254
57.9998058073
57.8259446885
57.7361746171
59.3316724596
59.0168348867
58.2991423114
59.8931017071
60.5919760023
61.8147690106
61.5399599866
61.5341977238
61.2107407200
61.7964431111
61.8967932320
60.6188311032
59.1172201039
59.0737345557
59.4505873063
60.0217955021
59.5571597337
60.1171426594
60.0251527708
61.6460938721
61.4679087573
60.7222897464
58.8111039653
60.3688881708
58.9122706277
59.3340480312
59.8613076796
62.4820385279
62.5140057577
62.2182189825
60.3143923507
60.3185816577
59.4683327199
57.9034975075
57.8121552843
60.7824782171
59.7193919320
58.4710267077
57.6360754592
58.7988241144
57.7475978264
55.2213362138
55.1773455848
56.9068104014
58.1365719263
58.7531752874
59.2846957087
60.0618888131
59.5472728863
59.4163947194
59.0443267141
58.7942017132
58.8004774081
58.9316294540
59.1955014861
58.7109923266
59.5193548668
59.1059829972
59.9495405119
59.0076681952
58.6522512649
59.2865097982
59.0518927578
57.4661728983
57.4495189696
59.6736662827
59.9369787030
59.0069995040
60.5183769938
60.4275055131
60.3573714265
59.2054631291
59.8988760994
60.1190696719
59.8499112592
60.7326579398
62.0962804758
61.1565739681
59.9378943969
59.8711058617
61.0174701388
61.4443061040
60.6532503682
59.5657858228
58.3935311290
57.4361786286
57.8412914637
59.0188331771
60.2526739591
58.6929474155
58.7807680153
58.7378912214
59.4125236668
58.9694350400
58.7162951792
58.2552539678
58.3230929044
59.6698302100
59.6250195318
59.9313793244
60.4885830783
62.7202084087
59.5018040590
58.7696534058
60.0546916108
60.5743158927
58.4873069591
56.0025698089
57.1192283940
58.5084443743
57.1618217447
57.8627191581
59.5866093417
59.3823556392
58.7754809227
57.9201045464
58.0223226545
59.2969320902
58.7049882905
58.7143888726
58.0726034153
59.0083853611
59.0986502892
58.4946332745
60.0716680279
59.5787873248
59.1774245216
61.0372295255
60.4620639200
60.7293157858
58.1167324163
58.3111419361
57.2829753542
56.0023429848
57.6887130643
58.3172509904
58.7691602272
58.4924796036
59.0830932831
59.4983686189
60.2444190462
60.4289464983
59.1367675721
58.6790065960
58.3032561533
59.6592293695
58.7738074848
59.1730684898
59.0349629306
58.3699194299
58.1969252734
57.9705650258
58.1356760609
58.4409997005
58.9083404828
58.9176033164
58.1958944079
58.2930224464
57.8369296835
58.0826382250
58.7995549050
59.8750580161
61.0437292776
61.2311255656
60.1779640569
58.3123749279
57.2245300461
57.9313771632
58.3462530820
58.4900641895
57.6917322454
56.9481374232
57.4632866697
56.9325494630
58.6393065356
59.3036478156
60.4075054291
59.8842286851
59.3894364274
59.8261156797
60.7914485519
60.8515202384
60.4707083158
59.6826688835
58.9017869024
57.4637225192
56.8079205206
57.2725799700
58.3416085111
59.5019720770
58.8604472554
58.5093722513
59.7099729477
58.4896836596
57.3741866637
56.3040596313
60.3995963506
58.0047512401
56.8978973688
56.0033001348
58.2568103839
58.0544973402
57.5224087475
55.9949583368
56.0425105066
57.7423112673
57.7267820600
57.8453907919
57.2275809872
57.1052073868
56.8549468851
56.8557919051
57.4976590064
59.2574752489
59.8969252275
58.4918679320
57.9452785946
58.6456865328
57.1843855808
56.8458720049
57.7315858596
59.5506732039
60.2789964487
59.2863954857
58.6715836016
59.2924756026
59.1659164007
58.2445655042
57.7522272741
57.6465461675
58.8012684012
58.1732899377
56.8937706925
56.0608030685
57.3997234484
58.5921361416
61.8758810858
61.0398472425
59.0051328445
56.0196638251
55.5584142678
58.6822748012
59.6015096547
59.3823772197
59.0165858916
58.7543976815
59.6276547669
59.8732118848
58.7575369713
59.7616298968
59.8561066312
59.7486574315
57.8351917880
57.2047700894
58.4497404431
57.9818829560
57.0255205949
55.2452992651
58.4543275886
59.5488685106
58.7095297213
58.6055812289
59.6729757317
59.7564374392
58.9180192695
58.2723869971
60.1799373628
60.0433764229
60.2021553054
57.9464110750
61.1660305092
61.7845763344
59.7335682162
58.3681880507
57.7117436231
57.9266223186
57.6852843060
56.5557170935
56.7355871389
55.6418991313
56.0813810858
56.4133116743
57.9304492622
60.6046416371
59.8590075886
59.3904715827
58.3929609549
60.3489454473
59.4253502714
58.5420089910
57.6899454456
58.3530890334
60.5724748624
59.5043071269
58.7385382858
57.2227300330
58.0124483747
58.8451356631
60.1967765257
59.1725321499
59.4369622488
57.8806424271
58.0717388327
58.8114018752
59.3137619465
60.0012733280
61.0113393183
59.4020341385
58.6944264860
59.3179896197
61.2336221981
59.3437405693
59.0367724052
59.9210188143
58.5691818900
55.9999210729
56.4728375077
57.9320100595
58.3586132106
58.6281516769
58.3484526150
58.3493844819
58.3627029674
58.8416723929
59.7624318105
61.2843610919
61.3202148033
60.5788223487
57.9811339423
58.0838051558
59.7259115747
62.2218871316
64.1732013953
63.4665626376
60.9120119719
56.5032804848
55.6806730659
56.9738316599
59.6576507594
59.8089637662
58.9687842211
58.2987381040
59.1713200718
59.9787584375
60.3206281380
59.7610848267
59.2474062743
58.9251463809
58.5669291568
59.4807261252
59.1979350836
59.9598952923
58.7651957132
58.8411007822
58.7071351295
58.5835376356
58.8965074494
59.7396060046
59.3900638608
58.4012062491
57.8274670077
59.4643414445
62.3344461617
61.6317879441
61.2039108360
60.2652229730
59.7341147529
59.7032070906
59.4755979549
59.3651340851
58.6579579133
57.5413677198
57.7440305109
59.7706453920
61.4462239023
60.9949326817
59.9984169739
58.5503159982
58.3650561020
59.6785345570
60.8772281067
60.9434789721
60.2499517408
58.0458855663
66.6653135507
67.7824337612
73.5886661051
73.6500269518
77.0225649719
73.3162741530
67.6914363393
68.3509555208
68.2321246755
67.2036970094
59.7423167003
64.9208635301
66.8107577904
64.3036893507
56.3092294507
49.2660947065
48.2808730354
49.7386925133
54.8009657045
58.7366521388
56.5271199116
53.0359861294
50.6890450770
50.2279538069
48.9470649274
47.7227650489
48.7858669744
50.8716682228
51.1808798327
53.9345866506
60.2250473179
63.2622635823
65.0067884185
60.0154220584
57.3339489924
52.8318873156
52.9435484064
58.7237254947
55.2569230609
52.9114092214
49.0754631989
51.0166054125
51.7965564744
52.1755320141
52.5485158399
52.6880107683
53.9151645918
53.7472951843
54.4335182854
54.6381162358
54.8019531751
52.8285944542
52.9315659199
54.6146257418
53.8948150134
51.8350991614
50.5561631620
52.1950654775
53.9272737525
55.1189096582
54.5219699065
54.3013172916
54.3523358894
66.4136450162
72.5394673900
80.2352677276
81.1361663974
80.0016516675
76.3241985430
74.7738049053
71.2141514377
66.8077532904
61.3483941254
56.3184106809
52.2534047783
67.1323587597
72.2806915014
74.6449307251
73.4420199781
68.3124967368
59.9231616332
54.8310772291
53.4514003974
53.4433406587
54.8889653532
54.4096466201
53.2647352301
55.9710046941
66.6983652635
72.2039532868
81.7203011067
81.8696089787
81.2136366646
79.0807410396
77.4822551246
76.0230413864
69.0709208424
63.1147005652
58.7572185576
59.3476724146
58.6578009279
57.2466411448
56.8770090544
56.8762259599
56.9322020506
54.6405449540
53.7612116978
58.7030189104
59.0921202321
57.1953690704
52.1185904771
52.9781786958
55.4636898694
57.2311017726
56.9657447080
56.4982625120
55.3738649957
57.9258005530
57.3517051524
56.4480351406
53.6603929259
53.3092380129
55.5702760129
57.8464133211
56.6628159785
55.3074178964
58.8283294439
59.2078065645
57.7382974593
54.0429153530
54.7638899070
55.8433147003
56.6696046549
56.7933864804
56.5481076538
55.9759284101
55.7847998121
55.0765152927
57.6607982828
57.4115518280
55.5366367195
53.2445283854
53.8999959030
55.6113641260
56.6652427629
56.0892065224
55.6967094789
55.8192684980
56.6187365002
56.5780156908
55.4479378512
56.4039251015
56.6462941480
59.7567097324
58.8696185239
59.1631380446
59.4929717948
60.3464852878
60.4689548434
60.0239992927
62.0141378725
63.0812043653
59.8904955505
58.6165053452
58.2172905829
59.8609550060
57.2838562658
55.9336611532
57.9593703419
59.4864998840
60.2857383035
59.9149506158
60.0783555074
60.8618310183
61.7300994794
63.8748625400
64.0414626030
65.8659505905
65.1984276390
64.9463642549
59.6115198804
57.5076757134
57.9270376308
57.8368542894
55.6775228797
52.6172529566
54.9863393223
56.6863460943
60.6242074736
60.7817154214
59.0860554577
56.4824163750
57.1145190657
61.2043195467
63.4907934938
64.5485189344
64.8587076044
63.7303641858
60.1045467373
60.3215619995
59.4222269009
58.2041820505
59.2741152938
60.6411786807
59.5480750230
56.1812648700
55.5513679212
56.8419695056
56.2277009237
56.1172678440
56.9850880774
58.5516115649
60.0051565831
62.8659946964
64.6892911117
65.0526479884
66.0149220836
67.3187964237
68.0270404865
65.6423547784
64.8833600075
64.5533903040
63.3745397216
61.0181193533
61.2137289043
61.2113628922
61.5146133855
61.4946376291
61.0078286999
61.3326331388
57.0871191296
57.6147108242
59.5824691443
59.8167928387
60.0774180623
61.2974030473
67.0013714619
70.6851422848
71.1058796400
74.9782473834
81.0983092629
84.5819801726
88.1754388508
85.5157701427
77.7050988223
76.9466892584
63.6443714989
57.6379088802
55.1367066983
54.6115624071
55.6513047787
56.2786476700
57.4651432941
56.6316136285
57.0409668569
55.0545282998
55.2240649698
57.0210108323
57.1255856330
56.0823781499
53.3584461844
54.2306313292
56.9826642098
58.8564532339
61.0690299167
59.7493290512
57.7511591872
57.2071971451
58.9816099861
60.0729011954
59.9468669209
59.4197121641
58.7158604880
60.2489168153
60.9265338874
60.8129781474
60.2027317040
60.4703608775
61.0057911100
59.8565882812
59.1322054026
59.9825606842
60.9030057056
60.2723204863
59.9919645563
58.3259566811
59.9765839158
60.5801666102
59.8781038110
57.7753236184
57.6652652373
58.3263865860
61.6696225229
64.2837320662
63.4359622841
59.6956968064
53.8993805933
55.3855559029
57.5138229765
57.7459503100
56.7696272243
56.5654103654
57.3790336874
57.5669109188
56.0893837570
55.2261393064
56.0479777125
56.0534729089
57.6158016006
58.3835020977
59.3273925150
59.6922814045
60.3578571207
60.8427902610
59.5518428422
58.4915962907
58.1862492852
58.2702861354
57.7090695192
56.5634795291
61.5853007684
62.3605225372
61.1430027613
58.9302222345
61.0162022138
60.8874082098
59.5011916712
56.7784007058
58.3006426429
59.6061088869
58.8316713344
56.5599354063
57.1453779118
58.4317244784
58.9424134254
58.6001505536
59.2633421184
61.2289489391
63.1412356724
64.9741624049
62.3315195729
61.3737358820
62.7187313309
65.4663682318
67.1777930899
67.8980103567
68.8405815622
66.6165843910
64.1183793968
63.6697462199
64.0892740101
64.8799126965
64.2828670373
64.7585666511
64.6034033650
63.6212363566
62.2834271159
61.1998795407
60.3779725559
59.6952937461
61.1796605968
61.9757225000
63.6330251736
64.7498392450
68.8624015760
72.3501800382
74.5205852376
76.8516245744
77.2124720358
75.2106141005
70.2199511713
69.6377170253
69.0259287470
64.7903728091
54.7618264461
53.1287966789
51.4099128783
51.7587577957
51.3928371761
51.9098728905
52.9202339070
59.2764037977
60.0001164972
60.0068377435
58.6594448853
54.9374801629
54.4952065015
55.0722428009
55.1097153966
55.3717418615
56.3384846423
58.4831965104
58.7633034163
59.7187466118
60.8378952830
60.2213948495
58.4077422871
55.0024119099
55.7424914570
58.9200980507
59.3841246992
58.7024163957
58.7606561458
58.8272952118
59.3604801159
62.5846005238
59.9218462852
59.7109826755
56.1482915934
56.7678187036
57.1991015170
57.1189753791
57.6287322534
56.4813898316
56.8649570959
57.0213331307
57.5143170453
57.1940921496
55.2981314614
53.8229832118
54.0373646504
56.0206360103
55.6594937893
55.4324294740
55.9874072633
55.7344224484
55.1947348580
54.3360834365
54.8750454100
54.7197226109
54.8072827270
54.0464949191
54.0606607482
54.4787579686
54.6290694148
53.6514494379
54.7890887533
58.8475569799
60.0363944659
60.6082856141
60.7244916319
59.2304423311
57.7472119028
57.7605097363
59.0557525578
59.4688083124
62.8488884441
69.3098434573
72.0425260640
72.4239613456
69.1873050167
65.0775243334
60.8315198863
56.2316013791
52.9634895218
52.3078010973
54.2845881099
54.7424919369
55.3237528449
54.9492654800
55.4734857486
55.1150757134
56.2775052768
57.5195887038
57.0131556564
60.5023538788
75.2155271385
81.2817608687
82.2820298891
78.1020538814
73.9836224509
71.4963011335
68.3191652488
61.7450356534
55.5404591130
51.5306823563
50.0629997024
49.1588303698
49.8624570364
51.8684457898
55.2223039157
56.3311265289
56.1886333561
58.5383947778
59.4759771030
57.2070589299
55.7679905785
57.9597190252
61.1050101254
58.6997035642
56.6888822837
56.0604951788
63.0102453939
58.0749708641
55.7960267165
53.0561192865
55.8359465153
54.7224589216
55.4274657663
56.5554087780
61.0469581507
63.7458145614
66.3240751150
65.4963808322
60.4675022324
58.8399935498
61.0649679558
64.5646511745
59.3427989753
56.3422017168
57.2982343633
57.2254424215
54.2595709895
53.2859080171
62.1425217212
64.8435341911
62.6235141295
59.1405745985
54.9021424190
56.2422462601
56.3671017420
60.2312569288
57.1123480279
54.9445783871
59.1584830387
64.6451271701
65.9279018611
64.0723928739
64.3706216293
64.7060742840
68.3067094329
69.9246469614
70.7658315574
70.0181141082
68.4099094620
65.4275289172
65.9652324989
71.8173455074
71.8515691745
68.2973550056
65.7743525706
64.3761466588
63.9810535744
63.9415086147
64.3510405746
63.4851712806
64.3409148347
67.3518735611
66.4543342171
65.8906544000
63.7730604643
65.7397972836
66.2792844757
68.0624122586
66.3041078227
67.2497437729
67.8278293768
67.9765532495
64.5906744657
63.9720703137
64.6116255312
64.8031064560
65.2167729308
64.9966874882
66.5753531420
68.0639480314
65.6986789094
65.0233470861
65.6987318346
67.1043611245
67.3065251780
67.6815088188
67.0229465118
68.3272537876
73.6487376968
72.6686523506
76.9488071138
69.1955948289
65.5086150162
63.8099085811
67.0965083701
67.8308450663
70.0390273398
67.6803363694
68.5277957921
68.9494382427
68.0391352423
66.1409173723
71.0831710320
69.8693641436
71.9037692247
71.4172297025
73.0909026921
67.6610414773
65.2331355254
63.9763461355
65.7692287665
64.1232207273
64.4053505796
60.5604379605
63.9269863533
63.0056861135
63.8944560388
62.4261902269
61.7718715175
61.9958316969
61.8120356900
60.6981929602
60.4210126468
60.7131209884
61.5119377568
61.6918794144
61.5938812808
63.1534023014
63.6981759336
63.4313916805
62.4552735553
61.8233728980
62.8750373460
65.0876331702
64.2905383804
63.5588921119
60.6762925526
62.1407986775
65.8338961565
62.9367143514
61.9599257974
60.9230520744
64.3537586357
63.1009682125
65.1801142501
62.7574015589
59.7126832542
59.6737561392
59.9881045456
61.8834349367
62.3040490149
64.1441309059
62.8906707749
61.5907007447
59.7442920297
57.8054724110
56.5372813487
55.0473814683
56.1278804860
57.9117151298
59.1307432642
60.6752634733
58.9187644109
59.4148340660
59.8791018696
60.2788094593
58.1417616203
56.6648069509
57.5807491741
57.7798820800
55.8096961617
55.1057785693
56.2012679041
57.3871520544
57.0780069240
56.3599939469
61.3738546913
61.9394032638
59.7673787615
56.0915566083
55.1695708936
58.7400151744
57.8626667978
58.6685146691
59.0164706550
59.7559628695
56.8248559951
55.6567978367
56.1513060039
59.7797525932
59.7708240755
60.5394815442
61.9461148991
62.9387218840
64.0407312924
60.8532765876
60.4755400429
60.8054701380
60.6058214943
60.7810902772
60.6472671150
58.8249884308
58.0417113988
55.9279047984
56.9650815249
59.9469611735
60.3497060536
59.0098965000
58.6241181097
59.7192579620
60.2037343250
59.3097519312
57.7418295522
56.4512928261
56.0433072624
55.2279208965
54.6988277401
56.8792544245
56.7600237568
57.7300901007
58.5077159928
58.8201192895
58.7324872382
58.0731798456
56.9010640596
56.6574432318
55.6225449914
57.6929205005
57.8328967718
58.5462899386
57.8626521586
59.6001304965
59.3372217470
59.4280749371
56.4415099336
56.8188593155
58.4328357809
59.6666060998
58.0915336064
59.0894546088
61.1683963855
59.8899437944
57.7276172946
56.0015614172
57.0965329824
59.4018280763
60.7523875075
59.9547446427
58.0040674451
57.6463920648
57.6329079175
56.9102598466
57.2234396050
58.4163358082
59.1744797921
57.0349554298
55.5260828041
57.3815503195
58.3901571179
59.4762442774
57.5434472220
57.5028100021
58.6328800317
58.8369852687
56.6779060048
57.6818989479
56.4203754463
58.1836985124
57.6984055466
57.1211855586
55.2881523344
55.6479128974
57.2710967752
56.5508486731
56.1465070037
59.8384080011
61.1892229141
60.4599263492
58.0170662802
61.2407533667
61.8908787648
60.3609306712
58.1140050715
61.1066936279
67.8611688640
71.0129817793
69.9513465629
65.2730159815
67.5715288318
72.8513151682
69.0999893103
66.7557236014
61.7888044623
59.7489177242
55.6313638850
54.1842713425
54.8203992619
57.4279150763
54.8361969787
50.0858801659
51.5424504704
63.1471457980
66.6038904132
74.5991680174
77.9208997285
76.4334433041
79.5960848816
81.8910111066
81.6380571990
77.8842189625
75.6208793864
75.9695321964
72.6753332130
67.8859487009
65.8414013534
63.0500389792
59.8840988928
58.4046935677
59.1239807989
58.0092751443
58.5978731389
58.9447098158
57.7273828701
58.9886319990
59.4395356602
59.2418399377
58.5763403349
59.1724795422
60.5659169352
60.1010865571
57.8809884786
57.3462575808
59.0923280078
59.5964063448
59.4443374853
58.5692948618
58.2224101598
58.7353083507
59.3596215130
60.2626486122
61.5486903070
61.6315565433
62.0246745987
60.8330151147
60.7553702054
59.8824407107
61.6687593461
62.3828278751
62.9522842136
61.2025668146
60.0348421447
59.5030538838
58.7468840350
62.2519600177
61.9532938714
61.6679063116
60.5398164163
60.4257638358
60.0926998594
59.7627054659
57.1683441081
58.3416025395
60.5849597094
61.6136001595
61.7183252338
61.6409748407
61.9539341672
61.0896391965
58.8787735890
59.8680714335
60.2004822457
59.2650937191
59.4580628290
60.0741664092
60.6723925810
60.7075094695
61.0556303260
62.0568996454
62.2442997284
62.6886101072
62.1198711654
62.3556664590
60.7822390069
61.4292212008
64.4705761480
64.6359888876
64.8273352937
63.9794605017
64.1752364963
65.4655610778
66.0964893770
64.5392161263
65.0684808801
63.5314317514
64.1904748068
63.2386161089
62.8769318689
62.3140350336
62.6292269318
62.1946390599
61.6731133570
60.5366073182
60.6640838428
59.2733686490
58.2215243831
57.9872701152
59.9874366083
60.3925881764
59.4807715409
60.5660099232
61.7833550595
63.4445418545
63.4981957126
62.2197587548
60.4446215207
60.2067368134
61.4816176637
62.3042055705
63.3607438892
63.5304159940
62.8976699293
65.0839484053
75.1312420988
75.8400964199
76.3488551434
74.3839660671
77.1893717363
73.5648688862
73.0095453916
69.1961599010
64.7942058763
62.8503995269
57.0716587624
56.2532018215
57.7915006608
56.5706203313
59.0727837674
58.4573531870
59.5444366465
58.6912124556
57.7920597188
59.0224882836
58.1611289175
59.5245648020
58.1299579529
57.9976854021
57.6989141747
59.5443359805
59.9444125386
59.9985271714
59.7027912146
59.9762253600
59.2442558857
59.6761963442
58.2932249350
59.2906908529
59.2626912832
58.2661336314
59.6258209571
60.3808246332
61.3934937300
59.9309492251
58.8844963922
55.7663714395
55.6905723155
60.0883263404
61.1301491595
61.4213782830
60.5290332522
59.8616908246
59.4625080355
59.4664408135
59.2890586705
60.3626655255
61.5428919572
72.3191048505
71.3955106795
78.3918098405
76.6366630117
69.8960915381
62.8313840399
71.0885507374
73.8979158536
72.7090326863
70.0613339927
63.1229901655
61.4917983765
62.5490707685
65.2189359393
67.8071199330
65.0626742139
60.9772270572
60.3212138094
59.9521775196
61.1359887150
60.8394932060
58.5150050706
56.4595312136
56.8071407800
55.3556267909
57.5861457695
58.5800759171
59.9417201791
58.5412638210
59.6778136650
59.5076625986
58.9738678990
57.0471985329
57.1378343959
59.1013123060
58.9356442184
59.5226384593
59.5365241053
61.7988441160
62.8530580745
70.9988893748
72.2123179131
71.4140318205
70.2968355992
65.9985051729
66.0252970119
63.9226475617
64.9382347264
59.7141123185
59.3344930792
60.1158921521
60.5044765261
56.8214511236
55.8025500508
57.3219407195
60.4202270176
60.6346998626
59.0542637267
55.5879329320
54.8622487542
56.2550107582
54.9495669124
54.2565805297
54.8501020485
52.7680247496
50.5280463913
51.3628211379
52.6183319110
54.6949564878
56.9796758434
59.7083490507
57.0639406545
56.1614519383
57.5076645775
59.6973270857
61.1419524890
62.6069584654
65.4367154335
58.4655435446
55.0522668860
51.9461969370
54.9702930665
54.4692212510
54.7482530275
55.8503847418
53.3050113560
52.4035790330
54.1184926358
56.6402303587
55.1243407573
55.3309617871
57.7583421211
61.1337223992
60.3050149243
56.9017664070
56.9600479986
53.8473113962
54.8774777939
54.2298604840
56.3378145875
63.8082654207
63.8239381911
64.1862195176
63.5934490101
63.5989552950
68.5252417455
67.3260838653
70.6487881217
72.6047045396
76.5549481084
72.6228954658
66.1098041900
58.7091005236
53.7546465344
55.8116695940
55.5704786795
54.3303913358
52.9574412460
52.9271194029
52.5349453325
53.5346657034
54.1866059741
54.0254528434
54.1984161289
53.3240604986
53.6335372991
53.8214232984
54.6280458419
56.2667980766
56.3476981847
57.6302302381
58.2318542645
57.9166114387
58.9667949016
55.3352836632
53.6903294169
53.3031952150
52.3868174862
51.4279069694
52.7043889635
53.6618533509
54.7738478582
54.1181379070
54.4449092023
53.8448850246
54.5356526360
54.1603747800
53.7708195092
54.5886721646
55.3086230973
56.4337900155
55.4536402894
54.2231462479
54.4116164069
55.5244552699
56.1316478636
56.1562075150
54.8373328416
53.3147009608
54.5400524530
56.4243150454
55.9966834395
56.1242901261
54.5012131197
53.8849267860
54.8872993129
55.4327821840
54.8481558926
54.4467124852
55.1719853531
55.9554808605
55.3440151505
52.3503762724
53.0703670257
56.2481532743
54.9182900578
55.7802807876
55.2118164191
55.8474045911
55.5573034992
54.3975387951
54.7692738456
54.5424891477
54.4695790327
56.9222791725
57.3303940440
55.8077779436
53.6990036388
55.5532173120
57.9142723794
57.6830287763
57.1391598106
55.0309204742
55.1176881161
55.8803417687
55.3599560034
54.7300864143
53.6653689815
53.2398430518
54.4850305121
60.5636755704
66.1905534377
66.9001486410
68.1943977940
68.1997163780
70.1050001249
68.4877514707
63.0973906350
61.5731476582
62.3222375032
61.9390741082
58.0458978330
52.6161101728
51.5223749178
55.6170317086
60.3413692892
59.4754749809
56.2277906892
51.6395889016
51.6220440318
52.7756218439
50.2013464943
52.1039886161
51.0135963993
50.7895586989
52.9384656676
53.6614595202
53.2959221946
51.9698142839
51.2290242557
51.5493083806
52.1332175750
52.7548144288
52.6041739276
54.4305976606
54.9909120923
55.2547082619
54.6969104795
51.4637488975
52.7264498812
51.8938146092
56.5179431547
58.4261031871
57.7467701340
53.8704567483
53.1514119262
54.7255954972
56.2678431667
53.8906537593
53.4643512124
51.2016019657
50.7581721796
53.0008820803
52.6266811839
54.4714255170
52.1896041935
52.4090376466
51.5937823442
50.1191432640
52.3806910284
54.0780585597
54.9949288127
55.9746216397
54.9684377405
55.1447524203
56.6763198588
55.3334080893
54.8696372757
53.5055000336
53.5428991554
53.3797320412
54.9486851510
55.1661850473
54.8829357529
55.7826726436
54.6933995537
54.8560785105
53.9183998092
53.6218921009
53.5046036319
55.8154824988
54.5562062060
53.9486098256
54.0732034995
53.7533099615
53.3353136685
51.9244197561
51.7854093748
53.1694278590
54.2588744412
53.9280522914
52.0686077227
53.4968488035
54.4245178747
54.2689956872
54.4209663904
52.3627605159
52.0974088417
52.6767440507
52.3641913620
53.7156833614
53.9753107717
53.7781497751
51.9755010558
52.6662227929
53.2170798911
52.8926390504
51.3894225057
51.3862716939
53.5773407041
54.2135106036
54.7002465987
54.8720689562
54.3500853367
56.4577036080
56.1499680375
56.1605570028
55.7300246478
53.6686599584
53.4747897729
53.3380737352
52.4810746834
54.0209576351
54.1485076376
52.8221251631
51.8334640234
53.4245066946
55.6830709297
54.6024109787
53.3687931307
51.2335035502
50.7581055505
49.9294046052
52.6999425169
53.9921815091
52.8098274718
52.0955594703
53.6945926910
54.9961933470
55.2611713051
52.6680328099
53.6109096923
54.5081237190
56.3788346960
56.1950978080
55.3884109184
54.6925617723
54.5796591174
54.0387567908
54.7419945180
53.9187518120
52.7843851896
51.9117917050
67.8074614632
67.6347105205
70.3967654434
71.2365258164
67.3741287583
71.4478417201
68.7587149855
61.3329463795
54.8457069677
52.2904896039
50.2392322610
49.1561177331
48.7621321204
47.9973372941
49.5981896007
52.3223375531
50.5611536627
51.4905900274
50.4831368564
49.8101577350
49.6003105736
49.6877620833
50.2162791069
50.8879792262
50.6636479643
52.9606165340
51.6182300498
50.5148637401
50.4338631130
51.4005827284
51.0768012997
52.3571066790
54.8167871544
61.4510358250
62.6440463551
60.3367986809
53.6101162605
51.6707473554
50.7694342013
50.7674976019
50.9133076362
47.6294595346
46.8585146515
48.0675100723
47.1787846223
49.4470722967
51.0486347605
52.3958780189
51.2040518444
49.9719002736
50.1369438280
52.2800378998
51.9936280690
52.0452457191
53.3389332198
53.8381874150
51.2726401814
48.5433597101
48.2786525727
48.5556420941
48.8235596448
50.7715625526
49.3997791478
48.6983151956
48.6626546794
50.2211802002
53.5844432549
53.8268906972
50.0693342376
52.0642215341
50.8727357648
52.7356382946
50.6057525215
50.3799447216
51.0190123539
52.4867283316
52.2283882318
52.1396797342
54.0269413100
53.8779125337
52.2719326165
49.4851228720
52.1134470128
53.5618170839
53.3927955558
50.1230425860
50.9622108698
50.7708716947
51.6518080973
51.6008495503
50.4406808419
52.6933475219
54.1764054748
51.1848581332
50.7549758788
49.3102742408
53.7495557664
55.3265341054
54.2998319024
54.4049577002
55.5266186169
53.5804222918
51.8495031910
51.9483675056
51.1097474680
51.9285862240
49.0547002069
49.0956543870
50.4437997323
49.7949480601
53.1226050598
53.7833436336
53.9319236283
51.4686579480
50.8025489853
49.2686263836
51.0950251922
50.8327098251
54.7495210657
56.3120089057
54.1511252415
52.0568265772
52.3055810318
64.9905574180
66.0575144101
73.6932301100
81.7474581418
80.5940001249
80.9754528229
74.7818173865
75.4748272025
75.7269069129
64.7162412683
57.0539905556
50.1357977751
50.3366077610
52.4673063020
54.8304994445
56.1690063686
55.4863505625
57.6763810800
56.4609079578
57.5914198868
57.8006315870
59.3923276903
56.3414017659
54.6799182180
54.2825992324
57.2272744525
57.9481818348
60.7078236289
59.6438049345
59.7139121720
58.1421981612
58.3804278578
56.4741823734
56.7617862390
56.1539129538
57.2011399635
56.5495680539
56.4720406894
56.8731517601
57.1791010388
57.6183117085
53.9892178584
52.6317444259
52.4528554518
52.9341855978
53.7486853400
53.6294451191
55.3513442056
55.1144216056
55.6880220943
55.5640843085
56.1442262462
57.6924899384
56.8405322612
59.2062288456
60.9208939304
60.0219229125
58.8662071374
56.3597748077
56.9448686598
56.9364630054
55.7363249632
56.0361658171
55.7447547490
56.0623911675
58.1057423249
61.1751598446
59.0745172137
55.8919024441
52.1724637230
53.2245505479
52.9437246993
51.8853436936
53.6344884842
55.7524869025
55.1246008845
55.7557194371
54.8492582649
55.7453171003
55.4798937721
55.1956339089
55.9095082860
55.1675493701
54.3031512062
55.1020769713
54.4396502174
57.3055797324
56.6767087967
56.6706490699
55.4456325214
53.3605800360
53.2233274321
55.2758254689
56.0223545159
58.4732707819
58.0394654528
59.1637639638
59.7101100487
58.1563534074
56.2837199709
53.6564812502
55.6461922178
54.8772812574
55.7938149789
54.5349654424
55.3171329722
55.6815259113
54.9723508953
54.6249154472
52.6114519580
53.6205610562
54.9197245467
55.2314497172
57.6144854908
56.6561089071
58.0884196661
60.1716458933
62.1081163882
63.4593333494
57.7458667705
53.4201726672
54.4201240817
55.8487818117
56.2136003317
56.1769349813
55.2499886006
54.3052891999
53.3601829743
58.5447249837
58.5827872067
57.9661583719
53.5490830325
53.4904228423
54.8538289574
55.1788849041
57.0655008585
58.5159684631
57.3358617802
54.3410644039
53.7089866262
53.6689636375
54.5925701086
57.7500405408
55.3120079530
54.8822147310
53.8895490666
57.0059797587
55.9842380005
57.4078892211
55.6052560216
56.1633488178
53.6158033199
55.1804868292
55.7913651185
55.4735395377
55.9593923753
54.2278639967
53.8048756336
52.5648782927
54.2091232285
55.0343563500
55.9374875053
54.6306544192
54.1349880693
53.7512822291
55.4749334960
54.9418869338
53.7696779694
55.1349575112
54.5071740184
55.3930056386
52.8598724250
53.6039578223
53.7575512497
55.6162547726
54.1647235758
54.5819356134
52.4616411939
52.6989418693
52.0302185158
53.9198693545
57.0044590542
58.9599255492
57.8402710283
54.8035550499
53.4135687210
56.3794596482
56.0276399847
55.5367251071
52.7355811133
53.9664333758
56.9723107075
56.2483347891
54.6708620757
52.2648326358
52.7713959847
54.3141221910
56.6293084327
56.5896451523
55.3648627599
56.1337847998
56.0647323355
56.6218294532
56.2500485072
53.7754573368
53.0764694740
52.5524359934
54.6029979158
53.6790124081
54.4097748111
55.4408498766
55.5229043301
55.7270072304
64.6817524114
67.8042057486
72.1757480934
73.0149249422
70.7071198883
70.6081264484
71.5242407460
64.4087862642
57.7681734874
52.6660624292
53.2673751406
53.0663502926
53.9373188567
55.2368387239
57.7136569428
54.6177697871
51.1344015078
49.9135765171
49.6377400051
50.7173276677
51.4218117929
51.4065996462
50.3663147867
51.6741814895
52.0866839866
51.6837031563
52.0883503569
51.1285107818
52.3319072088
51.3238184486
51.7940745320
50.5111909358
50.4719627421
51.8087820682
52.0795506076
51.5418972320
51.7011403245
53.4110410337
55.9922706807
55.2749041639
54.0415422573
50.5285422477
52.6361237479
54.1032530864
53.4710448428
54.8060854635
52.1608455421
52.7368282012
50.9681699599
52.4027962803
51.5693995510
50.3648343237
50.8225146306
50.2657823441
51.0390902761
52.0752955418
52.4517211155
53.0858627117
52.1576809598
52.8864104010
52.0715745486
52.7150640877
51.6036448202
52.6401250234
52.4168097575
51.2131337563
50.7388366495
52.1421469450
51.2321168116
52.1413095523
51.2085107145
50.3086902654
50.8490982929
51.2927429054
51.5433868182
50.4024107948
49.7052911551
50.9026235936
50.7168295723
50.9748880287
52.4096499469
52.6933086981
52.7903956229
51.4568414006
51.7279168334
50.3817302326
51.3623533382
52.3855121385
53.3815425557
53.3005053582
52.6947142254
50.5907265353
53.5485841854
54.7495820266
55.4724212238
52.8496400856
50.8118166471
52.9011855925
52.8676323213
54.0231048421
53.0691427163
51.5369625337
51.8259262745
52.2099041535
53.1546544195
52.8808316378
52.7082472214
52.5861149156
53.1171355147
52.2550493157
52.4999941708
51.4671537225
50.9475713715
51.5137758077
52.1003477291
52.1820155451
52.4062590608
53.6897783190
54.6854535439
54.4387321757
54.2599418661
53.9351356007
53.1901981661
52.9615538462
53.8420344381
54.6204447170
53.6718649735
52.4978574571
53.4300368664
55.7178360167
55.1195276557
55.6510841480
54.5681865998
53.9907859790
52.6397115238
51.4371311608
50.7943220733
52.1234825227
53.8477209993
54.7770143406
52.6730835183
52.1461165667
52.7859515508
54.4247147495
56.2474113877
55.2334449352
53.9342080636
53.0218175321
53.6457014221
54.2672116578
55.2025285057
53.8801961717
52.6284835937
53.0681096139
55.9993803346
58.7285283855
56.7796144362
56.2337376624
66.9213364687
69.4188976447
68.0191465649
64.3522690303
52.9190250651
51.9188698442
54.0339486878
53.7494868977
52.7274294883
51.7479816936
53.8137701706
53.7352972549
54.1665477426
54.4669784814
54.8588163687
54.2652885491
55.3268810147
55.6237716883
57.0363418861
64.2870202377
75.1440656407
72.8870411540
75.8237183452
80.2333675729
81.8897509227
80.8663555225
83.2597272818
78.8274120804
77.4367848619
74.6642923293
70.3236417096
70.3422956552
70.3697035007
73.2128733211
74.0683855678
70.7188248371
68.6579133909
68.8168484702
71.5897518737
72.1510581479
70.9358365476
71.8380452485
71.4152250743
68.9644974822
67.5312334729
67.4930195383
70.8438366445
73.8243817941
71.1944200303
73.5906100648
69.7990290652
75.6274169018
68.1068987012
73.6303609359
72.3686421806
72.9480446816
71.7500072207
74.2685409826
72.6393962511
71.4247264847
75.5745333229
64.4249396017
63.3736877948
62.1249151714
70.4077645453
71.5756337432
70.7477603574
69.6470016059
66.6073328656
69.2249831699
68.2567958394
67.7042536453
64.9859116705
61.7580300691
69.4857608916
72.8556863952
69.1521359802
70.7024157890
68.3441696339
71.3898864076
74.7863326043
74.1518735451
72.2541234161
71.0252911007
68.5151485926
70.3362668192
70.8402452340
72.0989487428
72.2934768107
68.8316258728
65.8634986542
69.5244313604
70.6257195808
74.3159912329
72.3277923029
66.6477967874
62.9748266015
57.6433296211
55.7476591703
54.7899045137
55.5856434263
54.3322866690
57.2326705813
57.7405327803
58.7842559349
56.4926004007
55.4326070119
56.7086120027
57.1986685534
58.5166443599
58.2826703356
58.2199158235
59.2007710739
59.0445645003
58.9233488070
63.8206187848
65.5592714689
64.6751375309
64.1716137693
57.6072990291
59.2414377829
57.7906176737
59.0704836765
58.2984474362
59.3218571226
60.8892083338
58.2696905150
59.1566515408
58.8888305374
58.6917049746
60.1855306585
59.6690862072
58.8555785685
57.3975741324
57.6015648022
58.8288104787
60.9112419737
63.2307975229
65.8740856143
63.9985898603
59.4468131489
55.9690789905
60.3325021967
63.2041750200
62.4105366843
57.4768345912
56.0971627667
60.5182734665
62.1398323508
60.5071237918
55.5128357358
52.3519881495
53.7854858144
54.9355026678
53.6730699075
51.4542904934
51.6481960283
53.8822995806
54.0971984319
55.5160463335
55.8916056588
55.6236378126
55.2818709881
54.2315377785
56.8617293163
54.8413393935
53.2657331749
52.0764513845
53.5226782614
54.5881741586
55.6424493479
56.3128641907
56.9636779534
57.9072688637
56.0811417838
55.5472782141
54.4785886227
54.7099903113
55.4255894378
56.5331719653
57.8206429443
58.4623770020
58.5521840008
59.0716840508
59.7456278632
57.0774348266
56.9936512217
55.6491935469
60.1551161826
58.6347785820
58.0201590453
55.1332869621
56.4204301321
57.6455090326
58.0825570789
57.0458507221
59.9911602643
57.4545012950
59.4664335946
62.0824210652
58.6266448008
58.6933376600
58.9754037658
58.9163339364
64.7336179474
65.9187837643
64.9406230475
64.0076819174
59.2916779088
65.6939259038
69.6734308334
66.5876170824
62.7550938265
55.6022731642
56.2236198102
59.0722471451
63.7600187690
61.7156482306
57.9817913919
54.0697105737
56.1750819933
57.8957470465
58.9888454560
60.6955819551
60.7825177216
64.3736904461
63.9855723950
62.8413562552
63.0120110959
60.0712239363
60.1762922093
60.3707574276
60.9039867073
59.9350840304
59.6920981113
59.1365253205
59.6424164950
60.6497551628
64.6834251780
64.1332550565
61.4516017098
61.9604764140
63.1601629865
59.5597230847
60.4685574538
57.4944927102
57.7570005791
55.4734669987
57.0425308700
57.5839944053
57.6453307007
58.5688998323
60.5742281206
64.5827058024
63.6061257397
62.0543315097
62.4510112416
63.9368460016
61.1247108092
55.5593121432
55.1656186062
57.8471507485
59.7154214841
58.4617589052
57.7206676052
57.7435058429
58.9039129219
59.4262565804
58.9235718637
58.4822709667
58.6192208115
57.9666906496
58.3810585349
59.4695895082
59.5316707892
60.0993464756
59.5747714818
61.4852353032
64.5154207928
66.3442355405
65.8277516923
64.4103403462
62.1896402964
60.6369346453
61.0485536128
62.9739636750
64.0737698846
63.0109854622
62.9238738141
62.0585913016
61.3608178982
60.1672797904
60.2662583591
57.9696898029
58.7617071763
60.9053830853
60.7409531311
58.7373970455
54.9986678222
58.2563512343
64.5139245445
71.3268892939
74.2395533966
69.7134654052
64.2765475010
58.4918343771
60.6114198234
59.6071911868
58.9945111721
58.7151743402
58.6655536335
58.1651094398
57.6548795600
55.6372177629
56.5565660195
56.7942742277
58.6195144309
64.6365948061
67.3724661033
63.8628080714
61.1384358731
62.3095007540
66.9093819839
66.6396102222
61.7719051657
56.0032139445
55.9634438190
57.9564115796
58.6221295175
57.6050763867
56.9413042416
56.2886047544
56.5271816408
56.8914268848
58.1784921687
59.0871354256
59.1016790712
58.1334138904
59.0485269545
58.5503674829
58.8042807766
57.9842766886
58.3375323282
59.2658481919
58.4093549768
58.3970380546
59.9657105802
62.1599678801
60.4606723811
59.0417491622
58.9724605324
61.0135066467
60.1200594833
58.2319707831
57.5297124302
63.9717317070
66.6884351762
63.7529268981
58.4729018853
53.0550817609
56.2321090670
56.6998912479
57.3937407151
57.5072642710
58.3108301146
59.5517980478
59.4457440308
59.4551990342
57.9100593098
57.5976798328
58.9192137342
61.0592189543
62.2693093314
61.7390721458
60.7498782728
60.8531806944
60.4942065969
59.9597529379
60.4091617654
63.8396533847
65.4904577973
67.1813130282
66.7878169367
60.9215778820
66.0071575490
68.5436113378
64.7242986349
60.7302466543
58.5719281484
56.9977238118
54.6434030960
54.9772552669
54.5414198397
54.9493441796
56.1991339215
56.3802657660
56.9143521190
57.7694808521
57.5302352477
56.5928078717
55.2189412367
55.3547714497
56.0350057375
56.7164543116
56.1310326867
56.4358586180
57.1340922802
57.2948721027
57.9352896077
60.1788241275
67.6887870367
69.2308913552
70.5659283344
72.5804979378
72.7206381338
72.9471835487
74.4896701542
72.4262509067
77.7428830121
67.8322793968
60.8667845741
55.5973537952
53.1806347802
52.7835080298
60.2719942653
62.1318321835
59.8156033366
58.7695449012
50.7508746534
51.1307231518
52.6454443685
57.0261502683
53.9512835640
52.3464778035
53.0121006133
53.7856514395
54.6945298175
54.1093401696
54.8173202086
55.5697311880
57.6922353565
57.5116044255
58.3115687689
57.9001480954
58.2781586589
58.5513088053
57.5470773443
54.5294497526
53.7700361801
56.3450288287
57.9722414662
57.1509263598
58.2801099160
61.5950332646
62.9742852089
59.6291944272
58.3900883489
57.3861325961
55.8464315801
54.7582639645
55.2389850727
55.9666984543
56.6330745740
56.7375060960
58.7288332481
58.7986840302
57.2365131937
56.4071409761
57.5333279274
62.3585014242
60.9060044141
60.3235853871
59.1336129052
62.6494707861
63.8543940366
63.6021925771
63.3289117122
63.6730685914
63.5855817138
59.7601099853
55.5547386705
55.5312627224
56.5712469530
54.8255289207
53.3469733552
51.7595977501
51.5080998735
53.1366997797
56.9944184899
59.5968739819
59.3450280676
59.5185024274
58.8623628200
59.9410064425
56.3160865193
55.5208080942
53.7624005303
53.5558774128
54.4639026052
54.0400111490
52.7545038122
52.9069222105
55.0504635805
59.3035463216
59.4602249397
59.2446833447
59.6139092008
61.4441962867
62.8734428601
63.0004527989
62.7214187105
64.8655675598
59.6917605697
57.1979687730
57.3458908002
74.9765622319
77.9880599661
79.1536751382
76.9595742920
74.1917289870
69.2146539345
64.9741459058
61.1023822669
60.2135841664
61.4200895417
61.0919739705
60.9764818789
61.3630942940
60.0201238433
59.0569159982
57.9374829775
59.4355788094
60.1899382038
61.1045800957
61.1917038774
60.5978249441
62.6251877782
62.4776317762
61.8492441355
62.6070756443
61.4202654932
62.7333810621
64.2972832429
63.4253895761
59.4106972334
56.8499917129
56.1132671508
59.5846559547
60.3277108130
60.8480008514
58.7605727423
60.1322689897
61.7161394675
62.1289656192
64.5650933519
72.8891651850
74.0236807990
70.9320891568
65.5688665011
60.1773273916
66.0968468665
64.2628687259
59.1304206054
54.9305772891
52.1549392133
52.0657665208
53.3148422033
54.3148894934
55.0639542930
66.4538346250
67.8665298887
67.6415891377
58.9855650458
56.4898153299
57.0003479290
62.0228339154
65.8098004134
67.8238299781
66.7566244561
65.8984120200
57.9239094126
60.2458301512
58.1563276487
56.7651393149
52.3754110018
56.2326859143
55.3673802211
56.9610127114
54.2461637096
55.8868254825
57.9230343885
57.7938399973
58.5422047548
60.5311609250
60.2683485201
56.9564283699
60.2128514748
64.2492556532
68.1983190821
71.6225210012
65.5622957949
65.2530377912
63.3701151140
60.7553337207
58.6197111650
60.7566117331
58.2507334738
57.2802780377
56.7136382184
58.5514902554
61.3190820927
60.5867728102
58.5757661095
56.2689542216
57.3249656554
60.5524446766
62.6667319606
62.4882184021
58.2112099182
57.5075295041
57.7937067736
58.2244604589
58.0407797486
58.6638784899
59.5532696748
60.0311297731
57.2980293019
58.2034529004
60.3277469122
62.3331821257
67.7269584953
72.9260364691
76.3597513027
78.0131935591
76.7739390681
73.0151229806
76.3790032842
71.5723423936
66.1397384236
59.0854958243
55.0511088742
54.5829235593
54.3600778541
54.7852777011
54.7979652169
53.9839689702
54.9136151935
55.8119592329
58.3690750390
59.2938270287
59.6937657555
60.8195612508
59.5429152782
57.2672473297
55.8770987995
56.8430054894
58.0741810017
57.7223845306
56.7887145558
57.3053153749
58.4836225080
58.9798726499
59.4305712682
59.9344309039
60.7347718257
61.1190773662
60.3469958591
59.5952247058
59.2679100665
59.4205441649
58.8996059130
62.3139305150
63.3108312503
63.9275672564
60.3776805903
60.2147429354
59.8134363898
59.5062540480
59.1958743009
56.9864138175
56.1423711268
56.1354562481
56.6934241571
55.6740288207
55.0014429211
56.7683130560
56.6763755109
55.4273561108
55.5356495187
57.2179126926
58.3833446037
56.7069253672
56.5325720318
56.1669006311
57.0834259585
57.9497380533
57.8944845514
62.2223525734
61.4792118446
62.1048327118
61.7221993904
59.4843105614
56.3250492991
55.8819461307
55.9910060589
54.9956841279
53.1770537796
52.6661236372
51.8897776281
53.1496292491
53.5916211376
55.3481761392
55.6156486535
54.6369589441
52.8238764464
52.7643672887
55.3997650712
61.4530722001
63.6531720100
63.5884824574
64.7163557995
56.3908423685
55.8409685983
56.4428987347
56.8240151939
55.8774111180
57.4155984379
56.9341909054
59.7278960642
58.9833470282
59.8034753699
57.4824833812
56.4159606014
56.6704512089
56.8680305702
58.0708946217
57.0654789265
57.1339233986
57.4916174960
57.2126983064
56.5305391789
56.5888461937
55.5990898553
56.2531613431
56.3926818856
57.4651186972
57.8699743471
58.0145375273
56.8885223632
55.3560277577
54.7020190454
56.8123533322
56.3459465481
55.4659805837
55.1834074539
56.6518170986
57.0465306669
56.6531939290
55.9190922774
56.8894733735
58.0580805050
58.2909452575
56.2962872438
55.8088379107
54.2716806262
54.4730396445
56.6061504241
63.4392972222
65.2298055830
65.2851145658
56.5671988730
53.5068736831
55.1571942109
56.2353140042
55.0094260576
53.8402180847
54.3348227269
54.6544919556
55.6972281875
55.7135897166
54.5455124445
53.6636833070
54.9204430817
57.9908854761
57.1013137069
55.0323475498
52.6942010986
55.8683622895
55.6648742428
57.0068781943
54.3396998417
52.9562528769
52.1280451358
53.3884359704
54.4628915947
56.5374327672
57.4611410429
57.6918431504
58.4041049364
57.4134074919
58.1938020433
58.0698458015
56.1388842231
53.9913730842
54.6803579213
57.1910554790
57.7066091611
55.9891737125
55.3468064907
55.0963168212
54.0308296827
52.5390009986
53.3080477725
54.9763585953
55.7740166862
56.4644574727
55.4135408585
55.8098714795
55.4452739404
55.6231599149
55.8763828312
55.8414483199
57.7621830986
56.8879090688
57.0585794559
55.7690750881
55.2464104919
53.7803770084
53.3345708648
53.4019564054
54.5765454493
54.2044729624
55.4209344552
55.5652009415
57.4618956353
57.4879650495
58.2764117028
57.5612496460
58.5098896750
58.4940232216
59.1254685661
57.6942051882
56.1976065158
56.1967428678
55.3300322884
55.7680201049
55.6699386737
55.0514939354
55.2488764354
56.9047553458
55.6206114788
54.6007225852
53.1319896683
53.4017373485
55.4000318566
54.0379892350
53.8270772606
53.2045788715
54.1946714652
56.0157802718
58.7892553348
59.3780092550
56.7426525626
54.9564426256
53.7580105714
52.9201098078
53.5360185415
54.3118857403
54.7475632648
55.9655404326
54.6302013891
54.2410133871
54.9262323656
53.8905238342
52.4573350505
53.2463964682
56.6486387453
59.5741461029
61.9568303448
58.5225286089
54.0651358894
54.1938576515
54.9692307597
56.2381167314
56.7824188746
56.4651663969
56.0628072689
56.3328458856
56.6036423720
57.7982117988
58.1183959644
56.8481999262
54.3390024396
55.4891730958
58.1291889697
57.3437012850
56.2014081858
55.7401722804
56.3551341313
58.3598986533
56.8034105692
53.2902153471
51.0594272237
54.6754083521
53.0070498376
54.7598047153
52.6061279556
52.5833403110
54.4788491414
53.4062925026
53.9185062491
52.9509398352
52.6978459515
53.7672222670
54.8734709515
55.6655621934
55.6688554905
56.5244132166
57.1214711194
56.1456732148
55.5523949134
55.7965841455
55.3558357637
54.9983480255
54.4168821055
54.7585001081
54.5870066710
55.7734654810
55.4546964241
55.4916831576
54.8193401984
53.2734512226
54.5335233976
55.4798448943
55.6447154697
55.5489737837
55.7607274750
57.1182918665
58.5535417287
60.3177627721
59.3282400626
57.9536563094
56.4827393888
60.0628075205
64.2612239735
62.5634327815
58.7905401004
55.9103151502
56.1346760877
53.9244163368
54.0435807478
53.1441233855
53.3579617709
53.7550837112
53.1927567105
54.0483400037
54.5593289682
54.8241842632
55.1295774859
56.1326015967
56.5710811223
55.5647295952
55.5203075619
54.3235075646
56.2126010150
54.6255375802
55.4501920040
55.3255742317
54.8792237852
54.3106417020
54.4837127334
55.8968606971
55.0031067492
54.9895532232
55.5437851928
56.3598951147
55.4944955314
54.1172531111
55.3987073890
57.1919918182
57.8614413444
58.5600285763
57.9731635727
56.3606406181
57.2374676511
55.5496392624
56.6045298410
55.3138146895
56.1191266676
57.1804024256
57.7043597521
57.4151846262
56.9097865138
57.5518350456
58.5227981650
57.3544507784
56.2119283471
59.8388917229
61.6086922057
58.7795659006
53.6950459960
53.9812990080
54.7690921022
55.5527341035
55.5840102928
55.9634440749
55.8542393590
54.2566000733
53.1958394205
54.5511244399
55.8148267796
56.4525798589
55.4708932515
56.2468411797
56.6916904227
59.0895015055
59.6762931242
60.7755222176
59.5932034082
59.0551502313
56.7466516316
57.7848538416
57.5156966700
58.0965224435
64.9044783833
65.1389005110
65.9795872728
58.8197705343
56.1058910586
55.8617231213
54.2925944297
55.8156235349
54.3412730641
55.3202133009
54.5624275480
54.0662235937
55.8948912649
56.9521244748
57.5571849664
59.2130461212
59.1925609043
57.7848349214
55.3046108428
55.2157696888
57.3676592525
59.0342021264
59.5083996001
57.5556264350
55.8516941593
55.5860420078
55.7451706331
56.1616917819
55.5013003818
58.6752295684
58.3694282943
57.0439455162
56.8213871827
58.6836528192
61.1644100933
59.9760613669
58.8879742169
56.7752829466
56.8372148705
56.9142438598
57.8173597530
57.4238023462
55.9511533269
53.6222134358
53.7805649653
54.3024422267
53.5472183692
55.4567578456
56.7988792766
57.8386717331
60.0384550974
59.3336039565
57.2947166250
57.8666237018
55.6327176629
55.3005686916
56.6704873112
57.9501310876
59.2028301925
58.2415453613
55.8229109083
51.3882095858
54.3616516750
56.7531116859
57.8008296849
58.9441981010
59.1565710614
57.7154625758
57.0356435997
56.5507887806
59.5944941695
60.2683911730
61.7822955714
61.7994131630
62.1618772887
60.3848533835
57.8623778995
56.2003969791
56.6106228622
57.7176776053
56.7217131661
56.5666424153
56.4438437553
57.0946885818
56.9606052674
56.6101890381
55.9836391531
56.5183738934
56.7387726675
55.4266645183
57.0541435515
60.8752702772
62.1561483539
62.8766540540
59.4505848330
59.3827340841
57.2570978511
55.5203882689
54.0125768657
53.9761968422
53.9296115787
55.1169915376
54.5909093276
55.6353654066
55.7818079394
55.7391597951
57.7731580615
57.3653690686
57.7682280872
58.7243664278
59.9887004276
59.9079489688
57.2438298616
54.7901324989
55.9789094167
55.3085468059
55.7375619698
54.5413615748
55.3985118361
56.0399116063
56.9294970702
56.3592475820
56.2696455660
59.4726407888
60.4989819683
61.6735259025
62.7179125562
64.5719288924
65.8885734024
64.5832222477
62.5682092599
59.6262113858
57.3206336832
57.6969817033
59.5440533279
59.0660730516
56.5032233538
55.6308037767
54.4179713915
56.5516796821
57.3809046446
57.9301604093
57.4591019588
56.3936024393
58.4003394138
58.1984760972
59.6492774705
59.5162899510
58.4091702138
58.1438778787
60.2119480224
59.1151071254
56.7900526850
58.0350556794
59.0315672326
59.0134954112
57.6526281428
57.9935209599
59.5782854303
58.7605936745
59.8887922938
58.9120363756
59.7215638435
60.7722136100
60.2813380085
60.8218479084
61.1349718114
62.0851552659
61.1610813853
59.3990503133
60.0163822541
61.4246707337
62.2718169039
60.6195122858
59.3029452564
59.8891521444
58.6992161008
59.1206475929
56.9660417478
57.7949178497
57.0635809365
58.1528732681
58.5754512302
59.7053905079
60.1575968751
60.2352296289
60.2507146988
59.8259270982
57.3743877241
56.7485500913
56.0002957575
59.0414101160
59.9901519502
59.2457379671
57.8585476454
60.0670927485
59.7347473698
59.3781061891
55.3128991309
55.0547216110
55.9958574045
58.4423852821
59.6487264610
59.5237514373
61.9082471246
61.2162568532
60.6546132579
60.1707885585
58.6750670729
57.4336980957
57.9563088933
59.4668477762
60.3793633456
60.0044221000
58.1075735874
58.2662935674
58.0526254954
59.8034110715
59.4621860621
57.5488613085
57.3986568816
60.0625533820
61.3500689006
58.7824461063
57.9886089114
60.0825922582
59.9736266123
58.8163945553
56.4529657212
56.3748344654
56.8550586809
58.7048259393
79.5155406555
76.7405421561
83.1196313163
78.1756814889
79.0888337214
79.7050957612
78.0175827780
78.6015590213
76.5382133885
76.2654724100
80.4512232943
75.2667473776
74.0624760569
72.5353208145
72.1024570154
72.1542480868
72.0776447282
68.0763218849
61.8076797346
71.8578382228
77.1948932245
80.7783383338
84.9112304678
81.8519280057
82.8129113111
79.2728298282
76.5586653390
73.7762569789
73.6829439490
70.7914559277
72.8654133850
71.6643826617
71.6132532090
71.0965866151
69.8812934747
73.3878935427
70.2476053964
71.5345319858
68.6782859207
69.3906087924
63.7510430370
61.1193835288
62.2597786874
63.0912391062
63.8346913880
67.2826804830
69.8888606851
72.2040597307
75.2764196478
68.8663131261
66.2388520825
67.7125523264
67.2953792576
64.5415014792
56.4701694810
60.2327348105
66.3025016765
64.6322652837
58.4920470272
56.9351952961
65.7903046934
70.4896292091
71.5057275527
71.0485579728
67.4502339088
64.0207952696
63.9111960085
64.7214488194
71.6085381746
75.9952220172
80.1828775817
81.4296515411
82.5572613895
80.7800530719
85.2230891863
84.6643341664
84.1974116168
83.3692021343
85.6141123569
85.2816274884
81.0257428196
81.6351719611
79.1687210489
83.9978734197
77.7661389090
80.1361865418
81.4242481568
82.9682978755
85.3293210436
81.7390452462
82.2153801245
86.1993359987
83.6789710525
81.6562492442
78.6839671408
80.4657365312
77.2193597045
76.4079353101
74.4068455424
68.9822015211
68.7343050684
74.6931405871
73.6999511201
77.8433416902
76.4092928375
77.0123311139
74.5819622854
71.0844508231
73.1662340607
72.0248767965
75.3519228015
72.1008829306
75.0057540944
73.0015825404
68.2244254861
64.4877086930
75.1332619950
78.0967082265
80.3529457280
78.8976304172
70.5980739552
62.1115556150
67.2194556559
69.9994169092
74.5871946504
76.6059775424
81.0952199206
81.4842750832
87.2145135158
87.8063775075
85.1016329766
81.3212689607
76.8454975764
76.0186593708
81.9455863809
83.5949878898
86.2734563044
85.1503469493
84.7610652193
87.3270718183
88.0790721696
87.3646185625
83.5045775533
82.0672157140
79.4681645116
80.9351015993
81.8739009341
82.3965181376
82.9157836755
84.0765927265
88.1291924472
88.4206770283
86.6573126016
86.6951833991
85.5856917499
87.6956148061
85.3056263647
81.8058183853
79.2503947859
84.1207216062
80.7009427532
77.3389628000
74.5759154991
78.2264519156
89.2003622898
90.9917614409
88.2707977417
88.5099298801
86.3840596973
87.3406517785
85.7781556198
78.4314180556
79.6012656809
81.5415389968
83.4301903710
84.4398988913
82.2525879699
85.2379006817
84.1363009229
80.5550466426
81.2641585028
79.8640795140
80.3919790322
83.9204304157
86.3778415318
84.6703142148
82.4899451388
82.4105105311
80.2863989341
79.7437107601
79.3518642583
84.1722283862
84.9188629350
83.4349120720
82.0410834942
81.0497395478
85.7263235158
84.1601688305
82.7777175297
79.7018909920
79.9786939201
82.6119684427
79.4782688886
83.8036893138
83.8529764657
85.8487402881
84.8392490114
83.8573422132
82.5390091209
78.6867206665
75.6674597971
72.8544188184
76.1652131055
78.8429665348
82.0315454267
82.9467755639
85.3753786841
85.9271447048
86.7839415210
83.9509032397
79.3119253497
79.3083344102
77.1193245954
79.7970464224
79.9801854764
78.6093574466
77.8894224110
79.8699150063
82.1444421145
83.9090958616
86.0110052132
84.7750202944
81.6994498585
80.5632226712
80.1546681418
84.0803236068
81.0164402883
80.0832804498
76.2089974002
77.9032616545
75.9901360543
80.0428115806
80.6894321305
86.1914662687
81.9884035649
78.2226508656
77.1197130269
80.5529132015
79.0963191092
81.7446289901
80.3305022240
82.6598412476
80.4413194996
80.9651269616
81.0676895862
75.6640955866
80.0701669187
85.1421472123
84.9322666261
84.5258436147
79.5716502198
80.8762889187
79.9994814320
82.6278504219
77.9289875115
76.2965446391
78.9034162049
77.1281302518
77.5391847721
79.7829448914
82.4920329473
81.2856804611
79.7246178388
78.9613992946
76.6285504276
78.6717376472
81.6274249099
82.1787230456
80.6449441997
79.6500397763
78.9735815338
79.1570490381
78.5004692000
75.3027406750
77.3884424370
78.7178848357
79.9641186266
78.1388918663
78.7217305531
78.9430257039
81.5290592556
82.5332789963
83.5995664262
78.9731097817
79.3428163069
79.9610241301
75.2245703353
77.9599456166
76.6548284942
76.4379431852
73.9538847374
72.6605509486
78.1536224788
82.3724899724
82.8482437549
77.1612136601
79.5436235729
77.5853168178
81.6970087906
81.9988310351
83.6084637282
85.6982634908
86.5358046852
88.1064993637
83.9504878020
83.7501502891
82.1088480854
77.4074109123
77.8770932984
77.1008818536
78.3062845843
76.2762925234
79.1556378146
77.0558296966
77.6460254100
75.4878748397
76.4023406747
77.9546544859
80.1808772517
77.2585018417
79.5939969782
75.3136702643
77.9598233072
77.7606075632
76.3777617843
79.0291522829
81.2037895933
82.9692024295
82.1948765237
81.7863470846
79.3769739112
79.0919478636
78.4060833300
77.6672786050
78.5201153094
79.8472914959
83.8733609967
82.3800460308
83.0590197090
76.3719252175
74.0957402148
71.9726730455
72.1886360031
70.6548896650
74.5953075288
76.7394825055
84.6156546924
86.5318639923
85.5489206373
83.7971928750
79.3201061217
80.3623685073
79.4991646895
81.5805627935
79.4595941391
75.1144173482
74.5524965396
76.3985244111
80.5752459242
83.3358910714
84.2849248441
81.0296713883
83.7780274073
82.9143702366
84.1575610389
79.2148450766
77.0455835489
67.4395969437
68.9502991521
73.4014382853
78.4226324494
85.7080079691
83.7742502718
84.4025081254
82.5157684180
80.7464681920
82.8528642391
79.6235831278
80.0940102562
80.5368511738
80.1507044145
80.2440363274
78.7341500262
75.1915172304
74.5674136422
76.3472749425
79.7203917026
80.1209029114
83.6308677121
82.4649394485
80.6941357151
76.6452876410
82.8849885968
85.1991809841
88.9416175008
86.0496412030
83.6806191552
83.8008564191
86.9355755859
85.2341096793
81.6293822702
82.9281865261
80.7240420224
80.5575517864
84.3692253381
82.6482883208
81.4411594728
81.8565745326
79.5230540091
79.1836954596
81.8499311669
81.9231908157
83.2593119654
77.9553609260
77.0854002054
78.8343668778
79.4390228181
80.2948924639
75.9829922339
75.6941885751
77.7674409118
75.6239016591
79.7980216235
79.4562688588
78.0692623248
74.1978862074
74.8812502293
72.8165953184
67.4813232920
67.9111858292
72.9115273285
71.3513884646
72.1463447522
74.3723160239
72.9039127424
74.1141545420
72.7584604708
73.7324527549
74.0169695801
71.9532955596
72.2150871343
72.3788179969
71.3602336074
70.7553874258
69.0716459864
64.3839625726
61.0591413801
57.7631078403
57.3947880135
56.2745076820
66.4796991530
67.2043420717
68.5151306082
68.8699733319
61.7257231904
60.8824144967
60.4524441669
63.9092518572
72.2005440311
75.0719517608
72.8361224534
63.4582178978
61.8578670640
61.5220832286
60.6954023148
59.9663005078
60.9143355736
61.3898310003
61.9049595207
62.5644654821
65.1432684356
67.3557530471
73.0672391728
76.0152613549
75.3205285458
76.2398592381
74.2399944594
72.1886026495
72.1941940963
74.0408318479
73.9631508902
70.7984672069
69.4647531157
66.7551516734
73.4145319036
76.3466993071
77.6149991370
76.4684291837
78.1197352594
75.4544236762
74.2701097921
74.7619300400
73.0868507970
77.6718444847
77.3695694683
77.9483259635
72.8363978959
72.2991102636
75.5255010404
77.9920124823
77.8123638009
74.8240467874
73.9566907559
71.7069320354
67.9121850344
72.8255454885
73.6303976157
75.4728583593
74.2299819615
78.7728719506
80.8584772017
79.3560323450
78.3975917899
74.9554338617
74.3149835268
73.6029192216
74.4988966169
65.3290820105
64.7690034568
65.1635263480
65.0121109467
63.8872432460
62.9255052990
62.4538646777
61.3844699024
61.6342912104
65.5939275077
72.6548863142
73.6298022501
78.3418998862
75.0692484228
72.7934034500
70.1258450348
71.0480047406
71.3775454948
76.2269345945
72.4843731260
73.1643772275
74.1032353728
72.7397556191
72.4374855375
68.9364761381
68.3466732082
69.0563245953
71.6741870761
72.3853773690
70.7191590242
68.7474234459
68.2259796242
66.0654833698
65.3300072129
68.1291820319
71.7254267077
76.6257096310
77.7247617052
76.4258293882
68.4652564887
63.9566110239
65.9063244362
66.6399823346
67.4458674831
68.5544619219
68.5950408615
67.5739367293
66.9124230766
73.2133961083
69.9425681732
71.7733421720
71.9346202570
71.1454665208
74.3634149753
80.4250705896
82.2183577665
82.2363866703
77.9693612189
78.7830796199
74.5290518558
76.5478403046
72.1444346860
71.3150304151
70.9984273867
72.0670027375
74.3231671053
75.1972198693
75.7976203083
78.8730833787
82.1433615526
80.6074219948
78.6273040889
77.4294826616
76.3890405201
79.3201094914
76.6890242875
74.9342700569
71.9864774517
72.2947222242
72.8903676418
73.2913914446
70.7640261897
71.0460662341
70.9052365987
74.6234050585
70.6351918856
65.7998226348
71.5553057876
70.4741880890
72.8747769200
71.0355280144
70.3504286478
72.3290358153
69.2615852752
68.2028234018
74.2915422534
70.1434832830
70.2813991854
74.9996076712
75.9785271014
76.1911231371
72.5080060713
68.2380564737
69.7722414552
75.3127758883
77.8461443960
77.9386965364
71.7136871501
65.9874690573
76.5594802423
75.5132707236
75.6674727945
72.5054649316
74.9700226902
74.0644105208
83.1449933896
82.6356482505
82.6055606701
75.2695449903
74.1766468602
70.6665732437
72.5643849178
70.7176533506
73.9307382171
71.4391065323
72.8692318232
71.6986461840
71.4613810743
68.8276717271
67.8853742914
67.1695799003
66.8729002151
65.3292338821
65.1866145269
65.0663677321
65.6242744901
66.2505537426
68.6599185334
69.2336926814
69.4443000358
68.1070368085
75.5696738773
74.6496125479
75.3522055066
74.5540113000
73.0021385854
72.1605034359
69.8344713944
71.5342531574
71.6783333201
74.9512513073
74.9825793284
73.4338924540
73.9486336507
76.7780872699
71.0318201677
69.7821526953
72.6438101229
73.4988557621
75.2638751723
75.8791010261
74.6722778263
73.1143204777
73.7929838558
71.1482744700
77.6354313576
78.0920214491
78.8752890666
75.8287142766
71.4098031068
77.3084068561
81.4725901241
81.1656519353
84.4503499937
79.3961406028
83.6097585040
81.0916298116
79.1162052663
69.5324618748
57.1007557771
55.2045720388
58.6237173877
66.6216622727
73.2100010993
74.0582769359
75.8207848684
74.0722985924
73.8359631854
73.8663611267
73.2798541645
76.0956119962
75.8418168423
73.6870072609
72.0170066034
71.7463204500
67.1521642187
73.0199057085
72.7146899949
77.0930766499
76.0500898650
75.9246564495
81.4751468491
80.7699402126
80.9788178428
79.8046652441
76.1239640284
72.9939768427
73.4788226930
75.6145712966
79.4482802189
76.7095103336
75.8097546321
73.5753898166
68.7097309725
71.2950459815
69.0702902546
67.2824410859
66.2090972860
63.8747277748
62.1954374953
60.0828862559
61.5440646448
73.5303076427
72.5101908843
74.8068165682
72.1960038227
75.6506400116
74.1723816116
79.0675943942
76.5467458942
78.5091662973
75.9819992117
76.0757709852
77.4738647359
80.1525230884
78.6534957957
81.7578317888
76.3328021979
75.9715287029
74.9937852600
74.4737164449
76.3885916679
77.5186409684
78.7939775245
76.7132545046
76.2072716864
73.8706264696
70.9164043736
67.9893978963
66.6442437755
68.2340535654
69.5735145956
73.1269075111
69.4320283790
70.1445410586
73.0842482942
71.7168885157
68.2027427409
70.2153726097
71.6748048825
78.2894875642
75.9795241954
72.0430574793
69.9547790412
68.0069585540
65.1970757742
63.4959921885
66.0838616200
70.7024848265
73.5494419073
76.1597433572
75.3368602066
79.4882823032
73.7159436213
69.4980329637
67.0263769379
69.9158513426
72.4496845805
71.2337804122
63.6666580007
59.7007082006
60.0870063007
60.2871769886
66.0397010088
74.8285969664
73.4071689894
77.0088208975
76.3500224200
76.5365395201
76.3447335157
73.0475773949
73.2764902891
76.0306737963
79.5645731148
73.3040202979
70.4419194578
70.1256460785
68.6049398174
68.5606930791
65.5848474428
68.7267908180
68.5258214897
67.9474547398
71.0085085956
68.7991055233
73.1945220245
69.3890072335
70.7184115125
69.6854846397
71.9931838503
72.1633892083
67.0217810856
67.4021939657
67.9848140180
68.8522726882
67.8073767026
65.4702882454
66.8874324375
66.9153374393
73.9626001384
76.7590116461
77.4304728006
74.3970604057
72.2985359223
75.6975133644
71.1329803555
69.3948325397
65.8944505335
69.1473685123
71.3279665535
70.1961501108
71.4210719999
71.1608745102
71.3604965351
72.8122007303
70.6681392887
71.5872996465
72.6302013854
72.2880937963
73.5307927547
73.2379436597
74.8798854836
78.2023895642
73.6560319274
75.5960426098
77.3536985991
79.6289172626
81.8648522784
78.8356839161
80.0321181605
77.4684154324
75.5313985266
75.0689758192
73.7951254285
74.0013129292
76.0921647133
73.1394099133
71.8852196859
69.3991237392
74.9669359749
70.8326912993
72.1216810805
76.0859183371
79.2646007232
78.8223600629
69.7779597527
67.7476285764
69.0160397752
73.2490403516
71.7648893316
71.0983929749
67.0086164708
68.1517555216
66.9786394311
65.8630023008
66.9993689226
61.3830068370
63.9894514203
64.0978260428
62.5353740329
65.6275063911
72.8602864559
75.0589490012
77.7632332345
79.3623958520
79.1223015147
79.0470404409
79.9649308070
78.6942370118
76.5881194571
73.6232456762
71.9534783585
69.9996442262
73.0287138683
69.0698269335
70.4544523786
68.4407489527
70.8569514973
68.0929320375
65.9378998119
65.4830797420
65.7860576920
67.6839663603
68.4608024655
69.9345000559
70.0517334415
69.3736936174
74.6905787760
78.3559021326
71.4450397830
72.2295707589
72.4334668223
76.2473154311
72.0906835289
68.7030583250
72.2964692915
71.0783989606
68.1235823735
66.9834786196
68.3823086378
66.8880921462
69.8364865356
74.7231530245
79.8324509722
78.8668061423
74.7727982664
75.2139846765
78.3906674201
76.3072819953
74.0937039934
70.9625295578
61.1978315158
68.7241976172
77.9799974129
74.9072496444
74.8862143333
72.9149407524
76.7221017000
74.8977062459
76.6418300507
74.4564419974
73.7028440789
71.0311861696
65.7853353084
64.8391922919
64.3127236750
64.4877243009
61.1341202017
63.2208959376
63.5495516242
68.1242115951
66.2646372942
67.5103019208
66.8995042491
70.1723787500
63.1246342308
63.6834776008
65.5634356584
65.3956257317
66.5031745344
66.7780050690
66.7286696081
66.2125073754
65.3721585244
64.0561349905
63.5798714557
63.3592701109
64.2802541192
63.9895921523
65.5433473026
67.0470300115
70.3155960598
75.4057984470
76.1752105903
79.4978407917
80.2150632235
79.5608364561
78.1503921839
71.3716047955
65.8203687780
66.3565471350
69.0069742098
68.5531930499
69.0099513851
68.3579240637
70.5600996723
75.5509588704
80.0857373907
80.6226219899
82.2470502466
81.7507625629
80.6737117403
74.3859776187
76.8350173589
74.3623898811
74.4697446862
67.0200186562
62.4899751742
60.3747599806
61.8561627192
63.1742248048
63.1841133756
61.1535997426
61.6801518373
60.6870925431
61.4971032642
61.0367342046
63.4538486155
64.1168446758
65.2121378527
65.0594701919
65.0503192696
64.1055781067
61.5656350341
66.6355161693
67.0446365569
67.7027877629
69.2444298553
64.9878795195
63.1284576450
62.3621966729
62.9030079920
61.4095912571
65.7252668607
70.4167615176
70.9671359638
68.7347084114
65.5827821906
64.3086236796
67.5283253336
66.1593463299
64.1269037292
70.1626666815
73.0015206747
73.6683678418
73.8008756830
68.8488544067
65.5669503477
69.0558695199
70.7975322177
70.8091946598
71.4855431370
69.0538187157
75.2488703029
79.5914221481
82.4224636886
84.1354546042
80.3433545702
79.9092615122
76.6586496734
77.1768632121
80.5865903894
82.0953379540
81.2418519935
80.4666318604
75.0201500475
71.1267510639
68.9359107030
68.1892000996
75.0041652386
76.4496115250
75.6513950369
64.8362889234
61.3546831100
63.8071066115
65.1395242021
62.2133166638
66.8016894228
68.7606015947
72.7303150861
79.9869476373
76.1178600966
71.9910039172
69.0489560935
69.5035516574
69.1404647870
67.5590141321
60.4945023944
66.2123555351
69.8737157521
70.6230261111
68.1189806477
66.7777486411
66.4121904198
65.8627450419
63.0459037359
62.1443464594
67.1960472806
67.7906057230
68.6160086986
64.6686062529
64.1015249239
71.1853924952
73.6584616147
75.9078954921
72.5769482646
69.5929115094
66.4578289551
69.7638763896
79.7235405209
77.4618565569
78.1461291628
78.1161136392
78.3137164003
77.4971283626
79.6521278955
85.8219490632
82.4895293406
86.0492667133
82.1251717735
82.6368116166
82.0043643962
78.7193274496
77.3643002306
74.1873771306
74.5263662456
78.3210264691
79.3407184143
84.0154428989
75.3260015363
75.7488227483
70.4032748920
72.7971551129
73.5072101640
73.1121796534
73.1792678500
76.8130942929
82.7990627550
77.6074724363
77.4623250561
75.3336182227
75.6621165618
78.3482182209
77.3633319148
77.3544053961
74.5267647579
79.9270148923
76.4560033580
75.8409477119
69.9915881821
72.9001177886
75.0808177450
78.2551128836
78.3487077292
84.3818759434
84.1375591563
82.3806854509
77.8605704873
75.0358439305
71.4847051121
76.1157793389
73.8930334595
75.7388846532
75.4382064095
74.0099080512
81.4073660229
84.0521460215
85.9991493660
74.3123668788
74.2691509445
78.0523746246
81.2026293205
79.9428075767
77.9267607581
76.9368971311
76.6285483866
77.7908381163
76.9351051785
77.3664374011
76.7464704535
80.6249969913
79.5084815620
85.7830553308
83.0286154494
82.0055089326
75.4041299307
74.5426621208
76.5065870812
73.7408592551
77.3941577115
75.0178595138
75.3666735892
79.8682164994
81.2714570483
79.2208253935
82.6255841844
80.3121991901
77.6860863867
76.9131578998
77.3276617054
77.3739470577
77.5539701653
77.1539319778
74.5572208777
72.4552034468
72.6233790123
74.3770697208
75.9097609864
78.2892573497
83.4413373794
79.8100199284
74.9449162404
73.6056806430
77.3833037312
77.8839045931
75.8581699775
74.6813179147
71.9561020597
70.4630618751
74.5695141159
65.9862859060
64.5447826595
63.5701822203
60.6044518538
59.9719598568
71.2812133486
79.0723314633
81.9599314311
84.0420019674
83.5992184854
73.1868207573
69.3402907923
71.6514465405
74.3682835178
78.8977495101
82.5913945487
81.3759913396
80.8202494374
74.7622066537
80.8863138735
80.1602810649
81.5573355387
80.8783201351
77.4004198687
79.1615193384
79.3001935131
78.6298510074
79.4421873324
79.7205052934
80.7920729636
77.2954193490
74.3728569679
71.9800490799
72.9895967535
75.6924120491
80.0799099633
80.6169072350
78.9333117543
79.4820325659
79.5136600881
77.4611928129
83.6320083181
78.7663951541
80.2217416801
81.4664062772
84.5178839830
80.2799279037
81.3314865058
81.7991970636
82.6400179871
83.4505138201
81.5961222836
78.4339635836
75.8732293425
74.7803333877
71.7356702681
75.6884184463
74.4835332515
80.2354592440
80.6677815654
76.5465649758
74.0277617232
74.3688574702
74.2643779410
71.8365873256
72.3665575646
72.9618145667
73.6846815442
81.1390950890
82.7038434464
80.8790244877
77.7427810341
75.8388332945
73.6703259085
79.0256728772
78.7010489521
79.1557801279
74.8330768947
76.5338327735
79.1034164987
68.7260581951
66.8074411831
64.4334629309
65.0900257853
64.0945479283
68.6327306721
73.8174440525
73.8533546871
74.8462987592
70.4442782830
74.6305160966
77.8457835452
81.8734280666
77.8262204554
76.2145588733
75.6639735710
75.3028369024
78.9845344616
78.5390123167
77.6024664056
79.5371695209
76.8264698303
75.4161544625
74.8713135091
69.0152551342
68.6584084678
72.6415311598
72.8312426602
72.7838503611
74.2926688918
76.4409430098
76.4590348151
79.5639483787
76.2615920007
73.3763258629
67.3667500907
69.3447442972
72.2549344016
73.2092999049
75.3228374186
73.8756751527
76.3808769261
75.1434594777
81.3840768392
78.8651779015
77.4641898505
78.2664090056
82.9993139144
77.5271273102
79.9978256104
80.5201930381
76.8315057464
76.0649927356
76.6008535742
72.8569018406
74.8424126241
77.0669145902
75.4932762884
73.2468240238
61.1414655378
56.2386798445
58.2660335536
66.7074336434
72.4199222295
76.1649245969
78.4313390019
77.1985933326
73.1167979841
70.6952024918
70.6887602566
73.5134805213
76.2604560169
76.0601880807
74.1501190350
73.1941746957
69.6097808553
75.0457340178
74.6575342134
75.6311438543
72.9896951072
72.4651083652
74.1024228875
74.3119845730
73.0467839853
75.3590689642
77.8020787644
78.2881999106
78.6998078205
73.6658465211
69.9097490497
73.1137294286
75.6402982515
75.7256214489
82.3650271270
79.9576162183
77.5967521044
73.1227525123
68.9328062883
68.2264178913
71.5515135575
72.6066067269
77.1237960625
74.9622679085
75.9891956797
76.2393026194
74.4434122452
71.4429494404
69.0656314833
75.0487670624
76.4186783778
80.4598000062
75.2549009745
73.8391657437
74.5666007120
76.0939271690
81.1070133521
77.5516870207
75.6393811056
72.5605324979
73.4064574403
75.0515287638
74.0961527744
75.3682323069
67.8456857926
68.7612609512
66.1894218284
70.7871109862
69.8049225171
73.3479767991
77.1995443534
80.0685360718
77.9082425917
72.9932974360
73.2463064036
73.5426173207
73.0091924809
69.2576041411
67.2992232593
66.6061423336
69.9732781189
67.5914262514
59.7427144044
63.8927884025
66.4904153117
66.8571777949
67.9438246608
59.4764009778
56.2552734044
58.1215922709
59.3293349137
62.3734140937
67.8120457089
74.5188404006
74.2206805234
76.1822546194
74.1415358694
78.7102506001
78.1177665660
76.8579823824
69.5838960447
69.1942214354
66.7819890864
68.0875974131
67.5539166913
64.9719039324
62.7438704110
69.3601378207
68.7141371657
67.8128263265
63.3281434999
72.7155563216
74.2866569984
76.0090260042
76.6356506958
77.3952977653
69.9088214411
71.3637839987
71.9750397096
80.2954851661
78.2551894545
78.6946175539
71.9052917784
69.6328960607
70.1390165141
67.8438291846
64.2595023237
65.6024495981
66.8944979197
63.5001698036
67.3439193753
68.5543584037
71.7313356303
74.1594857549
68.7649821398
63.8865654259
65.5622586277
63.3393099876
62.7158997072
68.3685090800
71.2922508899
78.8160561421
83.6433716864
79.9788817671
79.0429904962
73.4800475335
72.3472576621
69.4096420615
65.6197567370
68.6727370918
72.3720094488
77.8928607549
79.8020209948
78.7533132865
73.5982882384
63.4034899331
62.6463742650
62.9438019768
62.8140267173
62.6638813238
64.5862845869
66.9550868013
69.6125589704
67.6709197101
69.2960097662
68.6158702525
70.9544335045
72.4980835622
76.4452601025
78.5032459326
81.7090556352
77.1385433053
75.0080591668
75.1667163610
73.8904781704
72.1846792910
71.6934908626
69.1305326010
73.1706690717
78.1191387261
78.1859551959
77.8338832601
75.8024114766
73.4058944926
74.7377997248
76.9983288195
78.6387178246
79.9249754143
76.9664375690
75.2520746750
69.5647669036
75.5958520550
78.1768676288
74.9856294425
75.8775372743
74.6702833123
69.3768116405
67.6887275221
72.1586914360
77.4121589055
79.3139808555
72.7318358234
74.4764647831
75.6677789005
77.1969852433
78.0573785889
73.7018846419
73.3746200731
72.8393070229
73.1126115986
66.3056084848
73.3530416886
75.6794982632
78.8921461893
77.7308118416
74.9478805464
71.1379620417
77.6281582769
81.4166346940
80.0877450726
73.6878199846
71.5648543930
69.2068330457
69.1903786290
69.3145445486
70.6220507759
77.6425589403
76.2810255025
81.4825603236
87.0781883621
83.1260298804
85.2045426995
81.4904139874
77.8364598201
66.9227983120
67.7463980991
67.5649070313
67.7447056488
70.2290969902
71.0587746070
72.4328336904
75.5310896606
77.4048057757
80.7179150440
78.8035947913
82.1714740434
82.3166701670
80.7460003270
75.3458770882
67.8165364779
72.8372896413
75.4069623845
78.9030875672
81.8309256466
86.6626017866
85.5666308143
79.3550839601
76.7224923969
78.3447584685
76.7372181362
72.9625832774
69.2570821637
63.2765410137
71.2312718028
77.0658302302
77.9389966918
79.2436939684
73.7360931148
72.1613158151
71.1127378937
73.2393650865
72.1760626137
72.2985015090
65.8173385357
63.4444681107
69.7924199374
72.1463410465
70.8941068556
65.5299099585
65.7141675009
63.5965444719
68.5909316233
67.9837734275
66.5277139045
65.2766049941
67.5113546592
71.1241933356
71.4839786484
76.0068073512
76.5781607873
76.9408266109
67.8977055477
70.7131799544
74.8956741846
79.2204617583
82.4670806516
79.1340322750
78.3152016129
77.7862846426
77.4620065489
74.5856708026
73.6179918053
72.1939889729
74.9306961637
75.4447051788
72.8499951233
75.5099238534
74.0371919570
75.0143609420
70.8121088878
64.9278983397
62.8102981223
63.4800782857
71.2384529688
75.9280231953
71.5499021288
66.3223976820
61.3459655377
62.3374205539
62.3622539859
65.3108002521
73.1316247525
70.9924186244
71.2512496607
71.4966008826
74.3660556623
72.7438988805
65.4130561783
61.9250351089
66.3999733001
67.9914299056
70.7055766222
68.2437923509
68.9705459755
68.7824925212
67.5200785676
69.1576828679
74.1827581009
78.6698042248
80.7665077859
75.2432224911
73.5341145370
75.8700167852
78.1705202310
82.4877848017
78.8467903620
83.8908506758
81.1035985584
80.7681709456
75.3924275770
76.5729908009
77.6923000146
75.9415443113
77.5271350194
79.3482087233
82.2936139838
78.5181087447
76.7200267905
71.4917495463
70.8131451682
68.0344973638
67.8159507091
74.0424643423
79.9679646122
83.9847887964
84.1495304662
79.2658434252
78.2673429771
74.0248474282
76.5707538513
79.5116258761
79.1458057303
77.5081061116
77.0394647320
74.8618916223
72.1027380633
74.6008637437
76.7821166230
74.9312802172
74.0558178308
73.2534751150
77.1857385319
82.8471317017
82.5847918565
79.0032852423
76.9561507927
74.0473236923
71.7478333849
79.4975745319
72.6499252492
72.6774230944
74.2268093949
78.1934313304
78.3762448414
78.9771043623
72.2623351882
71.4394787079
67.3558787014
68.6889153636
68.8376093160
67.7734006619
67.6509429904
74.3658815754
75.1040017626
78.1883577357
76.9300175154
78.3189669156
78.1520317504
75.2791426800
76.2326672502
74.4445753817
72.1824487728
74.9562561054
76.2792108545
76.2742360924
77.6022823241
78.8263939149
81.7632509978
81.5650287409
81.4654952586
82.3869075357
80.0147800421
80.4955591494
79.6804030547
81.5329845153
80.0112849316
73.8584636247
71.0771390912
70.3871865952
73.5314066688
74.5220297792
75.1513492872
74.3490643394
75.9915752382
72.5886623071
76.8688507626
75.5446304208
78.3835101520
75.1307571636
75.6854571281
77.3437851548
80.3010173349
77.3809152624
72.5485145004
74.6341081822
74.4350107672
75.7642915268
76.6063446520
77.6381356772
77.6647237962
76.4186611560
74.4207017591
68.5014815389
64.6998627616
67.8237894861
69.8474978596
71.1525950914
66.3649503518
62.5913514566
64.7425718431
66.5729362551
66.1507270420
66.9490033196
68.3176791655
73.3139191305
70.2362831141
71.3015868401
68.1782696437
72.9641794625
73.2627080266
74.7393512136
71.5449976434
72.3904095091
74.7278948990
69.6302967741
78.4760517000
79.4568613631
84.1268730212
81.1866511721
79.8426136288
79.9364191995
79.6805025560
77.0311840371
75.1155743853
73.1668348298
74.5900882361
73.1117820942
73.2185422495
71.0461486039
77.4971147524
77.1374133357
75.3514570891
79.3140598779
78.5903222287
81.7161101477
75.3136593449
73.5232932714
75.8593830610
77.6568386452
78.9461187251
73.3170091115
70.1265603968
65.2386422609
67.4154802764
65.5776284342
63.8777268907
59.6348490212
67.0486646518
70.6203238167
70.0395520012
65.9400633847
65.9916963577
65.6344176726
70.1154406398
71.8942518758
70.0996383099
71.9692244372
71.9075902889
70.3412798439
69.9399565508
67.2987316591
73.5118918825
68.1455335211
70.4606320018
69.7233065861
73.4235874348
75.8944938041
76.9080219378
72.6014728132
65.5797620327
62.2058980070
63.1038205144
65.1769348794
65.5381191749
62.0167247587
61.4954335089
65.5722979592
69.5040074573
74.2819455942
74.9607272612
73.5925702263
70.8079603905
72.1069734068
66.6623933753
68.2528830152
76.9713201465
75.4969670079
73.9273114132
68.3774457907
74.2895973706
79.4794296134
80.2881345612
83.2122895213
83.9200688203
81.8446022159
76.0996072733
79.2802852463
77.5812175046
81.0185650726
81.6002561129
81.3615973147
81.6454602812
80.6864587418
79.3768596182
77.7063430008
77.4916240167
79.6314253817
80.3037949046
81.5714295793
79.9417035191
81.7516808304
80.1207034373
78.2183326850
74.8689474356
71.5177371149
74.3837046726
73.5119383821
81.4454923888
81.7487226374
82.0988241753
72.1301206455
68.4914908112
75.3286464207
74.2477252771
74.9345423235
76.0073822961
77.4179163891
75.3036023491
73.4707047996
75.1817889878
75.0254216003
82.2093298703
86.5024194133
86.0967871718
81.4948093148
82.7333016076
79.3634436055
82.7398874513
81.7121591162
78.3957132577
78.6543707475
78.4539487677
80.9564382782
79.5530402640
84.5129947086
87.7815951823
86.1224003219
84.4568819499
84.3000162324
82.6533582215
83.4280740355
82.6695973321
82.3515029049
77.3447361700
76.7054245877
78.6930884751
79.1152788183
79.3806167522
78.5722840262
82.7568115643
81.0566186880
81.0307895232
83.9587315799
76.8766091400
77.0146538683
74.6168959749
76.0378237783
76.5692785234
79.1201726752
78.2596546040
76.7542879136
75.3439969716
72.7135942379
70.6184951940
71.9180508833
71.2351790382
77.6445181046
80.0377038918
77.8358205002
77.0576597639
77.7347471145
74.0095043674
75.1084423774
73.0664798299
70.1153612381
71.2535713164
70.1489015829
64.8213974369
66.8831369019
72.7254025250
76.2681604018
75.9528245220
74.4100637911
70.7052271515
74.7218429820
78.5378638356
80.5596200915
77.8685989569
78.5415362750
79.7664245793
78.7964267608
76.0479795116
72.6283923208
70.9337254174
73.3162914099
72.1366851083
70.0133449823
71.0007297254
75.3377307367
77.1656855227
76.7348096935
77.5947881699
69.9233934556
72.2129674454
73.1716322249
77.1151225282
85.3588181155
82.2182773027
79.3368488079
81.0046991529
81.5265480492
86.7712431503
87.2493786360
81.6151979207
76.5015220338
80.3048293206
76.9548189335
71.2776214236
62.5568134359
60.2421296080
62.2767956204
64.7680496332
67.6186755424
70.4033186494
74.8701034381
76.3054122701
70.8741204713
73.0329388747
72.8039372227
76.9991997154
75.6805661193
68.5482088464
67.4334501568
70.2899866767
76.3901737649
72.5441135554
78.7540788469
76.8389122241
85.6527804844
84.5650685207
84.0902687954
76.9126111781
78.2613092414
83.3226258187
81.0108066387
81.2745329569
78.8875328029
78.6615381585
74.7501577204
75.6300781438
73.8728085303
75.4331490431
74.8493878685
73.3213672070
73.2288757723
73.4244671181
72.4147787536
66.8176516890
65.1427314023
70.0764656100
76.3351538775
75.3896527225
78.1182088384
78.2465417637
77.6649003396
81.6662758258
78.7839194431
82.1929117984
81.9292956418
83.3158789776
80.2715585601
75.8218526085
70.6820559728
63.3344892664
62.4015787670
60.2339301653
66.2120799787
62.9843599656
70.0903492398
72.4583470444
80.2426045412
84.6806138121
87.5243020788
84.0791277267
81.2758978383
79.4529172860
76.1781000100
69.7172676210
69.8975099186
72.3133013703
72.4018599883
71.5246676445
72.9595787819
68.6556581862
76.6790062047
75.6116937231
77.1424652505
79.4769319819
79.7048666958
83.6700748651
79.9258129905
77.9568907068
73.8506996615
71.5796575053
72.9345406650
71.7017213397
75.7026381805
80.7343787202
78.6364946856
78.4107284102
72.5127002907
71.5503954672
68.8074822769
66.7416109612
60.9869871093
59.6236330889
59.7857689494
69.8755601781
69.8166658259
69.7134995412
63.8672410057
71.5568298837
67.4396344638
64.0891569495
69.1661047476
67.7704591123
69.4415455811
70.0406352449
67.4581613661
63.2747497154
63.1951619699
72.5544606963
78.1903599677
82.2226115195
85.2993265118
87.2995920926
85.6045879559
85.2142142188
84.2895784179
85.2471411447
79.4896655107
80.4371403165
77.8268657427
72.9376972214
70.0952870870
73.5910639681
72.7058414284
72.7883845673
76.5911180471
76.4728601935
84.1959970490
80.0023621376
80.3192628314
77.5914043268
78.8052041206
80.7177071920
77.4304571135
76.3216078769
77.0793778944
80.5341976156
82.7982364121
84.1680274367
80.5405143351
81.1257796795
83.3071842049
84.2549603991
80.8843910558
79.3064176886
79.3139067595
78.1893090618
79.6388666963
80.0881289759
78.5349176168
75.1046038995
75.3065560702
77.0035768844
76.0359990413
71.7113772858
62.8278034749
60.5775565620
59.3657007156
58.5143817045
56.1751261605
63.2504248298
71.1741578738
73.6051089318
74.9774553109
79.5246567674
66.3454089978
67.8983219982
76.1374950486
78.2631170090
80.8201082018
78.6528011959
82.1292457311
79.5283868255
84.0202684204
84.4173153216
79.8755552497
79.8550106775
82.2438608237
82.3221146820
82.8147417087
82.4835567636
81.9153717155
79.3575224755
75.7306851641
76.5960331277
75.1960688236
72.7616857622
68.6841695569
70.3113491358
71.2065338807
68.0641767209
78.3828465334
79.3985911166
80.6659689257
81.1266389666
79.4314544838
70.4971998532
73.1614388011
73.6733429071
73.9037749981
73.9002647341
72.4745337064
74.2155319542
68.2686490443
68.7412841147
69.7227911538
72.6973900858
74.7968784900
81.2394994653
80.2859761621
78.1854128668
74.7504353664
74.8373516271
74.3565780551
74.2814892668
74.5284937843
74.0570348777
74.3810421586
81.0044121010
84.0308621515
85.8478261801
83.2979732934
67.9184177416
62.5315891338
69.6772333243
67.6887199999
70.3396342136
73.0548000481
78.7032172532
76.0226578068
71.8581172953
67.4778082943
70.2824260249
71.1353837766
73.9745310835
77.0289237274
80.7718890329
77.8968272130
74.9470029216
77.9383530241
78.6080555914
74.5482925452
76.9815075953
79.5725037834
81.6200918965
73.0745517882
73.8888510258
84.1085802543
81.1712621414
78.3063522619
81.4505017961
84.7721993023
85.9170828555
82.0233124198
75.1049622904
66.5062025329
67.9443274943
71.3477441298
74.1900589108
74.3172382092
77.2695061537
80.4470381375
80.5080689102
80.9843689412
77.5636362170
76.1616212751
75.3819334886
74.9995621202
71.2901296808
77.0175828469
74.9911590850
80.4003835868
78.8732440379
81.1521422744
83.9786542808
85.2053067088
79.8328170869
86.1459631550
87.2853845051
92.2339065791
87.5780912950
87.8213608957
90.0375191882
91.8183644937
87.0896848582
84.7517653986
88.2362768489
86.0440222373
84.7451884270
84.5691723561
81.9898511674
74.2125735693
73.3052090251
80.8662045066
80.5563404082
79.0732280352
77.7548920719
79.1894405827
76.5731133437
76.5077600392
78.9332134532
80.7750558057
79.7694653397
81.7327138871
78.7817272275
76.9686305006
74.3776135190
74.4158193569
76.7660052024
76.6237717536
71.6022598142
71.2728587787
70.0565758280
75.2403772738
75.3915269475
75.2931555445
77.9670812307
78.3669475526
82.4830857602
78.4529966201
79.7692483282
79.7832908516
79.8945661902
81.1390564617
81.1822279174
77.2771520663
77.8670501559
75.6249034775
74.0856420519
77.2002523158
73.4402698528
73.0445313880
72.0364153438
72.3345039349
74.4205149807
75.0878395352
75.2036659870
75.1632347790
74.9105544969
72.9757677165
72.3153843851
71.9460960118
70.5093134057
71.1314783543
73.3511202820
73.1699202776
69.2036398635
68.1181012822
69.7994261242
72.2719687071
76.5547028598
73.0039566011
73.6861082021
76.3558285885
84.2179518724
86.6615910761
80.8457990427
89.2742887482
88.3863552798
89.9823323096
87.6307497833
89.1492134370
93.8743884327
91.2418367385
91.5615314845
90.5654210463
90.8543037011
86.3342582795
81.5858155317
83.5144986791
84.4719903743
80.8664027271
82.4869595442
82.2702812323
82.7686836696
83.6056625604
81.9499842291
82.9879967243
84.0361715683
83.1776062128
78.2463110628
78.4785254610
79.9402873149
81.3617266405
79.3148318476
79.1466101072
74.7195515822
75.8700494364
80.1679736450
78.3623495057
77.1184138737
86.8196212499
88.8428456919
88.3925004034
87.4413023173
81.9739360406
83.7760078099
87.1889048020
82.9316233273
77.6484645916
81.7118777863
85.7628506057
85.8255887387
89.9309076305
87.4340664563
86.0359874968
86.4784052294
84.0163849668
84.3519617483
82.1063286106
84.5530508241
83.9066538896
86.0996716950
84.9096041910
82.0242205711
83.0955117064
81.9613791791
76.0067745127
75.5259946929
80.9963205744
78.3690596658
82.4323168043
82.4784912284
87.3382829683
83.7019722835
82.3638763229
80.1171880787
80.3328139029
78.0262651624
79.0206475060
77.5086924025
77.9286934347
76.2737105600
72.8975352447
64.8136415946
63.7257447508
66.9645346280
70.9153926665
71.0307163449
72.7604180250
73.1812518541
76.8621238578
78.0489226663
82.3440765223
81.0207297444
83.1914597549
83.4467824674
79.9529976069
77.2166086977
80.6046373770
76.8260904833
77.6259284178
72.0588275537
73.4285436254
74.4366734632
80.9171134394
88.7547534374
84.6391148921
83.5226276971
86.4454676525
85.9357724364
86.7027645790
86.0608326625
86.8373153042
86.5903383250
85.0451168004
82.6128839310
79.0311551070
78.6014974319
75.6172050856
79.6529520106
80.2201801367
84.5274766322
84.1871526786
82.9958428634
78.7658360178
74.6923635169
78.3485988486
74.9703110712
80.7877851708
78.1511824245
77.5987667235
74.1549144011
72.3524353430
73.1879655622
69.7432528231
71.1748441390
72.2649184855
70.6487882508
72.8877919233
75.8601759777
67.0753869941
72.2607623161
74.2907545849
74.8938655899
74.7167294696
74.3867449280
78.6977713866
78.5866062726
76.6659920921
75.1485040362
73.8055347031
68.6710492025
63.6338635089
62.5688428749
69.9140993535
69.0307122965
78.3174050871
73.6840783610
76.0506311983
76.3061420391
80.5171093790
83.2030163275
82.4760419614
83.9416012179
87.2317169638
88.5887270227
84.1158889217
79.5545678169
76.0819705668
77.6194575314
81.4432442401
81.1934548480
81.0627798426
74.7894421492
70.2772033026
69.9914394761
68.2304463866
69.3397565245
69.7659589602
75.2549709106
76.6300047078
75.9438475784
76.5438278389
80.0409004887
81.4421199547
82.1908049742
82.0784423680
77.2059216594
78.7277522421
81.1953928385
82.4724989255
83.3074982608
80.2523766379
76.9736721847
80.7647285514
74.4343076119
72.2931920105
75.5841243076
77.2248080035
78.5007348300
76.0398141899
72.1683203276
77.7383826804
74.2180268651
74.4081248168
70.3939985436
78.0546797542
73.3362888896
74.9710830361
77.9076904252
78.2182968273
82.4462324890
78.4882774705
79.4113214319
76.8240032228
74.1500130088
75.0039972487
68.5581046712
69.4989880736
73.5701135490
76.5231905706
76.1860698023
75.1391811031
71.8283423033
72.2116129230
68.4455960192
70.2578440261
72.2422365139
72.1029345215
68.3976588222
70.5218482953
68.0819038256
68.5980232187
68.4697010009
71.8858388994
72.8786437928
76.4857506143
75.9548042313
76.7647538821
78.7298312673
78.9033658638
80.7237657977
77.2444599662
81.1476117074
81.4121441396
85.0344052157
83.4855167315
79.7676179745
78.0136789755
75.3595367987
76.4986055296
69.5021750502
64.9407235229
63.6177237787
65.9418064527
68.0328782060
72.0529723038
73.0632789242
78.4064553867
81.7805488750
75.9125392958
79.7159470260
78.9753709236
78.5590480260
81.8791371658
81.2705072647
84.7534943866
81.6684001813
77.8363280928
76.5548579171
86.6245143942
81.2958556904
79.4105449230
78.2404531753
78.8072716409
79.9181581686
83.1872040323
77.4863702756
75.0245240245
70.2291664919
77.5915171950
78.6102407226
83.4596851302
90.3671983372
83.1830972042
82.0489814240
80.2740466139
80.1290918379
80.6361441286
80.5112729120
73.9612845670
76.0042383091
78.0282401375
78.8380762647
82.7912669060
88.1902198238
91.0785663354
88.6973437548
88.2115800703
86.1132851679
85.7900733445
89.3702637364
89.4256693891
82.0382283153
81.0369277269
83.2853093178
79.5168610074
78.8075248503
78.8542503769
81.0368859846
84.1094030311
86.8297577977
82.3731219348
81.4311020103
78.4204519825
78.7959347718
72.3431523324
69.2532932935
72.0315158306
74.9548728582
77.6181706355
79.8396339264
79.6714999562
77.6162787266
75.4846319171
70.3975572399
72.9529976318
72.5250240489
73.4542277608
74.9092797255
77.5763031401
79.4130254017
81.2424672947
80.8483945886
78.4972786161
78.2632509902
76.1646772941
75.1032692613
75.9943522970
79.2494772487
80.1143126318
76.9867305997
77.5158645608
73.0609153975
71.7619029656
75.5241267607
77.9171007313
73.2294718620
72.4285875034
78.1112677747
79.0553568920
73.8562768153
77.1214542404
72.8350081338
73.6520155277
71.2927642976
72.2633734118
72.3425314041
73.7534314893
81.3855387469
77.5842385593
79.6738859335
83.2889612483
84.1258079019
81.0468130023
78.1539102144
78.6689709063
81.0327952484
79.2065557753
74.6457911103
78.2900333976
79.1921824750
82.0615455420
78.7029058426
71.9701734942
69.8162291580
70.0059776900
74.7815746893
76.1675564617
76.1976044617
80.5939161767
81.4852267618
79.6591078757
75.1258458463
75.7689910125
78.5813139037
81.3991881813
82.9715536756
82.2197025366
80.5091810435
77.3405763987
80.2008080496
78.8439968113
74.4183241969
70.4410108342
74.6659240265
75.3439897994
75.0908980531
77.8181123770
73.3133224304
75.3840806988
75.4864536584
77.3114810714
74.7371801936
76.1152220097
74.3243730860
73.0145840007
77.2142900625
72.3617045473
73.1398979056
74.3085182907
81.3668106756
78.2696140963
76.6042662214
78.4025658991
77.0102650586
79.4178604503
79.7445480144
80.4026949957
76.4093003534
74.5938410523
74.4912401375
76.2818093367
78.5032218906
78.9921323008
76.8742487780
77.1606717007
78.9882765301
75.5003940632
74.8963629120
76.1363779809
78.3178400877
72.3147375675
71.9265165144
71.9295359537
70.7339684328
75.3984606266
75.9904742208
75.8485431207
74.7793794547
75.5115260147
75.8421408167
78.2743282143
79.1023488108
78.3714877443
77.3163382865
74.3807484008
79.3786356352
83.0723361590
83.4653743322
81.3011889763
80.5361470424
80.7079240896
80.2259064268
85.7567280998
82.2418291796
81.0171346486
79.6029395825
79.6989965577
75.6247325973
72.4275953125
75.7359417355
77.9486542801
75.4004172384
72.4262677868
75.9439212142
76.4400189140
77.4204652283
73.1064290216
69.4281130976
68.9426142362
70.3530283885
75.4914660614
76.6664820267
73.4132946647
66.7465553862
68.7743449329
73.4646296763
75.0332767121
77.4830704270
80.3405585445
81.5049665667
77.7105683172
80.6239615919
84.2311585533
87.5379420043
85.1950815427
87.5072442052
85.1201811408
84.6107191150
83.0143177660
88.0599882432
95.9256970204
99.5756216902
96.5850836876
90.8601159900
88.2283900559
86.8047622515
86.8870271581
83.2719284031
84.6128818692
80.7968459093
72.5893797713
73.2201508413
78.0105768094
77.8421182142
83.1016447209
86.0046952575
78.9928254069
76.3053740527
74.8450629292
78.4571639045
76.6912367707
74.0974473443
72.7078224748
72.1310863137
73.0551228366
77.2758272304
74.7234320792
76.5049846018
83.9980561254
78.5941468055
80.4878780736
80.5624071514
79.0699698925
79.1371038098
76.6379580719
80.6079311090
80.7725261409
80.3839403152
74.7881401654
65.8247904148
64.1754704806
66.0651653277
68.6230713766
70.2488649013
67.9946979554
67.5841899019
65.9649987788
67.7559592812
71.7949992413
72.7305244696
75.0703316815
75.7231290425
74.4975975910
73.1121716858
70.3069321222
70.5749741156
71.9372028275
76.9177161563
69.9230498293
75.5567363662
77.2825381903
84.1984365250
78.4651106993
78.6325508617
82.4318137369
84.4264180137
85.1020376011
81.4324136587
78.6563711624
77.2188196451
73.1527191440
71.3837420222
69.4332632156
71.4991859007
75.0136057125
73.9205702478
69.4664250144
69.7103979793
71.8094244037
78.6827238292
80.4866097990
71.2234259203
73.4422859449
75.7115828404
80.8442288971
81.7428309523
78.8194013158
77.2388049841
78.8446507245
80.9856922754
78.0510962626
79.4835991360
75.5402787699
74.9340031059
75.0406798723
74.3771104287
76.4602187111
72.0586944124
71.8463380642
72.1671448488
77.5572176231
78.2811085842
80.7977735962
79.6425585020
78.4985813214
76.0700823259
68.8101574886
73.0729504197
75.2590384764
78.8318102203
75.3924750046
74.2128049059
76.7547998899
79.5482063706
81.5043441146
84.6984686902
77.6412338264
78.0078634704
83.1282713520
82.9740782213
83.8600596077
79.9195274208
75.7696047014
76.0736607742
72.6889108929
78.4987945198
79.5478800274
76.9843675526
77.0699962959
79.4105980493
80.8176918750
79.4200457083
72.8201723606
73.8656007346
73.7706469777
78.7345611562
77.3226947879
77.5902857784
78.1141385700
81.5384415205
78.3397750837
78.8316948773
75.4076379818
71.0835695511
74.6460309538
77.1814726835
76.7769397335
74.4031131397
72.9629944274
74.0813740839
79.5411387421
79.1303394342
77.9163624809
75.4863326214
75.4386146327
75.4275249014
78.1265296857
79.8811644634
79.7069063850
78.1727063378
78.9805327938
72.9526428462
72.3313219239
73.8939969489
75.4367585996
74.9532985051
78.8047137158
79.9325713349
81.1466656612
81.8877133382
77.9628626705
80.8305418068
80.4433207064
80.9836135426
81.6489684437
81.8839120034
82.6931486111
82.0640668072
77.6392573133
80.2589312198
80.2168746644
82.0829268708
80.0543453165
81.3770966827
77.7692920225
77.9558337461
76.3448345560
73.3487911717
67.9628955716
66.9452625345
66.1486139158
66.0685181266
70.4494466789
78.1661060831
80.8101140089
77.1964619090
75.9805771641
76.3431719180
76.3449874093
78.7828191894
77.9188094545
65.8404622570
69.4699692729
71.1825778490
71.4419084242
73.1834688661
77.8731883812
78.2860018351
80.0108599543
82.5011990673
79.8229079646
73.3178266486
70.8428229907
69.7980255016
74.8147125380
75.8346897271
80.4696909091
81.5398280452
77.6682582990
75.1391935496
73.7258549340
76.5113305947
73.8932278134
77.1677891984
72.7481535333
74.4553573190
74.2566900017
76.5899066499
77.9330276732
82.1798551453
76.2550247992
81.0112266075
80.8708481387
79.6317685445
78.5985448443
69.2275483213
70.3112924823
73.2226979209
74.0640088308
77.5353302306
77.7583081099
83.7632103729
85.8586101742
81.6136755870
76.6528198346
78.0276089027
77.9818893517
79.1393290671
78.8662697239
72.8948931289
75.9589266696
71.1423450272
72.9073037008
77.5472033345
74.6714240174
74.4535097992
70.8166334156
73.2557934712
82.0848811960
77.1759965619
78.1812998745
76.4941623414
77.0367354722
79.3721758753
77.2962760707
79.6711780450
75.2789036573
75.9252160817
78.2361990089
78.6045142293
77.6649428233
76.1137777139
74.1876686037
78.8834958523
77.1485087159
80.2166538237
81.6808996992
80.9644219749
81.2008450843
76.5584820498
80.8832088251
82.7248090771
80.5403518677
68.4200078066
68.5596650742
76.8808395571
77.3779846179
81.2535404488
76.5541794486
75.0100795096
69.6377346944
74.6593462592
69.5770498742
74.6618277131
75.1538263812
79.2990667711
74.0407253716
76.0149092003
79.1105001856
71.3350035116
73.5593852154
66.9270422234
66.6640137698
71.4800897666
66.3035813380
62.3495848865
62.6785540317
65.9865436994
74.1046747831
74.8367866385
81.2150370691
79.9153667708
82.9384015450
76.2584935317
73.9494276989
67.7785429604
73.4994118970
76.0927437944
80.1749840067
80.5694057151
78.9632896921
77.3473926034
77.4150899780
72.6468171443
70.1183734083
74.7240412658
74.0539012104
69.7434669912
71.7685238137
72.1771742961
81.6140585691
82.8027970112
83.8721363770
78.2328224103
74.3120833902
69.2248318124
72.9106676769
75.2036558900
74.0509692955
72.2171388685
77.3607279791
72.7630178284
74.9631161420
77.6326455296
79.7107817662
71.8953877523
72.5313375716
72.9349657665
71.4636560459
67.4041539320
64.9225660488
68.0896683707
78.7110349518
80.0987068242
82.9512508404
74.9798728154
71.5202780866
68.3238328498
68.3017777508
75.6625422226
75.8880390517
73.9936062560
75.6844021607
77.3462994490
80.1596974903
78.1650440656
76.5269248850
77.6527768394
79.5344935138
79.5522900185
84.0885976816
78.5755440969
76.1924450346
79.6167821722
81.2010931312
81.7141561905
82.5473861243
80.3891810925
81.9039294853
80.8711895800
75.6816774361
80.1473417721
80.0222776061
79.5556541751
76.3644011428
79.2280051458
80.1487911315
80.1706430873
77.6796527099
81.3238224542
76.6608519309
81.9596917323
82.8687635563
82.0709237084
76.7174712677
75.0995926825
75.1868728340
78.3945294528
82.4938583030
81.2912545956
83.6557520261
80.1510211680
78.9016315323
77.5039724080
77.8134698222
78.0317809819
72.8016427373
70.0576610398
79.8955507301
80.6311468107
80.2819079430
78.9336796911
78.9453416772
73.7515518907
72.0956375299
70.8168185004
71.1999298184
71.2463003959
69.3883434339
73.8299659227
74.7265843633
73.6878944141
75.0765020390
73.1536901072
75.2692061284
74.3663048526
72.2822851739
70.8391733616
66.1985375131
69.8124317778
71.1047198046
70.5744948651
76.6144880321
74.7195537829
69.2119883693
69.2730705117
69.4472472929
77.9265630176
76.2983077072
79.0274297747
82.6976919904
83.7312934592
75.4989532746
76.9022593025
77.5178705443
79.5413061060
74.1146897228
73.0921877343
78.1392033777
78.6538858949
76.7430284979
74.3252809827
80.7078932160
80.3784946343
82.6541598360
82.5829076579
81.5371677319
75.0107844676
79.5721404263
82.6161680495
81.6443455572
82.5201902386
81.3914315038
84.2725519623
83.2051470555
78.5365938951
76.3030373465
75.7844699967
75.2746483814
77.4110569151
78.3620884949
79.6175467186
77.5606007157
77.9478333820
80.4449199266
77.6412738036
86.4845615303
88.0253973985
88.4196096206
85.2012860096
85.6738661794
84.8888477655
88.2355624104
89.5279130215
89.5231740578
90.2106314676
89.2660709960
87.8873848525
84.7788421813
83.0628599028
84.3796258689
83.8532309638
85.7872614890
85.6568315787
86.9053355898
85.6933439570
85.8666342519
83.7916155679
85.9563895342
85.8423854953
80.9745062937
83.8707626890
90.1708992644
89.6053573362
92.1482568229
91.7171771354
87.7484697508
88.0122237000
85.7802327806
88.3518093187
85.4355995799
87.6296048931
83.4754180833
83.6850178738
83.3101361450
86.6620472640
84.9512127084
82.5652561382
77.9478252985
79.5030714383
85.2895104641
86.2119191798
84.0684587650
84.9521228745
84.3435675075
88.4867866058
85.0400201534
87.2457586225
81.5611278127
81.8004481999
81.6162071320
86.6137290009
89.4446658850
92.0742001158
90.5326751154
86.0427883752
78.6251801324
82.5591854302
81.5762035437
90.0875884602
89.7998803189
89.1188116628
86.4530791044
89.7563629921
88.5922222700
90.4539922617
90.6292427296
92.0889804584
89.1081231768
90.2285999513
84.7219425854
83.7270061028
80.0239084480
81.2427025648
82.4183348309
82.8730997345
82.9200542155
81.4095440135
79.0422158817
86.5549277415
84.1646365233
87.6023809858
83.9929197030
83.4377010193
81.8001882002
82.5986227377
80.8140032346
79.4379267051
81.2284611770
85.8136508460
87.5440362704
86.5357166494
86.5127511094
84.8885606153
84.2347301813
85.7397457407
84.8384968322
87.3087233135
85.1524189819
80.6852068364
83.0836866263
88.4571757318
87.5804417425
87.9073940014
91.0877257089
92.7448869306
91.3908882685
90.9735778299
88.1350018576
84.2400260429
86.2603016407
81.7360085229
88.4238671144
81.9514880312
87.9712004224
88.8943492788
95.0221792303
87.2406158156
88.4821703453
85.6190527881
91.0006333996
94.7762777885
96.2797797261
94.0079328473
87.4124460704
89.3609061323
87.4579628143
86.6472366495
86.9059959627
85.4446848987
80.7006143632
79.3890740115
77.6454837779
77.8302686375
78.8064037578
80.3950640099
80.5522189262
81.8101507259
79.5235482257
77.6410774461
79.1647033197
85.6300321715
86.0271738661
87.8295202005
87.3484479175
92.0239791144
92.4835542047
98.5765545074
94.1492622509
96.0484294050
91.2548183661
91.9289764670
92.1300296060
91.0118382716
90.6891943726
87.3628281575
84.4487849327
87.6291321631
83.8915669855
84.6953407138
89.0985986366
88.1606765768
92.4132464744
94.0800197721
93.2365376895
94.3926578188
94.9816643501
90.3294462456
89.2013856332
90.6708475076
88.2910965028
85.2434898956
88.0642332664
90.8444428773
88.4444476266
87.4486117809
84.4887117531
83.1160087748
82.8353348014
79.9032950898
81.2804637500
82.2092899700
89.3924154978
91.9506864413
93.0818316705
94.1621550803
94.1838128025
96.1252272326
93.6407908601
90.2948003133
91.0693174542
88.9150658732
85.4651250210
86.1080721348
90.0356252881
94.1598579712
92.6498595757
90.3674515821
82.3544087774
85.1517547419
83.8773257052
85.4158459097
83.8439270204
88.9595529951
87.3183184653
91.6707761779
88.2786389582
90.1132440254
87.4372448931
87.2221664223
85.9074368083
83.5953188736
86.1933640044
86.1275629285
87.2950973084
84.3314717217
84.3193720864
82.2459713380
82.9973767264
77.8933641677
82.8499316312
87.5286671463
87.7022964508
89.2034649645
86.6515097690
86.2178448525
88.8087160996
83.6205649607
84.4363887432
83.1260883720
87.3200159109
89.1721636454
89.9068208275
89.2588731114
86.3710276571
86.9567873343
89.5954346079
88.7110044926
88.0332328043
82.9971318873
80.3985687246
79.8439011057
80.5762287121
79.2034499165
88.3260584316
89.2268504400
92.2851879911
86.6628689262
82.0895690446
83.7000740402
83.2754781059
87.6162837991
86.7791611540
82.4066920626
82.9155510442
82.5247883790
85.3881069211
87.3854218855
89.4461409518
88.1541718816
89.1731534886
86.8709823760
88.0493265030
85.8474774224
86.5595594408
82.4859956531
83.7652361978
84.8576738033
85.5287796490
85.6025380068
86.9539131998
88.2892618745
89.7989393452
86.5049932135
84.6465478384
87.5724211598
92.2348163600
90.8263073731
88.3299755640
86.1908798227
84.6689464993
89.2784145094
85.9338301867
86.6505880151
87.9851626511
84.5092107953
82.6444817543
86.0500000032
86.1311941132
89.1201521651
89.7932329598
95.0999275148
95.5699419709
89.6804212927
87.1106763919
84.6846190608
84.9056252942
86.0737115884
85.0637043386
80.1684522788
76.4684854121
78.6890357988
80.8150240889
83.8289890729
91.1523921421
86.6393037817
83.9210731467
82.8636618465
84.2336261107
88.3845154558
88.9621468981
89.7146813697
83.9250261744
85.0239467391
86.3394086047
87.8428972129
87.2564874015
85.4178951906
86.7203415505
90.3512509896
90.3729377546
90.6628799150
92.6189005257
90.4861393767
93.2248539576
86.6733835328
88.3077489048
86.1681368101
86.5635483683
84.6047299460
85.3131507373
88.2287023307
92.0489590901
94.4858902995
89.5351896132
87.0788322646
86.4766812971
87.5034480057
90.9685899490
87.1177044552
86.5691265734
85.8146299257
86.5461911287
87.1912432635
86.4725317846
85.8980929118
82.9952387756
83.8220348295
84.7225560224
86.3772375660
79.5624818567
85.5495067544
83.0129236380
84.5616646086
83.9364045540
84.3161785939
87.0830202281
85.8529283819
84.3767915888
87.3942518923
85.8686339534
84.6873696068
86.2529162112
92.6125233381
87.9534324410
93.8028310091
86.1252801709
84.7244663506
80.2266107048
82.0403117784
82.6580078117
84.9332278743
84.2254021461
87.4548707879
87.2447299327
87.5039521110
85.3296391163
81.0550007735
76.8067250451
75.4199669636
78.6560286366
79.1131036111
78.8819562428
76.5545053721
76.2083043906
78.9358057372
77.7143574574
77.5036470289
61.7625863726
60.8103751481
62.4091139449
66.0913242462
64.1930404643
61.4846237119
60.9824673315
66.6089562495
65.6579479020
63.8324480984
59.4803009054
56.0393072981
57.0045654156
61.3628072818
69.3947502867
70.3167594342
75.7171799200
80.3450024638
73.6787755272
71.9605366825
66.9395314674
72.0530780308
72.7590268841
73.6659059429
80.8351175543
73.8037875624
74.5578988730
78.8921756926
77.9602551706
74.6602271001
74.1788069938
79.8573742541
80.3150666103
82.7024001270
83.6023022828
70.5183338296
70.8642585281
72.4371186065
75.0155871709
62.4934191536
54.3349945870
69.8200759173
74.3535169533
76.4611813254
79.3194368095
81.4667489730
78.0197336100
79.0374915998
79.1727510610
76.1129966521
76.2038549331
78.2482664672
79.1458495316
76.6734731368
69.7445522899
59.3978015412
59.5904282648
60.2462698301
62.9783191592
61.7382836854
64.9571599672
64.0055107229
71.6974513393
72.7896804478
70.6952010675
79.3014769092
75.7878901129
76.9317942560
75.3345418710
69.4345569383
67.3329355401
64.5033769666
61.0677459293
68.0751300053
67.7244964429
69.2149649545
75.0297357677
76.3319368341
80.3903446746
82.8429268437
81.7616421525
76.9971454065
76.1977472048
78.6241956933
79.8584201750
70.5571556420
73.8665234430
74.1159755768
74.0569906257
69.5645655319
71.3993602246
67.9610954916
71.4974262815
82.0056573925
79.5732156189
80.9388770755
75.8650920302
76.0518839633
77.5076606763
81.7965468157
77.5403695767
76.9072195877
77.1839075305
76.0818223789
78.1256239359
76.5162691810
75.9073337944
76.5640869450
69.4729638821
66.4198259027
63.2917841464
69.7752041660
73.7908600494
78.6399474788
81.9779312978
80.7348929104
80.2241541464
76.2451793999
78.6661089259
69.8764849202
69.9544768403
72.5790716323
72.0929966978
80.3196863306
82.9175099987
85.9114916309
82.2520678262
84.5908264907
85.8346958464
84.1835447288
80.2820446485
79.7757208755
79.1519941113
79.1601808734
79.9561094180
80.4309742643
78.6727176178
76.3937261068
75.8537298542
76.4709866588
79.2515055606
74.1771015785
78.2455057660
72.4159372327
71.4194644206
75.4147645911
77.4559801961
80.4987269854
76.6000341744
77.0037634213
75.1532328939
76.6798054952
76.4992297451
77.9715908433
75.9175850917
75.1789216747
80.1993685416
75.3428101641
76.4145546688
77.3999971900
76.4547100374
79.8816558652
77.7679617733
78.0446799299
77.1833002245
76.1342311382
76.6737205639
70.5161760354
68.6575883380
70.2227801961
72.3136555654
68.9564490679
72.2886408934
73.2939315874
72.7145387545
76.0607334825
76.6396774237
78.4009948679
77.8392638028
77.7143270053
77.7268861737
76.7096280778
78.1199230011
76.5062894257
76.2623774564
74.2604284567
73.2894437455
69.3122548311
76.7969287584
76.3780950472
78.4476295322
76.9601499608
76.1770410581
71.0763963347
64.8686799019
59.3242219435
70.3335774663
71.1054127602
70.3025548780
62.2417932407
57.3484151303
65.9334969468
68.6280071085
69.9064327569
73.1479772308
76.4404135263
76.0356083750
72.7534923050
73.7812440704
74.6900720023
78.1993463806
79.1092480377
81.2838305027
79.1743633035
77.3126751425
76.5066670188
82.0093921737
79.2156588668
78.5699727433
79.0527217538
76.9382028387
74.9498122545
75.3313510501
80.0596605083
75.8833466350
77.0728484610
75.4737555042
78.0133420916
80.8935171669
79.0449666009
78.9232077298
82.0568211642
83.5263226286
74.0293631229
74.3344074184
79.1195343170
81.2822206328
81.6135955653
79.7511344460
73.7508646398
80.1076646147
78.1286784092
75.6510562450
75.3265952601
72.3813436267
74.2070333322
77.2340569331
78.4258936288
77.1187085975
77.6397525832
78.1458548572
77.9057382103
74.9428819948
77.4185856662
77.7959772773
74.9668245367
77.3755242635
77.7491566261
78.7231767790
81.1593744791
79.6063053121
82.3407831225
81.2742598907
82.0811442279
78.6359373003
78.2214219495
78.9922769391
80.6657946534
76.7754661944
75.3057577821
75.5167870734
73.4420855606
77.8875709827
78.4893431131
79.4924598575
80.4942112161
73.7577953895
73.7926505479
68.6163336614
73.8101046732
73.1843980910
77.3827621180
77.5317127906
78.4401828625
77.9764590799
75.2910532836
76.8969115141
77.0708802354
76.1198223741
75.3139796278
76.4271483297
74.7346872939
79.4736579624
81.0567698274
80.3218508921
77.0518249528
80.1001864772
77.6454572369
79.6591317426
76.6343984374
75.4643019311
74.5920029732
73.7449865422
73.2625950103
69.5618267827
71.7159418514
73.8226541237
74.7884763023
72.4571992479
70.1443567656
72.0176526259
74.4706104145
75.4523585021
78.0761075205
77.4618975401
78.2698884463
73.2676873193
76.4622987622
74.9929744185
75.1976365946
75.0019883728
76.4120720370
77.3343221080
77.9699785377
78.2846685382
77.4912531983
77.1145144293
78.3754604128
79.1959671640
78.3584310190
77.9576285928
76.9489765340
74.9296419020
75.6526223828
74.3298213825
79.0749632077
75.8782109012
77.7373653519
78.3245289051
81.0536860165
77.6716131896
74.6186814826
74.5462050039
79.9581549031
75.8637962843
86.0600955250
88.0207721853
86.8190244491
83.5831699267
78.4897879017
84.5390115183
91.4882861372
87.0441739953
87.9803706164
86.4673726810
82.2150365418
82.7288813251
78.3997079592
81.2596048799
85.8080830474
87.6263026224
88.3420625774
89.2548268532
89.4920702103
87.9075505989
88.5866521341
85.9909127716
86.5775710359
76.3718867414
74.1626953439
71.1645541105
75.9768775733
76.2193010808
77.2757487473
72.1591685434
72.5819723507
69.6979294963
70.2181720598
71.3220941234
73.6861148822
72.3986368921
70.0815290678
68.2453480769
55.2661347384
54.5917531423
57.0183526374
60.0801973016
62.6568183571
72.8676688038
77.3078289010
76.6714106756
79.8106700451
80.0263177552
66.9410319576
62.0107769281
61.0464615123
68.5637937951
70.7179104142
77.1573223521
81.8747369645
78.7969419604
77.2301643668
74.1152320536
73.4215900915
74.2606852297
73.9399939479
76.1734876813
70.3511141827
70.9332393806
71.0630128611
73.0227348854
69.1005457258
73.4610323341
71.9404365064
73.5324758772
73.5505176021
78.4897319184
78.1849937415
76.3471463118
69.6001418036
70.4330717609
71.2688115442
75.0818841652
70.1964535177
68.7116883009
76.9466525562
77.1063288231
79.0964664683
78.7755952672
77.7077026974
76.6056804612
79.8852175069
81.3658764170
76.7075058443
79.9001914478
78.5407196951
80.0134158684
80.3634150660
81.0307287613
79.1849231005
80.4499734463
79.2496766263
79.4973681982
83.9966060835
80.8852532486
81.0632025250
75.4242760165
73.9532800228
75.4136628947
74.0112035554
70.2899924587
71.7176405390
75.1003088276
79.3049883783
78.8559852683
76.1372226489
75.8393088899
75.2552647317
76.3748615677
76.6300792411
74.4658788630
73.1774407689
68.9262780420
68.9687509320
74.8502539590
75.2654485000
78.8576485108
75.7557779608
76.6128269066
77.2916788251
75.9890609142
74.1721700745
73.0752551411
69.1362911110
69.0057697564
71.8946253425
72.0816504994
72.8765881723
67.2533064162
67.5098907107
71.9713461861
74.1583356000
71.4974946652
77.0682302222
74.2015415535
73.6002005276
74.1954937048
74.1996345000
80.9305342675
81.7610994072
82.2761704970
78.0101047039
78.0343703995
79.0493028827
74.1548113849
73.1676887140
71.7489647690
70.8396912567
65.6910859730
65.5595854780
66.8733964531
66.7737864848
70.0155002157
71.5345195420
71.1641194653
71.7902353841
68.9490810913
66.1035142135
65.0738669532
69.8733120375
75.9440781785
71.8572899619
76.7078862560
77.4952570394
77.7627782231
81.1469492001
84.0334286037
84.7218342979
68.6290826197
68.0092793908
73.6964645023
75.5963520917
84.5801217980
85.5564236389
84.5334361637
80.9727366376
81.9557815259
81.4805415951
81.9230415375
79.9883714720
76.6074895758
76.0193525014
77.5547302617
76.4653132482
73.6937251351
71.0048621832
69.9682175225
70.3951984860
79.0137458613
79.2699130776
80.1791361732
78.3087017526
74.8287163091
75.7119026861
72.1937775137
76.9751793223
77.1204433906
80.5914099479
78.4622143411
76.0807603021
75.3734594321
72.9382962898
76.8217914541
74.5999546521
70.5958725622
67.1343010707
66.2336710956
65.9293476155
67.4926300096
69.2433473286
71.2074880752
70.6294559233
70.3996092753
69.5846760603
72.2727715936
70.9045457421
70.4572093425
67.7282965198
68.8710707287
70.4981027739
69.0036325128
67.6144036076
67.3646514052
73.6532175851
73.6140221865
74.7992866811
73.4030937563
79.5140444322
79.0074882364
80.8122550272
77.5671563699
77.3398706477
79.2642921529
75.4500538705
82.1346211203
81.0847470438
76.7915719816
71.3246900579
67.3981448903
69.0459579139
75.7262324738
80.2464035208
82.0616720132
81.1941392108
76.4104631249
73.1006655528
70.7298474673
72.1118833172
72.1879951728
76.2689104638
78.0072772427
77.3936798491
75.8383038126
77.4058187711
77.8635670671
79.8392149515
80.2688354534
81.3256371391
77.6363901702
72.9954357475
69.5766080282
64.8871797699
62.5934546773
64.7693334057
71.5381840697
73.7483548468
77.1270833463
77.7761340529
77.0375841010
74.1723670097
70.5818973781
74.1773846997
72.2037535779
75.7055004964
75.7391807903
74.5301158725
72.7455151332
76.1969011295
74.3570430570
73.2463611831
77.2838419240
77.1583364892
78.5708374308
80.0251989947
78.4781264663
80.8352398771
77.6087357690
78.5568780060
77.5433316489
80.2223145649
82.0334887871
83.1676772935
77.8348749035
79.7294333617
82.0663683230
77.6214581669
78.0750814206
78.7486550830
77.5084441747
75.3577580352
73.1040691663
72.9141511470
72.9712837173
63.3003794481
56.2772897071
55.0570232247
60.3795455319
63.1599944489
65.8711965714
61.3721922503
59.3819509523
63.9843059320
65.2759550631
68.0236050939
67.5363886035
72.9203676187
79.0487265730
80.1597336274
84.5217937847
78.0860652396
75.0010381418
74.0061784698
73.2185839916
74.6398337283
72.5892616657
71.5709517497
71.2874467213
71.7533186767
72.0379079322
75.7842956008
75.6843013423
70.7496662557
72.7386441638
74.7334544555
80.4675196654
77.6202372857
77.1515765212
78.3176134639
77.0687025960
80.6411924747
75.4122121412
69.9391504462
64.6882798841
69.8152972455
72.2423349282
74.4157166514
75.0197684691
76.2736995732
75.7624399131
80.2598412205
84.2565761759
85.3708597433
84.7465740649
85.3574574073
86.7644985868
82.8763449242
84.1588787549
80.3288673033
78.1300402111
74.5114821120
77.0445103402
79.5517184299
77.2147349129
81.0847470973
82.6926869254
83.0768385041
82.1800081418
78.7184130679
78.3242199815
78.9128498066
77.5892426026
78.2851337743
76.2543592103
76.0118377579
77.2655585802
79.5794803229
80.0326537085
76.4648182154
77.2975791996
75.9080097424
75.7667632408
76.9341040637
80.2578729920
80.6479050236
76.1436191579
72.7880266841
72.8497503186
75.5019912820
70.6171278629
77.6501698236
78.4288332640
80.1886543891
81.0277869092
79.9251121173
80.6746562138
79.4942410112
82.6135249530
83.7663340795
83.1063510772
84.5061475797
77.1695574733
59.8892152480
70.2735508939
69.5195935251
72.1305714564
73.5330402955
77.3785583444
75.2822997568
75.6209043654
75.6773741107
77.1837201734
75.9787992658
73.5699091892
67.0450049529
67.4190834756
66.2542406257
67.0836564922
66.0829819684
71.0448170378
78.0111984043
78.0614329017
78.3013196923
68.0127529385
71.9672505289
74.0398835289
76.9816323607
77.5005226781
78.9285893043
77.0915088438
77.3686447718
79.1458759712
80.0491898213
76.5501194997
83.5168882629
82.8701347554
85.8466812742
81.6528393104
77.7582045501
81.5861350846
82.5827959762
82.3958612832
84.0031114530
82.6841348509
78.7939152013
78.4208647054
75.1417278154
76.4859677088
77.4728087110
77.4939608232
79.7605491570
76.6208000832
68.3896957176
75.2701338487
72.0949700760
75.0578316902
76.8540291153
80.9439741093
83.1258566084
83.1272530328
81.0545431080
79.8158768737
79.1402861320
74.6709610197
77.1970739781
73.5460830440
78.2635634570
78.8111407891
77.5853703611
79.0623266954
77.9204023100
78.3179128167
80.9688590591
78.6326994068
79.2945601832
77.9042268203
76.0001540690
78.9219452558
79.2122544257
81.4937027928
78.7014966684
81.5225626830
82.6471169291
81.9015198655
81.0389485415
77.7708178694
77.6269277951
77.1837697863
79.4239373480
76.6697410603
76.7814971760
74.9195901243
77.0876196055
76.4667256283
77.1240897175
77.1482377333
76.4429166325
78.3082902640
79.8740925380
82.2517684770
82.2535149579
78.5921309840
71.9422973747
72.6548963526
74.0257990086
76.7343391862
73.8605672048
74.4233984511
76.3592411727
78.6783441835
79.3908564119
77.0762843080
77.9850530375
79.2565046574
77.8757946416
76.6112510568
79.4030207628
78.1994054919
81.0765401803
78.1527539294
82.5878459574
82.4185088534
83.3115981442
82.0399330930
81.6989604976
80.3187908050
78.2379696146
72.8331130375
73.8951143664
74.3827080504
75.5771489030
74.5591338870
73.6907965075
72.6783141868
72.2602996608
70.3671956161
71.8417841885
72.4266971881
72.0260984042
65.5764913052
66.3862232792
71.1744809886
73.9799578561
75.0615137839
76.3141113523
77.0530168605
76.9616859018
68.9945451482
66.1059792077
71.6391756691
73.8413192774
74.6797116649
73.1965758981
75.8493382221
78.6910513453
77.8746834333
78.6047054060
78.3577270071
79.6864308827
80.3463429021
79.0342529341
80.1988242560
79.5697616058
79.6843807563
79.8436451585
80.2195134406
79.9982584786
78.5582558771
77.9610711374
76.2425042569
77.8307688615
77.6317348244
80.6433375919
81.2185589666
80.8213955465
83.0646626800
81.2051511855
80.5216197502
79.0006447240
78.6168201536
79.7814737411
75.6547515262
78.1442068963
79.4030969842
85.5035070926
85.3146935089
85.2191283099
82.0581600916
82.5469877534
78.4930506428
77.8603714570
82.8763543407
80.5545410175
80.6681789180
80.2378745745
82.2211740893
78.6051469856
76.9277822717
79.6325931775
79.2918007850
80.2095779856
74.8140041770
75.1871256225
75.0789631968
78.4021441778
79.3478603073
81.1996681196
75.3636402494
73.7909783960
74.1235371875
75.6040274971
78.0130267246
76.9365431005
77.8640308261
78.6938114101
78.2992155937
80.0286932205
76.4409431948
78.3686337266
77.9004464111
79.2722150935
78.6332711852
79.3712324323
75.0724189638
73.3516777936
74.4728144403
78.8257524539
81.3578615475
81.9525415674
78.5768884423
79.6761677974
74.3993404567
85.6880460462
81.4633292092
80.6473141238
77.6484819589
78.0221775162
78.6489410508
79.1287916770
80.5210064270
79.1955734739
79.3301974193
77.8070512159
78.9181413233
76.9689329307
76.6924163620
78.5570426359
78.7562090958
76.8064963787
76.9536447258
76.6238232258
75.3277173326
76.6278710358
79.8174171453
81.7211580563
82.2230131353
78.2331101116
80.2482608396
77.6366046539
79.6585350060
71.9072172036
73.6714871625
76.6999905949
79.1861599487
80.4039565985
78.0145518024
71.5375684650
69.7522516484
68.5650268023
69.3482539975
68.6283627315
68.1070323565
72.3573156682
69.1122652789
69.9180642176
70.9329380823
78.1799993191
75.1806956196
74.1365025898
73.0219418597
71.6754154671
71.8776251574
72.3038378415
70.9015742271
74.8547828889
71.1235751880
76.9436621462
80.5731352935
81.8711881535
81.3155103864
77.0106478876
75.7463930556
75.8914690686
76.5600872436
77.4752412245
73.9320530723
76.7777794383
76.9316060297
80.7211796167
78.5966558153
77.9521409917
78.2763065177
80.8439781574
83.0121369815
80.2272581446
74.3086650193
69.5857293893
64.3253927600
74.7059352428
73.2110093679
75.2331991855
79.4882794632
79.9157514170
81.0513591220
81.5687405856
84.4450900597
83.7544898244
80.8358574442
77.0756013714
79.7506423129
78.5863013013
77.3290500253
75.2977246588
69.7944207074
69.5401740878
73.5847610308
75.6997405190
77.2184742013
76.5924621874
79.1892266644
81.3225074988
82.5756229612
80.3957484755
78.1590373191
77.9024861394
77.7113440686
80.0457777849
75.2048015266
76.3448787197
74.5830300987
80.7074831597
77.2446816853
77.0271778536
76.8396075131
79.6132163711
77.6153958408
77.9192070761
77.8096939990
77.7535740084
74.0633582950
74.6551365924
78.4454743046
80.7208503598
75.8155026880
73.6631402653
69.8229692743
76.6564947002
81.3081662765
80.9343055524
78.3119491967
83.2686551708
81.4150182366
80.9041968004
75.5197645297
77.0112046081
75.2385818228
79.2753338684
80.0083262835
82.4730902757
82.0758041048
80.2121347501
77.2340738917
78.1443402426
79.8190160043
82.7444121308
81.2302901932
79.4673885141
79.2722159643
75.2465474314
78.2205112011
84.6144261934
79.5429514535
79.4218734781
84.5748943617
82.4452413758
78.7568774537
80.1764789467
81.4181201399
83.6570267561
84.5769318099
85.1979548319
83.7306215049
82.2402523756
80.4057538076
80.4458072638
81.0874310338
81.9648961879
84.8860992051
81.9297585346
81.7700780742
82.1630008394
84.3200177713
83.7719308848
84.7371317787
90.6204836493
90.7980533019
86.9555823069
87.2082995689
81.9861630045
81.7385729873
81.2670052718
77.3535658209
76.7007198332
77.7475733119
73.6669179900
75.2214029369
77.4855202824
79.6122865461
80.2873457676
83.0874299155
82.5169311445
79.7273890551
78.1915099650
80.1265564138
86.0379695658
87.3872841977
84.5314104669
79.8900141621
77.8640663517
79.8965524577
79.6744624440
76.5484355359
77.4792220252
77.5393686261
75.5899302963
81.6313059248
83.7925702094
84.7018226612
80.9928016670
82.1078754553
79.0253244693
78.2305825616
79.3767104812
82.4084296852
81.7293803177
80.9041682166
79.8720086078
81.1727012168
82.3795546935
84.0266250515
82.0672262658
83.7343316823
81.9677643877
82.2956194135
84.4069982545
82.3682971150
84.2052667522
81.6445357737
80.3285948800
79.8895204078
81.1390305499
82.4008257692
82.4469934666
81.7913961346
80.1038340395
79.5470659202
77.6975628813
79.2869525634
78.4573783521
77.1209567058
80.5034911218
79.5790601651
81.8581984442
83.8017118843
86.5611684727
83.7407947396
79.5512819752
74.1296935451
78.5461420997
76.5577921109
77.5478530220
75.5116839095
80.2661385420
77.7925669540
84.3552206258
82.6924331618
83.8317274092
79.8575774091
79.3295456754
75.6701033910
75.3735462216
73.4207816764
75.8885128697
75.2058603287
78.4197781614
80.0819962335
76.3246209447
80.2971690117
77.2758135700
86.0187375968
85.4341956773
84.2101546685
84.4440924016
82.1065475322
80.5597597233
81.4344935708
83.3774552393
81.7289867959
80.6613029603
78.0728257415
79.3965392528
77.2364466264
78.6437597234
82.4219765105
84.4800180719
83.5803965898
79.0840223868
79.3282169466
81.6176897392
80.8122734278
77.3379456291
78.0599502563
78.5849240439
79.0151658568
84.6380720106
84.7725716041
87.2447223039
85.9699653278
84.9187331904
82.6932652738
83.4931104572
81.4093599949
80.3064908323
75.5387080061
74.8405830902
75.3302023300
80.4401895932
83.6756245726
82.6568452793
82.9851390684
77.8747676711
78.8925813715
78.5487856802
80.4435499995
83.8594019074
82.7963743440
82.6202699894
81.4227392170
81.4139978880
84.8998371930
82.3257073530
83.1700540634
81.6913086803
81.0621746407
81.5742299825
83.8699635207
81.9171261784
81.7513439055
82.5897538777
81.9194074565
79.8903964923
81.4181120022
81.6100356897
84.4491072814
83.3867170119
81.6667352040
80.1651493589
78.8517982875
77.2258990181
78.9160342923
77.2354640284
81.5456072348
77.8701777515
71.9497678708
74.9713939908
75.1998704990
78.0537632143
77.3704522256
78.8401616871
82.3170787420
81.2281550530
81.4094298515
80.8289299979
81.9413479994
79.9083718300
80.8626880416
80.2514504639
82.2078499393
82.5403584458
79.2247830651
78.8632096971
76.9231846222
80.1850454213
80.8421199217
79.7163877056
76.5254408085
77.4737827201
79.5328129447
81.6172204226
79.1275011533
76.6395882523
77.1774976396
78.9731661356
80.5599159962
79.1823361967
81.3068721285
78.6548295442
73.0185604888
75.7532177988
74.3166053579
78.1420353279
81.8314161930
84.1618022847
81.7725194106
82.3554568113
77.6147682589
79.1871547993
77.3984168922
76.5477264155
74.9609996036
81.3274547904
79.5182737040
81.3914168004
79.0690369440
79.7878738499
81.7047030723
80.3498696893
80.8707920251
77.4688985379
79.8666126286
76.8843952037
78.0840608873
76.0651611276
77.6694322245
79.0059127963
79.7916724588
78.6342404257
80.7314953996
76.2458547426
77.1038803299
77.4666069119
83.5054080659
81.1334073623
83.4113351096
79.0826004662
79.9999348619
81.2598213048
78.5485450796
77.6861155349
77.0138406991
75.9018109229
76.2083840850
78.3891934673
78.1440807045
78.1891593050
74.5913217787
78.8060243521
77.2820945698
81.7397352009
78.7640059086
77.4008466657
74.6373466170
74.9551920804
73.9334664947
80.0875747040
79.4304741512
81.1625801884
76.1740173710
81.1670647162
82.9474103254
81.3014607630
83.6040882420
75.5391334296
70.7349776462
72.8390497361
72.3952861525
75.0827101772
79.3554337993
74.9422383347
73.9984674794
72.8708408032
72.6483238041
74.2161027889
75.5385046955
71.7638612497
70.6985647001
68.6414786495
68.3981408074
66.6075401251
64.5148750580
64.8526540256
63.0543182247
60.6622966910
61.2806509495
66.1019169211
65.6156352512
66.7303875858
66.4891148983
70.2673836258
74.8661214121
79.5345940030
80.5545138480
81.3521521245
82.1741902015
80.7055746625
80.5533050392
78.2135185534
78.5922471085
76.1840978777
75.9468565044
75.1845513311
77.9032387261
82.2008819457
81.2231419041
78.9325545190
78.3500851195
79.9226396576
82.6014288525
81.6818392289
83.6188007255
82.5138489958
84.6372288006
80.9009068253
80.2924066532
82.1106878597
82.5749272806
78.9968681354
76.7845833528
77.4093867507
80.5383914210
77.9025540120
79.4564629538
75.9662812684
79.1335036756
81.9107007828
77.3015940233
74.1731252322
74.6317800556
77.5507555852
79.9079239127
78.6482855459
80.0343728005
80.7205199406
83.9423084646
83.0666238352
87.6108615608
90.8357479793
88.2072342608
82.9133661542
78.4195175026
82.1141367072
80.2988193667
78.5236943161
79.2923063857
76.6636045566
80.4607601913
82.2064607648
79.1443243310
79.1583810092
78.7958660347
84.2307413106
84.6554616107
76.5298591806
78.0759469809
82.2859196936
83.9447341479
86.1585058806
83.0393597443
79.2653377843
80.1100627652
82.2223704681
86.1596030738
84.4142968877
84.9362219012
86.0987122316
86.5966131440
82.9914925034
78.8440694754
79.7715960284
84.4919227140
84.8387934010
84.6488640826
79.9177190709
78.5237458096
77.5491720325
77.3035371597
79.7755690160
80.0948349913
77.9510917947
77.5358700125
80.7995200776
82.8538125009
81.2397679376
82.7871201479
84.2081263537
81.7131433955
75.7941911858
76.2514424857
76.1759877391
82.8042272548
75.7308301871
80.7675988782
79.2019908591
79.7598054775
79.5518845764
79.9798717538
78.2569154478
78.0562146318
81.8831612720
86.9171732721
83.5952419575
80.3601404546
81.4682015184
78.5175185533
85.6553462659
83.1358842176
83.0548324481
76.2112397669
73.0990913467
76.0889539978
76.8293660956
76.8338814567
77.6682429556
80.1847455110
83.9656386497
84.1923822665
82.0332434313
79.7790460753
79.9925531422
83.0627755028
80.9698392662
82.4780502105
81.6542556788
81.5040783834
73.9450045968
80.0242302743
82.8115295820
83.1780639432
83.9363277214
84.8865093071
89.2389066954
87.9964340786
83.9843892326
76.6028857841
75.7462449391
75.3149578517
78.9852421195
79.3291359083
78.2460928857
78.2324850964
83.0024310474
78.2085261076
79.4261671452
77.0768477881
79.7758770391
80.6667116200
84.8162404725
84.9544651448
79.6701539103
78.6505435598
76.2096184362
76.8753586760
79.7355364551
81.8259257275
84.4842132514
84.5783717546
86.4341363129
86.1932932359
85.5205639604
82.8485713731
80.1658785048
75.7676912803
79.6059467783
81.2220906540
80.7627218703
80.9333564493
82.7341248084
82.7547639974
79.9852756688
73.5975063982
74.9305153633
77.9117012063
78.3738739259
76.8657489036
76.5207122677
79.7121001682
79.0784711835
81.0877234234
77.9467929751
74.8800044876
76.2137209206
81.9425657198
79.4099646219
82.6842007482
84.5361494783
86.8658805624
81.5988543476
79.3379770363
79.1754072165
76.7709792721
75.0560454951
76.3861851972
78.0622454272
83.2131918601
85.1569645242
84.0924485229
87.1401468298
86.9341983117
84.8382665837
80.5564672225
82.1068940703
83.6593210105
83.6269492719
85.3350173671
81.9465620500
80.3832585162
76.6607409955
73.1716001850
74.9309219134
72.1826570369
75.7720915657
73.3570172716
73.2358973582
72.1926820227
73.2618271345
80.2453525937
81.7677377522
86.2102512540
83.2208045325
78.1077917922
80.8090819002
82.7522018778
83.8060417507
85.9982308574
83.1811147118
84.4370049363
81.0553334228
83.1867388183
83.8838114989
78.1369384801
76.0968250246
76.3688184788
78.6552244734
78.8298179833
78.7210999836
79.1863455276
80.3625800641
80.9158076356
77.9845379749
71.7536207030
70.9245363175
73.1386798041
73.2994195439
73.9718122028
73.7162688196
75.6777475534
75.5624562064
76.2108453071
73.9472257113
72.5181272002
73.6206775275
76.0778241951
73.9825538218
78.0354569734
84.3527290662
85.4877534117
86.9962409334
82.0742089348
77.2894237173
75.5952482402
75.4104020467
80.9443703866
79.7459453034
80.5517419410
82.9906117185
77.9393174322
77.4588323610
75.1825002960
77.1963912194
79.6625782082
76.0319983031
78.5878663859
75.4614133072
73.3542663895
73.4386679801
74.4903918336
76.8413465625
78.5426546157
81.4055827134
80.1947957457
83.1056400115
79.0838128156
81.1100619244
80.5048011282
81.2164758078
81.9826919248
78.3014402272
77.3121491756
72.6427029341
71.6941392095
75.6400802370
77.8393433560
77.4014255391
78.1412827474
75.2169582642
72.5601933629
69.4938784716
72.9816519755
72.1818746122
75.7328509916
76.4921337930
76.8189321498
74.9640778635
77.2829986597
78.2090962978
75.8421338436
82.3196914283
81.3540793442
81.5361205765
74.9765303303
75.5293177412
76.6709322362
79.5092300532
79.1821871397
83.0255527658
78.6416689888
80.5388826253
77.7102813349
80.6406634763
77.8982902095
79.8277485580
79.9701558497
82.0416356128
82.5200122348
85.5467552667
88.3534985602
84.6140224458
79.1000071472
78.0133072350
80.4680076492
82.4600168382
83.4416730347
83.1267732156
81.8224663172
80.7215439859
81.2053360251
82.5699066882
84.1027345260
81.8544226192
80.9599376958
79.0090839007
78.4590310105
75.9633889042
78.5837381888
78.7068492962
83.5639389486
85.2293578689
85.7844109620
86.0050525974
86.9050834678
90.6801684849
82.1046259117
79.1609570610
78.6595731810
81.3573226742
80.2538375925
79.7498652263
79.9671098483
73.8306289072
71.7215279540
72.4314445962
74.1269628197
76.9756716038
73.8125370125
76.9528271975
79.3618985336
79.4798930524
83.5470046122
83.8940065369
82.4275247884
86.6628522815
85.0723273047
84.3156097689
83.7064041271
84.5426092695
79.4151130714
75.3846829515
76.6269319723
79.5539774662
80.8636650387
75.0486805803
71.6662940206
69.7282396226
71.1473270679
74.8590297280
75.9005156549
79.3325541347
77.9957483751
76.8825904043
76.5032924283
77.5031464616
78.4674236347
80.2092822198
85.2880713539
81.7017957671
83.4450241657
79.7324813478
81.1711213606
80.9437059352
78.8339196500
77.1609033752
77.5387875063
78.3941114401
78.3623051370
76.6090543354
78.2454536597
78.6631860990
77.3889540159
75.5499266592
79.5899097818
80.3317936767
80.9059542861
79.2868379218
81.3035145850
82.9317327437
85.5124734477
86.1454205736
84.1848058242
83.6261971385
82.9376638876
82.2531798294
80.2718137055
77.5728935344
76.1109011876
78.0887337850
79.6355431817
83.4374953728
80.0041811057
78.1021222403
76.9574722979
78.0815078411
81.3420492502
78.1079966363
78.3442446574
82.5241324089
82.9059238293
86.1016149944
84.2154547551
79.5269422021
80.9796347253
79.8515059165
85.2571568409
85.0785205253
81.6563777803
79.4321814923
79.0306404332
76.7126848469
74.6612024811
74.5353841807
76.9369482591
76.5686477577
78.1590673097
75.5059698420
75.5086326108
77.4522516660
75.1274034969
74.8059243313
74.5805581605
77.2268626413
79.0076577741
81.8359038824
84.4453832034
76.5200084510
77.0526971440
79.5013953957
79.9465865249
80.6013799920
74.9449937936
75.5587171302
73.9758011592
77.4452028738
77.2902663537
75.6605763516
73.4675942024
86.0618053910
83.7341079271
85.2033948166
82.0869891290
84.3371766379
81.9915822290
80.8066734966
76.3394315328
75.7024689145
73.6431282164
73.0500004922
73.4459716809
75.4165435040
78.1104829539
78.3422144480
81.3984299946
71.5391572245
72.9602499731
73.6802096905
79.0658029532
78.4634235758
81.6656884713
78.0129888046
86.3823532611
82.4694037600
80.6297982756
79.2163680721
79.0854811287
78.1894649513
76.8834197205
71.9381874201
71.7895566911
67.3613637237
71.5537212007
75.2142435744
81.6674198816
83.6242517381
81.5835171414
76.4046642754
75.7619486994
74.8400320008
75.1482394038
74.5739533038
72.8222775420
76.2323195944
71.7729706268
72.8510369233
74.0486322391
73.2103653779
69.6282031138
59.6906480434
65.1492208697
73.4779082410
75.2052357859
75.1529717564
74.4578869063
79.2383935307
79.7007400074
83.4856175226
79.5922347464
69.0483520954
68.2708272897
64.6968456422
64.5047828805
63.9551421908
64.3795787363
59.1585796374
59.0825888329
59.2042756686
68.3304469596
76.4476942937
78.2586037018
77.9572824233
70.0310035689
63.5570572019
61.6942515886
58.7188426779
58.8036703917
61.8865289661
63.7386769586
62.7728306642
59.9558350937
59.4308015514
61.7850718151
64.8796421137
65.9050530738
67.9371560100
78.4852548488
73.9895730598
76.1844122593
85.9817438286
88.2467361948
89.3958278924
89.4032994085
85.3944025137
78.5267500896
73.5105074941
72.6551475724
78.1004535233
78.8214929566
77.4124704264
76.0052636377
77.5364882936
81.3854431266
81.4478622822
82.5421908966
75.7266861446
73.5050097706
71.1380420475
78.2507127731
74.1236021305
76.0215885393
75.9959400630
77.0422549439
79.8111133377
77.9272739197
77.9714642107
79.2727514162
79.0152889200
77.9210998827
75.6813805444
73.0195633741
80.1467780338
81.5516694115
83.1571229184
80.6145643064
76.3219672212
76.7091175778
80.4361177627
78.6340555126
76.7854708246
69.6228914037
73.9560271421
72.5299378351
72.6951804400
76.8886785280
79.2075195182
80.5090495098
79.3609187250
73.3951230633
76.5667933196
82.6318786525
81.3378430631
80.4972650020
73.6523692206
76.3965778090
78.4682852961
76.8426424639
77.8783400109
74.9045785554
79.3266513064
77.0397162311
73.3452383009
74.8172622505
69.7710403011
68.9319382435
70.4935232527
70.1424225322
71.5859067158
70.1716051691
70.2616734212
70.3894792856
68.1487092872
70.4793850006
67.7072139823
72.2240044757
73.1671300383
78.7477675493
78.5439725453
82.6233887426
80.7417793980
81.9653075804
82.0935727403
79.9569519966
80.2032295988
78.8382041987
80.4391787622
81.3768371890
79.7555442074
82.7260253463
88.0782136201
84.5859154333
86.2187067577
117.6112304837
113.5272647041
91.1859439875
91.4885437541
79.0974067225
78.8325515625
78.5431805758
81.2119585147
82.5767637877
76.8172691807
77.0218302383
75.0012111022
72.1510680090
75.3953488538
78.9002362209
74.2475414508
74.2197462866
76.7909917091
77.0678172744
78.4443795871
74.6504113853
76.0486464001
75.4180074812
75.7985043792
77.4355548728
77.6904540989
78.6400344868
77.7488965887
80.3568811544
84.0603246089
81.7620785804
77.9280277357
75.7252720668
68.0092754701
65.4586501722
62.1206206278
69.7574656566
70.6729142304
76.3057862016
82.3472916100
79.6073520862
78.5804291596
78.7864019708
81.6846377042
81.3534428374
82.3284328445
80.8566622648
79.5403817645
75.4041229990
76.0088895810
77.3492431440
76.4501325907
79.7258590069
80.5087293637
77.5807149983
78.8254655905
76.7562295589
81.7982789752
76.6505041254
78.4967503489
78.5836877020
78.3308327171
83.0004414085
80.2525255220
78.6453676261
77.9950609523
74.2943638779
73.0552863005
76.2771599249
77.0203319684
80.3216620940
78.8347856836
76.9054528741
73.0024587432
74.5473969373
74.9956692387
75.8073032312
72.9989088702
75.5439183210
78.2618822670
75.8655165672
74.6617129382
72.2989495430
75.1227130139
77.9302351183
71.3384488439
72.3463625989
70.7531246168
76.5277720259
77.3665336686
81.7486274757
82.0937219579
82.1457808198
78.2872999247
77.5097468262
76.6093337543
75.2753590384
75.5354127809
71.4026147491
76.7989459710
73.8375690095
72.4668214274
71.1569403223
72.9476853786
77.0111654020
75.2775082317
75.6012502608
71.3845443070
69.7743598589
70.6902816842
71.6304804124
73.0788451571
72.4142691095
70.8401860450
77.4036705199
75.3478072477
75.7319539545
78.8629252485
76.9952868101
77.6543298020
76.2100712735
77.3460149100
75.3900506798
76.7280486399
70.9597501491
72.3812418640
71.9061928669
75.1094096731
75.2783205775
74.9164460798
75.2247794466
79.6499115269
74.0343031325
74.0187012995
72.8766879408
75.0684530312
75.3058838278
72.5855574953
70.7575599426
65.4298481806
66.1704531841
69.3540261953
70.9037040512
68.3083621615
70.2401188149
69.6032710065
77.5213789867
77.1676534161
78.1585885053
78.8171690842
81.3294722536
77.9593373867
80.4442454042
81.3926773803
79.5122119751
83.1657797247
81.7807434322
77.8366016978
76.8581594021
74.6122820549
77.6483483526
79.1302269725
81.5089334910
77.1174375397
81.5305752284
85.4940641148
85.1433767753
82.1604034603
84.3418085541
82.8033805416
81.1177235890
83.7291139891
73.8369656654
74.8771241812
74.7374078614
81.1372741187
82.4731192453
82.7628561497
81.9786379615
78.6554148055
81.7961663497
84.1503043322
79.2682549988
79.3729202287
76.9880250029
75.2128089849
78.5323548871
81.0405162634
82.2680812802
82.0269526453
84.5578034367
83.8871093471
84.1662588844
79.4752468771
78.0059583613
74.5059555898
76.2262116461
76.1714393472
78.7267972530
73.9735521196
79.2810003139
76.9468828441
78.3041433165
71.5834772106
66.6338142171
68.0664838104
72.5618839909
74.7158477532
73.0827239035
73.4648664534
60.8653406036
59.1489117426
67.0199070959
67.1184999626
67.8817226971
69.8128156472
70.4076705826
72.8534749394
72.7634293089
62.4781229946
61.1414074959
68.0253200121
75.6525396018
71.7903435026
76.9175490882
74.2546277218
73.7589185807
70.1401272743
73.7953886858
71.4623293876
72.9543874934
70.9926689425
65.0121615132
71.0217616791
77.1116116390
75.9265684156
79.5848619710
76.2971620228
77.3140321344
77.4872637787
80.9668586700
80.9183584315
77.5896667019
75.3361025015
72.8139925201
80.3264706807
78.8260480591
77.6961094236
68.0161291535
72.0776008184
75.9631534875
76.5874313093
77.2063769062
75.4564413428
72.5212563588
73.3377430570
72.7595972330
71.3079025306
71.7829217431
68.9235707930
79.1014073616
74.9937557809
81.2353833384
77.9521749679
81.8711673149
79.7414877315
75.2392438098
70.2951984354
66.4194863025
67.0292124578
70.5753830906
74.2742427849
71.7351406113
67.5382927226
69.3175861766
68.7947522700
71.7810002838
73.8595463951
70.3022204480
67.8621051591
65.9239716247
66.6505141833
77.6474898551
78.0039310697
79.5672773583
73.0713628203
68.8547713421
64.9077161245
69.7820576828
67.5970431579
70.0032005865
72.1336383780
75.6543074244
74.4657292969
70.4570848097
77.5609680670
75.5873862018
73.8623779509
76.7149531262
79.3574467649
78.2135276010
73.7630926578
70.4043733319
71.7514178962
68.6108214398
70.0511317244
70.4642225872
66.8186217558
66.3359331380
64.1213982425
70.2363162451
72.3594222228
71.8705772609
68.5167868930
66.6578183120
66.0637210164
62.8667810451
59.7578132403
66.0894177702
69.1554031522
70.1121929976
71.2938238962
70.1181672432
69.3429137027
69.8537162333
67.3883619631
68.2910031821
68.3452512182
71.7907652394
67.8630599466
68.0760459086
66.7866015055
71.2901088889
78.2651686160
80.5194140580
81.2538803624
83.2507113993
81.7416434005
78.5013600248
75.4434436988
75.8762989847
75.4544313721
76.4876232939
74.6299202693
73.3168089050
71.6775422945
72.1762845042
75.7696240563
76.9435068141
85.2734653838
86.0586440938
83.2699973802
81.2204393607
84.8352840876
86.0970382103
89.6538990207
88.6418809563
88.0546506288
80.1483733059
78.7697926934
80.2390994013
80.7799527016
84.4380411539
83.2820829910
81.3542327613
82.6133227203
78.7745882162
82.8306139664
80.4624431199
81.9140570871
77.7994553548
76.2776334041
76.6046651675
75.9337193656
78.4881178121
78.1745042707
76.7816979559
77.5243945354
74.0847193610
75.5084503477
73.6194191301
76.0649366287
76.6148496115
76.1932508659
78.1163986609
74.8749372307
76.2737954258
77.7902284002
75.0214112970
73.7196747474
72.3874062320
73.8741094070
76.1398446212
78.8374788985
78.5747032539
84.2917578753
84.5594612527
86.9764834399
85.7216670438
83.4257694108
83.5124464850
83.6352331312
76.9826910926
76.7836539286
76.7128357848
79.2247695417
82.3314185461
80.9247956746
79.4163266130
70.1592651303
75.0959813399
79.5902639037
80.5193991718
82.9768809316
83.4687876666
79.8746796686
79.8872469758
80.1576009955
74.4198289413
75.1333261524
74.5406124141
73.8995206599
73.3660862229
70.9406602643
71.2733543766
66.9239339541
67.9205287548
69.5239775754
72.8605419122
71.9826760804
71.8047202898
68.7728895847
74.7793772944
76.4324790431
76.4347528069
79.4775332332
74.8107644839
76.7076205686
76.7988916001
78.7651963038
84.2829080630
84.5114822567
82.1719933268
75.8433090555
77.6588374052
73.3907666755
72.7241165070
75.2549243449
79.0057182949
80.1543688959
80.4867437478
81.2514420412
79.0256610498
76.8967093363
77.1783059905
76.6295014319
79.5847272872
78.9989608464
78.6744760240
67.0112310005
72.3782189274
75.7494261795
80.5394333280
81.5123476658
81.3291147593
79.7403417331
77.2465763082
79.1727463835
80.8185118660
78.8869022973
75.7154146940
72.7933847343
72.8597600471
71.3632650258
75.8225200304
73.3989180079
73.4123972048
79.3281212275
77.2741852401
76.4285783308
78.4956391339
81.6115642185
80.1789937860
79.4717565027
73.6102905145
78.5576990490
79.6473727583
83.2033203287
80.9952791931
77.4105325451
75.8893549318
81.9313765925
78.4964502597
78.2130495383
77.9090160409
68.4683639423
65.0527835162
67.5899430352
71.2105245099
72.9710626605
73.2749954020
75.5658432330
74.5562986599
76.8349385331
79.1512982824
79.7233324472
78.6406383412
78.6879613795
76.5176179739
81.2479892557
78.2779876782
77.6250127742
77.3249685221
80.7917917227
81.6111262435
79.7684936132
77.8126849686
73.7518644327
78.8718026823
77.1352212135
76.2103978688
77.8113676631
76.1750803364
72.6378132597
70.8710172105
72.7760782358
76.1402412842
77.7358032492
77.9086126782
79.2196538994
77.6291866278
76.6920415843
74.3560952204
73.2011989526
75.0455388826
74.4009488826
78.1033123053
80.0720694372
82.6246489060
82.6720668015
79.4929761957
76.5451022667
77.8926638972
74.0334784535
74.1010465971
76.8147930411
79.4567468379
88.0095626483
91.9866233400
85.3935134702
81.9834730215
77.0750254918
80.3148438847
86.7525305303
85.3500723106
86.0732827818
88.0371520486
91.5118002680
93.5697486011
85.0446223016
78.4709787977
80.3604227589
79.7344742579
77.0885806939
74.9554251728
77.6651763025
80.4432811378
80.6307266615
85.1354954190
86.8248160235
85.4271307803
83.0056425934
83.2843804430
86.8868134516
80.6441838982
79.9016799278
80.4731959912
82.4018022159
88.1695012901
88.7643454380
87.7383899960
87.9392355883
88.2202540782
84.7165526869
88.0579099386
89.7152355941
89.5878247304
93.8461753808
84.9864925350
81.0476153176
82.3639837561
85.4522888915
85.4853009613
82.1401743215
80.6142852645
86.3869319662
94.1450322144
95.4503401789
91.3339034994
90.1599477757
92.6463751837
92.5414076109
97.0421567027
87.9786648291
85.2513777428
83.2180909359
88.6363216518
90.7369224791
94.5831382461
93.4524721066
89.6001159175
80.8388671669
80.7637023269
79.2466288681
83.1631567886
82.3687298627
78.4080880306
79.2152657328
85.2060598406
89.2678871456
92.1375646393
87.3663361719
83.4172880480
79.8276318277
86.4102585696
81.7661281715
81.9023263313
86.6310481203
90.3384063804
91.9450741499
89.0653028425
85.9832151489
84.0090250376
80.7953717311
78.0221815385
83.8335438453
89.6945909641
93.1949651316
93.7256115294
91.6094149419
91.3256708381
88.4739549060
86.3492255719
86.5792901251
86.3081037785
85.6529270924
90.5596446876
84.9739505557
85.5339567749
83.9138964862
84.9362493169
83.2939552704
87.3830713063
82.5523933955
83.2018692551
87.6385859192
88.4198685311
88.6419097545
86.0180467189
86.4150499284
82.8314039652
86.3792374127
87.4367227302
88.2115336026
90.5082741292
90.3959166002
89.1236948689
90.3959896117
90.2418047656
88.1365975452
82.9507561374
82.8187240293
83.7123102367
88.9521469398
90.2598474080
89.5139518028
88.0652037008
90.1513121767
94.3174687551
87.7391454257
87.2636242307
86.9971273747
86.9801926879
88.2701246558
88.3916352748
87.9369614152
85.6738827591
87.1461874636
87.4928844154
92.0924369725
90.6103953588
88.3961288958
87.0146834433
89.0291717474
87.3100395963
90.1693798214
89.4493255773
91.2584969768
82.8611224715
80.0264188462
77.0800595769
81.2839209961
81.1199781247
78.4713558385
81.5012592946
82.9433576148
87.2777232465
86.8851712831
85.3564244417
82.6208543069
83.0718807417
80.1329442881
83.2597624489
81.5984405477
84.2088957003
86.7307714083
85.7359756426
87.0093190437
89.5803522779
89.0745188613
88.2515957447
87.4574529707
87.9620401257
92.7146181444
91.6225622889
93.6049581108
100.9996540823
101.6724508621
101.6006067773
101.2777645225
102.6023825761
99.2018269633
97.8262316570
95.4905797158
96.6375585759
99.3707251745
95.0549963992
98.9877089130
99.1529495291
99.2679973609
93.8085232644
90.6924315988
100.6101292825
96.5178706229
100.8801578722
97.4754205329
93.7520218780
94.5915544144
92.9893557411
92.0107760778
92.8038572337
93.2875785684
98.1097934207
99.3697334321
100.8045513004
99.9519476598
97.6229592153
97.3004332220
98.2398258657
100.0361260386
101.4175797086
101.7150322356
99.2591817367
98.7204856760
95.2667301970
95.3339245157
91.9465149918
91.4078092762
93.5456342943
91.0270338715
91.3058806135
91.5176948614
97.4800462970
98.8330456915
100.6605734420
97.9281560511
96.0763550500
102.1381341928
102.5107200218
103.4210191656
107.2802720281
101.4164937249
99.0523533801
86.3436114402
93.9804758984
96.2252940887
100.0876472992
101.7209551786
103.3744348752
104.9120119032
99.5364895445
98.4869910770
95.1046940952
97.6807432419
104.9507049472
102.9785927340
106.1246462620
103.2352356330
96.6280046879
96.6831098597
101.1335201938
109.2390313849
109.6563045112
112.8761181765
97.2185301521
103.2210144970
103.6909319278
100.9619849780
97.8681010600
98.3328051860
97.5771672689
101.6482655474
103.0069935420
102.9822742277
106.6306462831
100.6808786298
98.6984365112
97.1177253858
93.8774279118
97.1229549778
96.4065906698
97.0098351450
95.3001278987
96.2281337843
97.8790608477
96.1835863340
97.9447740893
99.7393653293
98.0992451518
90.1338398165
94.5249998164
92.9436082026
94.1177867168
89.8536163815
93.9182065868
97.6827080767
100.7769473462
96.3443036097
92.8925944410
92.1390521430
95.2450260526
93.5672225343
96.6616344234
97.9841016120
100.7555793884
100.3010479483
101.7866928053
95.9640248666
101.5614419291
95.2660871030
96.3056051801
96.9707990225
98.9951553496
100.6697890853
106.7149902846
106.2262333004
105.3316574332
109.2119021594
105.8707540655
111.2661707690
104.0332424238
100.2857350010
99.4454415012
94.0702127947
94.6565927550
98.5936057090
98.9622020804
106.2868925257
108.7007124127
104.2984414640
97.9580842381
98.9925246619
98.1407256947
99.6354354825
98.9112979144
96.7464133719
97.7844995964
100.9210331952
101.1514088998
95.0252692970
95.7742553485
99.3024151013
97.6011733612
94.7516140005
92.4786898010
92.0896025153
92.6683154328
94.6991518395
96.1048343780
96.0748074080
94.9093796125
92.6145047686
93.9188358451
92.1842235628
90.3444388494
90.2335650294
92.1297063411
97.5367776390
98.5630291469
104.4070675160
107.5021140814
100.7259614282
102.5179521450
98.1261453345
90.7397313423
93.1216515968
90.1339938968
89.6467479094
88.6542044980
90.5435555671
96.2133766318
103.0626831724
107.8870213663
110.7384121169
100.3222006262
99.8905346212
98.2828372047
93.4108072492
94.9509132362
88.0908886359
84.4284761541
78.0838972789
85.4251310985
85.4363946594
92.6089211424
87.6634993425
94.1590672789
85.6957163231
89.9076234272
93.7536172553
102.0677095901
106.1372853016
104.0534892069
106.9599326833
97.3464253616
95.4682015689
100.3594089872
99.9981298503
102.5191802530
106.9139624847
104.6479967438
104.6333190111
107.0882938397
103.4876327895
104.9252371291
106.6219408770
105.1039008300
107.5733597215
103.6749891939
107.0802424302
106.1105121447
107.0399493322
101.8820300986
102.7424769305
102.1761309716
100.9540317986
99.8141032355
99.8488161133
95.3465160878
97.2481078379
96.1298543483
92.3566687486
91.7883913922
95.2260724854
99.0134935551
100.4227375056
105.9221453117
95.1941514571
96.1493974538
93.9198408409
96.9109140288
96.3728571775
93.4217862634
97.2855978782
95.1226139351
94.6957487080
93.6132376710
93.8072259146
93.3876653121
95.3534026566
92.3837072847
89.4286629190
90.4754366942
92.4744030462
91.5305441395
91.2236839195
90.5089150584
90.8601498498
92.1420362008
92.0568760536
88.3279104723
90.6071304157
91.5908356833
93.3755752811
98.4492447438
91.0825568629
93.1502978575
89.3309187076
88.5135057719
90.1644222503
89.7000820752
85.9299783841
92.6899556491
90.2833576491
92.5556479443
99.9026544969
98.3021152516
98.7242600891
96.1115716836
96.2227888819
96.4312690553
97.3911733237
95.3398237170
94.8298460835
86.7840241184
88.7062611003
90.0267051980
92.6629218281
92.7375277834
88.8161596843
92.2708045146
90.9567457550
97.6498554320
96.9089543811
90.8383422841
87.5049808353
89.3629241979
93.7986849881
90.8581508962
88.2617832252
87.8127120432
88.7528762548
89.1792216200
90.3679142192
92.1428974683
93.0893664286
85.8274725174
88.8390847561
87.3714530147
91.4672800404
89.1445645481
88.7522252453
88.5845731148
86.9388006222
85.8548851833
88.7298680184
90.1118816650
92.2873768505
89.7624690365
91.5296557630
90.7115942941
87.6151406181
87.4421155414
87.6714267745
91.0921189024
91.3995320238
90.4165357742
89.5090950137
84.6110594798
83.3731127873
81.8187577385
76.1916389284
78.7124673256
80.4713489034
83.0696073896
80.5835355494
78.8963752715
79.3817831018
74.4629841665
74.0568551524
74.1797556832
78.6383356210
84.1372409373
79.9163118591
75.7047349133
79.0862905106
79.7784057144
80.2453098087
83.5230141025
82.9306436258
78.8400781170
75.2137043460
72.8813813293
76.3874662856
75.0990062772
74.8504874079
75.0363955728
74.7059921468
73.6150662816
74.5863763593
77.3790897291
75.1561262492
77.5984131033
80.0132593362
81.5816527242
83.0429937992
84.0539916141
79.9928117180
75.4963082054
80.9176208192
72.1868958218
74.3930617811
81.5167517255
78.5850915724
77.9805471572
78.0200484755
77.6679347974
78.2822304790
78.7346282220
80.2176638097
76.2850308032
75.8532302814
76.1387328365
80.0336879929
80.0009377109
75.1077031040
77.1592617458
79.1772165153
81.2402261788
80.6427355203
77.8058383727
70.1825701108
71.5883492488
73.5461880268
77.9456527535
75.2634788793
75.4532805567
74.6236654498
72.8087813195
72.7620153086
73.6119719605
76.0106470125
75.4736931607
78.6912311534
79.9883051684
78.6356148858
74.9844931591
75.4820717128
76.3150342134
80.2288303176
81.3082046618
81.0106163954
80.0237881151
75.6122665659
74.7762144717
75.5360841212
77.6482942043
76.1999010817
75.2682379241
74.6626141253
76.7640997032
77.4480723505
74.8944087917
74.7932139637
77.2570360335
75.5692800459
79.2675329395
77.4204374767
82.4991501955
78.6811255622
79.0565138597
79.4270453969
82.6942521183
79.6983813593
74.9200143527
72.5185243909
73.1098242759
77.3065641205
79.2759682140
77.4416763709
72.3524247453
69.8391329793
74.3946511871
77.4727884554
80.7039816440
80.7495344858
78.8533675331
77.7205596444
76.2111980161
79.4689773967
74.2544779998
76.9400800655
77.1888953636
78.8764029303
75.7407526576
78.2545330257
81.3499859180
79.7992857051
77.7627484154
81.7729647614
74.6594364464
71.1225905879
66.6486227176
76.2012153368
75.6326478612
78.8646870191
79.4410625564
79.7590467417
83.9129083413
78.2263397760
76.5703472588
73.6571249229
78.3971993529
79.6046834543
79.9814229782
74.4164271566
76.4411192298
76.5962048383
79.1384837859
77.3003537907
77.0350584549
75.3183594970
75.9427127253
73.7408388188
75.8030096874
78.6794761065
81.2892822892
83.6912537897
85.3948134621
82.5343074119
83.2003064826
84.3376611250
84.8378653101
84.8609452290
86.8072867062
86.0668988037
84.9459650859
85.3398745730
83.1829503009
82.1697784110
83.0935168365
82.5319018197
83.8040175384
83.7148012165
83.4103303745
84.4376707346
83.6657348647
84.9152077051
85.0264500290
85.5784032448
85.7307603557
83.1883168208
77.4038321557
76.7010618058
76.8015509139
81.4145998038
81.8451968003
82.3577862032
80.8960413219
80.1283347134
81.1755046253
82.9471683341
78.8936111314
80.4258646963
79.4320886176
79.0597702494
80.1439163182
79.7801948076
79.8371523898
76.6959403594
75.3908117469
74.2453533734
76.6360564877
77.2840681898
77.7151433427
81.4236313807
77.8712661615
79.0494120540
81.9223351480
85.1105727028
84.9681371497
81.5421487498
80.7072231917
78.7987246785
77.4053534243
76.6986857947
73.9381697382
75.7698526256
78.0015222351
79.9575917690
83.1154344721
84.0786067388
83.8123687051
83.5386877667
80.7133736268
77.0263699476
74.8566467625
78.3191321544
80.4284577578
84.2822993502
83.0693531007
87.2499461623
89.1161399672
87.1045218762
85.6975404690
81.3509001868
77.9818113915
77.7193511584
80.9846682981
83.1739989702
81.8849102036
79.9682204529
81.8635317408
81.5587912154
81.0110396190
80.6661160595
87.3088217553
88.6753745304
86.3257391048
88.8015847719
83.1101029284
79.7744519031
80.3215026173
79.4600689860
79.9813660278
81.1841742015
78.5955517612
79.7428827460
79.6495011618
83.0338880221
82.6223830200
82.3730615897
75.3342959592
78.8171256502
76.0558006449
77.9512078478
77.3910624053
77.8504398321
78.1200786664
78.1974487819
77.4241372825
78.8464108019
82.8161897221
76.3285903141
75.2978388004
78.0452615274
76.1029843496
78.1445025714
82.4010766253
79.0227439392
82.5108867922
82.7751362601
86.1641313647
79.2935633075
77.0908152983
79.3098418641
77.2762939418
79.1876969411
77.4028004145
72.7589412555
74.3896877021
71.9808755809
72.1907347356
72.1770107668
71.2731363198
75.0498498305
78.8332654910
76.5933375276
76.1363349440
77.3320559292
77.7078825631
74.5299517504
79.3266706814
77.0615779326
83.1763867939
76.4742970429
74.5842830733
73.6961441736
80.2056388080
80.5291153982
83.3724677227
78.5990467015
73.7640807526
70.6824630118
75.6694995230
75.0731058548
73.8265029449
72.2259172693
80.4105497630
79.8004831791
81.3717727682
80.3268954450
76.3094668533
76.0019949766
77.5198627388
73.2684247527
71.7241974244
71.9312939714
70.8418752213
70.1020878131
67.9399458330
68.5348775073
71.2037678059
72.4519945549
79.7836560450
80.3743610701
76.7532620354
78.1352814778
81.5352202293
81.2419687332
82.4092814032
78.2667217865
72.2254531519
68.9157020575
76.8084538539
76.7813124278
78.3489477272
75.6938972603
75.7102962669
75.2812696327
77.2458494449
81.3484722709
81.3551993187
79.5029702580
78.5681176580
79.1867051484
73.2608500933
74.7295488519
73.5876364922
75.0721695736
77.6158420125
81.8395391459
81.2546025549
81.7716586393
78.1787570442
75.6209255350
83.1937796510
77.6093811330
83.0518159472
77.9231826338
78.8237723643
78.0979427487
75.0790413460
75.0757983727
69.9736661329
68.6389789055
66.5139822491
69.3598939398
73.5107032197
74.6510839802
78.7622180569
80.0269252710
78.8141365672
80.8739264487
76.9435501163
68.5256410675
69.1640010918
70.5561349624
75.8195891558
77.9596779154
78.4286326710
79.5463036394
79.6055672756
78.2730524481
74.4384627840
73.8639251724
76.9127602622
77.2680637311
79.3379871137
75.4071740820
75.4144431643
72.8972949364
74.1805731484
76.8110667892
75.8764738636
75.5540449944
78.1501241780
72.8367219520
73.5958613624
74.8919978612
80.0648696525
83.8308144025
81.9736008996
73.0805773973
70.9661616283
75.5401518587
77.2911042245
76.0954176777
74.4159728283
78.9123021452
80.8549815707
79.9974242694
83.0266964960
77.4373999955
76.6085864055
76.9307733425
75.1652276430
76.4527076780
77.2319797487
82.5368554763
78.2134188913
81.7867342063
84.3944063577
78.4917016351
80.5740387559
80.4668051222
77.9334282144
78.6423150193
78.1215817328
80.4178723273
81.3893898897
79.4990850727
77.3403494879
72.6034032704
72.3984716578
75.2588367514
80.8521313470
86.3627499125
83.8794885773
86.8340829484
84.4055566667
75.4689137408
79.8700493081
78.3189980478
78.8486908463
77.4855175653
76.4018387954
76.1631327253
75.2113671055
79.4935700548
82.1421561273
80.4190615591
80.1913082433
80.2459426119
74.9998570158
75.9486998959
78.6637101125
74.7345911798
78.9033442635
79.4492137729
78.8888870778
78.9073598003
75.0288971125
74.6922555123
76.9015293432
75.5908929504
74.0998304435
73.6811719845
74.0782469593
74.1027185978
75.8694047332
80.8413838586
74.2349786460
74.1971204080
74.8414457786
76.6424607211
76.1491433750
77.9382439032
75.1576717592
78.4400605445
77.8535536639
76.5553360507
76.6236228745
78.8412444549
80.7752429092
78.7912171194
78.8993483793
84.1129630697
78.2856504045
72.2949272776
71.8701675880
70.4889590476
75.0318561687
73.6252270374
76.4042347566
75.8099093238
72.9406079885
72.1058208689
70.8819795028
74.3507500422
74.4067029103
76.5132009930
77.3781291318
76.8530793634
75.1348187319
75.5607005764
76.5293371652
75.4589423716
72.7240860050
74.9389154208
76.8583120596
76.9701302696
77.9084652904
77.8468196964
78.6331763979
76.4417433381
78.4760421647
80.4954183963
73.6072186920
73.6037035189
72.5759563842
73.7127441410
73.8492979274
75.5129280051
75.0046951724
73.5884454052
72.4339792440
70.7606129531
71.9967130331
74.5829955179
77.8045297362
81.1031866694
81.3359706154
80.5688248657
76.1492788434
76.1718031309
72.5287014603
75.6692583784
75.1633697933
78.0708225752
74.5383856802
74.3965742376
76.0039248597
75.4434506538
74.1466977285
73.6713825443
74.4006292502
74.2852551855
75.7136684425
75.5881602187
73.4209885259
72.3540166686
70.2707420270
70.8907414456
76.1389452162
77.1553377210
78.6160671704
79.7799730350
79.4821653300
77.1978258627
75.4015929276
71.6888569637
71.9004380272
73.4014319062
77.2163653055
77.1484271464
78.6406554166
77.9819200194
80.5748705794
78.5427186630
78.5022337593
83.8985941099
84.0425693191
83.8648418886
79.4140566612
77.9366461404
79.4453754838
81.0195549766
75.4620617167
77.1542282407
71.7882215617
69.9805147100
70.4769496794
69.8298139992
74.4421350458
69.1478227116
71.0718384943
70.5722244310
73.8404110087
75.5510684084
79.1346423647
77.4533290403
76.2572150445
78.1708044168
71.5575921188
65.1238087129
67.4423918779
70.0459893296
75.4249022376
78.5140389302
75.5752994449
75.4274223131
73.8044900319
78.2084372493
80.6750920388
81.3061857193
82.1729588371
82.9903183484
82.0943819845
85.4024440873
85.0016598418
85.8139725324
82.6686018032
81.0643840013
81.2767476125
82.0924998593
80.4855010728
83.6045003500
85.4072182152
85.6177694401
84.4762076128
84.0743859409
79.7742632045
81.8217881743
85.2952138039
85.0975951710
83.8848323551
80.8996922174
76.1721379384
82.2517955754
81.0830729270
79.5003887285
76.4875079654
76.2417154508
75.7803453309
79.7667512193
82.8464868475
82.2796454564
82.9124583470
83.7015244573
84.6489839706
82.1922710913
75.4822008163
73.4824216042
75.3914666743
77.9810998342
77.8027956572
77.3771464087
78.5447793544
78.2965710489
79.6044494939
81.8519253344
81.3457417096
76.3342436759
82.8552909756
83.6981337531
79.4963862837
77.1861585549
78.2089550066
82.6999020586
84.9245176904
86.2057049157
84.5449184455
87.7886878898
86.4689061526
86.1405305642
87.3336689567
85.9943540153
91.1742114131
87.7792146168
86.1407223515
83.0455224164
81.9177188628
81.5310177087
81.2559342070
81.3357536353
83.6317867440
81.3441645931
82.0014991279
79.7156955122
82.9237926956
83.7146727523
86.3894872526
84.3307961747
81.7075164622
80.6255606244
82.3977541050
81.4523072351
76.8243411070
79.1637524187
76.4688039655
78.3721893645
77.1580123567
78.7999247653
76.3635099112
76.2465633089
72.0610859314
72.8179768178
70.8033871838
78.9155572694
77.5011468816
79.9475436407
74.2185160220
73.0772022723
72.4016394888
70.5673159807
72.3212274843
73.3483194227
72.8923093436
72.4744279564
73.0928945834
75.2902897644
72.4883376114
72.4091009591
73.1139257454
73.2086111172
74.0758879374
72.3325958771
74.3043962164
72.1022714165
72.7244755541
70.5220862438
73.0340439744
73.1705518773
72.7114688768
72.7095039462
71.9251294312
71.5760171897
73.1030128885
71.7843163095
69.8035154892
69.6688817834
70.7036019855
71.5474099434
73.5609637608
77.3864566726
81.3787472670
81.1334608528
77.1524868575
75.3524169472
75.2311867218
75.9451716982
75.9838857405
68.8053142493
68.2169102041
66.6182012806
72.1255798936
74.7401478351
72.3909022239
71.8744862267
72.7015357982
69.6061384482
68.2834073225
68.9097476882
69.1271838176
70.3411552236
72.3994220455
74.2585673487
71.8248821508
69.4282316001
71.2986065608
75.9776605832
80.4500111700
80.5572238393
74.7991547710
81.8581412339
87.2597068862
87.4171733957
85.6164404390
88.7882695268
89.8581273678
90.7410012498
82.6310327269
81.8635281907
86.1871866038
83.9176587818
82.3212871916
82.7132176222
82.1815636224
80.5933086287
81.1122414823
80.4536013048
81.6841979250
80.9027108990
73.9933585051
76.8653963206
73.5277928047
78.0307822478
77.9507015405
81.0398591732
80.4783149566
84.3548407334
83.4231404832
79.8551219258
74.0793238540
73.8446454560
75.4723457082
80.1373813211
81.9557422039
84.8508522600
84.9851590958
83.8994991432
80.3768839463
81.4576899329
70.9137608934
71.2459315267
71.9894425922
78.7683928243
73.2515055266
70.2490462705
66.3480889465
64.8951358916
69.1702489698
76.6349932242
78.7184839251
83.3663384139
82.2353311967
84.1524776215
73.7460093734
74.6125963801
75.7171166465
73.5183044512
73.9531592302
77.3578661067
79.8683821375
81.8882266378
79.3142602671
75.0434709336
75.0870579823
74.9415512114
76.6714893877
74.2679174319
72.5907750861
68.8578757245
66.3514514396
66.2300378281
68.0724605451
66.7552498609
68.1977169255
70.0430310894
72.4105007028
72.0099109976
74.1117915975
76.5780401233
78.0293153987
79.7203091666
80.9023947731
79.0351539294
76.4352924210
71.4591342450
71.8941315264
69.0808779268
71.2278606245
69.5517829904
70.2602538286
70.2300079931
69.8926887330
68.1186118708
67.3324150599
68.7514019389
73.7663883414
68.3972964217
72.7511069565
71.4473111298
71.8218354881
74.5517037548
72.6915308041
72.1297779676
72.9024736853
76.0583830940
74.2888725968
74.7454983017
73.7533034114
77.5843172744
71.0949138292
69.8813740083
75.5044294309
76.7303929045
75.8633939789
71.1632858743
69.4966023236
72.4545199076
72.3199682668
71.2542236547
69.5972772427
68.5459379428
70.0865932903
71.2292196687
69.5871757045
68.8886101284
68.2845621009
69.8595282352
70.4629517755
67.7863464184
66.6248916165
65.8356093009
66.1006118852
65.8133794478
64.9331648588
65.3324953522
67.2332778453
66.4578652291
66.6311804380
66.8407212425
68.9767280122
70.4010424634
68.4149365586
65.5354296046
64.5065607991
65.7823912412
64.8147886238
69.0693499857
69.8846131219
76.6215251055
71.7943766479
73.5254016239
76.1218822457
78.1615913834
82.4586410687
79.1570147489
75.8063586715
78.8520625936
74.9602830875
73.7276878856
76.8043318567
78.5225521006
79.9424358268
79.0082971156
77.1870159789
74.4368585898
76.4481358276
78.5903298758
75.6604380992
72.0288516370
69.2229804184
74.5809494787
73.1233425049
72.2546844343
72.9428696659
75.1341977361
78.1255117643
77.7380318787
74.2632375441
74.1017355494
74.3269197743
76.3140984810
76.8199862971
78.4157817978
74.6276280061
72.2609997275
68.6761909343
69.4416595539
72.4685847205
73.5930023993
71.8536749133
69.8176257352
71.8013235752
69.8158272258
68.7981900376
68.2788335098
69.3232770949
70.3847811350
73.6472259696
76.3609857840
78.6661926106
77.3394134790
76.2890757026
73.5885749660
72.0988714300
67.6288327509
66.3402221742
68.3411237975
69.1324351256
71.3567964505
71.4831775415
72.4526725600
76.2689692384
75.4236804660
79.0406404744
78.7432855080
85.0794720410
75.5258207787
76.9654068435
72.4000425212
74.1228376754
72.1913769497
71.1678038758
71.1849282293
67.4486975329
68.4975061776
69.4066146800
69.8662607382
70.3047843121
73.8348127695
70.9727252114
69.9562186895
75.2526858119
78.3435670308
82.0777221791
78.2870781807
78.2851243528
73.0437154497
71.2739595400
69.6457205127
73.7204803984
71.4232336149
66.2368614970
63.3099557877
62.5403545350
70.4669514283
67.4340222213
68.6960286265
69.3826478627
74.2676683446
74.2121715345
73.7096702375
74.3417459805
68.8077148439
71.0296911680
69.3648347949
70.6473860508
72.9917661643
68.8249770710
72.1701825568
69.7931282131
70.8623303754
68.6133539727
81.6622847064
74.1046861042
80.1048401729
80.9804188768
78.1355021705
80.5253044788
77.8952085835
76.1027562056
72.7323686126
69.7515395923
68.5215821504
67.0461754214
70.7117863609
71.3024395251
71.1342113994
71.6215038324
70.8211901531
68.1975602324
69.5075668520
69.8995933531
72.1766408515
71.2570634499
72.5207464397
69.0003190775
69.4787814237
69.6407345880
70.8585435030
71.1535280571
70.1941335719
65.5106488588
67.9612502995
67.6590128977
70.1491478101
72.0773598124
74.4768964780
79.9126025398
81.7423512554
81.8875579305
78.2664762591
71.1699827362
67.6082521460
67.0643567981
70.2171920623
76.8914017362
80.4908978095
86.6506025091
85.8497988724
80.3366454445
79.1896375753
72.8198446768
77.1531459431
79.3286763892
79.9023443944
73.7822164250
76.7319167687
75.9308758466
78.7016387789
76.6935869291
75.9118987867
80.4780155793
82.0560912989
77.7856990930
74.9839432263
74.5019359652
76.2095838718
77.7887735289
76.8002445897
81.5967557670
79.0642791668
77.9341330591
80.0248324225
80.4649369239
79.3417693340
76.2643293706
72.9040259193
68.1204148734
71.4335030808
73.2249600037
75.4761062934
74.5813639745
74.3587509204
76.6481710213
82.2645795845
77.8606253279
77.7192462295
79.9786842804
82.2503400016
81.1127811901
79.2948362510
78.6946425734
78.6863348547
80.6799734084
78.6788496264
74.9006370274
73.7622943880
74.7063207012
78.9717010236
80.9198605264
82.2265516743
77.5161689277
76.8143533434
78.6656318189
75.6973652585
72.3469844894
75.4775141295
77.2766966383
81.0386949951
81.0285901703
79.0559583296
79.6693011824
80.4451901162
78.2081500517
82.8599271200
79.6710430825
80.3696290885
81.8720884335
74.1168106569
70.7820222865
68.2882951224
68.8553471522
72.2068529216
71.2784644954
72.2999328678
72.1834354966
75.3614935029
72.6861493799
74.3668733815
75.8269405750
77.1236307884
76.7430617553
73.9151781304
73.7610593230
71.0594987984
68.9706200021
69.2278991859
70.9033883964
73.1082748014
75.4294771928
75.5466048370
76.2469583359
71.6010202009
72.3219457881
73.3469335409
74.9769684348
76.6921010166
75.2230970927
73.6597413498
70.5779391646
70.4297207399
69.6556259745
72.3056582862
75.7966887271
75.9682287704
73.0120982686
71.3390939696
73.2258785732
73.8805324408
72.3708904488
68.7574988162
69.6831408384
70.3849707284
74.6598870928
76.5490017667
79.3978624122
82.8189922611
90.6115423607
86.5442635409
79.9315249454
78.8880105083
80.2286166535
84.8199849943
87.8955666741
85.2854070755
84.8732825824
81.2557412654
79.8902602645
77.7132258698
72.6333638014
73.4379096289
77.5425983744
77.6656373873
76.9556891374
74.5203811235
75.0771509376
77.9163573782
80.5660025186
78.8685904138
73.9587337990
73.8804642593
72.0199961661
72.2205182535
73.3113080695
71.4153766063
70.6376853951
69.3833946492
72.1666892465
74.4972086184
78.7385647886
80.0939645680
82.2626221147
79.4488218142
77.2975992159
74.8766010994
74.5730435827
75.3428915575
75.6403092021
75.8403738809
73.6205996389
67.6588778853
70.1616840977
73.7084334067
76.9538582288
79.3442976244
76.8803546189
75.0358124805
72.6371875466
75.0664464408
76.5629920646
75.3810422049
74.8136865540
73.7267253818
76.6210581886
76.6324949903
81.9592747098
77.2260633274
80.2344468332
76.8612107093
77.3742405110
74.8771941211
77.2437553690
75.4520236604
74.7781133632
73.1947488546
75.3575157738
77.5982469790
78.5974684405
80.0870293520
82.2836819571
84.8969040320
84.3013224737
86.2112418180
86.2758016854
86.3748651162
80.2174325501
81.6039920600
83.4163642340
83.2600138173
84.1025350679
83.7344374870
82.5668608655
84.7056537689
84.8166373377
83.3237995267
82.8848350599
84.4393857578
84.7252944173
85.5604173951
80.2951223827
81.0792477671
83.4263064803
81.5323758873
79.7859615559
75.0112493176
76.9823261218
77.3682960832
75.3734441907
77.8794115917
74.0604318518
79.2063972606
75.3361713052
74.3579671878
71.7919496745
77.0166926638
73.2610910593
74.2753581325
75.8604947525
78.8513013157
78.5009540000
78.6244672811
81.0919371434
76.2528077683
72.9574157428
69.7957582744
72.6196587129
68.7177963707
73.5282856557
76.3991116165
79.8171074996
83.9667765784
85.5243640801
86.2616910450
86.7439585703
82.0598643306
83.5646741467
77.5427449285
78.6545612050
74.1569574680
71.0447123847
71.8190514599
76.3235681232
82.3995260659
81.8261092481
83.0397742821
73.8772182880
76.9056222661
77.8909685130
81.8927913924
83.6930534196
88.3758649206
86.0483217046
83.1190225286
76.6372032828
75.9760020740
75.5035607835
74.7738709907
85.5412370578
78.3243893552
76.2833581243
81.2970951418
80.2492575391
85.6304132577
84.0266798160
82.6556323616
75.6312037097
74.4337464415
72.3322769928
75.2157401467
77.4331753564
77.8621440392
80.7484581034
78.7979761198
77.4115494197
81.3949636972
82.0756957879
79.9747449451
74.3095686230
65.8582552874
64.7076780126
63.0189433362
70.1037067198
68.4140292339
70.0864329281
74.9511405200
78.0899829245
75.8649506890
72.8383882697
72.2795284032
70.8258135933
70.3624745195
69.1139712182
66.3312290129
69.1949044316
69.8765739932
73.5907546515
77.8500212752
80.9926069702
86.5895351227
89.6861391336
85.5184792400
83.8124638913
81.5979762479
82.2863127379
79.5888178267
79.8772604833
76.9463413715
77.3226547811
81.4620859123
82.3679503810
81.7197384127
82.4512499931
83.3781386441
80.5386775125
81.0012340059
78.6432638086
80.6518283972
82.5846056657
85.6243969043
84.4464289209
81.1068627101
81.3743300743
78.6945222605
74.2168534691
78.3741893416
77.8285340730
79.7259674905
83.7510299293
87.3653639116
86.2961950211
83.6803519883
83.2773363255
78.5252391468
81.8011437842
82.3277774047
82.3737609888
81.4338242197
85.4061384429
84.5801583714
87.6876707061
84.2717749988
84.4917019387
79.7685291297
79.4601533928
82.1272928788
81.6796875331
83.6075812339
85.8754136075
88.4814299732
86.2605788447
85.3060289960
84.4920805152
80.4087005519
82.3073414300
80.9787443788
82.3358702364
82.4828733605
79.2068471605
83.2914763810
83.5415145628
81.6219269666
76.2256265242
80.0460737630
77.2857782774
78.0238644179
76.6072400508
75.6281287174
78.2801454369
75.4791556072
72.9115585977
72.8106187323
70.3477936204
72.3239194618
73.4027160387
79.6904481250
76.2298454609
73.5758936518
71.1589638541
82.7310421918
78.5138686917
78.8231682309
78.4183480504
77.6018603624
71.8519016830
69.3658926974
71.5521426991
73.5759028944
79.3493588496
82.5678968717
83.1364502918
79.5388679454
78.9273323099
75.7415281646
74.2461216661
77.4383351607
78.7296322938
81.8549150520
81.0107212779
81.7799801424
83.6352543299
83.6523468301
82.4952512910
80.3938988584
78.1721204018
82.4184583702
83.7051604677
81.7298659594
77.2803670978
73.8668360382
75.2429836444
68.3246711090
73.5749535315
75.1241826785
80.9166200752
81.8607239324
86.3580497986
83.5827232258
81.4661094400
79.4048665536
78.1948603333
74.4873943150
72.2253467432
72.9641586309
71.1788874636
71.6613269662
74.0661621796
74.3094309466
80.2212561628
81.6376312647
84.1540739527
88.3971752809
86.9097915665
84.5145177033
80.0395470834
80.4258154515
83.5283655151
81.5663216944
83.6022638288
83.3361479496
83.5343583900
81.4736472468
83.7073793512
81.7827475957
84.4902904345
88.9911120381
89.0764489590
85.4507009345
82.8682908229
81.5962360698
83.3470994676
80.5579938804
81.1503959705
81.5237667659
87.5643161191
81.6566382425
81.3839927098
81.0986041513
78.7613799076
79.9780186283
81.2427984026
77.0460890987
70.3990585957
71.3544934454
66.9322703435
67.2556630595
70.0915412111
77.8864925452
78.4893558655
79.9201764970
77.4745362811
79.7043443538
80.1181613495
75.4349002957
80.3924874175
68.9805981618
76.1908017047
75.5316455535
79.9933754366
81.7686574002
84.0366898209
83.4090017788
79.1989621635
79.3080199642
74.0091315317
86.9512321387
86.1224761083
86.2723309844
85.0318635207
74.8486350181
70.7603603347
73.1851034696
71.6557823069
72.9479370353
74.4587221456
72.4022270312
74.3410234971
69.2078436259
68.3491662847
71.8158510523
73.0811309494
71.8259905796
74.4192726068
73.9966749589
74.5664497479
74.2070886230
74.9299199463
80.6736509531
82.3522428053
84.7109326602
83.8344979423
82.1482013203
83.6410816173
80.0113412311
84.1116767884
84.4969686777
84.9077712801
85.3092819255
84.4006187264
83.1292257321
80.2980130035
77.6519358853
71.9798244545
76.9412236297
78.2052974681
76.9392625282
76.1815300944
77.0523068472
82.5627518787
82.7148188235
80.6339747887
79.1719917067
79.5652474197
78.4320236354
81.5165130175
76.3421709245
80.0109208779
79.5565117594
83.1574089304
83.7842556888
86.3666741434
82.8519359071
81.9908264552
82.3016969851
83.2507181571
83.2241089258
85.5900276153
86.2253399044
85.7758369380
81.9555183594
84.4711572701
80.4303476506
79.9749815639
84.2827444071
74.3545619609
79.1613418448
76.4449442668
80.0597642752
80.2561266109
83.8140205754
80.7711462800
79.9895082088
75.6899959092
76.6924879496
76.7881833114
77.9935182539
79.6160168901
77.7730452229
77.9279368229
74.6351275695
73.2715381596
71.9112130915
73.6198712073
75.0010728948
78.0297687147
79.4240729325
81.0887099492
84.2924371608
79.0793934332
78.3085079262
78.5207456115
79.3216397367
80.8428047554
80.6934438955
79.3343979016
79.2087374765
82.8497473561
78.2968818838
79.2460029383
78.1336991893
79.7296531214
79.7270964833
80.2236879044
79.7067735928
79.6200594781
82.7587993701
80.7082383181
82.7065882271
79.0783629619
79.2803092175
79.3613505896
76.2194154254
76.7856588025
81.9425112952
84.2606472486
83.4871338783
78.4042233937
75.3306179554
72.6074172709
73.3190409722
71.1775335240
70.7181312477
72.4570371787
75.1861057757
75.0823995166
73.2865745329
77.4312723633
78.1211590577
77.7783603668
78.3655978916
76.0797720732
79.0307727478
80.2148992277
82.0497687175
79.3223531778
77.1447860339
70.7928846200
66.0734720963
66.0679020704
70.9601471404
73.6519357804
73.3750569904
72.0131230395
72.9283688163
74.9826044880
71.7737450077
70.6621606500
69.0325252302
70.2594135234
73.7284466004
73.7072937255
76.9844988397
78.4832158845
84.2608284705
82.1621226943
77.6883386510
79.8880271139
72.8221463029
76.6292888036
76.8532668419
76.8054286919
73.7669517935
75.1861417500
78.4448216265
83.9105227971
87.9484914717
83.3167351769
86.0289961123
86.0116341597
85.2994557822
88.9429839330
84.6817559119
84.7436408136
83.7197503322
82.9671652987
80.8906438747
78.4891765839
78.0208046994
80.6551240105
78.2318751853
78.9408884564
77.7716985824
78.7455743056
80.4383526297
82.0168715312
78.8905403302
78.8599104177
76.5212631174
76.9909382605
76.7949167014
77.0112598590
75.3478773349
74.7929441445
74.8990352093
71.5691562144
70.4229189961
73.9571661228
73.9972217163
76.9695280683
76.3279991749
77.6516482279
81.8430571528
83.1800435349
87.9366912092
87.6202554077
86.4399871415
84.6481617505
81.5767288626
85.4179426254
84.0703462191
83.4676249276
80.5581522869
82.6643402509
84.5944066610
83.5510796546
79.2261477811
84.4188579528
85.2784265027
81.3483138503
84.4949753677
80.1882361036
84.0558662495
83.8227041881
84.0749855507
76.4764275412
79.9316246102
83.6680865802
77.6864720136
79.4157376027
82.5860886251
83.5845611345
84.8299445874
78.2218029488
72.5972054901
76.0135309942
78.3910202060
83.3663004222
83.3771483419
83.4210422802
82.0482581330
81.6535380597
82.8486962680
86.6454047215
86.0313012166
86.1504362317
87.0044090510
82.3316583182
80.9532389181
77.9212241622
79.5403098956
76.5386246102
81.1702690740
78.7590253697
76.1274457813
77.6769360966
82.4786115413
83.4616416028
87.1112603051
87.3946233102
84.7536601626
87.0483690536
83.3034087675
83.6610002257
82.7379261399
86.1769855948
84.4999690263
84.9507832555
81.2731871088
78.6968175674
74.9344042942
75.3091249290
75.8469552870
77.9631779374
78.6612039544
81.2821647340
79.3244224233
77.1757729123
71.6439636257
75.4789786898
78.3793897502
79.8519101896
78.0943260893
81.4036308619
82.0008268938
78.2266636180
77.4468862696
77.6020028812
78.4437890957
78.8939303927
76.1854997688
76.6218879231
83.5734386180
82.9150678821
82.1274007315
79.0757786659
77.3420636858
78.5249290318
83.5171678765
81.8233215264
82.7787397925
84.4882454120
84.3496090530
81.7256368834
80.6082600302
78.3634074871
77.6489375907
76.5121044240
76.8576673345
77.2274954009
78.4824757895
75.9368264301
80.1034352885
78.0370802665
82.4801909205
84.3389033112
79.7733736913
80.9075349877
79.0861471032
76.9545650402
74.7811030691
74.0605175925
75.8375178713
77.2116597402
79.0032452451
84.8805564825
79.4594272145
88.5448734450
81.6995295624
81.3721701143
77.4426637048
82.9874076663
82.6089065495
87.9125115825
88.9512570009
87.3670250365
85.6286540563
79.3103570966
81.5213365773
81.2783227810
78.6743975876
77.9284046212
76.2058991050
82.1099053922
86.2383273128
87.5201563043
86.7321931835
78.9611028838
74.4442590599
83.0387815066
81.8973392825
80.2837406415
79.6648050768
78.8818881059
81.0670114806
80.7266439917
76.0544261664
76.2986673271
73.0145669164
73.2497673035
71.2360849786
70.8962746443
73.0332240903
70.8470543149
72.8740633964
74.8603636901
75.2938298190
77.9624331672
80.3826905800
81.3534179305
78.2580146618
76.9879171658
79.8281198261
78.5325818759
83.6221350930
84.2048265954
84.7945109614
83.7489573300
81.5478378374
83.3805888136
82.6021299319
79.8392564295
79.7023589102
77.0016435717
80.4754407974
78.8001308708
81.8990978927
82.1396420433
84.4843729414
86.2543432681
88.7066056526
84.6360619600
86.9209099756
83.6194241357
79.3924611722
79.7689856703
76.9371127039
80.5757957108
81.9124217939
80.0805574572
83.5027228931
82.6015905030
85.2641352465
80.1755313744
82.9062599829
80.2822947651
79.0412236769
81.5629980705
78.9725140406
78.4412035828
76.4679257451
77.1039705359
79.4500821759
83.8520405725
86.1540099542
77.0684499254
77.2496716441
76.3693904173
79.6017773777
80.7553564061
78.2208171105
72.9728951594
78.5757553955
80.2603605006
79.9174744086
78.0901206326
73.8346531039
73.7878988225
75.3718998322
78.6712413656
81.7938260657
82.3359812596
79.1466114125
78.7753114841
81.7647207886
87.6736104292
79.1768169165
74.1060407464
74.9397955795
78.0062940364
78.3181205845
79.5892410668
76.9627980470
76.0735780706
76.2167431844
73.4148985526
76.3832343183
78.7397604568
80.3629690846
86.4247131387
90.4306912367
93.1337654351
90.9396714522
85.8497051816
82.4334586853
77.8301917858
77.1856198519
76.4641548263
77.7201198932
78.7473800295
79.8366257678
79.1039958251
77.9905827485
75.4816093267
76.8708118714
78.1819300952
80.1533876715
76.4718494437
81.2046845189
83.5953040926
86.6594244818
81.4897666285
77.6883511610
82.6962794041
75.5899741617
73.4118424059
73.9346418157
73.6577173448
73.5215884861
70.6254174909
68.6668964880
70.6927040152
70.9845663565
73.2602200461
75.2604969753
75.9269120446
78.0422733022
79.9537522841
75.5819131419
73.0007208951
75.5592627440
81.7251973205
81.7152035472
84.2031075270
84.3206184112
82.9922859363
81.2334824469
78.7130957277
79.5399414817
81.3513628082
80.0006596794
78.8031828136
79.8979820964
83.1557524083
79.9909365234
80.0513880444
77.1516207378
80.5633153961
84.0759634952
85.1385584861
83.1405674566
78.9190784694
81.8172737177
79.8720510617
76.2482618711
76.8001136900
77.2878018462
77.3615618151
75.1028574585
75.6806165703
77.4171602016
78.5318417408
76.7805358851
75.0293733315
75.8123335902
79.0701284196
80.9029998883
78.7004589980
78.3242185592
80.4123707335
74.3295814202
74.6738936563
73.6638968931
75.2767238505
81.3496233551
84.1049581679
87.0972564342
84.4426505606
84.2265845097
75.9213416636
79.5687789200
77.2375792062
74.9531679719
76.0851917020
84.1136737485
82.5661121024
83.9378893486
81.1672573018
75.5255782937
73.4950641095
74.3572310567
73.0635148255
74.8419414973
77.0475355288
76.9836761966
72.9400325080
68.2111129682
69.1967834368
70.7888965990
76.3300955464
78.6562364102
78.4897757490
79.5617859288
77.9429261501
78.7736611489
80.8400984301
77.2886883578
80.6741504895
81.9839832282
81.5990103844
79.2818680989
81.0135190249
80.5860961007
81.8328971735
81.2647171916
77.1646200630
76.2042104428
76.3207317090
74.7126479945
73.4222768100
73.5037136777
71.7826786439
72.1290611437
75.1575047559
73.9447227207
75.0920231618
71.7037370906
71.7223510371
75.3969100003
74.6040284639
77.8411058241
80.2430595627
83.3529896878
82.3102695021
80.8549107263
84.3699808854
85.0685271156
88.4024315807
84.8648205681
85.3178529504
78.1917735790
75.1573798844
75.8940953782
70.9751696916
76.9732684900
76.1400191131
82.0076490930
81.9404279468
84.7045624209
82.2878532612
82.0576039556
76.2590955371
72.5436482953
74.6448393263
75.1013659012
73.4896180883
78.8542251026
80.2562630649
83.9472437170
83.5030280383
74.0566520509
74.6788466402
74.9167116665
79.8649578339
79.0621815829
85.6516709043
83.6408985090
81.0841364105
79.2362880138
81.1707649872
79.8440884428
82.9712724490
80.6988641623
80.4950072585
79.6606186068
79.5354641892
82.6371872426
83.4272358908
85.1689183926
84.3517537471
83.5185137431
82.7939166825
83.8463744707
84.3057009272
82.6035551558
82.1466161679
80.5158085064
81.4840874293
75.4382480868
74.2252884863
78.8656752093
78.1128911500
79.8289567932
80.8314002126
80.7266592323
78.3440958212
78.5490888094
80.4292217052
82.8340742674
85.2619055151
88.0167256383
87.5345051358
86.6700871111
76.9131119396
73.2418178722
70.7388036866
74.1508142723
77.1362208737
78.5550191098
79.8799236776
74.9029944135
72.3601439346
76.4106066036
74.2327113640
79.4368207856
83.0655204650
85.3284844825
82.3840727788
77.0233314336
80.3475014301
79.7488798551
77.6104594821
74.1726862132
76.0557943957
73.3420737747
75.5746739181
73.0242743192
69.3541799634
68.0104894419
73.2041288078
75.1604455799
73.4007726880
68.2539387720
68.1426297783
67.6856335903
66.0856519587
68.8123110098
73.6593760753
76.7958310129
77.9233598376
78.3583794622
75.4628179512
73.6068813621
73.2495469397
70.8851318034
70.4309247728
69.2527183032
72.5534789764
74.1759647513
76.3370525224
73.9426306599
75.2387339667
75.5688155542
77.7277624524
73.5473047614
67.0821235219
77.6080599472
80.0790326920
84.0879417022
82.1847885453
77.9776224881
80.2205861645
82.8474342824
80.7278819407
81.6195015301
80.7826836466
79.1930668167
76.6355943700
79.0384133879
76.9906249723
74.3287944621
74.3933367357
72.0367798502
73.4722272090
74.9182412838
76.8270236155
74.5160183315
73.9255734639
74.2212689030
72.5314064533
73.3128048853
69.0448728706
64.4986327026
60.0998087093
62.9755334997
68.5177970335
71.1980178806
67.4924577126
68.5447293170
67.7353623128
73.2511592508
70.7086269866
71.0092644877
75.3515295004
78.8783997410
79.3265180200
77.0638426801
71.0739393778
68.8834374291
70.3469707184
70.8541247128
76.0299206517
73.2341745097
73.5284962491
74.3351603597
70.6951874337
76.3880472668
74.4524145422
76.5911111744
74.8433111971
70.5116295579
65.1951113452
63.9763126216
63.4974478430
61.7991876124
67.7855686242
68.1820895050
69.0526617783
63.4977658348
63.2715431634
67.8703296038
66.5527656891
67.7242512660
67.5656179058
65.4005593458
65.0662477900
64.9523857164
66.9392770020
66.1457038911
67.8695298859
80.4849715117
80.0951562424
82.9373208368
82.2058749819
81.4905006277
81.7534453094
80.9411458252
83.4833196204
81.6646891274
79.2568693493
80.3465094672
79.5291231715
77.3044137933
76.3140544419
74.2878520548
72.5156551752
73.3534131386
69.5364019375
74.9346169425
78.7870074303
83.9293409873
77.8791065354
74.4659406626
75.1308987092
73.6248425334
73.5347363903
73.4777961317
77.5258210340
77.0292675160
82.3107780149
79.6559729618
82.1511733008
80.4050383389
79.4448534089
78.0310662922
78.1583383661
78.1998253304
76.0221513837
74.8538028409
75.7221422046
73.7524915949
75.0216263541
78.1689887103
78.4132162186
75.4829323365
71.2845362554
74.4206907376
75.5102207143
75.7598009023
77.1110371114
72.4948087169
71.3668985350
70.9471981312
69.5639951448
74.6446164840
72.0665190008
74.4955170594
73.4003353243
75.7360144678
77.3412664143
78.4360269158
79.8181163085
82.6233095081
84.9938266656
83.5757730549
82.7236671269
81.1936399299
77.1870961255
80.7212555377
71.1793842175
72.4648304468
70.2878771194
73.0217018228
80.2868292364
76.4909781007
79.2690867158
76.7039422045
76.3383824762
79.2581043658
79.2906938564
81.5818349761
75.7924544907
78.9875903107
73.5438547879
70.9381028638
73.6621301917
75.4631990891
79.7406712065
79.5143295023
79.9394603456
80.0569281732
76.0527082365
74.5394317564
73.7598640700
74.9407140751
75.5165760725
74.3833677917
75.8102461668
76.1051098699
73.7012938539
75.9559772581
78.1261458706
78.8243729594
84.8873209140
83.9923960799
86.9046684450
80.9603486552
76.2324418387
79.5420199344
80.3808882385
81.7419851254
83.3206583949
83.8031609808
86.4446191191
85.0810145124
77.6781365750
78.7814002906
82.1301056967
81.5642276561
81.7602233752
84.0397304535
85.9951198769
86.5203022714
88.1804884201
83.3346434893
73.2269003582
68.6714848565
67.0977866581
66.7935356603
67.2140688753
68.0727209488
69.2109545136
72.9223882314
74.7595454098
74.2167782942
76.2028586331
73.3127899872
72.3245464140
70.0890171086
69.6844777014
67.1111027441
74.5525065599
75.9901159754
77.4042940039
79.6844391750
78.5486417926
75.0369822457
70.8670861536
76.8132860882
78.2359722542
82.8595243175
78.1000191748
78.2366360790
73.2419992558
74.0123261757
72.1371471685
76.0922595170
74.6379430757
79.4586741657
74.5888384390
76.0433295338
72.7804781501
73.9639627023
76.6378624724
77.2991799644
78.9436017735
80.0440046044
79.2099371775
79.7738096119
78.7206685542
75.9186945365
73.2758400853
70.8135499272
72.2307476779
70.0254551109
68.8137977677
72.4228598060
74.8507164769
77.8445906210
77.8906401093
77.5983894367
79.5270856305
81.0680443059
79.1089832843
74.2961656160
77.2292296365
76.5238645099
75.8109376380
71.1390461294
73.2808096680
75.6423324642
78.2571087664
76.0154511472
82.7303148214
80.2434202335
79.5491879469
77.4882151369
77.9297341186
75.4304074964
80.8950668979
80.0476214945
81.0728022875
80.6188866061
80.7499411490
82.6964678584
80.0766213229
79.9647133901
81.3659565267
79.4799461532
76.7650209334
73.1488910531
74.5066637802
77.3351358014
79.0081425749
77.6487845168
79.9368026851
80.6529890699
82.4583381524
83.2074317344
82.2982458077
80.7800098518
84.7975891315
80.0444571313
82.6423375473
86.1812800241
81.2237181976
78.0353165621
75.6739028214
72.5252664886
71.2130863079
72.6876072034
77.8495736489
77.8897495330
81.0851426825
81.3572053054
82.3892268615
79.1765517788
76.0394510877
75.1427977474
75.4760333276
75.0781592261
77.4820811557
73.5661777555
70.4371780579
66.2305532142
67.6770567560
74.3504828031
77.3049476571
77.3545969119
78.8249919973
75.8789125500
74.1831334228
76.4981589867
80.8696214267
82.5228801750
80.6750465998
80.9395668152
78.4118479696
75.4724787098
78.7444580739
78.5484878539
77.0102566575
74.6275554874
71.8154834686
69.9963241418
71.9691651358
68.1723869819
76.5165357122
77.4948272703
81.0951567924
79.7229912931
82.2080830264
84.6476034190
81.6217553098
82.8324207606
84.0297875534
81.9481381340
76.8801859429
79.4177955879
77.6467478039
75.2160548808
71.1897414993
69.3954710530
76.9777357501
81.0133860466
87.0492994647
85.8032780477
79.8276176760
77.8545080857
74.3021301258
75.1410035382
77.7770980887
81.7169491725
84.1551664724
80.4801737859
80.7829232093
82.1368409153
82.7318205593
80.4775537114
72.4506840765
63.1015251877
62.2247832230
60.8732850809
66.7302561873
68.5979211438
68.6300005629
73.5668144239
69.7698338566
75.5871140853
74.3838929548
80.9278200418
84.2734486983
86.4286454554
84.5337430328
81.8680958259
81.7946107283
78.7790286201
74.2670621271
74.2742017218
73.9780104860
76.1151115839
75.4356808510
72.4143107004
69.0049847343
74.3656127614
76.9735126977
80.0812570770
77.8456588068
73.1299877886
69.9818619152
74.6736241423
76.7378500034
76.9881857935
75.6503350217
72.0350288920
71.7316844238
70.7230861466
71.0377466652
69.5753031202
68.9511469996
64.0285000120
64.5639338950
69.8161707696
68.9988586252
70.2064880995
69.3864797131
68.4143642092
71.9137596791
72.9123597035
67.3072637638
64.7557272593
63.4586887760
69.3166158433
76.8830343384
77.6030824511
79.0821614114
83.3098614586
83.5968869838
88.8812305469
89.3591174957
89.8645697939
83.8101003897
80.8204478663
79.3291846620
77.5143958757
80.9346351802
78.9906295767
80.1732410693
80.7584741588
77.5352507859
76.7934480092
77.6740813763
76.9526762912
78.7760968977
77.8206112335
75.3067760578
75.5825047498
80.3313239854
73.1045883058
76.1025302639
75.0250661952
76.0830262002
74.5691908201
77.2919882704
76.6766267912
76.3975371580
76.8888706783
79.4712867292
79.6751227242
77.7520690143
79.1923549973
77.8896133173
76.7777273060
77.2422503839
74.7254828275
77.1619288809
76.8092890397
75.2022493932
75.2392778098
73.2186525837
76.0457899333
78.6569558303
78.1494961591
80.4171547522
70.1469641590
75.4193728465
74.6802650930
78.0199542120
76.0893292651
71.2634545195
70.2219505364
72.9970874953
74.8979883294
71.8306899204
69.5069961462
67.2479351157
67.0499553872
66.5989973661
69.0430504560
74.3701045151
76.5693605688
76.6907505586
71.9619553667
67.5889461739
66.1778933608
75.0248071708
77.0233718641
84.7065012100
84.0343400336
85.2455688856
82.8609355187
75.5435869691
72.8518226503
72.5409781813
68.2654519201
72.6655437991
78.8454017887
79.2597071477
77.4672915301
73.8403331004
72.6427154436
68.8363276398
69.2063764570
73.1738636038
77.6595088672
78.9131465252
72.9217793784
71.4452279533
74.5736845379
81.5993780533
81.5114293909
78.6648029849
76.0964469661
74.8943304813
76.5665344703
82.7988557773
82.0880810323
83.3205591574
80.5462634233
77.8997779632
80.2712399944
79.2727135865
73.9892143497
74.7422383918
75.8603386821
74.4496472747
73.4687297004
71.9939482060
73.3424676749
77.0871706179
78.0134334119
75.2735579573
72.4370278592
63.0951605451
68.6802243947
74.7468485683
78.2699600449
76.3633141983
75.0805324231
70.3322811245
76.0576653721
78.2366097791
79.2305388531
76.5191384647
77.6498358511
82.1509848527
80.6707248186
79.0322982213
77.2025729247
75.9492316792
72.9633762460
72.5226632641
78.8535602208
79.8238481904
81.1059000438
80.1197026133
83.4491606941
86.4113069782
91.5348914369
87.7040182297
83.7605842512
82.9001361372
82.8324823393
79.4082350391
78.2557309579
77.5913345928
76.0545369815
77.1451155265
78.4338944103
74.3993057693
70.3266290280
70.7510523460
70.5463290575
62.2692228581
63.8741444384
66.4535905377
64.1864840280
65.4967752703
67.8222317720
70.6385674826
71.0646023280
69.3184171297
66.8021881301
68.6628688830
72.2098841415
73.4984529370
73.0504503648
77.8232610820
76.9894543389
78.9302126327
80.6280518068
84.7043218905
84.3411881199
77.7540744782
73.7900192422
76.7920972916
74.2333471096
76.7552734364
78.5639368295
78.6741052220
79.5420406466
79.1271190474
80.2498233967
77.0247484773
73.9825820796
74.8968056332
71.8745405882
79.3548037498
80.0110307626
83.6744948177
80.7330921559
80.0057872093
78.9457233963
79.0288668994
75.0431132831
78.1080299040
76.4604161300
79.4532463245
85.1951861512
83.6113043575
81.6897787474
79.9777653213
79.5760478996
80.4698613766
78.9572220880
76.0823638531
76.5175408274
77.6951855890
80.3091589003
79.5612136122
76.7146577976
76.5596978828
76.5988447618
73.8328924232
72.9738877504
71.8028941590
71.5278838724
72.0608313410
71.8248654694
71.3047587571
69.8675126126
76.9633178233
77.3954269251
80.7781946101
82.8059026318
79.6202493061
75.0529249396
68.7771698118
67.4963887945
70.6843597964
74.0460459383
73.7263580627
72.1514896299
72.0208521643
69.8825881997
67.8260303995
68.1273952904
72.2507385112
75.1546530932
75.8508819931
75.9846135306
77.0497777331
76.2727708530
77.0605563417
75.5499684259
78.2225753044
76.0823725923
82.5459119441
80.9736197170
81.4848179872
77.8829074599
76.9022915755
78.6772624969
73.2716361324
75.2609239423
79.3760578146
84.4473849057
83.4832620880
80.9945394212
79.8527279552
74.8018978162
76.4204376503
75.5054429495
77.4192164462
74.3067521497
73.4673853212
74.1177603034
72.7631822473
74.5255470502
68.7071395244
71.0642828620
75.5792993961
79.5101426808
84.4618623489
86.7147693592
86.9073191033
84.5670760081
79.8900329706
76.1811713514
79.5898627370
81.0623658675
78.3230770701
72.1795841337
65.1485442772
71.7011742252
72.9203378742
66.2323760464
65.8620150960
69.0837787854
73.2514217744
73.2989262854
74.8970792117
77.8797137525
80.9356048228
78.1601004118
75.6077416965
71.9621321510
70.9369105513
72.2904734815
71.1625922551
70.4810761575
74.5062700727
77.3795852160
77.3437941167
79.3863996380
76.5468134417
76.0755771827
76.0985409598
77.3724983988
79.7037420404
82.3505526442
81.0895841577
81.2930525037
74.9412714019
72.8374013204
70.1815484513
70.4235054892
83.7628708450
80.3380601350
81.7726835564
82.3160863184
82.2330239031
83.4708326275
85.8234103977
84.4842853366
84.4588493941
85.8185031077
84.5721844191
87.0051707848
88.9902487329
85.1009887242
82.5261035541
83.1452390622
81.9152248741
78.8235579666
75.1283819463
76.9889314416
76.6241576557
72.7049387446
70.3385276836
78.2256512324
78.6793220022
85.7639736099
81.6483183702
84.6241584060
85.9766911701
82.7717323102
78.2615548577
80.6024724607
79.6482707660
81.0650195190
80.9461915791
84.3568315262
81.1989089644
82.8732148882
80.9961240408
74.0816898142
71.3116688026
74.4362961303
73.8159653901
72.2393266020
68.4857671304
67.0423222823
65.4237669106
65.2138998819
71.6375883861
78.3147455714
76.7119592058
80.4579735576
82.4614179726
82.3021131479
80.5975012199
80.0794312747
79.4639114060
69.5470943036
68.1964804879
76.5428595073
77.8340623351
79.5515064040
77.4851609838
76.3425935899
76.0308775913
76.5699778298
76.5401823755
74.8077201989
74.0324006776
77.2632692060
76.8860393963
77.7609182615
78.6385033696
78.5245241187
78.4247176066
78.1624372543
78.8060187774
80.4130831673
81.2771697980
81.8051692396
83.8002463983
82.1164850233
82.2348384406
74.0940197278
68.8164462802
73.7297722954
77.8842824075
76.4644154445
80.4112881692
79.3740393851
81.0201008713
73.8011839263
73.7883980516
75.0955382202
78.0814962811
81.3187744996
81.7475298820
82.7475350555
81.9440611177
85.1482960121
83.9323628599
83.7815956028
84.2318581897
82.9367358821
80.1316756406
76.1837420238
78.6931438916
76.3663585155
70.7274387127
69.2631885836
69.7131655706
69.0469506694
72.3118031510
72.8692249494
74.4516390804
76.7197662294
80.2681763647
78.8540819622
75.1431551498
75.0454638247
74.2243748384
74.5883198191
74.2241740414
76.7314650674
72.1576843409
72.0198763379
71.8966807981
71.5126207551
69.7830902044
69.6953669201
72.5088276708
75.8376809800
76.2559556567
77.0037422949
74.0986394373
71.7876821238
72.6851780376
79.8507859901
80.0587112942
79.5505115836
80.0174904706
81.9130955185
83.7671901443
81.1497983804
78.4829743970
77.5031711005
76.3136897563
75.5934721999
76.9583770174
78.4601357250
73.0801826661
71.4800225444
71.6344078012
72.6511585291
80.3103754432
79.3688929526
82.5038234516
75.9246587109
78.2197825744
78.8957246953
78.1789649697
80.5103126971
78.2426063189
76.7137755341
77.8220843716
74.4752971556
76.6118119987
73.7172988403
76.4451803540
75.9173555697
78.9394361848
77.9085971404
78.6600015319
75.4209892665
75.6415246160
77.7387335477
79.6153090906
78.7222311095
79.3536416866
83.3264760165
81.3657559981
81.6158828358
77.9536853946
79.8766701456
75.3886504915
74.2248455026
76.9589809351
81.8148678634
80.6586769306
77.4774251730
72.9705921929
70.6427955240
79.3510806937
79.1238981950
70.4577560384
80.9834037818
78.3208778668
79.9187090464
77.7281067923
76.4582303202
77.1047661322
78.6402918974
83.3490654162
87.3809462642
84.6912491947
83.8789804103
82.1790741118
85.3676898967
88.4521487408
86.0900827795
83.2572961074
82.4445871176
81.7574373659
84.2527737338
87.1770563498
84.3346096010
85.7035109921
81.8865796966
83.3029927622
84.0476782405
88.1457812090
83.2055987132
82.9263959042
82.8329798967
83.1265775612
83.6824496902
82.8325242044
78.5539847523
74.8105308548
72.7986504411
71.9963397634
69.5600245996
70.8482558954
71.4186417779
71.4737722526
73.7135449148
70.6082483458
69.5816461441
74.5129568708
78.7099967501
85.5698001693
88.8999860987
85.5970013845
83.5387064118
82.7920083243
81.6668175606
83.7277936957
83.3776737605
83.7120312620
90.3856202456
88.7030095692
83.2273805620
83.3464662785
84.0398562667
89.5549940728
89.9388622891
86.0650657061
84.1384824003
86.9882222724
85.8824414781
82.8680046004
79.4119685312
81.6389581352
83.7475443332
85.8811232021
83.7574821941
80.7144206949
75.8298277987
79.9670986878
78.3388088734
80.0647348231
80.2033173609
77.1136512017
76.1852227707
77.5423567072
80.8297514339
83.8181720799
88.5635265563
89.0649036038
86.6079222099
87.5993917811
85.4536440918
89.1920610421
87.9171415100
86.1700979015
83.7813556789
87.8221504952
87.2456775315
89.0116879596
83.7612955235
81.0023399645
79.0140560659
76.8195275570
79.6709919352
78.6244224304
77.9757916506
79.9798702697
80.7868021760
86.0828172224
84.9335442852
83.2049717232
78.8227464154
79.7234889136
81.3157247591
82.7979046173
82.6961442602
84.3574505846
82.9806131813
83.3805085034
80.7677884782
78.0648923771
77.9990039860
82.3652155654
83.8850919336
87.0468113901
88.0270057391
92.0310941414
91.5711299480
93.5868872688
92.7555157207
90.6915982822
90.4122613961
93.0324506315
96.8668647684
100.3233547528
94.3680432669
91.3766581686
90.6997343372
87.9225809548
88.8133137580
89.1793587389
91.3778689847
90.3620787924
87.1041677183
91.1462377711
85.8349006258
84.7404711787
85.2464773148
87.0054621391
91.3233196149
87.9750396239
89.2751603060
89.0618862494
90.1817768659
88.1958547853
93.2797947867
93.0895039744
95.9444510002
92.5373111953
91.2467821765
88.4880079388
91.5835876233
88.4383657432
91.5856280267
97.1479684760
92.7703638469
90.2634497097
88.8638887117
89.2370101695
91.2635665507
89.9789442845
89.0200600300
86.1246374053
93.0977895588
91.1952922215
92.5491678874
91.1785008333
91.3340120221
87.8928308249
86.3135626653
92.5902638720
92.4969847478
88.9790405667
86.2953933408
86.4156428392
93.6155715699
91.8276938635
93.4519317832
92.1664233557
93.6959737662
95.6853389665
98.1637833388
99.5133062044
95.8233717000
90.9732113386
88.5859633444
90.7060828564
89.0724354998
92.8750949969
88.8556225375
96.3516484056
93.5968255055
95.0683130836
97.2878277494
92.7574503846
94.1568999652
84.4120322282
84.2000915232
87.2324345175
94.7152688475
94.8349911254
99.8884532689
96.0546799201
95.9835493923
90.7085354108
89.0930400557
88.1953399556
87.9417901448
97.2802994422
104.1381333451
99.5728124614
93.5946019523
94.5039913003
100.0630002900
98.6184521996
96.9754902942
91.3118005397
91.0537563810
92.1663809322
95.2005018006
93.9301535358
93.7557954369
95.9510234324
97.3952987698
96.2672187896
98.5391861784
100.0175772027
102.2872995151
100.0413003885
101.2158756456
100.5786291437
100.7961865733
103.4635424591
104.5149846296
104.5005874018
100.5582058079
100.8675371481
101.9486072326
99.1769918136
104.8718300306
99.8039660456
98.0749344234
100.5305455373
95.8583912666
96.7642209542
96.8904931695
98.4014018567
95.6925125555
92.0826589144
84.9611795984
83.5050287341
88.6793555482
96.1289334217
93.6064552096
94.9850658600
94.3211600755
90.4198112697
93.7114240403
94.9434838817
93.4320829570
94.3475620063
98.3273327276
97.7591363242
98.3766183665
92.2735097380
93.0797756828
94.5230917455
89.2676259709
89.3082568316
91.4286830592
91.0250207312
94.3367143818
93.7511473262
96.7164280240
95.5083496110
96.7254418887
97.2459019788
93.3495335146
95.3409187170
94.0520203413
96.4600852211
95.8288264244
98.1748530482
96.3870537437
92.7519328546
91.2343138151
95.4991622862
96.6617130227
95.0119004186
95.6880901311
92.2006631918
94.4543149173
91.2388912209
94.9321765487
92.0622854292
96.9428896246
92.6020119983
89.8520954385
89.6368287050
91.8417550067
94.2954340663
92.7308071922
92.1196708052
91.6712634703
95.3423960602
93.5621057962
92.3362413736
94.1781834032
94.8550923490
96.6414290299
100.5166463728
97.7672159837
94.7648796809
90.7426027840
94.0149848894
97.6421044939
94.4270198857
92.8277103938
91.3630895075
95.5960235557
95.4434915040
95.6812994099
91.0266242927
90.9465232873
90.4731972366
87.1865807885
91.6853150165
94.5736435587
91.8536540287
96.8194377112
98.2219777111
95.8599759342
93.3508178185
91.8667763878
92.3103509991
93.7354771363
90.3897095015
98.4649541557
96.9242801163
102.1979090312
100.9171277050
96.7254104107
93.9716077827
91.5949019253
89.6943752018
92.8285335657
98.7292794420
96.6626157068
96.2250840849
92.9272765156
96.5261689372
95.8615437395
94.7605884517
94.5316340705
95.8444061036
95.1229141938
98.2593412005
94.5678378288
91.0183203819
93.7159051148
89.5790351649
89.8756163690
93.2485596091
90.8678293168
90.7709103912
88.6673430586
89.6247522256
89.7924909610
92.9697426611
94.5773287814
94.7135601485
93.6389604292
93.2130979475
90.9432548052
88.8389834095
89.3230958897
94.8004403085
93.3893179953
96.2669498026
96.0032103267
95.0940683653
97.4572120839
97.9722921223
99.7742517363
99.6448029364
98.4146972573
98.2389104200
102.3970842113
99.4650893875
100.2044017789
93.1644833306
91.0793331311
97.8299347324
92.7993943656
94.0286162336
90.8522949180
88.6401875489
97.8281924202
103.0626921723
97.4751650665
99.8339948241
100.2670742842
98.0859688427
102.8988495765
98.4409920816
95.7681366414
91.3011739578
90.0475223097
96.1131857585
99.7134708199
98.0270051730
94.6232321967
89.2284700699
89.7013430439
88.7781170730
89.1328879414
90.5840536344
87.4109301119
92.2494328226
86.4094146043
89.1188777218
90.8975764557
88.4601855686
95.0225106917
97.8644409972
98.0566090074
93.8512245707
90.0683938224
92.9972878832
93.2938953181
94.6886747523
100.5432246896
98.1581543373
95.6676519282
88.0758015828
88.7477867796
88.2924998982
92.2046005639
100.7022770615
99.7741202369
98.8441695934
96.2262603190
96.2371915281
95.5091619631
94.3915228470
97.0790504456
96.5313101224
95.5725950761
84.1713199160
72.8888195021
79.7241516666
86.0159632659
82.4643434571
81.5155905891
79.9029854365
87.4724641675
96.0721154593
94.9212633114
97.6329396771
96.7174288643
97.2181722397
100.1471287499
100.2007278395
96.6716120199
99.1113342224
100.0390872357
96.1927409417
93.5911945155
91.3879539835
97.1472411492
102.7802779523
100.1476573417
99.5504806610
97.5907120051
99.1095671706
97.2656613309
95.6212449125
99.1882824786
97.9714310257
98.7662754807
104.8939507982
98.1669178301
102.2454001709
97.0438431407
102.5428753353
101.0994109199
105.2510260111
107.1888692082
105.1560541145
97.1733395551
95.4787835042
95.5928198663
96.2683434867
96.4238128424
93.3844076842
89.8354933759
85.6532377618
85.0190757955
89.1607750389
93.9058327434
97.3061130768
95.4014434628
95.3919407439
89.0427064201
91.4107968610
90.4295198835
95.7741711127
93.4853569291
89.0800934163
90.1987502069
88.5838846128
87.5904084045
85.9059334738
87.0784951961
82.2659198001
83.2410742749
82.0217413805
88.8378435842
92.2631115426
94.0445286263
93.0950001166
90.5102386702
90.1960377478
89.7404462252
92.1675498527
90.1158795767
87.4457129944
88.0033355099
89.0936346847
92.5010211997
89.3193986242
93.3034880516
92.6344893626
89.2441042037
87.1380158972
82.1089129086
86.0119493882
91.0289860757
98.0521714133
96.4464419324
97.4779720475
93.1915686303
94.0654157371
90.5362410881
87.6595193605
82.7024729124
87.7170415577
87.9470962591
83.0578186493
81.1981075716
86.0054887792
84.4031269057
90.5804599446
93.5922938262
95.8744384111
97.2142416722
94.4008137824
90.6428918974
87.6010691825
86.7269366525
89.4518276546
85.7617187383
87.7947485331
92.3513416146
97.2852134973
95.5796205427
95.0405763584
90.9662158508
92.9513703946
90.3932841508
94.6641664825
95.4323385592
94.4400101757
95.4345319506
88.5127566127
88.5026950801
90.2489597066
89.4919844900
89.3758784995
92.5903729704
88.2290784826
87.4729389996
89.5402210861
90.1238426667
89.0083337409
87.9097827287
85.4081666134
89.6913938256
93.8200146643
99.5603529859
100.3857653741
95.8789811028
92.1974762331
91.4210935347
95.1985642482
92.7136368241
92.2130874327
87.0213529518
83.7268956881
77.0335937052
79.8536002532
83.0060145925
85.9979545539
88.6099996891
84.7954563923
80.8074515164
86.4222383085
83.5677010370
85.8665889980
87.7932112625
88.3331879806
85.5233813239
85.8192470139
84.0824086110
83.4156679903
84.4452833991
81.6199158526
79.4083528395
78.4201306361
79.3041912895
81.2375423667
81.5273098287
79.5735835151
79.1798838054
79.7569503702
77.7104064422
76.2851462905
82.5099816465
83.3005365781
82.2945899050
82.0182015401
79.0784935625
78.0131455569
71.9077070305
75.8540339142
78.3979770357
81.0862882581
78.0580101115
69.7758410457
63.9925738382
65.4672108058
71.4169924256
70.3388563422
76.0157002466
75.5779630983
74.0851950306
75.8729861239
71.0291406198
73.1895381405
79.8720067267
80.6935477242
77.4544073374
77.9418379295
76.3555609251
68.3423956738
68.2950106694
68.7460966502
72.1121439797
71.8444784634
69.4536638837
69.9836773893
77.2494212385
76.3738257264
77.0837591382
77.8920595170
73.1422823209
73.7469870439
69.3657503134
64.0928556093
65.8203792035
72.2466734951
74.4803435396
72.8575550866
73.0923973887
71.4594025746
72.4182339451
73.0699509574
71.9728208042
68.7882294175
63.5404878411
60.5128700973
67.2392261305
67.8905088134
65.5742926636
63.8247233400
66.9435930500
70.5977468473
72.0854196516
72.8780418283
75.9955286322
74.2456726172
72.0590286170
69.0183555875
68.8257529803
71.3704121565
71.9708066298
67.9348548787
74.9294697403
78.0518425682
83.1995018348
82.3923047077
84.7902732897
85.8366842326
85.5379720581
89.4317712585
86.4702607346
84.3046970406
84.3164640977
82.7465381319
87.4239299600
84.9278020564
88.7432554722
89.4008053012
88.5482927398
82.7870379333
79.8754304904
78.8459786970
81.7306347864
86.7185108555
85.6416564092
82.3330699266
75.5692460965
78.7347675771
76.8545189318
76.9950627632
77.2813652277
73.5475602224
73.6287061413
71.4584126391
73.8579964995
82.9300485257
86.8182952044
87.1628658556
88.1903269971
90.0176614621
91.1196179372
88.4653615078
87.4503344603
86.9867662040
87.9392226090
90.5121068010
92.1134186590
88.5734306188
80.9726476228
83.1899397945
84.6304566721
87.7614049350
86.6577050607
85.1412413567
82.8887774487
82.4937531995
82.4345710383
84.9328639968
86.1545143437
87.1696878229
90.9270313462
87.3692916910
89.8359204342
84.8802591916
89.6464401676
86.5480985437
85.5392234001
82.3125779776
83.2794844170
78.6176879791
80.5207603215
84.3554175574
88.5074247652
85.1739696677
80.9592490302
77.6387084923
78.2106232261
83.5286113932
85.1166008451
89.4626365191
92.6626467820
90.2471112331
88.4094112571
87.8803654124
87.6178838786
92.4628503803
87.5396545248
88.5622205238
89.0885409155
88.2390318787
87.3409820790
86.8703454109
80.2429209299
77.6804983083
81.7549915814
73.3567494723
78.9670200624
80.4600778510
83.2042644570
80.5471122209
79.1329657323
79.3709129727
75.1015048856
74.0103063798
76.7052449522
83.8354757875
84.2921120344
86.8784919252
86.8149080880
86.5958212705
89.4515057682
89.2290864792
81.5800752842
95.2680995587
151.1048355851
154.7264689654
151.6833936613
166.2307375421
143.8638054565
138.8700998179
137.3693617377
141.0048020219
142.5191847867
137.0543608155
129.5821760995
122.3394483073
130.9271377892
126.6564330264
146.8546886833
147.5265474594
145.9922399520
142.2739442069
149.0533632021
148.0496726752
130.1971624827
143.5535357188
152.8750625443
158.9794338675
149.0543142774
146.9134022475
143.5220883693
142.3560712140
130.9145591792
120.5984769236
125.4163708594
128.0248029432
132.4457873610
131.2563075802
131.3824446000
134.9487479922
138.3079515097
154.6250620413
153.5903479263
154.7752852885
148.7862187696
145.7925320052
137.5740164172
132.6011408541
129.4566131099
130.2959028344
127.9398505087
132.3826436614
128.8251482722
133.0487320736
139.6517126138
139.9702973250
135.8947494494
137.5407110531
136.9283255607
139.2999815922
148.5118736702
149.7225547812
148.3451435055
142.7756922637
142.4825826476
131.6453492725
134.2605428311
129.2983342574
135.9254083464
128.7783332038
122.8157521302
120.9467724419
126.9118259783
126.3842764265
139.5063469976
142.4742438863
142.7989908581
140.4441054599
134.0249291563
139.4600631375
136.5875429727
140.5432009232
134.1556140002
136.7643183194
127.5101960392
136.8723078767
128.4861414100
121.4806138826
131.8263333473
145.2284744528
155.0215998719
153.7222482704
137.4193883338
132.2556500302
135.9728746614
135.9453915366
136.1036960170
130.5665688347
133.5764343326
135.7334852869
134.5030114155
143.7024177441
145.0282306005
136.2153571987
138.1615292496
144.7896566785
141.2199135083
142.5779784891
131.9451717826
132.3918610600
107.8363767043
91.8675113409
95.5426131295
95.0497882432
93.7545192810
91.7476663891
94.8451963685
82.4914791900
135.0221650526
142.4595769261
137.5384692156
128.7471986405
126.3950548901
137.6823193743
139.6973737697
145.2771847321
143.0717826670
148.5097373465
151.4369913120
143.2074570507
140.9559381524
142.2605864798
150.2864116960
157.2979138249
158.8712429389
160.4479557725
160.9463396896
156.9341348923
147.7907475970
138.4972393504
140.2121642053
138.8731091848
143.0079599594
146.4179141111
144.6320061962
142.3354549309
133.2255958740
138.6446559785
140.0655311828
144.0091090525
143.0086599808
141.1373344773
138.7724647052
134.7390702146
133.3085519909
139.5814120707
140.2762495217
146.7601838333
145.1516068729
140.6541577889
143.2662049123
141.3513904680
145.2638208986
145.3223666780
139.3144935414
141.8757362683
145.2666917580
145.7507827871
145.6452111285
141.6761901529
143.6741776590
141.3917572652
135.6824349161
134.2358306873
124.9231938757
120.5837701335
123.3200684164
127.4988807505
136.2908851935
133.8444640007
138.3895772917
144.7473004552
147.7285698705
151.3569900597
155.6083827586
150.6900582597
150.3008526781
141.9896632657
143.1344104779
146.0880532584
142.3750344049
145.1128657132
141.0609772477
137.9597532462
139.6489274066
142.1430582491
149.3558551475
146.7477617860
143.0843907299
145.8783857812
140.0313452205
138.9634451741
143.3928534645
148.6578650980
148.3673868629
149.5953531257
149.1213233821
147.9130976857
137.4686715906
134.9874251033
127.0862083575
134.9962908339
133.3230626104
133.5504592520
133.8131866997
135.8809585993
140.2373155991
143.6813008391
144.5606441619
139.3280802869
141.3914796121
142.4336733171
147.2497698503
144.4628584537
143.9775894415
133.5461256120
143.1941012404
142.6704870579
142.2525353416
147.5340141795
146.8596221678
148.0767215495
147.3898544845
150.8373309532
153.6376953864
152.6954992247
152.9653323297
148.5376116529
143.5564720138
143.8900802072
147.9166229605
149.6022073529
150.0376405004
145.4614806369
144.7590065095
141.7116083303
142.6020669269
142.4324892082
144.7124909351
143.8701802006
146.8471735019
150.2882244249
151.1812360783
152.0574005966
150.2487891303
145.6475879795
145.6256062982
146.5650992890
151.9530427461
152.2937422052
154.8234996205
154.4757154176
159.3813451896
157.6917721155
153.7297219555
146.4007434675
150.6159850706
148.6608101061
147.6106337698
149.0867500050
151.3682808930
151.1770885688
149.2417762824
152.5119462444
147.0246021617
151.6977816037
147.0042086263
149.1783429586
150.2006785077
151.7872320803
152.9822553302
152.4118750094
148.2399495307
149.1782475264
144.9601810920
144.8603611603
148.0933229810
146.7773757572
148.6313412908
150.0365056124
151.4479218773
152.2053628705
148.2144095614
146.0902041720
146.4933622515
147.9663798438
148.5599250649
151.2338543664
155.7166071913
152.9337972767
148.3655861126
147.5767837368
144.6768699714
146.7735862887
148.8603414615
153.6911225360
156.6519037085
155.8720996847
149.3451852047
138.2417367821
138.2869582917
136.7493068020
134.1134649942
140.9495800178
146.4207695239
147.9444856358
144.1012125473
141.5978317410
141.8791841681
147.3766535982
148.9440588681
146.4118716682
145.3851484181
145.7616460585
143.4215617550
143.6483648861
138.2466756143
139.5193425027
142.7150695337
140.7613947271
145.7261044614
145.2756250300
146.5448794721
141.9556094360
138.8265777167
144.3737343899
149.7446585279
153.3897222398
146.8994755527
146.0592802116
144.6280615362
150.0108856144
144.1870654662
145.1751440808
142.7324122016
147.0551008833
143.8442991216
143.4678933760
138.1708022672
133.5741426263
130.3812093761
136.3825685100
133.6620312081
134.6586209849
139.1777716269
137.4889835170
140.0835673632
140.8660700431
140.9244056278
141.7487906316
140.4003777656
136.4570980284
139.7528949742
141.6480415126
142.7613994556
143.8147039648
141.1812062187
143.2999251145
138.6049269157
142.3982082318
146.2835982060
146.2054089877
146.5103292829
144.9110539731
135.7278189921
128.6112931056
132.0845270673
132.6280843297
138.1946469249
135.1779727511
135.1143338047
136.1462481702
141.8883139328
145.7227450187
147.5759754266
147.9786353993
154.9056144246
146.5049454335
148.9167101995
153.5794646494
154.2999532257
157.0693792622
151.4978395999
150.7225977005
142.2730824657
146.6909965876
143.2358356715
145.1827795072
142.8188702246
143.7575505397
148.9339985784
152.2793807188
148.6388690597
147.8232939530
147.0323896469
150.1218652682
153.3033499313
155.9123504457
150.2162159811
142.3991515928
149.5658603747
153.0225407955
147.0698172681
145.9001469745
143.2117985547
153.6215922599
157.0362760582
155.9737332406
152.9788908151
135.5146614441
137.5195512892
137.4169516031
144.3834847296
147.8206351731
147.0628115716
143.0711972432
135.4748732284
139.3107081958
146.3064924313
151.3553025477
156.6692484420
160.4602055005
150.8253576375
143.3216019976
138.7967828787
146.9646091537
151.4364908421
147.2668744180
150.4321255219
147.4990253189
144.1240079608
147.7030393450
136.0080461244
133.3070969330
126.4526041671
135.6240204433
135.9482183612
147.1170431216
144.8061095492
150.1994027307
149.5751765723
151.4923146346
155.6905071858
155.7385099306
160.5266188497
148.9243338910
144.6603774513
128.5504405965
137.6899012413
138.4331857858
144.8875529743
142.9894381509
142.1113736202
147.1022488945
146.2719968294
146.7431462766
145.1206497703
144.0160793727
147.7154538458
148.3253373895
155.4188867853
157.1933355387
151.3071787075
150.8685168933
143.9406823943
145.1863622416
144.3528074975
141.9134588887
130.5228625760
128.1082811076
121.6159612891
118.3033144671
131.1317564336
142.2844585953
132.3908540466
138.6372159358
148.8003135820
152.3747800296
160.7312068719
148.4642595737
152.9610085416
150.2279345720
148.5613765904
141.3556300251
132.9988093259
136.9023904072
142.1228602473
140.1342035437
143.9858767691
149.6407621287
150.9062005431
149.1623297777
139.5532298424
136.8951750920
134.6050837021
131.3569355445
140.1311757755
136.7771386894
143.5050771738
148.8798971931
148.5988758074
148.8965462869
143.7757679349
137.5288016847
135.4218158636
135.3083259746
139.5095839329
143.5672180789
144.7535035108
141.4771783967
138.4951745293
138.0954326987
141.7076435575
153.4072531433
153.4500090990
149.2306770013
141.1732560867
139.4424768375
141.6661847383
148.1053660300
147.2090746298
147.5768914292
139.9387890119
132.8127626976
132.5411014239
138.8465793665
143.5399517336
137.8746917746
131.2397540430
133.7997195281
134.1095196290
139.0780462403
144.8693358501
143.2123018286
147.7544232721
145.9681428811
135.1873731917
135.4195473860
131.8539792531
135.0707584719
136.0742714700
139.3172642603
139.8281105950
133.8142013758
138.9247538963
142.6018375302
135.0048157901
124.3121763809
115.6509455203
123.9492341229
133.3088713778
149.1642117354
156.3758054407
171.9238355176
160.9306006066
165.6777455065
164.2935784372
167.5042307788
159.6417962641
153.7451390952
134.5471699488
136.9834056617
134.6759595966
135.2510677360
145.8859176406
146.4577341135
144.1860658264
137.1260005397
125.4438428463
131.4068146777
121.9895510336
99.4789928078
96.8281819441
91.9878832470
90.0056530149
86.6130600541
88.5718074218
88.6840774339
89.5061300737
88.4903487599
86.9561772335
87.6449907759
86.2483417706
83.3070463446
85.2282045566
87.2742780324
87.1133181697
86.3217713238
86.2874750852
85.1151857885
84.9282347383
86.0905945921
86.1174470430
89.8075865196
88.5243945167
84.8615985364
85.4380565337
82.7929013401
85.9605095636
85.6149272651
84.1730473299
88.4650636743
86.9349572642
87.5529734882
86.3286156433
84.9954253540
86.8753248813
86.6282726502
83.5922202677
86.9223759023
81.5392572498
81.9435664018
88.2685530803
88.6693040667
92.3919542932
91.0192747760
93.2548998031
92.6969323661
93.4728776340
91.5888886349
91.7441214365
89.2903126383
89.4075034372
89.2067405836
88.3099714279
90.5064549710
85.5380065418
87.9452595232
86.6576698512
88.2699404824
88.3695773185
87.5224096311
85.9497714694
85.4168864591
88.4420808656
89.4204089193
86.1949301908
85.3248950635
81.8170338873
82.8955835938
83.1049630849
87.5713107891
86.9716220853
91.4829966217
90.6767754967
94.9123805405
88.9779384880
85.1364259159
84.7777212141
85.8622162429
87.3874213117
85.3922839520
82.3913835016
86.2407444976
88.2414960754
84.6443781609
89.2776728602
96.1626794282
103.5228997315
100.0989893519
99.8604282621
98.2623788660
98.3561533892
88.1994766612
86.1922709780
83.4694138611
80.4919921927
78.4923991678
80.4425154105
81.5100291681
85.6950275994
83.4144553915
83.3849968572
82.9019954242
83.6013183539
81.3904706360
80.6304739097
81.0365108940
81.0122139162
80.2777463937
80.2947516909
84.2218408541
86.5792598788
83.7995288596
83.1764537404
78.0919774636
80.8181019820
80.4450365578
83.6258802190
83.8798061589
84.2763405895
84.2009124791
83.4922672311
82.1946512656
77.4534753627
78.5355983466
80.4206610625
82.0141870959
84.5460852894
85.5564507031
84.6523162085
79.4781075886
83.9170280701
88.3664463428
90.2401758350
88.1342985843
85.0487242437
92.1203231050
95.6624231391
104.9085549567
95.1031681657
91.7526037103
91.1349859007
90.2270490186
97.9688210561
97.9715431628
97.0260285340
97.6531328153
95.8174338529
96.1237544298
94.3475829828
92.5883288554
97.1582129864
93.0758806813
92.2021963574
93.1381418992
92.0898494723
89.5297997268
84.4534993322
85.8195127090
82.9967538450
84.4341157397
82.7324384629
81.7143564216
79.5846829926
81.4083933880
83.7703566928
83.6892885035
79.5586416319
80.2019328513
81.4765936800
85.5216495340
86.0106143966
85.9107749203
84.6717822514
83.3694904986
82.9033589433
83.9623635704
84.8182312179
85.5890325957
82.8660958392
84.9691163508
82.2189277532
83.1957154370
82.8288480840
82.8075557867
80.6519452179
83.5610631763
83.3808405853
85.3363280197
83.2607591559
84.8940167453
83.6772105853
86.2176640623
88.5226670069
87.4461687065
86.3026624782
85.0140999688
83.0436569251
85.3256242856
86.2660621865
86.9443041027
85.0176452952
84.9848847568
86.7728084347
88.5890956741
85.5979748240
81.2182642703
82.0521531555
81.3866271630
86.0764677471
89.8573147228
88.6797548631
86.2460214783
83.4408685079
82.6565915283
85.3793408315
85.8175797704
86.3179178499
84.8652666430
89.1241657272
88.1657721339
85.7043047292
81.5162377263
84.2694347191
85.5899000645
85.6634927271
84.9582059548
81.5727286000
80.6097006645
82.6790504342
82.6230293451
82.1258355926
81.6579081776
79.3013499318
78.1951383122
77.2475934000
81.0371566825
86.8805919514
89.2487594709
87.5180875784
82.9007042191
77.4149994396
77.7784376588
82.6798081446
82.8355722381
80.2173284227
80.8354294291
81.0525259467
80.3770390666
80.0218688913
83.2551699319
82.8299899370
83.7498491293
84.5757100970
84.6781379973
80.2549946258
80.0565272467
81.2267393905
79.7622127751
79.4977768922
76.0441085590
73.4248763630
73.7371762279
77.0389354585
80.3571035570
83.6917126824
85.4558087983
82.5353274992
82.9419809161
80.4527947167
79.6776317756
80.3345033392
85.8383560839
84.8579427818
88.8256090927
85.8878952458
85.3234329547
82.7425433742
82.6915399820
83.4910288405
86.9324484742
86.2987990888
87.9557194253
89.0640825600
89.7342958095
87.3510110858
86.7243194712
90.0401689709
88.3778795599
84.9637400019
83.6228036307
84.5198166162
82.9450167602
84.5201766625
86.6226076735
86.8605666890
87.4372505800
85.1056296898
85.5702416807
88.7113199627
85.2002843595
84.7457770611
81.4175497990
81.6502975769
82.4649385996
87.9080479230
89.8311823813
90.4707587046
91.4782154133
90.1605781819
88.9216840437
86.2014771978
81.7196451469
81.4309267517
80.5116669397
82.8434474868
82.9600084462
80.3246712219
81.8420767974
76.0042902516
80.0672004731
79.8068382945
79.0790093807
81.4785992695
82.3056113851
82.4624275176
82.8961690860
82.0901397382
80.5962772368
82.1678822864
81.8320466819
87.9700302952
88.9992908028
95.7151199987
94.4501641101
90.6221576158
82.3350020692
78.1335692817
82.7681782838
82.3844058854
81.6448356501
80.3877152608
88.1568537105
90.9253117239
90.1979586620
87.4518278335
86.0179922987
84.6972149326
87.7461668037
88.1057189547
83.4343458049
78.8137810274
80.5290268367
76.4811590841
76.6426112355
75.1758410482
79.4697000582
75.2775647507
74.2255659969
75.0623606428
72.9887739965
76.9250800617
83.7265434377
87.8543953987
90.8849678391
89.0625434059
84.7735021641
82.9122364060
82.4592873059
82.6575767248
80.3117750274
81.5844286691
83.3770235934
86.6326331420
89.6156247177
90.3329372589
88.1775667060
80.7798999129
75.1921245874
77.2193556832
80.6055743038
87.2730732354
84.6959145514
89.0859993756
87.0156076351
84.3465408935
83.9137073958
84.3906193641
86.3315172204
83.1804670228
82.8282720001
87.8548949516
86.8427330356
85.2597648577
81.4486532909
87.0877986165
92.3278492764
92.8309528832
92.9258785027
89.7773612445
90.3030895285
87.0830536759
85.6303392593
82.7652486367
81.4692768834
81.3368509139
78.3388513199
82.5267608941
84.3594623617
85.3049469995
85.0874627927
86.6846198574
86.5525015656
86.5694766870
83.7478780352
78.4417707895
76.6519674608
75.7858990975
77.9520385705
78.7405738797
81.7870186021
82.1657030578
79.2990348683
77.9321561738
79.2120559134
83.2456669673
84.6636120393
84.7803780944
85.7240708520
83.4408260000
81.0049811886
81.5598725124
77.7732111626
76.9710874592
80.8581870659
79.3244911685
81.7236829805
84.0293227816
85.3110800485
86.3007751114
87.2700922578
88.8375513827
86.2114463469
85.6340834919
83.6101073426
87.2314775207
89.6787612249
90.6313511322
86.8614278531
84.2500589750
84.2710002804
84.7642407878
79.4975570698
79.3530408729
80.0509132023
79.1121355196
83.1830854000
83.6703768645
80.4299684733
77.9182695968
80.6328155789
78.7304290494
79.7753201470
76.9920949909
77.5684771872
78.4921940246
78.8935429167
84.9237579002
90.2626841470
90.3297408220
85.0236052450
79.3903311032
75.1812692059
71.4136530440
73.6259792023
74.3446144296
73.5235575802
72.3231445620
74.2200024198
73.2977278602
74.8384145193
76.7179109572
79.2036352860
79.7973229195
78.9150443275
74.7244305074
75.6277632373
77.5271112691
81.7741778229
79.8404420859
81.4516434680
81.4790217403
82.0524741130
82.0772177685
79.4069463947
82.4799420572
80.4494157311
83.8682161451
81.3842459785
82.5109047733
81.4903908953
85.0976532528
79.9348037035
77.1922203504
75.9666922836
74.0172683146
72.7800388121
75.5768268574
79.3279261884
84.4994846307
84.6526750193
85.2688902719
80.1870885729
81.2154743242
83.3219310932
82.7008154132
83.2449452373
81.5638173108
83.5683067260
83.1551847747
81.0179365343
83.9792370892
84.0538030899
86.7674104197
85.9061898258
84.8464407102
84.3767479743
81.0965369155
79.6183386117
81.9640369818
85.8735671358
85.3038790217
86.8985393330
83.5377579626
85.8187827734
85.1402908772
86.4225137574
87.0055673906
89.1585339336
86.5093632174
87.2919066120
73.8827658890
76.9215418544
81.0662533287
86.8534060254
88.0718616048
85.7895702386
83.5244324825
82.3439242315
82.7130165602
84.5049611585
85.1585277822
85.7923567707
85.7439708619
83.6418823405
84.0625703829
84.5989541233
84.4364516793
84.7903850362
87.2726127960
86.3731915460
84.2212904450
76.8634125495
73.7497915262
75.7111203960
79.8798238829
86.6094835745
81.7430627071
77.7599748893
74.6745753641
76.3440248963
78.2806459856
72.2223854077
70.4632312810
70.6474044564
74.3094314229
74.3980644408
75.3050359017
75.1660333009
79.9058603305
78.3822248873
76.1550646820
79.1675829909
81.3760707443
88.3787697675
87.7395462419
85.4349695932
80.8972644518
78.9566964119
81.9411689639
85.9746774941
86.9077902330
86.8062873154
85.8969627072
83.8300591022
79.9463073728
77.6564823653
77.4278078214
76.4340515955
78.3227345944
77.5773095968
74.9642417466
77.3001231509
78.3007740566
78.7560289435
76.5510971620
77.4215498573
81.0611758555
84.0378497840
88.6031989688
88.8232642713
91.5684071906
89.9815589414
89.6262141242
86.9122565039
86.2254884839
84.6162623101
84.4952730022
83.0928056471
86.7370067929
83.1835733775
82.0973709947
81.2688356160
83.0647554441
86.7792286872
88.5986310203
88.5961377868
84.6014570617
83.0528682383
81.2417841788
82.5839091515
81.3711787232
80.8241736697
83.1390807721
85.0304351499
84.5395202997
84.5424034470
82.5348475740
81.4681210247
80.4077099697
74.1326265483
76.1319052080
76.3207176744
81.4354055277
83.2170958945
85.4896109538
81.7602015737
80.3922121278
80.0087485897
82.1926724737
86.5359650384
86.0768304930
85.5657089989
85.3532917536
86.4689789219
89.1882179225
86.1039371618
84.1311255181
83.3133467003
85.2861442430
86.5051915929
84.4743247478
83.6009638932
85.5360297302
87.1248746779
85.3484074953
85.7796920056
90.3475810752
85.2092497658
82.6063382248
79.0424674282
78.9508344803
77.4132663736
80.7515313509
82.4506707779
85.0315400579
82.7139716545
80.9247854111
76.4377216041
77.9091916206
77.5181056684
82.0659261335
80.4570626577
80.8139989145
80.5385567368
84.1073894197
81.3016046753
83.0245303718
88.0518171671
80.3481514222
74.1052686182
77.8372061456
77.4662319318
81.7496860594
85.5218017404
82.1985879157
81.0191338676
72.1666395639
78.8273511447
79.2934930008
81.5784342264
82.0318318117
82.0277296322
80.8865493184
82.1412300256
80.4054104495
81.9285060710
80.1082522424
78.6026364122
78.0439256491
81.2010515802
88.5611849317
91.1108762312
95.6501547349
91.7405286469
89.9575748119
85.0696602566
86.4733426989
83.6557284881
88.8580868803
91.8423697286
84.2680719423
81.3901239586
78.5737432099
81.3797068591
82.7090167631
82.7934035822
82.6801444707
80.6145867695
79.6830737795
76.6628230709
75.7382343438
81.9960002712
82.5402810505
78.8051776958
78.1080280234
79.6212027960
79.4960372738
80.8128783513
78.2792213183
78.8901681877
78.8058758918
77.7051009635
74.2392154130
73.6025253443
72.6265960798
73.3223664186
73.9464598529
73.8305654425
76.6163323718
69.1414203138
68.6561882252
70.3547853117
76.6322502435
79.2158238400
80.7643619133
81.3219468856
77.5745578126
77.3082021170
71.9558113279
73.2755868473
71.1194012014
68.9816439122
67.7643524592
67.8399955332
64.1612740269
70.5371367403
72.3808581570
74.3502116493
74.6003763844
72.2205437866
72.5310094495
70.5242636411
72.1122597298
71.5027092964
75.7734274776
78.4603659927
76.5449060111
75.7314142505
74.3404169263
71.6004615568
68.9106465654
71.0262977553
74.1574327883
76.9330929950
77.0689833882
75.3730330013
73.6260221209
72.4073695075
73.9912996065
73.1860720948
73.7686738217
77.3370182412
76.1847735426
71.5948990408
67.1370763750
64.8667212708
71.2712706106
72.0240786413
70.6628974348
69.7650644408
67.8843385891
68.6091655946
68.7681067554
69.1205248983
70.2265125374
72.1003768395
69.2505394115
68.7240977251
66.3964852660
68.5263157896
72.5724302030
72.2916700633
76.1552231359
75.8351143277
78.8403408026
78.9313651936
77.5710125286
74.7493706532
68.1520733150
68.8476809698
67.4670651332
66.5679977478
63.5257386150
62.5385824188
62.8235622319
63.6862639061
64.3797919173
67.3162612983
69.5885787537
70.5964690010
69.4056414370
69.0043359104
68.8394212852
68.2535741929
68.0908846540
69.6192766442
71.4860235167
74.0860554274
76.8059275434
76.7149547219
75.1742764329
73.3581292928
71.6706247333
70.8662167775
73.3180904808
71.1819052337
68.7409021363
66.9830059180
66.7476870876
67.0756217222
65.8782367025
67.0401905751
66.6199532762
68.8975197916
67.3994256432
66.9487961596
65.6166191372
65.8327428717
67.2558121219
70.9524817841
70.7106913295
70.8187128032
67.0522753475
66.1811517814
65.5143135833
65.0384145678
64.7153152436
64.7007064598
65.8352234533
66.7640447826
66.6262236096
66.6434212681
65.7917183651
65.4970546951
64.9323426303
65.3011882691
64.4964423863
63.7506036971
62.2727957863
62.4327428123
62.1473296851
62.8359805020
63.9101504538
65.4314729137
70.5424756656
72.1681184088
72.8987584600
68.7781803415
69.6840256203
74.4569269919
74.7460721834
73.9476555339
72.1573250963
69.2036272248
68.8214751699
69.7150880360
70.7266637025
73.4161688238
73.6405266564
73.9567348977
71.3471822201
71.3895440738
68.5177694304
67.5689224715
65.2782560633
65.9372286261
65.5034983839
66.3661193730
69.0447241493
68.7932934921
72.1813384709
75.6990323466
76.0312645334
76.7691216580
72.9307543334
71.8975551279
70.7986468061
69.0941962742
68.0074394800
69.2947036521
68.2304635068
68.7546009759
68.5356191541
69.3740771803
68.8811165374
68.8557210867
69.0115868413
68.4440051017
69.4564399449
68.3464692316
67.2971618983
68.7034219933
70.2300155514
69.9762989163
69.2704931601
70.3943840954
70.2835588296
70.9067077139
71.9373583924
70.9764572410
70.5950297542
69.3300940762
70.3475815712
69.7186354651
69.4867953277
68.0962068012
68.9463307919
68.9255546840
70.0410136307
70.3574869000
70.5058878188
68.4712406443
68.3661155417
68.4965666652
70.5004293782
69.8158991020
69.4424406301
65.9753291422
65.6232028598
65.6781555253
67.0043238839
68.9789942913
67.7500208138
67.7877592293
68.0735327880
69.7224547331
71.8600943822
71.4131671950
71.6799707108
70.6650634103
71.8632236415
72.1002478800
71.0352962189
70.1500251410
69.6726061315
69.3856816077
70.6346655189
69.5192666041
68.8532422742
68.5608571058
69.5420609934
69.5280020652
70.3224740173
69.4259520180
69.1637681435
67.8916002675
69.9584056260
70.2223025909
70.1681450262
69.3370713013
68.8659576066
69.3025172183
69.5913802695
67.6560504471
67.0058666452
67.3270454656
67.5181164350
69.8745894831
71.3606386049
71.8407419966
69.3728497764
68.9517001409
70.2586339574
70.3372427897
70.0141012603
68.6959442325
68.7325070231
70.5942303893
72.5753853544
72.0861638453
72.9405349243
72.6716299403
71.8980643953
69.4435006307
67.9252610343
67.6937550064
68.2876781042
68.4615926118
67.9199179840
69.3885308630
67.8000377772
66.6852364683
65.0346390386
67.1242554949
71.3539540491
69.1867500315
69.6458070719
68.2687211699
70.3053562370
71.8170579036
72.7470728460
70.8526849144
68.1747111196
68.5806384417
68.0403618437
70.5884173748
70.5734656576
72.1109619011
67.4987927349
66.7465680730
68.1189788569
69.3009794746
70.5636337510
71.0157771088
69.3522628188
68.8812244124
69.3240158847
70.0554309963
69.4724517972
70.4313274045
67.9208869343
65.9204345420
66.2422083052
66.5656384584
70.2237067838
68.1360170661
65.4859574387
63.1097153163
63.7025630251
65.7889010984
67.6737666494
68.1391187833
67.1125964832
67.3640705129
67.2105043095
66.2701752020
66.3967730263
64.2261853098
67.8164865678
67.9920064107
68.9650254346
69.5433722981
69.6525075386
67.4515894569
67.6873239863
68.1894838817
70.6686371114
68.5305834865
68.6561699436
63.9664801804
64.2913480306
65.4793674157
67.9913386435
70.7043277233
68.4517112466
69.7106215978
69.5584905876
68.7188712520
70.7230954539
75.3788506649
74.5786931714
75.8056425698
82.4548023832
80.4530589070
75.8126377267
74.8771678908
72.4216288755
81.7072272052
82.8257445106
79.6290121184
74.3194906985
75.1673584496
76.1649010643
75.7276345966
71.1647254208
74.4169422083
77.4785886149
79.1521109594
76.6187732032
77.4768161631
76.3854132218
79.1561915423
78.8651259792
76.4977256853
73.9871490683
69.9082202068
66.7185846556
64.7054244655
64.5056681954
65.1197627560
67.2528897153
69.2693298468
71.8387431155
70.3978324941
67.6755440563
65.6338815687
64.0370225890
62.3041372305
61.1646768926
60.6789307980
59.6491882070
61.6866247763
63.7325039837
64.2306278191
63.7906782971
61.1408478644
60.8918724983
61.4173223475
62.4340069705
62.2873368195
62.7761725653
62.4999250626
61.3156261930
64.2477625749
66.3498702023
68.5110156433
66.3768599781
64.3546540962
61.8192357662
61.3046475522
62.2811842577
64.2992843387
65.3677134190
65.8398972960
70.6791124227
70.0801184554
73.8037059987
75.9281894718
75.1655405226
73.0709502104
79.0986660036
77.2914056370
81.5297048318
83.9743886505
81.5932557069
84.4722930017
80.3899498209
78.2143457694
74.9407070137
68.5013981730
71.4461243425
77.2822732329
74.1254489286
77.1622637960
79.3951143942
78.1937128947
73.3641478462
74.5995203998
70.1475469640
66.4146192668
65.5521867362
65.4444385282
65.4188496607
65.1888807038
64.6841278141
64.6038690471
64.0295777099
63.0973883091
63.6033049764
65.1620343461
66.7835156216
67.0280048846
65.7509351525
64.7547555110
64.7968125329
64.7795145388
63.7447687872
62.7925511594
62.9362022484
63.1923732629
62.4691742776
63.5204873277
64.8206384157
65.6774564430
64.4770897610
64.3658186814
62.8228714793
62.2827772604
61.4340019918
63.2933331501
63.2883152827
63.6348290963
64.0599994177
64.4031886347
64.0303430216
63.6281089558
64.0531209130
63.9313297704
63.3300968479
63.5054507223
63.9651491760
63.3658103692
62.6914529634
63.3709520496
63.8261113733
63.5017536186
62.5580100666
63.6071571211
64.4440355323
64.4051162139
61.7431095184
61.4140281745
65.3372572313
66.5020850860
66.0031766632
65.9667411427
64.1653856696
62.9800205453
61.9795854145
61.1620842669
60.0555786008
59.6029817753
59.4884141173
59.4036175987
59.6218456617
60.4713178514
61.8340102710
61.1103737165
60.8786161882
62.7950848487
63.2920604708
63.7400328530
62.8714525210
63.9816187484
65.0672959324
64.8847446979
63.8637259179
63.4220721895
62.7132376876
62.4448686730
62.7104497299
61.4866226335
61.1241905793
61.6444378800
62.7411362470
63.0522076406
62.2762741090
61.0922475872
59.4048806361
59.4729438194
60.4711056967
61.2335760944
60.7692937498
60.5419626225
61.3146672691
62.6403195061
61.8726762122
61.5053616647
61.6039841303
62.4844589411
61.5280612344
61.2987268056
61.1057102814
62.1840413832
62.3242220675
65.3999077864
65.9736840107
64.1008475154
60.1274877314
56.8759310736
57.1392036784
59.0571710313
60.0748666166
60.1104572860
59.4546709979
58.4865150118
58.7978514210
59.4564617356
60.0824015992
62.0491427746
63.3227481498
63.1845557870
60.7818710137
59.0569053721
59.3596782207
61.1868853818
61.4448823723
62.5893633727
63.0561147891
63.2975067301
59.9900150051
58.3471832410
58.5043828839
59.7770117613
60.3821897916
61.2415482899
61.1963327080
61.5618311074
63.2300800905
63.7126464365
64.2531647871
60.3732002187
57.6912918177
60.1003111533
62.4672906338
62.9205765388
62.2573434942
59.5129651808
59.6153059875
61.3941947833
62.3490223486
71.0358982042
73.3671306739
72.8697646372
68.5134144994
64.3557314804
59.7747350894
56.5307651075
56.2854459729
57.0266748730
59.0284736638
59.7361410485
61.6699619538
62.2471277973
61.6111584219
60.1371467400
59.9730158135
61.1898702954
60.9957267789
61.7145892831
62.6923814863
63.4464244444
62.7195104577
61.5124378624
60.5201672736
60.5958143512
59.8639979563
60.1670731194
62.2468492260
60.9840200479
59.3218736914
55.0609882034
55.3873518991
55.7774970152
57.5758051737
60.0662896896
60.4434173631
61.3602669853
62.5422458766
62.8980191256
62.4835275236
59.3151085528
58.4019535182
60.1751155615
61.5881015213
62.7366692730
60.8800844023
58.4855609487
58.6937345230
58.8320685165
59.7967460619
61.0121380690
60.7543074260
61.3661287393
62.9891876361
61.1738499309
60.4807663577
59.4107599326
60.3365917560
59.5327536543
59.0578943335
59.6283400558
59.3395167912
61.8229386997
62.8334551662
63.9432602557
61.8782922640
59.0480952679
57.7895819104
59.6325060015
59.7963395054
59.3875583284
60.4928054344
62.2680566338
62.7054585017
60.4850734862
58.4253787497
59.2199510984
60.0127476419
61.7248603363
61.8334881480
63.8514002710
63.2808869731
63.2605111858
63.7360281910
63.5146037037
61.7748606590
60.9489257602
59.9913271521
60.3267733260
60.9447716368
60.1295769123
60.2654673798
59.8836203565
59.8184589982
62.0459000128
62.9607566009
63.2926893284
59.1619793589
57.4100170958
58.6211465621
60.0362728857
60.0923381734
60.1436970165
61.6284643762
62.7592662598
63.9491021456
64.4873248990
63.7094376516
61.8622058443
62.0178501101
62.7094187515
62.9401679216
62.8719849157
63.3102585005
62.9326532986
64.4316834301
65.5339829620
65.5975252473
63.0067064945
61.3240750816
60.3920405500
61.2998339509
61.8396303440
62.0048251001
64.7750326445
64.7067426457
63.8900360212
60.7185919714
56.8919280017
57.9546181577
58.4881943203
61.5523882696
62.0784949588
63.1357652128
61.6359282918
62.1075731844
63.0932009232
63.9186314649
63.5231625755
62.7210717984
62.1168946205
62.4029112826
60.3981724555
61.8046403547
62.0434897148
62.3071714887
62.9487538118
59.3016823873
58.2789835606
59.7426736066
60.9509193246
61.6348714423
62.1568504800
63.6170232532
65.8460009097
66.7681803735
63.5594572337
59.6646303625
57.7392476878
59.2553978938
61.2422599419
62.2293284316
62.9926585383
63.0849682889
62.1578526585
62.7948949174
64.5104836687
64.8871100011
62.7876103143
59.8748158883
58.8721018561
59.2876060396
61.3444898553
63.0010175280
65.0195142362
65.7321416742
64.4211700920
60.8022664660
58.2594709974
59.0132903234
61.2485465031
62.5820959403
62.9742686605
63.2501396048
63.3959958500
63.7991459839
62.9415262105
64.2241926978
64.6511827449
65.6615038729
64.7020014154
69.7544180375
70.9069954253
73.5278796289
78.7271296942
79.5213599976
77.3784421908
69.6762611091
69.6920798451
66.7539939211
60.9770904863
59.9828763619
58.1044176490
55.8817742827
56.7074423057
56.8567449217
57.4441831605
57.5242315223
58.2024908656
62.0306073212
62.1442419106
62.9551030880
57.1606020234
55.7053799175
56.2248828371
57.6566797139
57.4362091243
58.3079223099
58.2113774473
59.1009054396
59.2581878377
60.5898456056
58.4548810980
56.7187175121
55.2968877828
56.7494950447
58.9810415021
60.5840600048
60.8524499857
61.3233544383
60.6124620525
61.9398639568
63.3609115095
61.4630741488
58.5437793432
54.9525361043
54.2200237715
55.9825603379
57.3740943813
58.6315450814
63.3708213047
66.1435384366
66.1846671943
62.5944460828
56.1788636119
55.6610292873
54.8418749428
56.0202792373
56.5021800753
57.1560342620
60.4970608299
61.1136680814
63.1619380132
56.7311667087
56.5979265221
57.4371950224
59.3798799724
59.6131670258
59.5725104555
59.5258202798
74.9539892674
74.8732946825
80.7942393265
80.1821300347
77.2293267143
77.9947180051
72.6885989391
68.4708454440
62.1225225351
60.7088188742
61.0610792821
62.0927424335
62.1065382194
61.7120015242
60.0734134540
59.5728469657
60.6563011688
61.5935169468
63.9154779761
65.1065060595
63.9621542293
60.6731588463
57.3710622711
56.4580340066
58.0494116582
59.7487620698
62.7224021828
63.0503866459
66.3428687868
65.1467195745
63.2065753261
59.8465567340
57.9992250142
59.1460146539
59.7836875772
61.0223412369
63.9862665721
63.8424648493
63.7403199756
59.4886093021
56.2609817097
56.5333750212
58.4420597766
59.9600716391
60.6458618736
61.0333399873
61.0972801631
60.7428206913
64.2841695966
63.9243420747
66.1344745218
62.6009800573
58.3467295015
56.4967209938
56.6953923684
58.3893727389
60.8564596627
62.1055550962
62.0469330940
64.4860587543
65.7770439708
65.1470767033
59.8274135153
58.9058751878
59.2135025412
71.8673849765
74.9918495909
78.3435550492
82.3629565733
80.5110275665
80.9714317440
80.7123446663
78.2696037247
71.3689768391
64.2852245403
59.5193617067
57.3710099480
59.7834698497
59.6589588640
58.0531882737
56.3548445646
60.1260100915
64.4079609930
62.7122914599
57.7199019408
52.8251616408
53.7608814151
55.7583676710
58.3642659425
60.6101647866
62.8548060323
62.2451285188
59.2970245278
55.7370723766
55.6461592138
57.8718911562
60.0017371809
63.5550178486
64.0113656344
60.5699184028
56.3702350517
55.1719520064
56.4117997362
58.7462922416
60.2766700493
62.7139228009
61.2976538780
62.3868578229
59.6731941448
60.2908082306
61.4532788951
59.4518447519
60.3958076459
62.6252886661
62.6310045252
60.8909997783
56.0906112647
54.8473338526
56.3878364177
58.7460581430
59.1355441972
58.0934813166
60.1146110842
62.5468124167
60.6228565198
56.7227575839
53.8327290080
55.1694399818
57.3461274029
59.1640944235
60.1403507744
61.5183535992
62.7730523618
62.5967019103
61.6693702019
60.2145487003
58.3176388486
58.3597490239
60.2339713177
58.6932336133
56.5201609104
53.0373027040
55.2127286744
57.1791739059
58.7820790917
58.1753777935
57.8733491054
58.7914033426
60.7762721715
62.5418574951
63.8300609920
65.0132919333
63.7239291420
61.8417741969
58.8985576430
57.4746529419
59.2772878464
59.9891783256
59.5423607359
56.8269910525
56.4100775011
57.9542472367
59.6936016036
61.2065121894
61.6465489089
63.1926028684
61.3931003043
58.2034817300
54.9267763028
56.0721670443
57.6742278589
58.5923440351
58.9325656315
58.7536784614
60.0173141219
61.0081203681
62.5318136894
65.0735248343
64.3208441132
61.2592485000
57.3449280330
55.9908215771
57.1533306114
59.4407936148
60.5072026971
60.8911041461
61.3030457123
61.1733247261
60.7401685568
60.4468062521
61.0383600918
61.3406388243
60.8808540855
58.7591599727
60.4515181218
60.7260407878
59.2950791526
55.7218368030
54.0546573513
57.3854575051
59.9036440356
58.4454119809
55.6724518419
55.0304548608
57.6609636414
59.2731449173
60.2245875667
61.0589672232
61.3437463840
64.4609780035
66.1035400591
65.3111682843
61.4147414043
56.1555775578
53.8373942606
54.8817002448
56.8610080851
58.0861039894
59.1815739009
59.9269143739
59.9373551794
59.8689122441
60.1354984439
60.7920776480
61.1707481903
60.3757728927
58.3245818015
57.2123689936
58.0298850668
58.6997556081
59.7797839300
60.5773072234
61.6933019021
61.1335361226
59.0326538203
57.7636436143
59.1866269533
61.3402658528
60.9538905237
60.3081592904
60.2072612989
60.7973485476
60.6985671112
60.1067776514
60.6877312049
61.3735020715
62.5297604429
62.9422965382
61.3216118611
58.4310909138
55.9350996183
56.0037344137
55.1671497605
60.1627893937
61.5344815081
61.8177298627
65.2667389925
61.1161121821
62.7111446480
62.2486232200
62.6574923007
60.3780245905
58.6714690616
57.4963081213
59.3116299127
60.2135532461
60.4259148986
60.2314805507
60.6016291948
60.7407987559
60.4900674134
60.6292882481
60.8404350863
61.9267096649
64.8728393759
65.7570004739
66.1234561934
66.6528990606
63.4464578882
60.6689161061
60.1686607882
61.0332794384
60.7246266279
60.7653662950
60.9580431866
61.7333212218
62.3219755856
62.3856092045
62.3495014045
61.9873502335
62.3299725278
62.2431851131
62.4182280090
62.1117086811
61.3934942169
60.7026129806
60.3880034823
60.1040009189
65.1126825852
67.8173014519
68.4665740995
68.0738981990
61.3513176087
61.6730261678
61.9762326481
63.6858366435
64.6599158320
64.9088929501
64.9660450294
64.3620840299
64.5214001872
65.4583102324
62.6145789532
61.3287239683
60.0415652766
61.2253689053
61.5437278808
61.2939262751
61.6003988714
62.4334598319
63.9736445856
64.4364865613
65.0713371106
64.1354651226
65.4392039590
66.1042788739
66.7729011778
65.2614110957
65.3239504308
64.2923044049
65.0193714023
63.6357625597
62.9921758780
62.8452987593
63.4703336869
62.5145296860
62.4665581346
62.6786292953
62.2885541317
61.8326000307
61.6813223013
63.0113176926
64.2181235562
66.1473190228
65.8431055560
62.3147363275
59.9708427640
59.9637017851
60.7180124453
61.1406173853
61.1078974607
62.3727582513
63.9922712473
65.3301270598
64.8821384061
63.1435247827
62.0836091796
62.3860860158
62.9367337055
63.5804516105
63.5563420074
63.9656429204
64.2153820055
64.4723408181
64.2128375012
63.4954014942
61.6076997146
62.2578966369
62.7193176143
65.2052304112
64.6926149993
62.7873444012
60.0016607170
60.6314918583
61.4786782723
62.5074603484
63.3701916859
63.7415937927
63.8261578344
64.1896141357
63.7733642187
63.7669368377
62.8242156612
64.3550831035
64.8585495337
63.2246512702
59.7153384723
57.2070845138
58.4252733849
60.1959959712
61.8600579503
62.9635554327
63.4099633015
62.2565135854
62.8072816960
64.1960616057
65.8430431091
64.7525833082
61.8833237257
60.3563865418
61.1772347609
62.4086712377
63.1271471665
62.2258372120
62.6440490115
62.7139968383
62.8982706387
64.9607451406
64.1310594988
62.4991322447
60.0448528853
59.5613328695
60.0780859971
60.3348666189
61.1024093641
62.5204353839
64.3784097449
65.3226969602
65.4089418260
62.9198997188
60.2001502938
58.8795046907
59.9047115777
61.6092057794
61.9770841471
61.9646616667
62.5822929576
62.7952870899
62.2272377322
63.3960389027
62.8009506815
61.1713764996
58.2213707306
57.1409753053
59.1731174755
60.6609245798
61.8972490750
62.1567179874
62.4173462451
64.7594545966
63.8367035003
62.3221480351
60.1676813074
59.7054523787
58.8736654596
59.1789951228
59.6131227436
60.5776287983
61.8508016379
64.0680484490
63.3925211572
60.9269164614
61.1901181537
66.2254177619
74.5348116387
76.4473819673
76.2485431682
72.8608186347
72.6836931903
69.4996698796
65.6126950607
60.5335329533
55.1143975034
52.6080400573
51.8755049469
50.6154932912
50.1613945909
52.2625896040
57.2073081305
59.7656856441
56.2084080589
52.8693290236
51.7278616581
52.1256514924
52.6769838954
51.7325069753
51.0970970826
51.8174267560
55.5189795810
56.0055102256
56.0012841081
54.0521980014
54.3237390289
54.8050914423
55.2354589999
55.0039128630
55.6216791822
55.4679894763
59.2810788565
61.7677624530
58.9813635728
54.9095451256
50.9992157559
52.6253888244
55.3881249492
53.7946993676
52.5224252488
50.3225483206
52.2215958177
54.0297648488
54.9122019566
53.0971879062
51.9473634910
53.0885845413
52.8897593337
53.1807921898
58.2774370017
61.4981264099
59.5108379313
56.1823554699
52.4287507002
54.4339978977
55.2806028925
54.5328067769
53.0541156425
54.6411701736
54.2301796558
51.7961571386
50.4300881457
52.0428615275
52.8870358577
52.2085157697
51.8860985159
53.2846539935
53.6440814680
54.5296997398
59.7038586795
57.2461564114
54.4470033521
50.9772526788
53.9258191623
54.9662640538
54.2641901772
53.3843572918
55.6513437597
55.6567914190
54.5151063527
55.4262285574
58.0082917216
56.9006737992
53.2722879915
50.6875644017
52.2096240613
54.4008926668
53.8467657261
54.0238206238
54.3734481003
55.1637571474
56.2725959008
57.2730772162
60.4269511391
56.9105310858
54.3526615382
50.4628028385
51.7570883984
53.3292037404
54.1860378334
54.1763224299
56.2050567470
57.0931245921
60.0788980269
58.5163954915
56.9191520441
55.0895233336
56.3567049349
57.1387931470
56.3523534322
56.7774287037
56.3763184056
56.1597751632
55.3987519888
55.4098168453
55.7677044006
56.1672871864
54.6536262209
54.6812389520
56.0997891493
55.8642808243
57.0926899177
62.0723315637
64.3302668833
63.4623435648
57.8971039761
52.7953052586
51.8482484774
54.0156938418
55.2814308391
54.7826825807
56.2305793740
59.7517481861
61.7716201742
58.8145155367
56.5140226637
56.4882353046
60.5318872605
61.0815972212
59.0670005064
57.9050040099
58.8830031498
59.3883118633
58.8258736120
56.0413204305
56.3584211462
56.3960224995
55.0031105263
53.7444757154
52.2836602006
53.2394795861
55.5941696853
58.2746447332
56.9223391969
56.4656578956
59.6595517244
57.2068467374
54.6364983264
51.8693526543
54.6235972450
57.7633811055
59.4421482451
63.1511770474
60.9479213805
58.5842891058
54.4845519506
55.4553049210
58.9331395928
60.8318357222
61.4344192019
62.4546132013
61.5267224456
62.7764928428
62.7720875120
63.0132596207
62.6218318475
63.4806450579
65.1858004362
65.7980213530
63.8881597379
62.2432036735
62.5175149569
64.2994324916
65.2264576125
62.3839458738
59.7749139060
59.1164848355
61.9145476792
60.8191863402
58.9657248993
58.7252143560
60.2350563870
62.7171784328
61.3119276233
58.6609196353
57.2966208250
59.8873481739
61.2983347826
59.3389644010
58.5072237430
61.3135811329
60.1775415119
56.6767110174
55.6155178272
58.9010174788
61.6777923619
63.6100023209
61.8298384888
61.1472268750
59.6101361085
61.9338067277
63.8887952716
65.5082695639
64.0788683022
61.6940457342
60.3224088687
62.3041270013
64.0453908733
59.1823514096
56.2171051342
55.9885622324
58.8024499487
59.1196634208
57.7595581712
60.6014852132
60.4321397196
57.9377794923
53.5481006468
54.5098650356
61.0718631015
58.2865282971
57.3878627381
56.2893901621
60.0708016729
63.9269533637
65.6442011616
64.7209429000
65.0850206609
64.8862485817
64.7850787641
64.6062193025
62.1522557664
60.0782763297
58.5815307978
60.3841821978
62.2076265077
62.2245584330
60.4919938291
61.7521464271
62.0764683113
62.5897132227
61.6730216146
60.5984814106
61.6774625365
61.6133336154
62.4971272614
61.7587079650
62.2080975620
61.6217149004
61.0045071577
60.2903282933
60.5302478128
61.4243319982
63.1400606909
67.9146905692
66.5854421247
61.6897018206
56.7569252886
53.3216013655
59.1643335512
63.2288926666
64.4109677990
63.2928126717
62.3520218540
63.7979036650
66.9411319543
64.5619243269
59.6364893208
52.6108065318
51.1689676296
51.8000034140
53.5010092179
53.7453589203
55.0135624412
58.8266189737
64.9470462974
64.1913110902
62.0923203364
55.3325731118
55.0556376851
58.5119906361
60.5925584938
61.1799463103
61.5451279711
62.6835788564
62.0361493046
56.7597898749
53.3672949233
52.5593552367
57.0371798648
59.9462460761
61.3924167908
61.7890172649
62.3928021199
62.1151487950
61.5092743150
59.6986645433
58.6551245231
60.2369352868
59.0674897939
59.9977432349
59.3365681293
60.3989788536
57.7247359755
57.3087013884
59.8066537437
58.2083339573
56.0559383074
57.2666980957
60.0811755509
61.2696003776
60.5227722166
60.6856458756
62.7668279304
63.8129666364
65.1656913407
66.6422652464
67.3102086256
66.2202033239
66.4526277265
66.2275539533
66.5877132499
66.5592254754
71.5291247480
75.9128452109
75.9303703236
75.0131442060
71.5194007031
68.9386660709
68.9753749144
75.3974240062
74.4619853071
71.6339781432
65.5845533071
61.9912567413
60.4777071014
61.2884951980
62.0187986776
61.3539217831
59.9610429786
58.9645945672
59.0490436819
61.6341322508
62.0674865321
65.5724211574
66.4876768716
68.0823888671
66.6063080588
66.1299601425
66.5528443541
66.4319963807
67.8972173745
67.7053686985
68.6703985190
67.4767828649
65.8689168326
64.2542341843
64.9329914831
64.4058785623
63.0902741553
61.9971344705
61.1189750140
59.9564865339
59.2907077907
61.1019691047
61.8117799520
66.3565708837
69.0121098278
72.0436922798
71.9795890265
67.5309831224
64.8253827943
66.0039312331
69.9072774315
71.5510823167
71.3289949370
68.1821413961
67.1026985351
69.3455885945
67.5899913163
67.6820817246
68.5073120678
70.9574831467
70.9343092370
68.2548224294
67.6607338001
66.0634579543
68.0841205132
66.9110955875
66.0974455668
70.1250805504
70.7703246546
70.3042440282
69.9364521914
66.1455940920
70.5282280247
76.4790632901
74.0026791482
75.3946437131
70.4371598794
69.3657583887
70.6883458539
69.5905269275
68.8616660875
67.0451412284
66.5086240079
67.4995188969
77.2040416425
74.7276590386
74.8315983417
67.6307467110
67.1942066568
64.7843445369
68.7327527442
69.6321395787
66.0436157678
63.9888371145
64.9297983161
65.0241277589
65.5424243047
65.0374362170
67.9829261692
66.7726836485
62.8021458849
61.1395237985
63.0443199666
65.3839544910
62.2527597438
62.4185878893
61.3974253119
65.0536937590
65.3713671254
65.7904137952
66.2142878118
67.3899459864
67.4833510624
66.9524899155
67.0908846310
66.6635831406
66.3097955534
66.5337002900
63.9186529154
63.2154975984
63.6512353531
66.1654837115
65.8098338409
66.0051179120
67.8786632034
65.3233180258
64.8874606245
67.3130334109
70.1720759257
71.4630346217
67.3659863281
64.2482930979
62.7043278763
62.8554814527
62.1825321296
65.0122608677
65.5412131016
65.8727897286
65.1022934148
62.9180474413
64.8017922103
65.2934706784
64.3757608834
64.5072268713
65.0906442875
66.7303249098
65.7618898873
66.2830672202
65.2735886972
66.4674964610
63.5175610526
62.8588083967
60.5614259836
61.8068702955
62.3788902800
69.6806309978
68.7082379242
70.2635962456
66.6311556522
64.9691832339
66.7145283884
67.4481412432
66.2277760529
62.8390095514
65.5194036921
66.1844569018
64.0057275251
62.7061469391
64.3446240044
68.2719284576
67.8539648096
65.5778668062
65.3002761450
68.0274477610
65.9870304985
65.9823919790
67.1819374895
72.5359554600
73.7554494878
71.8340379058
74.2309113783
77.7573843179
78.3371692821
75.8399353543
75.7691563440
71.0651319393
64.5571205297
59.5592343731
58.0449849604
56.5257303625
55.2784214064
54.0110534343
55.8780783278
56.5964273497
57.7650617101
57.9451394277
58.3621220179
60.8721942724
61.0333129719
59.2507147794
61.1042689007
61.5261880459
64.9286634224
64.1509393940
59.8470111574
59.8686422221
60.4439366954
63.7579328011
64.3547998238
62.9063626648
61.2674852620
61.6442667648
63.1902688425
62.7203083864
64.0406962026
65.2672436499
66.2375358049
64.3382752327
63.3418368652
61.7762074743
62.1287308459
64.5975457475
70.3430550008
76.1964137817
72.7497944805
73.3816739967
68.7915042280
70.1396219614
72.0513601268
68.0407024585
67.9537046283
67.6321286700
65.5027490707
66.5589086751
67.7338728528
67.6527009830
68.0185963245
67.3732053071
67.3607005332
67.7333042298
68.8025225620
68.8988826812
71.5645201716
71.4079327774
71.2899240277
66.5190497451
67.6009582756
69.5229871726
69.2597536173
70.6236969494
70.3073299939
72.0772483909
71.8275781200
70.4957102322
68.9878721995
68.5018251857
68.8582330057
65.8387059725
66.8458535785
66.3007620877
68.2258828865
70.1569789908
71.6073622137
71.2095417595
69.5458247045
68.9583785049
71.1636372298
72.2713042830
73.3791507478
75.2730949693
71.7770867860
73.0553854585
72.0146072654
73.0771074414
71.8488679755
72.0118148680
72.4722024238
73.2711971211
72.5024284925
70.2966815879
71.7169881028
72.1960743881
74.1517540538
71.4993978624
69.6741813384
68.3895541401
69.4333321523
69.6260330637
70.9986021274
72.4082953667
73.7381544514
74.9646872207
75.2342722151
77.4516256440
74.6049128003
74.8604866727
72.1637038113
72.9815811145
75.5315395111
74.7234180861
74.6295358722
72.6261431632
70.5065663170
69.5090694540
70.0119179805
68.4256626127
72.1710554859
69.9705513779
70.5166492356
70.4198608194
69.1662172055
73.3403556125
76.0586223348
76.5648221272
74.3163567634
76.4751664514
76.0857426809
77.6009834565
74.0173940213
73.1372423873
71.8100926382
73.4786888957
72.6326479528
73.9708366052
73.2097267689
73.0056598028
72.7926467899
72.8797384756
71.4104306395
70.8904448410
72.8865970849
72.7239968305
74.6323456974
73.8343795150
73.9055126156
76.2924501090
76.0928422500
72.1546431588
72.5990670314
72.9408604415
74.0859514297
75.7978500263
74.9716078138
75.7445596393
76.1281566203
77.9886128985
78.4917607680
78.6760166206
75.9093560852
76.9217473459
73.4112404102
72.2225820305
71.7353310409
71.3044478417
70.7189303182
71.7524854428
71.8157761542
73.0382414701
71.7247380736
70.4883965599
67.8072078847
71.0081596404
71.0303845266
74.0696843080
75.4582683262
77.6093378603
77.5757335098
77.2569855851
77.0557727747
76.2862087271
76.1691156577
73.4270179365
73.8165653620
72.8775895949
76.3035190638
75.6027929835
73.0592547022
74.7095808025
74.9815554514
77.4425204088
76.5310901189
74.3323263463
73.9034056428
71.5801722029
72.8896903796
74.1376385297
76.7444481929
76.3069305179
75.4933082423
73.1055885670
74.2794427633
74.0615990930
73.7379517513
72.4167457146
72.0348504430
71.0581635073
75.6706596857
73.0759325626
74.6237222614
71.5817630034
72.4238679857
72.4296144162
74.4690413142
74.9801620431
75.9982390885
75.4446132363
76.2197043816
76.0830590698
79.8592030545
79.3508577003
76.0627585256
73.8458247872
74.1917806801
72.8388987040
73.5734556164
72.6025815226
71.3389957766
70.7661736435
72.3143708992
73.1462587582
77.1056109576
76.6477525717
76.1339010072
72.8850174941
73.2582191348
73.4273973149
75.1460484465
76.3398448173
76.2901743103
75.6872353311
72.3310447844
72.6018343394
69.7219830139
75.0618212070
75.7703014614
76.4856145302
77.1877395011
73.4759145851
75.1388645848
77.4489298001
78.1004611716
76.8612409037
73.4191764522
74.4530935386
76.2577516838
75.8123680940
76.8921921469
74.5426481621
73.9234861323
73.8272565739
74.4909854922
74.5077393426
77.1438962706
76.6992631974
75.3311767732
75.1566306087
73.9086026323
76.2634209681
75.1443270356
74.7499295958
72.6475698089
73.7356915067
72.7826761941
72.6231556946
71.7133656204
73.5547255093
72.3520665700
74.8803457077
74.3732270500
73.8467237930
72.8426254691
72.5617752757
73.3790424143
77.2331537220
77.5515008185
76.3159204247
73.4323689199
74.4226906397
74.1465843730
77.3869770009
76.7405210062
78.9559958546
77.7588073649
77.4918958939
75.0612732936
73.5932085516
75.7264570179
76.1440125514
77.3221089755
77.2410365541
79.3520109007
79.9588642780
78.3570344156
75.0696739061
73.0445467978
73.6611383162
74.4368444408
75.9672237174
74.9339993973
72.4312630906
71.8173951410
70.3463857464
70.3377528610
72.1515408792
73.9580041393
74.9812297396
75.9469614202
73.8484745161
74.1357586309
75.6327573806
76.3975200893
76.3850351378
77.3098310994
76.0931190349
74.6612670330
73.6718362607
73.4080811345
74.3304221625
73.7104448506
73.6303553094
72.8704362686
73.4540196985
75.3075183972
74.7854492499
73.8579104025
73.0303566341
73.2170993289
74.1795656746
73.7436139188
74.2972338369
75.7113963872
76.3087807595
75.2036414974
73.9383511567
73.7020878739
75.6051737304
75.4991470697
76.8982624707
78.0774428868
79.7863862531
80.6760773823
78.4900043176
78.3998861778
76.8984873540
75.5971396304
75.2123741587
72.4571222545
75.1951592603
73.8340603455
73.6637827292
74.0187471263
75.7481099127
75.9669284102
75.5489845278
75.1348515102
73.1367227420
72.6198009270
75.0575144719
76.6305638366
78.6628843043
76.9082679365
74.4316016057
75.2667581350
75.9004338060
73.7364055828
76.1232103191
74.2963768639
74.0228749062
72.7362909016
72.4058548941
75.2410110239
76.2513239156
77.5671141687
76.5039824644
75.1955389138
74.3150766909
73.0863312969
72.5448562884
72.8480994643
73.8908009169
73.2968670623
74.9558373243
74.5588352567
75.1898872136
73.8322266534
74.9749428366
73.6943138298
74.9369031559
72.7135468155
74.7139967071
75.8694167360
75.6461540903
74.5328016481
73.8312448287
74.5942005390
75.2395757100
72.5380770796
72.6100646342
71.3224510073
71.9810892823
70.5035516440
71.1905723656
74.2671366772
74.9623791497
77.0102358980
74.7916536208
75.7376631641
75.4282739177
75.5310518141
74.8775971432
74.6247901966
75.2509165480
73.0937835011
72.8256115507
71.4079816709
73.3828868789
74.1139328829
75.3967201612
74.6308346246
73.7323367909
76.2712183980
76.4668713202
76.7235608326
74.5775435023
73.8993754809
72.4740964966
74.6598230001
77.4296941068
77.6382029002
75.6492624014
74.5944275680
75.2073437635
72.3303067051
70.6924618784
72.4218446558
72.4442264521
76.4656551418
76.3169842903
77.1066770160
74.9795607688
75.3083211505
76.0903473542
77.6818861821
77.7461020293
76.2036896085
76.8360432675
77.1314673532
76.6870378678
75.7151792502
75.4697647387
77.5405739048
78.7830391024
77.1398048450
74.0210264433
71.9739842207
73.4151450839
72.9478463886
73.4245756572
73.3797922609
75.5643939524
77.1879704393
75.6576133704
74.6888290477
76.9041139872
80.0532304819
85.1072145721
80.3458752936
78.4046141760
73.3518907374
74.7758815760
75.3619618485
74.2358116826
74.4923951581
76.6763259970
77.2472357517
77.1620079347
73.0971092427
72.9965462272
75.7287131251
76.3905783970
74.0159196363
72.0831019634
71.0136661135
73.9852646058
76.0062805770
75.8683689619
75.5557013781
73.8370370376
76.4052520363
75.6835453199
75.8893669134
73.7890095550
71.6629516561
70.5108600155
73.1507254670
72.9882532592
75.8519896698
76.7851721827
75.3043603393
76.3617795417
74.7424105278
77.4295927631
78.1779075548
77.4346786544
74.0062967453
73.0547844102
74.1856763726
74.3236795355
75.4793501109
74.0943209357
74.7688736012
75.0435335951
73.3924307753
73.8743116865
75.0223150902
77.6362760142
77.3654949218
74.6085718712
74.6553405386
75.2437842704
76.2786081206
75.4396149312
76.4584296748
74.2560505428
75.5995275875
77.7278514023
78.4371666859
77.9820912032
78.4320436908
79.5857374192
77.7847839020
75.9232647302
72.7217723668
73.6062280597
72.6440529633
73.6040329619
72.7524466802
76.0764076234
77.0276503794
79.1316794810
74.5616567933
73.1578060943
73.4174484070
73.9681727505
78.4021232065
77.1125173312
76.9218809508
73.9901689752
73.2648733558
71.7276351097
74.6128112796
72.4109280269
73.7616997631
73.6976632024
72.1993297902
74.4040958085
75.8669328730
75.9531993349
75.3367190948
75.4140810753
77.4763569887
76.1843455594
75.8150136242
72.9775402049
73.0262483734
72.6633949093
75.4617739306
73.3091385615
72.6664190960
74.0491345683
75.4934154747
79.1665572578
78.3532721115
78.0194338852
74.5096019753
73.2385118723
71.6745074603
74.3051067204
73.8121771850
75.2153388010
75.1180174376
76.4704063369
75.9408510590
77.9435116718
78.7212554195
78.9064512631
78.9335424502
76.5336820052
75.5955813984
77.3394284366
78.6651793272
79.6967278558
78.0928875494
75.5957476526
75.0026972578
78.3650523657
79.8121075346
76.2907374883
75.2503271081
73.6502338933
74.7879355174
74.8593880655
71.8259903576
70.3337312192
70.6257445638
70.2786613429
71.6292523173
74.2959221429
75.0461035573
73.7393929722
73.8557292138
71.9086818478
73.9478429294
74.9451576212
74.4962910211
75.1670790296
75.6627168674
74.0121001363
73.8934411631
74.5651924827
76.7703182026
75.9297743548
74.5016364246
75.1570323383
74.4144400332
75.5438528921
76.5733564161
74.7029871992
74.9081030708
76.5767546818
77.9518724527
78.4357513747
76.4200686805
73.7132455603
75.7987076762
75.7979776096
76.7993993572
77.6707357443
75.7077037916
75.7461178822
79.1478630018
79.2494521950
80.4795916349
77.8465295618
78.1752267233
76.7023038347
75.3219513515
75.6305342734
74.2972054533
75.5825382786
74.0407812229
75.1715509641
76.6591345468
74.4821198558
74.4019218015
76.8809857919
75.7917064503
77.7175754838
74.5985624190
77.1590431536
77.7222169448
76.6443017892
74.8627137579
75.0662396284
73.7039589062
75.8964817403
78.3157589092
76.7940512996
78.4975045928
76.4510737188
78.7135377909
78.0712399851
76.1778050468
73.3409970812
69.3370290009
71.5845079516
73.1002622001
74.3369670465
75.1684955191
75.1273050631
75.7137051527
74.2063803672
73.5858548503
73.1855433163
76.2354253831
73.8250668988
73.7909754302
71.7279710425
73.9165402870
74.8055276298
77.5814580447
76.3093349775
73.9000674145
72.7930444209
75.9897710491
74.5244368132
72.5893852042
72.6791140414
72.1773166188
73.8379859483
72.4512880663
75.1302677377
74.1346046788
75.6310136782
74.2056691137
76.7758847287
75.6931815700
77.6002006320
76.9669409724
78.0044410715
76.2452996716
74.6885425921
76.8019544982
76.2194716589
79.0916168332
77.1487819102
78.8164498261
77.3112120771
74.5392583601
76.3045490673
75.2879473946
75.4309180337
73.5705421940
73.2148496282
73.5326516381
73.6137867130
73.0438339918
72.0397261796
73.7206978603
75.3492353367
76.2662110132
72.8721705269
71.8579022075
72.3507154005
77.9481063009
76.4413953151
74.3642604995
72.9542565028
74.6506464654
77.3189081926
77.5842527124
75.9538410094
75.0355064776
78.5918476382
76.9551930393
77.8401456345
75.4479131555
76.7862806620
78.1308699405
78.9432580459
76.2952291288
75.4342306016
80.0898567245
83.4476238541
83.6011626453
82.1228222643
75.1740982723
75.2666903304
74.1260895965
75.4052899394
76.5478320780
77.8013076004
76.6521476837
75.3462830706
73.9348241535
73.8008092644
75.2882571211
74.9470187862
77.2063898948
78.2762773323
78.3193275003
74.8218166201
75.0321369056
75.3291159666
75.9770257753
75.2923290568
78.4473960134
80.3052631258
80.9397539504
79.7221662253
79.2344222175
77.8980587969
75.4366452525
75.2774104336
77.2646230390
80.8165434394
81.2308903820
80.8371127161
80.0556112211
78.1247238643
77.2641051722
76.3679820596
77.2167729738
77.7665684304
76.9182860927
77.4808253967
75.0074556596
75.2930332678
75.4016276119
75.8534545301
74.4337691905
75.1881096882
74.8075353180
75.1080145927
75.0792737143
72.4407071910
70.8011966770
72.0662327536
72.3183097292
75.4469279916
73.9266811289
74.6347161594
73.0783762482
76.2913345609
76.3214834003
76.8853039868
74.0774060983
75.1950908750
75.7414448593
78.4330243478
78.4964490572
77.1799553969
79.0644882059
78.3903029937
77.4134582650
77.4447701686
74.5783238086
75.0498244606
75.6495243013
79.3121707484
78.3206235780
75.9519935986
77.1982357895
76.0981426579
78.4842203612
77.6995723586
75.6075140936
75.7497370757
73.8935447445
74.5358022097
73.5699033828
73.5595987615
74.0777127151
74.8208466097
76.2477729222
75.7534335774
76.6947568553
75.8697901294
77.5447573491
77.9002234124
75.5137657648
76.8731347493
76.8554503449
76.4627330546
74.8224424430
74.2207172378
73.9094286069
71.3688422717
70.6109425489
72.1960548923
73.1890828903
71.8091709036
75.2315946307
75.1351533629
77.6258847059
77.7695386339
73.6221794738
75.7784142743
76.0384746314
79.0494214513
78.6466965592
78.0547084517
77.7445346444
77.1067133132
76.5780191708
76.6234256636
76.7190185811
77.6218412722
76.3184307953
77.0066469298
77.5173554746
78.6166721070
77.0187177593
77.3372899494
77.2222665789
78.7214110205
78.7065771080
74.9974763691
74.2207257617
74.5419018273
76.5157984187
75.7893886156
78.5720448467
78.0115877663
78.4559351962
80.4279437182
79.5560818888
80.3637635514
80.2184224786
81.9799223230
81.6851449480
78.7257938393
74.9180394919
75.8997767107
74.2085069332
75.8994110821
75.1967779658
81.2593066726
77.2584259239
78.1691239186
76.0170898705
77.6061878613
76.2410455392
78.3692083589
77.9663681255
77.0819132507
76.9668998176
74.0599162822
72.8918294990
73.9219138677
74.7297199587
76.3338491230
74.0200948319
78.2077196243
78.7587125692
83.0533946078
78.9138090793
78.9489167295
75.7613098422
75.2389330960
76.2103574300
74.5517061082
75.1548014459
76.0334178337
77.6178816204
77.6421803005
79.1699856179
78.7428943567
77.3185152620
76.5601637864
74.9987566425
75.9359647976
72.8545849515
73.6280759593
74.2958743851
78.1577509877
75.6494779042
76.8289133092
75.0920909178
76.7417358185
74.7058524626
77.4881163183
77.1349150902
76.2106994411
75.4761339336
75.5303030468
76.0082597404
78.4740896480
79.2369824425
80.4614255732
75.2171369080
78.3122900486
78.0107790232
77.5495031331
78.5887965028
79.8203929158
84.6109422376
81.1367375700
76.1693685217
71.7989360134
73.1006153389
73.0479558618
75.4767800468
74.7069674024
76.0017780588
75.9846474812
75.0151612731
76.0817132068
75.6686127614
75.5611306745
75.0968953859
75.2401199433
77.2702718855
79.5107322079
79.9776271823
80.6105954362
75.7554172573
75.0097961939
74.1359389445
75.2931481985
74.7784403501
74.6694391078
72.5323542316
73.7592224315
75.4466986387
77.4529068600
76.2449506927
76.4353431217
77.4073903192
79.2246859603
75.0126622711
75.5345427760
73.0774214393
74.9573458625
74.3240947303
74.7807520186
75.9984098092
75.0201116208
76.5370529283
76.0990257930
75.7258432593
74.0684018205
72.1580840683
72.3636132239
71.9802075658
72.5366638803
74.1927883523
73.6988361614
73.4342640906
73.5752068246
71.0092818694
73.1845425160
73.9138218299
76.3833730709
74.2489473496
73.0803990945
72.7994588238
72.9501699580
78.1910974687
78.8518982143
78.7652944683
78.5306722676
78.1979756190
79.7158242910
78.0492706256
75.3694225341
76.8264006948
74.6333602218
78.6356861736
74.5232459566
76.6046500079
77.8417938916
77.9485671371
76.6603960638
74.3691457010
75.2732346113
73.9217129560
75.8957644801
74.3734807558
74.2021223708
74.6780768402
75.7650223562
75.5716015775
77.4536053915
77.2001800658
75.7237130014
75.0739906494
76.7802360104
78.1814433913
77.3049596668
78.2250979837
78.2543388573
77.8284956360
76.1770288797
74.4876198837
75.3404132114
73.7928201891
74.5117160062
73.9838313452
75.8138751628
74.9694036662
72.8778742987
74.3140422000
76.3276440649
78.9050936128
78.2527216014
76.0676852617
75.1493838995
78.6100639384
75.7817871023
75.0752618183
73.9865452977
71.8932525293
74.6489958805
75.2441711049
77.5891421586
77.4145693674
78.7127910310
77.3648054360
76.1323063081
72.9438494892
73.7368272739
70.9357248564
70.5285685643
71.3580462364
73.1262144480
72.3019118689
75.7610572602
77.7873288006
77.7983092524
79.1325225837
78.9797455957
77.2143404056
75.8157148339
75.9364090109
76.3840358131
78.1137292695
75.8902554782
75.8466153887
75.3377360624
73.5848857948
72.8744662063
71.9095342432
74.7897885378
76.1046430322
74.5982026673
74.5979133851
75.2611776666
75.3717196724
73.4222278863
74.5869064659
73.8916720714
76.5485603074
78.9783260576
76.1937960506
79.0663516646
73.2699631553
72.7940412666
72.9967420047
74.3355562559
74.0077852491
75.8909114249
76.6590001191
73.9645037075
74.0997372486
78.5566665355
73.9735929114
72.9852507696
69.9622730564
71.2192580989
71.1351693618
71.7793148484
69.9377108820
70.0139285912
74.0296619198
71.7598345807
67.7517076035
70.1421042823
72.1533603682
74.0365099164
73.4648563987
75.5832892440
76.7046352554
72.5465744877
70.9265979465
71.4619973310
70.4837043710
72.1387597831
69.7874255684
68.8533011041
70.0590651336
70.9970891594
73.9945042377
75.1021657345
75.1727071497
73.7388273291
70.2259685934
69.2742836189
71.3285417538
68.7942561329
69.9233214571
69.4505583648
68.4235492097
70.0043576644
68.6879764645
69.4126734938
68.5867120120
69.1367115659
69.1410201411
69.5634046730
70.0768665972
71.7976807387
73.3255889328
73.2692785110
71.5314524391
72.6209839449
74.2289041548
74.0727823218
71.4014023593
71.8730860995
75.0306465399
74.7471708240
72.2787136218
68.8655323182
70.5401205565
71.0078040676
73.2810089343
72.1896223269
72.6978499893
71.0558351418
72.7308562014
75.0318746493
73.5224637329
73.3566697483
73.8859212891
83.0180264233
72.0932107654
77.7657372794
79.9366547614
74.2875785599
71.1614359473
76.0704944133
78.3539451605
78.3612949244
72.3045903493
64.1466872721
55.4698594295
56.1682208261
54.5405601577
54.6216800053
54.7354231810
55.1342475207
55.2172686201
56.0271159696
55.6815972118
57.2406352362
55.3606981827
55.6136828671
55.9179685597
55.1289513103
54.4333575711
54.7092204079
54.0158566144
53.9740048568
53.1108574000
54.1295803922
53.6324653988
53.9120277172
52.4080392072
53.5957358058
53.0801936155
53.3488873864
52.6954980208
52.9482682727
52.7466476479
53.2378396822
52.9972326168
53.7076264904
53.6315315856
53.9652516474
53.6144228106
53.8909246539
53.3704481688
55.8102538714
54.6311875238
55.0559593470
52.7790567994
54.3300330053
54.4582620496
55.2991892810
54.0383565284
53.8692478279
52.7598551456
53.0073879706
52.6809783395
53.0045916918
52.6649221845
52.3672651461
52.0552853161
52.0385536161
52.6580393410
52.9706726892
53.5241082055
53.5343600741
53.4774540224
53.1606569598
52.4622079168
52.9529614446
52.5922987652
53.5265365842
53.4247835115
53.2225643770
52.3344312435
52.9731296632
53.1894964754
52.9237465523
52.3780495525
52.5425414517
53.0332477671
52.5811789008
53.8323159052
54.1874322756
53.9328818875
53.8096333556
53.7367405307
54.6479579763
54.2703882639
57.5124174789
56.8995114196
56.9936290039
53.1732119167
53.8235000470
52.9746472855
53.2944571160
52.3782795203
53.2429274757
52.4291835665
52.9051486402
52.2039578885
51.6025012066
51.6792389225
52.1388033939
53.0713870278
53.2799589376
53.8883212315
53.4519459706
53.7142680831
52.8994066873
53.4091132727
52.7835496226
53.2203823207
52.5941929732
53.1150103712
52.5174896389
52.9520730156
52.8660761362
53.5850399151
55.9073588720
55.9816168404
55.3032943417
54.2098641117
53.1008819579
52.9797460168
53.4469027976
52.9217646342
52.3767243642
52.8719542515
53.4056953772
53.2342995852
53.7316318652
53.6712239401
53.1965056554
52.3764693176
52.4025440469
52.0666464033
53.1694916897
52.3905916098
52.9948857449
53.2843498766
52.6817142121
52.3650392341
52.8788521642
52.4682432512
52.2968200637
52.7839239984
52.7931056536
52.1662198813
51.9720949498
53.7236829031
53.8661943970
54.2673725609
53.2463240482
54.9778005127
65.1707474417
73.4983149509
74.9131807708
75.6784123914
72.4348324290
71.2998122784
74.0931071070
73.6740015713
73.3621204681
70.2691898604
68.1272324061
64.6949516763
60.4828960176
59.8262725512
58.6635248295
57.4191599666
57.0700941265
56.9751646797
54.4131028905
53.6429827494
52.9786590196
53.4116016662
53.8169585357
54.0871842988
54.3142349202
53.7240942298
53.5419200017
53.2270034990
52.3986754671
52.2430286925
53.4295270078
52.4833249841
51.8486791546
52.0421726502
52.2645106882
52.6412558179
54.4249687923
53.8025020212
53.7405495676
52.8819123952
54.0865779223
55.6072012978
56.1827483984
53.3151974374
52.6514513679
52.4206240836
52.6263251754
53.5114691119
52.7214259477
52.8760965287
52.9895601177
52.8648392850
51.6340711577
51.8035275628
51.3853348385
51.9800010645
51.7554861153
52.1161140479
51.6502197100
53.1801983803
54.1065821351
54.0103195236
52.8333721137
52.6688769908
52.1238372641
51.9205581682
51.5223913394
51.6746747671
51.9878625536
51.7847563572
52.3867529670
51.6630730478
53.5058482702
53.1645818781
54.1884860268
53.8441848364
53.8895661086
52.4557786078
52.1062724668
51.7732067053
52.4903261676
52.5399647958
53.2998025770
53.4270219307
53.1817017555
54.4678861517
65.8178419440
74.6170700539
79.5875618732
79.7956686090
79.8254818837
82.7932451419
82.2374244317
83.0922182389
80.8726425594
78.5311040625
69.5058575752
61.3004306116
55.6902139380
57.2549413269
57.4372377072
56.3766315104
55.8552330739
55.5532791917
55.8604292892
55.7156379337
56.5760108651
56.3333795158
55.6443301744
54.1773478881
53.9256089478
54.3039981703
54.4312396399
56.0070264376
55.3581971145
56.1987647458
55.5080853209
55.0951674099
54.5741412931
54.7783325440
53.5704901363
53.6805159258
54.0001784577
54.6801216982
54.9441786519
54.5206358238
54.9613731580
54.2302685219
54.7639868231
55.1177150610
57.3776314581
57.0561126970
56.5964042116
55.3522276910
54.7345944224
55.1326111793
55.2968963122
55.5847648040
54.8547978139
54.9330562291
54.4447368007
55.1623611306
55.2037838225
55.2632410463
55.6644462103
57.3347161293
57.7271179403
56.8419447738
56.8624712986
59.3718148348
60.2659981302
61.7317207425
59.1969825841
58.7220705215
58.6541048537
59.2419180952
59.3044542122
58.8076501120
58.6923988851
58.6980553401
58.9733609336
58.5533014438
56.9066859541
57.4782651345
57.0762582463
57.0916221383
57.2521873059
57.4311612279
57.0898213947
58.1606804619
58.3969969446
58.1733877498
57.8985055916
58.7303265050
57.6755815365
58.4459111479
58.2485407033
58.3207105371
58.0328869818
57.1029661563
57.1963231229
58.0079700626
59.0608966589
58.3686480645
57.0139414587
56.9421978708
56.9696036068
57.0265635240
57.4661242604
57.8561438862
59.0245048850
58.6656382464
59.3978817679
59.9416350155
59.2502777905
59.1653962368
58.4520967296
58.8197597777
58.6043153174
58.3730751534
58.6163510028
57.8521127759
58.9831458512
57.7888253166
58.3985988744
58.1374510444
58.4802528860
58.5802236904
58.0031766772
58.1088465109
59.4656665426
60.7751016120
61.2267179586
59.5211946870
61.5887669013
70.7062382144
75.6812405193
78.9953505865
77.3683030919
76.5982154313
72.3542151122
67.5041258606
65.0118030455
62.4166589758
61.7680461940
62.1985972440
62.6829518615
62.7083652589
63.0161196524
63.7940206370
62.3320181650
65.6429518895
63.0518456037
65.2068329147
66.9138320696
65.8832930957
66.9302011890
63.3241903687
65.9830860516
68.3767437967
67.4950854571
66.6106301779
65.0684044629
65.8251603499
65.9794151451
65.5084459094
65.0520668894
65.9271871231
63.6959010823
62.8211776033
63.5314166927
65.3751670314
65.9234160916
67.8624821423
69.2072630382
68.1922062468
68.5114588717
67.5846624126
69.1614760174
69.1880091044
69.1005673929
68.8678847164
68.8101738356
70.1421931281
68.9244960807
68.1425293791
67.7972260532
68.2023423772
68.3053208943
68.4088295212
71.5526145731
72.7244857279
73.5342047666
71.2900853305
64.9043815195
61.3171717552
61.3678965419
63.8679472399
66.6062061122
67.8932237735
65.7500340641
66.0376035470
66.6424066396
67.4155624816
66.5609588976
65.5289063300
66.6057539212
68.2053514971
69.0591019430
69.1477297890
68.8280282893
68.2090768093
68.0036061956
68.2595454986
68.7043099185
69.2614209051
68.7984027739
68.2154521458
67.5790983038
68.2537330143
66.6496527101
65.2672478799
63.3337566703
63.1944212397
69.5946487433
70.8651514470
73.7271095340
69.5259011211
66.4122257746
60.5824890157
61.2888563621
65.0806862425
66.7195267862
68.6539553357
69.3024184472
68.4430719976
69.2734186876
69.2393840403
70.6856256082
71.2496812008
70.9275607329
70.8532387808
70.7861314380
70.6974654773
69.8871587729
68.2417034610
68.8985202918
70.8041651111
70.6403551733
70.8343541414
70.2053910333
69.5312306742
68.8311212950
68.8116586929
69.6414383063
69.9478260023
71.8129449927
72.1821116317
71.9787755451
71.9323142147
70.9297627269
71.2184377077
70.2188715626
70.5318570582
69.7172053378
73.7321279887
75.6770421507
77.7534968285
75.1031765795
69.6727564475
64.8013739315
64.7149133644
69.7908821524
69.5472490333
67.7408706486
69.7072517699
69.0927578918
68.7305468495
67.6627711365
67.7841383607
69.3509154166
71.1951932885
71.9296836469
71.2287893396
67.6854595095
67.6818569997
69.8832495658
74.6457116102
80.6902523586
81.0725774574
83.1863102725
83.0848972872
76.2987977957
76.6510486863
73.8158852299
73.5180558716
69.6815322841
65.4697054747
64.0471494748
63.2220512548
62.9399153437
63.3936430606
65.4681448050
66.1070652545
66.2417419513
66.4829492884
68.8797293081
69.1719530254
68.0972627974
66.5760427515
68.3869325527
73.7482552111
75.2268352217
74.2597324507
69.9641908612
69.3869214728
68.7731411176
70.0864971740
69.1705711452
67.5205664698
67.0451657212
67.6814622492
70.4909899217
71.0307485345
70.0886942643
71.6014294741
67.2748933424
70.1375390568
73.3831045317
70.7325267073
69.5934034182
68.1100026791
71.9832485645
73.7570041076
74.0116272950
74.3631344350
73.9672735118
71.9410974425
72.0364337481
72.7706627763
74.4982150207
73.8456201180
76.8974391626
79.1814739438
77.7077383783
75.1496660800
70.9806299387
68.8954867905
69.0259268948
59.5799157962
57.9498734338
55.7622056385
55.0040251127
55.8823975999
59.4043881078
64.5458663516
69.0104249098
70.5874987962
64.3121317599
57.2043215256
52.5953486938
55.9923542085
59.5576499517
60.7475716487
60.0345094216
58.5938233151
59.4467518335
60.1679623546
60.9695081137
62.3858195094
63.4623268131
61.1923493366
59.5625843106
59.6710712755
60.4891841327
58.0977654329
55.3698852679
58.0497604959
62.1906479001
64.3308029970
64.7086017210
65.4309255004
65.4147756012
66.9414927547
65.2898635068
64.6271266672
64.4772065972
64.8209292567
63.6146349108
61.5219930855
60.1502536196
60.2826811738
60.7676811844
61.7221641543
62.7048546798
63.0973341092
62.9374782782
63.0458629726
63.9557320076
65.0132757302
68.1262901510
71.7492548457
75.3132924006
73.0062198354
66.9844948096
62.7311352061
59.0344676607
57.5401912075
55.7334012954
55.4562374112
56.5347525667
56.9073965946
57.8964431680
58.6246638636
59.9166348194
60.0774569312
59.3559736741
59.9480062622
60.4081446606
60.9210223227
60.2835518273
58.9267936656
57.3776433990
57.5870933102
60.2402967788
60.5105491046
59.9703754914
60.2943989248
61.4846905361
62.3714033624
60.3557595077
60.4411050687
61.0514283340
61.3869105818
61.0882927896
60.6953294073
60.6463461360
61.6425681346
60.4194250261
59.3718750391
58.0268900776
58.6775944085
60.4494944965
60.2085067046
58.8196246639
58.1399024448
57.6408014947
58.6155708862
58.2055590550
60.3527957348
63.3334859198
66.7684307772
63.8214061889
60.0130979274
58.7770582611
61.7359177394
63.7658334397
62.5676822632
61.3663946361
61.0567063703
61.3958257223
61.4356679586
61.0305271929
60.0330115006
61.1948319928
60.9851427805
61.9973573765
61.8616850045
62.3219160119
67.3112274179
68.3501622570
76.6338106586
80.9466732694
83.4331813340
81.9956574207
72.1626277279
68.0256547389
64.5257534261
64.4765967194
60.1133814560
58.0921277643
57.4416785506
57.4588044179
58.1666722664
58.0641469496
58.9405046857
59.8821547523
62.2304287991
63.0774815415
62.0424441392
61.6210737717
60.6692754589
61.9163010800
61.4931642399
61.5841036899
60.9535891266
60.7910846176
59.8029683658
61.6365044070
65.0288772815
63.9563661649
64.7177167474
61.4228459549
58.8476621002
57.8787826540
58.2468899193
59.4572138468
60.4607086889
62.2169928833
62.8490181976
63.4973067409
62.5547595018
60.2259124447
57.4542634651
56.1329899495
57.7574392774
59.1443733448
59.8029540948
60.4935515956
60.8603713563
60.7597784379
61.4438717522
62.8028690189
61.7173465827
58.9718343229
57.3389573205
57.5984441321
58.6452519336
60.3183258105
59.4874753128
58.7568272808
58.1974674182
58.6257933536
59.1137801502
58.8674462290
59.4132690512
59.5678227513
60.0558026993
60.0318127930
60.1516867093
60.7193956089
60.8082197527
61.1927277807
61.3886839924
62.2849263166
61.7283759765
61.4983038723
61.6890377115
61.7823496452
62.4530194726
61.6937835122
60.4394071487
59.5128093139
60.8860089976
60.9759885437
62.3147688018
62.2173921065
62.5966543710
62.0275924648
61.7149466692
61.0708851520
62.0647320477
63.0319458938
63.0202503653
62.7729887683
61.1414627755
60.8719147672
60.5168542731
60.8668914709
60.3898196721
60.6951992957
62.3286021813
62.8732126242
61.9891269079
61.9376099873
61.8624945254
62.7972309347
62.5812038098
60.2598012587
59.0285820913
61.1825924565
63.1287625257
61.5626633022
59.9544143210
59.1018444615
60.6624136072
60.6144470989
60.7269496561
60.6943778494
60.4674278883
60.9595760408
62.0478710971
62.9607141244
62.3304077904
61.7086433703
62.3234440694
60.8486058616
59.5837090366
58.3905706941
59.8764562639
61.1689526908
59.7923531472
58.1707020549
58.8241107743
59.9517544804
58.8770122948
58.2891340511
57.9899109793
59.0580122203
59.1518017596
58.3476260304
57.4805373801
56.9967897185
57.2382895317
57.7660125146
57.8789213175
57.7524974610
57.7236023027
58.1552878919
58.3102370693
59.1373459552
78.0545421132
83.2482133015
89.0625414213
86.0125303984
81.8211713406
79.1456354545
74.6350220605
75.0378620044
65.0726863107
56.0301359682
51.7708267042
51.3233436107
51.6896081940
52.1786464921
52.5748509052
52.7096723613
53.3464237416
53.7214961860
53.3387153256
54.5512860666
54.3722629160
54.7883753586
55.6941429891
57.1192880636
56.7384889108
56.4123346114
55.3131998350
54.8998139294
54.0844788293
54.0192327873
54.3227634041
53.3671457393
52.3983513838
51.5340640637
51.8077700292
52.2134999557
52.4812099132
53.8292633171
54.8536517390
55.5365253979
56.0533988042
56.6525756996
56.1453945901
55.9980314096
55.4851810588
58.2612405778
62.4018700439
63.5299664689
63.3373689135
57.9297272089
52.6613779845
53.5188795838
52.7584840850
52.5137692131
52.9465888976
52.9249657686
53.9823188685
53.5595142935
53.3922664282
53.5376650793
54.1854447881
54.7456052410
53.5333759393
54.6102680489
55.0705658429
54.3469775801
53.8447230579
53.4517158634
53.4444998680
54.1326168896
53.5396159874
52.7247181211
52.1506404880
52.5765780750
53.2921697856
53.5935968817
51.6773912396
51.9094247927
52.4382926534
52.1872702945
53.3709502344
54.2415938979
53.8514267895
53.8005637599
53.2624227003
52.8617555681
53.2027338782
52.7124843498
53.9155946670
53.0790950779
52.2736703733
52.4037994737
53.2899847669
54.0938010933
53.9870872902
52.2159422267
52.9066845482
52.8340969794
52.8247215399
52.8591743234
53.9672342920
53.5996428060
53.5892657154
53.5088645308
53.9862988927
54.4245596838
53.7196944468
53.2788656341
52.8074440788
51.7623039832
52.0104552152
51.5955020152
51.5980094522
51.8965953229
52.1633479879
53.1292585428
52.6731614717
53.0397253465
53.7389494104
53.7503895557
53.5997776278
54.0118873046
53.4382847289
53.5286960959
53.7356378108
54.6275955673
57.3255122996
62.9648533285
70.3064060602
72.8592089613
72.1743383764
75.8416088288
77.1291734329
74.9029230515
68.9940827284
62.1316180839
58.6886529044
57.1035047530
57.2753127984
56.8803206707
56.8416289126
56.9110357023
56.6512587607
55.0680293845
54.8978792672
54.8110596577
55.5445093002
56.2029327163
57.0226360592
55.9043941177
56.1759647615
55.5999525008
55.7371476861
55.5668627182
56.9215121414
57.6501130800
56.7561571378
56.5279054540
55.2478426500
55.2557406001
55.3483354208
57.2275727910
57.3709959443
57.0421827151
56.8584869927
55.4971959618
55.5052444689
56.5244183538
57.0923390477
57.6916413992
56.7312490223
57.1869498809
56.3097674035
57.3048990258
56.5195674714
55.3214259251
55.5032565875
56.0968792515
57.4039698256
56.5704568842
56.9263538832
58.6011242370
59.1445043877
59.9442695486
57.0935508823
55.5684263217
55.1556486249
57.2836297248
55.3566987352
57.6035438492
58.6026948193
59.4450747503
57.6769215582
55.4342120024
54.7441059722
57.0955781850
55.9027549609
56.2769547074
57.1168807397
58.1769066471
58.8427418653
58.6019795998
57.8860884152
58.6436095032
58.0829945580
60.2451921282
59.4113537405
60.8187960636
64.0034792509
68.4804418397
74.2739153587
76.6933319965
75.2214582749
73.4094821019
70.1363890410
62.0047246532
55.5621470522
51.5683725958
52.2814709017
51.2646453017
51.5602721671
51.4834881684
51.3354506678
50.5799296216
50.4804711323
51.0264144041
51.2424631249
51.2982623922
50.8684666736
51.1861452447
51.2045991739
51.5314160839
51.5550690498
51.9489783720
52.5837050364
52.3697946584
51.8608642367
50.5954645683
51.2765345294
51.0164955240
51.7633068698
51.1972663069
51.3733494649
51.3820767156
51.1670500347
51.4650361133
51.8466580025
52.2863273441
52.6142895428
51.8082801798
52.0395995695
51.9473736446
52.9619694538
53.1039867034
52.3224231655
52.3824063968
52.0423885721
52.7915781997
52.7614102598
53.1638073368
52.7083270878
52.2729939489
52.3232971904
52.3771830568
53.2076024305
53.6392940369
52.9700323660
52.4106898765
52.1386096171
53.4349391755
53.3234398383
53.4643543552
53.0350578774
52.8317943346
53.8242458922
54.4220572562
54.6405995018
54.5124630043
54.3649290383
53.6669700946
53.8810994303
54.0651610703
54.3016488756
54.6342117194
54.2482435277
52.9045782611
53.6053675121
54.1141770145
54.0393270302
53.5291357861
52.5096194112
53.4690845203
54.2068452359
53.6139640621
53.3278174028
52.7475910735
52.0817283038
52.9289479478
53.4408809528
53.3806826458
53.3393744968
54.0389494151
53.8070070086
53.8104131619
54.2783043488
54.8331021854
55.0722952865
55.1979194076
55.1233348799
54.8823795542
54.9378503692
53.6968377320
53.3074362367
54.0133803839
53.1129184866
54.3842144332
55.2978030451
54.4777900307
54.0161984024
53.9184082379
53.6445083849
53.7819730912
53.7273667665
53.3367821859
53.8531313815
54.7462983920
54.7784581236
54.5895024388
53.6467688629
53.7213984465
53.3508521251
53.2902858268
53.6729515818
54.4316015632
54.3618294488
54.3623729574
55.1725300476
54.4023834556
54.9773149487
55.1685299470
55.8971557794
55.3344833433
55.2888010288
53.4741245964
53.3396898406
53.3241814455
53.2224258955
53.4178702104
53.2845988968
52.7492987043
52.5148252841
52.8294836998
53.2438723197
53.5073757685
53.4911571279
53.0524874788
53.6689339165
53.2494454611
53.3133343775
53.2154961893
53.6821908377
54.5134339330
54.7815243008
53.6351073075
51.6234766315
51.4962524428
50.7168246713
51.8425113461
52.3449296695
52.6547398618
52.2841256428
52.6424261381
53.1359762586
54.3209359500
53.1513271992
53.8351123645
54.0738634004
54.0649259998
54.0544664902
53.1928589554
53.3979609479
53.6134139718
53.6925996111
54.7046092426
54.5910101698
54.4953599978
54.2690918421
54.3224433973
54.1549588423
53.6549394061
54.0268501197
53.8791348480
53.7858858288
55.0780477304
54.7170599703
54.6847537792
54.4333326659
54.3071325222
54.7318159328
54.5404808866
54.4582810666
53.5919856598
53.4340525773
54.5436090808
53.1702080064
54.6409238151
54.7369338536
54.1530472392
55.0588366650
53.5262209299
54.8345540754
54.6243345217
53.6055218868
52.7685657826
53.2774185215
55.3701445116
55.4458700499
54.8782364982
54.8290686676
53.7538196806
55.1153947504
54.5481503269
54.0392063442
55.2017419844
53.7509002772
54.2193215628
54.3307726832
53.7565353278
55.2332593467
55.0459557447
54.2200209745
55.0518637546
54.3754030594
56.1019483683
56.3268107946
56.7202484434
54.9131816503
54.5092596796
54.2945980133
56.1629751855
55.3460283031
54.7790811814
54.5344815905
54.8142610423
54.8733770962
54.3613098506
54.2421576215
54.8303731698
55.2955127199
55.7167195262
55.0351701199
54.4899264475
53.6053851501
54.5051669139
55.1266636027
56.3003789052
54.5606138459
53.3219228534
55.6312500902
54.9018102802
53.7938498926
55.0563323261
54.5496262017
54.5631421345
55.5021558829
53.2419951446
54.4655477260
53.5830235116
53.4920945355
54.5032465093
54.6209586321
53.7697412521
53.2572472797
52.7617198802
54.8912102424
53.4370121203
54.6523899057
53.6158309949
53.0060254386
52.3126119837
54.2573155793
53.2541458396
54.0918986002
52.7824063562
51.7057739592
52.6248718114
54.0207345079
54.9247703540
55.0288425379
54.7178078363
55.4650721094
56.2795767203
55.6949139914
53.6050712753
53.3547533559
52.5933258228
56.1605887812
56.1817024026
55.3828006213
54.4074100553
52.5726738792
52.2802075234
54.6949515574
55.5666357337
55.4276992784
54.2527375144
55.5984650794
55.3033490075
55.5453025716
55.0925099036
55.5667823045
55.2944308785
53.8221048091
55.0649956505
55.0990236634
55.5651579506
54.2075957519
54.4219441316
55.8131930397
54.7209190641
53.8529735410
54.9453933772
55.5528987601
55.6758479563
56.0372107032
55.1045048949
53.7676032293
53.6151672217
55.0856475721
56.5872791207
54.8389316952
54.0011101370
55.2499059625
54.6215297196
55.2364097007
55.6432534175
56.8879049579
57.0479025378
57.5691890644
57.7085885255
58.1011507943
56.7997990385
56.5800822579
55.8267129821
54.2209747524
53.5356504030
56.4799926223
53.7863144046
53.7452948381
52.7049718382
52.4114582490
52.2081119201
52.7903131616
54.2449402150
53.7378051185
54.2629075496
55.1313685021
54.5196618742
53.8404086841
54.6503562880
53.4778661445
55.4275014824
54.3576750843
53.5615821092
54.4766143775
54.6771772121
55.1561154529
55.9668931030
55.8193061781
56.3658837750
57.9926439349
58.8597488529
58.2703986640
58.1103326388
58.2589791141
58.1154442567
57.3463807159
56.7350602841
54.8697805017
55.6976991010
55.4254250870
57.7385751102
58.8407373967
57.2896538802
58.0866812495
56.9517256373
56.9516481781
54.4464898592
53.8708287588
53.9285824052
55.7509666778
54.4856877471
56.4589374416
55.0764200800
54.9241494722
55.6771359908
55.4990668793
56.7034865376
55.0717005408
55.9906797598
57.3358013345
58.7604209762
58.5340104818
57.4569584933
57.6179673369
59.8259106820
59.9392579286
57.5941547763
57.7961903428
58.6353561268
58.7401973812
57.9277908144
58.7775595625
58.6912102396
60.8777908011
58.8114192936
59.8616359125
60.1568719191
57.5942460027
57.1900732931
57.4969982836
58.3443473344
57.7872681569
56.0868851551
55.7517694919
57.0070574905
56.8732367145
57.2270850747
58.2176811006
57.7237693327
59.9169630180
57.0053362783
58.8453058191
59.1304286886
60.0271657929
58.4991711204
57.9876432398
58.4491794382
59.5898878481
59.1511526598
56.9756692916
56.7521170923
57.6655706259
58.9070454952
59.6359787770
58.3909824132
56.4932741688
56.0059103682
57.8159773698
58.2792623902
57.8266377944
58.7802274110
58.2563347040
56.9009551424
57.2630214782
58.1829698777
59.0874398108
58.5612327104
58.5832575488
59.7511530808
59.8338326169
60.2799075508
61.4271763975
60.7434081647
60.8666768022
60.5619397982
59.9009899712
59.9440641439
58.1993785112
58.5480558827
59.0019469497
58.7366836048
58.5128765058
58.4914570441
61.4732977394
60.3734389956
58.1606357146
56.9331539553
55.2384756236
57.8862644929
56.7116627552
58.0402534286
58.3060562898
59.1042121555
62.5230567407
63.4996203139
60.3817208251
58.9320821344
57.5330783338
58.2299979091
58.6687301176
59.2042256371
57.4559824399
58.0950969763
58.2178640533
58.8745441105
58.1931294828
57.6806589350
56.6411231205
56.6861438226
58.2141712159
60.6095757242
60.4022674509
59.7693699502
57.7451898539
59.1071545127
60.3309453377
60.6117964783
59.2809833301
58.6343139696
59.7059593569
59.3462112765
57.9523901780
59.0612270733
58.7660489012
63.2085070828
68.4421054465
75.8792661254
80.2162791160
79.7725907014
78.8260470445
73.0568416506
72.1819418283
65.6533999194
60.0930106841
57.5671621041
56.4924605859
55.2501443596
54.1854081801
56.0462121928
55.9483205952
56.6085364907
56.6038464573
58.4324302123
56.6129991504
58.3795386084
56.8561564122
57.6182903280
58.4236238688
58.7881205275
57.8099395902
57.3419784884
56.7920340776
57.3530926424
58.5811757038
58.1690238076
58.2411378335
56.1582061322
56.3733383565
57.2101680369
56.5368471254
58.4362611923
57.0525279576
59.1719073663
58.4097978174
59.2153222266
58.7300730638
57.6257391212
61.1160980716
59.3850981807
59.8264745576
60.6155756731
61.7927214726
61.3134514602
61.8322636254
63.9734851661
64.1883314245
61.8109905749
61.7828493195
59.4483466756
58.0668309600
58.6290823024
56.9615714684
58.8056670122
54.9485283718
56.6816290906
57.6843705423
57.4466992647
57.8360020691
57.7775475327
59.9630571303
59.0426250561
59.9462799341
59.9742322872
60.5938408231
60.0388599984
59.3493798762
57.9212921550
54.0278953550
56.6095169828
55.1132390536
56.3687484879
55.7996279978
56.9661206493
59.5565307744
58.9385507140
59.0562190083
57.1555331684
58.1527090537
57.2135802285
58.9243514584
56.9921646855
57.8713927709
58.4648364741
58.3670277743
58.3553036849
59.0608207423
60.5848982670
60.7686936591
59.0511871291
58.6975401535
62.0774463972
61.5808531348
59.9326389431
57.9515042555
58.0705982878
59.4592173187
58.3725083830
58.4162630368
58.2428090016
61.1805162845
58.3435848853
57.8171155073
59.5478180321
60.0514814719
59.7489648332
60.5699041841
59.3695192845
58.7105556580
59.2462380309
60.3099024202
60.5776568366
60.3430766546
60.9198300273
61.9077416930
61.8812237359
62.5288187789
64.2261579784
65.5424386679
64.7422695504
60.2846708007
59.4377096394
60.2384114475
60.8356924869
60.4220340080
60.8727947146
61.8746416744
58.9854242918
63.7474164044
62.6176551962
62.3680199863
63.2634351812
62.0147418377
63.5696650043
63.0016736394
63.4490129112
63.6060139651
63.8711636654
61.0673112131
59.8808617526
63.4373694073
62.3402992877
61.9683023238
60.6101523249
62.2787441564
62.1560916223
61.0616822088
60.6618579816
61.2318906025
62.8074753662
64.4287637470
65.1120785707
63.6597989950
63.2487184839
62.4209034232
61.2750095289
62.3329623665
61.2189983686
61.8137786895
61.0131886869
61.2886089120
61.9682582287
61.5718223155
63.8594387873
62.3567792625
72.6750118131
74.8288616575
77.1225431703
78.8704733248
83.3954028769
84.4718959967
85.9963757543
80.9137059081
76.8632974187
72.8629416530
64.1748763280
53.6133469288
51.1924842135
51.3942881142
51.9454717464
52.9736538539
53.1142450858
54.4098360768
54.8675875189
58.0164705146
61.1087498236
59.1181303715
53.4617908685
50.7065448522
51.1760590210
52.1122801841
52.1907487978
57.1428835568
57.9942001526
65.0383504751
67.6932838280
65.4740044379
58.3995261248
54.5346774567
54.3679822711
55.1391229583
55.5325096135
54.4508643772
53.5493017245
53.1302956560
52.7929084422
52.0797409467
52.5300490719
53.2123419612
52.6675432487
55.5602239579
56.3507142194
61.2718571850
64.8280036647
63.6802512886
58.6064767898
53.2585650688
51.8829255121
52.9256307926
53.1832207029
52.4329148955
52.8765492630
52.2507710998
52.4038494353
51.8867753881
52.7187952336
53.7062236141
54.4974604836
55.2339376664
56.2569642545
56.5827489581
56.1093843450
56.0927923480
56.3353260692
56.8099982365
58.8840947049
60.0885339896
59.8777279664
55.2509313523
54.0925180637
54.3699702129
55.7374266880
55.8836474159
55.1777092757
54.5495720654
54.4373658603
54.2590725361
53.3998213804
53.6000607338
54.6606062683
55.2881222309
55.3975042046
55.5563218755
58.9853124398
58.6134837239
58.3606319590
55.3154310819
53.8131779715
54.9718978176
54.7110390865
55.1043278308
54.5247621377
54.5665067668
55.4924392809
56.1923837683
56.1159524010
55.4827072003
54.7149843241
54.3982967890
55.4740554862
56.2039198525
55.9971144112
55.7337400844
55.9191075380
56.1431832358
56.8868241053
57.5578083933
58.5248843211
59.4343798178
59.0303371611
56.0310955766
56.5818392720
61.1221351865
67.2790215631
71.2538241962
68.9019031084
64.9505445326
57.4460588873
55.1285500361
54.9739042909
54.5450281527
55.1776427992
54.7519015337
55.3449743082
57.0147299706
66.2327856402
70.3433166249
67.9741303438
63.3710085029
55.1830230495
53.0230994643
53.4747202733
54.1055986665
54.4348413595
55.0506899478
54.1682457800
53.5825797107
53.6438122606
53.7236227539
54.2645604512
53.8871155176
54.2710949296
54.2434043256
54.1415573098
53.9131917471
53.9362780051
55.2629541835
55.2411753632
55.9801233299
55.2045044581
55.4837269928
54.2918872885
53.7723440572
53.7055414362
55.2842467497
55.6079692887
55.2986967273
55.6019823968
61.8795511694
66.2614519181
71.3395820482
72.8875494239
74.1258899893
75.5865297721
79.4165952843
77.1192413470
69.5966008508
62.6862800994
62.4056836535
71.2811217681
76.2730951764
74.2194267533
64.9691279476
57.6626743456
55.1744852389
55.1547626828
54.3193751575
54.2681820611
53.4584930994
53.0920374304
53.2601775710
52.4963436475
53.6073455365
54.3580956293
54.1268229952
56.7445290333
63.2651626398
68.8729866670
70.2483156663
70.7100957833
62.8097302754
59.5046882766
60.1346597048
58.5400845430
55.1781030621
53.5419426564
53.1256072578
53.7903561496
54.8280089242
55.4480543198
55.5764181692
55.4664663687
55.3354690359
54.8784410658
54.8842749348
54.2210522784
56.7970764893
56.5909864765
56.3067774905
54.7592952440
53.9331490990
53.3273241263
54.6461902256
55.4409950973
55.8615155752
55.7277014764
55.6451752180
54.5381431061
55.0117279013
54.5750508501
54.6503082178
54.9791300145
54.2174593299
55.3079104542
56.0187671834
55.1875646154
55.0298425390
55.3929398221
55.3630874509
56.9341110142
58.2362587225
62.0459504104
64.2039487035
62.6464032687
58.0059113370
56.6078371030
57.0324830816
56.6754826519
56.3219452280
56.2269557079
55.0817781800
54.9815487958
54.2499254661
54.8943097565
54.1333975761
54.8441368200
56.9593263800
60.0071374424
59.6882921741
56.8982249580
51.6907813292
52.2149198924
54.1648597288
56.3264386992
56.4953571686
56.2201486005
56.3508651816
56.1364069971
56.1367401252
55.6542135324
54.8385933770
54.9242408472
54.6276690812
56.0452597647
55.7582462645
56.7751804348
53.9667277358
52.5686700945
53.8835012667
56.7724605138
57.0158493489
57.6934554917
54.2414320385
54.6339513740
54.0788891061
55.3152229890
55.9827062928
56.1707173076
54.3339575977
53.8226902058
57.1896857704
59.3403201776
58.8799809807
56.0372200122
53.8963230390
54.6392937960
53.7872235592
54.2447458012
53.9030440664
53.8107710276
54.0940129705
55.3082857197
55.3094069496
55.0637758647
54.0390071903
55.0432833669
55.3230181893
55.1887343055
54.2965847252
53.9247761510
54.2927379409
58.7853356405
65.8397309118
74.9659039110
77.8508662587
77.5852224112
73.5085845804
71.8516555684
71.3187756149
63.9058408680
55.3966717810
51.3719978518
51.9030121487
52.4800274149
53.9580277560
56.1217660183
56.4660579377
56.5705808172
57.8321716194
54.8558160488
56.5062324962
56.2220588613
54.0532534099
50.6245919952
50.5611800956
50.6829948523
51.5088296574
50.9011577611
51.3995999733
51.0002829985
50.8843111532
51.9389886223
52.2455497349
53.3913838615
53.1734029376
54.3091127954
54.9656290415
54.6743488236
55.4245230896
65.6034279504
68.5300512866
78.1102393047
73.4715889614
76.7956967706
75.6885756986
76.7402240953
74.9835836952
72.6589187551
68.4241737914
66.3079722721
68.2886431291
67.6498701665
67.0427979288
65.4081629753
63.0510743051
61.3757031851
59.4007724019
59.8485711728
59.1068466214
59.9952044105
60.0142088628
59.7781401594
58.4597971039
57.9271607163
58.8469740019
60.6114184019
60.4209921910
62.1502282599
62.4035790533
66.0494034364
63.2345649202
65.1929677907
64.2878024040
70.2775195330
70.2220464837
71.8373602101
69.4082320207
68.3919784958
63.8606127100
62.5110845948
61.9646128757
61.7773816865
62.3678894275
62.9061738474
64.2057656583
64.0077013547
64.3487538565
63.4765128513
62.4510174913
63.9715426442
63.7346098265
61.9454564640
61.1291972586
62.0997053409
60.7713208599
59.5891603144
60.0547433235
60.1853655056
61.8222958089
61.8758202376
61.3012373031
62.9581892919
61.9273343106
61.3185199113
62.0485229147
64.4102971111
67.1610232857
67.1667285743
66.6797721203
64.3471941030
64.6797238957
64.3738191422
63.7427130522
60.1962121374
64.6038525638
64.2881670103
66.9558477506
67.5333720545
72.2002254344
72.9977465679
69.9611679653
67.4666850221
65.1752430669
64.4327851046
62.0979614741
61.4487759692
60.3320414569
60.6507141500
62.0822260065
66.4528036375
68.2266538784
65.3667208520
62.6675001881
60.6341077000
60.9300724011
60.4144603322
61.8809818651
62.0156584981
64.3365690628
62.9390555779
63.7105409548
61.4024959801
61.7596413921
62.3437249447
64.5065369584
70.9757211072
73.7812015291
75.6817012604
77.5115044635
80.2000618247
80.6550312680
77.4204086637
74.4860281249
76.8321843942
75.9705250245
75.7702306060
76.2582364076
72.2472417956
72.6461489792
70.9614490437
68.9212846906
67.9267992740
67.4695127987
68.9658334503
64.8351298557
64.5405620865
63.2369017258
65.2302188114
62.7324123964
64.1634851863
66.9226681112
79.3506709151
82.7476039316
82.2769861488
82.0379382008
79.4451818843
77.6298228358
80.1319658917
78.8925078368
70.3741396809
62.5454919813
53.6286520143
51.7621962544
52.1737099291
53.0374058045
61.5244888495
61.7628991426
59.6906949458
55.6523027544
50.9706172164
51.9435813412
51.4685808934
51.2735562730
51.9560169125
51.3791554520
53.8446176075
56.0389842269
57.1789688022
55.2006169803
53.7437476987
52.7693237988
53.3062190835
53.4949729313
53.5875300450
52.7995632445
53.2069914789
54.6182655724
53.9281514081
52.5979007244
51.8408700886
52.6582779636
52.6289922781
53.9445557569
53.8434472227
55.7153918428
57.0641134048
58.4122327378
56.2509990419
56.3610900698
61.1136924331
73.3504200236
83.0604829801
83.7867865633
80.4132509717
75.6634053621
69.2870320717
72.6466395880
71.7949675526
71.2739659855
58.5006211606
53.9114838513
51.6752476828
51.3772534081
51.7846775859
51.7784921989
52.4561657180
53.0165245793
52.3225261762
52.8212963696
52.5291345346
53.1912998233
52.8826922070
52.9734424667
52.9523837039
52.5511414550
53.5374006217
52.9092002042
53.0908571073
52.6744499326
52.2848270123
52.7391260299
52.7476629671
52.9562940341
51.5972912388
50.7207104474
53.1522573562
54.1159765326
53.1087219504
53.6569950137
55.4875191342
55.9269687101
55.0421099505
53.6110754856
53.8317774913
54.9585703631
56.1888753699
56.1854592660
54.3715594127
53.5590028185
52.7760871846
53.5743671502
54.5805287398
55.6332630198
56.7872290117
57.6745900588
55.4002202468
53.7089882048
55.9342736745
59.4330699281
60.7214411277
58.6498232230
56.6865175952
55.4843030737
54.8877739669
53.9131698320
52.8460549044
53.7573244029
55.7840080343
57.6205101374
58.7929913530
59.4759410251
59.6743195359
58.1538931099
55.9864458390
55.4269472167
57.4733804748
60.5467182170
61.9752849076
62.7047939089
62.1909267875
61.0434272073
60.0937126965
58.2558652966
56.3101506737
56.7532491178
57.2998892348
58.7235852801
59.8171922566
60.7302373830
61.1587283202
59.5007534194
58.5527814330
59.3452722134
60.7892949874
60.2872965164
58.4643585138
57.8363101569
58.6580226435
58.7880910844
58.0365561699
58.4765293262
58.9035174509
59.2895045121
59.1442760108
60.8053671861
60.0101036881
60.0177897434
59.8773013300
59.0809431161
57.5886307687
57.7630049462
57.7869781805
57.8306842754
57.9798465590
57.5796367847
57.1210329011
57.4251047967
58.2484369099
58.5502581923
58.1359058233
57.1167916123
56.7524843016
57.7022374009
58.9705057801
59.8510285506
59.9654831347
60.1884089391
59.7537574843
59.5697708769
58.9630358009
57.5789724970
57.1428529806
56.7711872866
57.2127233120
57.8615463243
58.0706051643
59.6488911945
60.2862894947
61.0829275330
73.0441537233
75.2383374295
76.1249351078
75.8233056852
75.0486832795
70.2784023851
72.4590187955
68.4085982325
57.8660790081
53.8149009605
52.4415915407
52.4819912108
52.0155173705
53.4944928186
53.6525212341
54.5398103717
53.7274180984
52.3915319778
52.1397938658
51.4496040994
51.9606771476
51.5294795936
52.4865922320
53.2095382958
53.1523224676
54.1500537751
53.3816666099
53.6140702592
53.4723766783
54.5921712677
55.0216711493
54.3183552203
53.5542667784
54.6367462806
57.4722926328
58.3212428205
58.1485844148
56.2821551473
58.2079152694
59.5573079528
57.6827118260
55.8132812833
54.0621373468
52.9249727007
53.7176761641
54.3398281968
61.1108691761
71.0117855800
73.2817064262
73.2629503722
69.8337041389
61.6252465465
56.1394102474
53.3854213827
53.4422543363
53.9286973866
53.2158485468
53.5537551404
54.6974942383
54.4093417702
55.2275693217
54.3257309631
54.8992502370
54.8707585284
54.4440961896
56.4776378012
57.0846186223
57.3835057858
56.7446409069
60.9662807903
74.6577544237
74.5311072929
73.2016512373
66.3425330463
55.9687113554
56.3437356496
55.8215439997
54.1887100798
54.0495090304
54.4691454295
55.0545922833
55.4192728878
55.8096162866
55.8254054720
55.6861832904
55.2231057324
56.0570465795
57.1469647896
56.7988730551
56.9580088320
57.8344217391
57.9676664548
57.2721724998
56.9784835287
58.5269350392
60.5043224577
61.0448453999
62.2298203833
61.9872518453
62.5566574524
61.0558533184
59.8323193475
58.3549495261
58.2991782362
58.9626052944
59.6405861844
59.7833852972
61.7928640562
63.6813323885
63.7546542920
62.0186540684
64.9392462106
76.5741946805
76.9688419933
76.6875443051
73.2635151630
70.2025862675
64.9242850428
60.0188060016
54.3435867270
54.0491399593
53.3701764891
53.3485757519
53.4920614007
54.0023828069
54.3301147892
53.6632489642
54.1420973383
55.1337884954
54.8477282366
55.2564308154
56.0852296645
56.8220527070
57.3534512114
57.5368950106
57.4120759902
58.1675773582
57.3482002557
57.9905441452
57.2904312602
57.0760513532
56.5884983160
55.5603174401
55.8961863715
56.2831346055
56.7697553257
57.6996543886
56.8220794391
57.0792280077
59.3704252402
62.0146658648
59.2484658075
58.3098751931
57.2934278847
56.3323447437
57.1707243506
58.5906729923
61.0314985189
61.6975801945
61.8538990004
62.2589874132
64.1090585080
63.9650152768
62.2007314189
59.8755666168
57.5204156990
57.8432000750
57.5931717820
55.9432910013
56.5010627123
55.1201004871
55.2173133288
54.7603864364
55.2177500566
56.9720381419
57.2034349633
57.0857249097
55.7504158662
56.7717193158
56.2269297316
56.1654372160
54.7245551208
55.0731910348
56.7220080100
58.0632784556
56.9332332099
55.3479564680
54.1854829635
55.8352977956
56.9200303426
56.7451211234
55.3274819027
54.2308368829
54.9387290667
54.6568588744
54.3138519503
55.4820899147
58.7454866870
59.9446629936
58.6335189325
55.7140616101
55.8947229058
61.3169771321
61.4741649609
61.0405687101
57.2624400444
57.5694193175
58.8882258930
67.7100097250
65.5890553071
65.4039538425
65.1606906090
55.1590493939
55.8418339714
56.8843655904
58.2150577265
57.6843060584
58.5060837495
58.8593445837
59.9256865193
64.4097617891
74.6039445367
74.5568887987
81.4357881812
85.0191475722
82.9725591734
82.4320359113
76.4929267053
75.2007217272
72.0354832366
67.5894719322
60.7767242727
59.7986330221
60.6992227988
60.8295963803
61.4958482654
59.4744746193
59.8413433225
57.3457499940
57.7683320733
57.1275083558
59.1519980834
60.8975932041
63.1217246423
63.3775645368
61.0981678185
60.1469059373
61.0857134647
62.1245291284
60.1240775076
57.5882199036
55.2746799142
57.4898423668
60.5195595822
63.4221342305
64.0127562749
63.6990288849
64.3591553048
63.7353955657
63.4598058620
62.1897674181
58.7455364268
59.1693755627
58.6877731963
60.8144926121
60.3888643828
62.4565346044
61.1888891388
61.1303424217
59.4400961265
60.5915220983
62.8432847892
61.6694916114
60.3773107718
59.1619976698
62.9497992237
65.4409168313
67.1810424774
67.4415254359
65.9857233423
68.1559549611
69.8927091942
69.7189336734
70.1354145563
67.2797190418
68.2986372902
68.9949011538
68.4189752235
68.3325051213
68.2702063848
68.4024086987
66.4530408342
65.5899230484
66.5683906422
67.2763296254
69.6706276116
68.7022510563
66.9898532651
65.3532897280
65.5455263286
64.5035984929
64.1581766651
65.3942925362
64.7508780753
65.9374341485
63.2675931801
62.4630300705
62.3961445073
63.3075335288
64.7410217853
66.2307282527
68.3280267981
70.3793440275
70.2121965580
64.7570762436
62.8783579366
63.2437829509
64.9710188622
64.9193233964
62.9202793075
64.5963264143
67.1082213748
65.7133750419
62.5506756311
58.7004146222
58.4345829797
59.8495646632
62.3183336488
62.9021821283
61.8258496387
61.8953405081
64.0134279182
71.0936699991
75.3916257105
78.7697278677
79.5642022596
74.4558635087
74.7542413576
67.4303415905
59.9692468764
55.4760855005
54.2580635209
55.2500888308
56.8120110231
60.1066239688
63.4083726000
65.0168727794
61.7598089269
60.2000968938
56.8002122542
56.9225935076
56.0351646119
56.8988970170
56.7984795730
57.2510838534
58.3111194144
58.2550148649
58.2100552661
58.1219673659
58.7478587366
59.8835826028
59.2169798761
58.0928870164
58.2535644246
58.1378199423
57.1716423843
55.9242101113
55.0489641985
56.8256956714
56.9186424468
56.6490561180
56.4074763246
56.4591168892
57.1381994410
59.6984058732
60.5299038261
63.1102304713
60.2806216293
67.6959540792
67.0997374872
67.9219994895
64.0757584577
59.2365971130
59.2223001279
56.4146812566
54.0273773393
53.2143988266
54.3338980084
53.4923348403
52.7464964310
52.9667604486
54.0197682367
53.4578839082
54.3625011820
52.8060353450
53.3687546092
53.3246920020
52.3190036028
52.4090916676
51.8929933530
52.1542625743
52.3685194247
53.0854534662
52.8040769338
52.9505627734
52.7085569144
53.0454902924
51.7630152485
52.1192613581
52.4002244883
52.0780471121
52.3132053256
52.8821297783
54.5624333450
54.8102798997
55.6132537027
54.5181355316
55.6774995696
56.9629141978
57.9911481750
56.9092085219
54.7631568369
54.9475750899
58.1128864446
61.7646889316
62.6004813593
60.6925803207
57.1368909867
54.8763571971
54.4416706756
54.6305988605
54.6139931878
54.5089888350
54.2235010179
52.8755060071
52.7867544260
53.1738303801
54.0158697996
54.8460489287
53.3725423327
54.5126594639
55.7363199340
56.9314978499
57.6760307495
59.3947943123
62.3837260667
60.9110680520
59.3676252564
56.6503938171
58.3967231184
58.2235049299
53.9843882303
51.9888101614
53.0665671165
53.8281733890
54.8406566138
56.3886751932
56.6893500166
55.2510132174
52.3205077079
52.7539720514
52.3237964621
52.4402343680
52.6060114230
52.2262232034
53.8058884776
54.8202331875
54.4520638719
52.4160090028
51.8726284077
53.0073784372
53.8996014324
53.4583379059
53.9398654053
54.1333746104
55.2930787304
55.2969823939
55.2940997457
53.1468709934
53.1448718758
53.0065007384
53.3736563119
53.6501745516
54.9110507539
56.0390928472
55.7250472390
57.3876480373
59.7901764385
59.8748457252
56.6227994028
52.1724532987
53.1869686149
55.3131536503
55.0087385324
55.7932284847
57.0761587300
57.1866690665
58.1708063502
58.2008373322
56.9992835491
56.1309614688
57.1896571730
58.8405232385
61.7929877952
59.3499950473
58.4045730114
57.1556501750
58.5854033135
58.4531644834
58.0648000236
58.7569011193
58.5729762842
59.9529397513
58.7797043176
60.4468116423
62.4866096957
63.6787206733
63.2901192567
62.2865831854
61.8874997803
62.7859989916
66.2792148282
64.8030948704
68.2023972370
65.7243583240
64.3556633318
61.9198087208
57.4567712219
56.4511528797
57.0811307604
56.2823550228
57.1147677763
56.1562509582
54.0911678530
54.9172876041
56.3528805359
58.0978373347
58.9857261831
58.6222940295
58.3593359808
75.3241860153
74.2050429249
82.1642916621
86.5510440897
85.2668643329
82.8579649052
79.3463104112
77.6687265997
78.0950622853
68.9736934717
59.2644686091
52.7265366426
51.1899630530
52.0448767900
51.7855646704
51.9640520273
52.6933624006
53.1658823604
55.3962203402
54.9131395062
54.2605829215
51.5570888384
51.8181574189
50.9734798572
51.4549272672
51.0600215366
51.2283798702
51.7861304317
51.8572584838
51.8809913732
51.6659433218
51.6441219829
52.1296724593
51.7543704980
51.6446293646
51.5691749137
53.4061503345
53.3538295527
53.6743793656
53.1287878650
51.6663996807
51.8806295700
51.7176970161
52.5097813265
52.5090393404
51.9794328981
52.8617803065
54.1322552821
54.0935359896
55.6568356940
55.1723155925
56.5556909722
55.5577338073
54.4513344751
53.6850613537
53.6415072081
52.5550486401
52.4944915054
53.4507265346
53.7599340010
54.0484440839
55.0230109795
56.2917477113
55.4199913633
53.8383216000
51.7201760730
52.8620520691
53.8069024840
55.1190284659
54.5348519972
53.5119353110
54.0544979217
55.1365610700
55.3728239041
55.0909741511
54.6787122357
53.5185741688
53.2001841374
53.7576239181
53.4023777614
53.4230305438
52.7978302613
51.8884463838
53.5188335917
53.3872020795
54.8232545128
53.4784697729
52.8383300810
53.1219330287
53.6020543139
53.6265746319
53.7979229515
54.8817196663
54.6169581490
55.3740065213
53.7428479059
59.5910146670
74.0593433713
78.9827000030
77.1112710655
74.9499086679
69.8830843663
72.0831984658
65.4529007815
58.0522432884
52.5493186253
52.5137786293
52.9424538119
52.8254416372
53.6828668034
55.1375057113
56.1500481929
54.3730348477
53.3111193148
54.4043902258
52.7565171743
53.5379140128
52.7165811077
53.7473614315
53.0384719106
54.3189777160
53.6175003342
53.6890903139
53.7668793101
53.4130900829
53.9370935139
54.0015189147
55.5761238213
55.6962021792
55.8254213345
54.2572489394
53.3724156335
53.9205853777
55.8513720473
56.1003504138
56.4504428970
57.4445502624
58.5573741243
60.2980381947
57.2436158950
55.0888848952
53.8785538536
54.2361655715
53.4168946497
54.1396521723
53.7754213306
53.8855164905
53.8215385049
54.1818313532
54.2183074041
54.5519194139
53.7080362597
53.6815823712
53.8826706914
53.6282363726
54.4501909391
54.5431055475
55.3570787469
54.9584219050
54.1540854866
54.8573845438
54.5625663747
54.5768952669
54.9498023313
55.9184110749
55.7280870390
55.5680210408
56.3173586149
56.5757931526
54.4605819029
54.4069450867
55.0048275329
57.3909538742
56.2549725698
55.1364652199
55.2032975733
53.9986130842
54.4611088153
54.3006950402
53.8977984996
53.9613761295
53.4227398001
54.5063248100
54.8781449685
55.9801054213
56.1871386735
56.3660180299
56.5899347946
58.2779307522
58.9669860928
56.7625092093
52.6186705861
52.8808950281
53.0916958207
52.7379306209
52.6621716337
52.0454681773
52.7044222716
51.5832534298
52.5597278527
53.1607849645
53.3145718672
54.2992895895
53.7120394557
53.0674083139
53.9621064282
54.7312790901
52.8977849614
51.9367587463
51.5426770419
53.0965163447
54.0797426979
54.4975221455
53.1054034291
51.6663232343
53.1388230017
52.3519693234
53.6805784503
53.2143489997
53.6814498725
53.4712256976
53.3763233116
52.8284642922
52.0112034701
51.7686436832
52.2822268517
52.3241155289
52.7945307982
52.5578884007
52.2396252877
53.1476272745
51.3297492134
51.0776008976
53.5575102101
52.6088629493
53.9020346410
52.9527363873
53.7139970644
51.9430067028
52.5797500006
52.4594970447
53.2294253209
53.9438855005
54.8434807266
54.8052825197
54.9870013367
55.6539326327
55.5716823444
54.0013495747
54.9113587687
53.1753386758
53.9962564846
54.0255083647
53.9905298154
53.6745156020
54.2022398553
54.8058120995
54.8878915298
55.4119032975
55.9625277022
56.3811944140
55.4983429450
55.2334795113
55.1850086097
54.5708964731
55.1934066966
54.9880423722
54.7527157733
55.4086338049
55.9122988752
55.5840665055
54.4654890055
55.1178153137
56.1998404996
56.5248983276
56.3926040980
55.2628839654
53.4520682090
52.9868586277
53.8876020823
54.1306376696
55.1253718488
54.1103673833
54.9476715511
54.9248468362
54.7214078361
54.4185834169
55.3650440213
55.8811800407
56.5218594241
57.2510643220
56.7273150547
55.7955815182
55.0606562403
54.9819522500
54.5207744807
55.7084264177
54.1824868882
53.4644424443
65.6032003055
73.0255388475
77.4392556822
79.1556563248
74.5125774184
75.0267966284
72.0130029935
63.7554320323
55.1549341175
54.4655089744
55.4285876127
55.3479861897
56.8169257450
58.5184540463
57.8103816383
55.9913055501
53.9216018249
51.7268032097
50.9036174602
52.3692524481
53.0237296758
52.7457287376
53.3238710216
52.6486512107
52.3881664670
51.9425940272
52.0154464503
52.1046089406
51.8695276015
51.5003375236
51.5446945372
52.3804903224
51.4495641474
51.7241701214
51.5697446484
51.4723720649
51.5614113188
51.3556808957
51.0502637530
50.4824427557
51.4091057276
51.4140133758
52.4457641731
52.7059666116
54.2688684862
52.4164507563
51.8515226968
51.0648123206
51.8252715358
51.0531528852
51.5619957786
51.0836777866
51.5514965867
51.8567692796
52.9726768657
53.1544365371
53.1828234667
53.3884354237
52.1769852314
51.8239040887
52.1755260023
51.8156707384
52.4523056698
53.1854587852
52.3317984338
52.3736383190
52.3289625791
52.0984151340
51.9486962372
51.9912896918
51.9473568366
53.0428687718
52.5139408793
54.0338555151
52.6467270991
53.3030380542
52.4196961407
53.1144255626
53.1047029633
53.0443759731
52.2568281237
53.1648234846
53.8190840489
54.3961112386
55.1821563306
57.0756836511
57.1723521915
60.8629918306
64.4336156820
64.1797546551
59.8970035491
55.2510277804
55.8785221361
54.6581850336
53.7861972139
54.3716028006
54.2325911036
54.0887759418
54.7849044225
54.8898207815
56.5260254619
56.1712412115
55.4975304347
55.2302447033
55.2260463121
53.8044432609
52.7393048475
53.3983215061
52.4455525289
52.9586515555
52.8735289890
53.0698031872
51.6098954568
51.3782581224
51.3647088580
52.5690704438
53.0768418148
54.2440376259
53.4973730841
53.8751348644
53.1950213680
52.5817088806
52.5391886283
51.9153023026
52.1061176273
54.2039751821
54.0882364481
54.5019187309
52.9835118637
53.1583075994
53.4253554730
53.1263007550
52.4974437407
52.8749362773
53.0993852925
53.9080180000
54.4617270294
53.9189865911
52.6245964798
54.0080744152
54.2325294976
54.1794216423
54.2064922249
53.2605147611
53.4451198064
53.4925744829
52.9607225994
52.6898615240
52.5177893544
52.3424204038
52.3066842830
53.2383585364
52.9884179714
52.8323597343
52.8930588267
53.0352277264
53.6501276666
54.1135141720
53.9606435331
52.7655892797
51.8094087010
52.4670548910
52.5800734898
52.9182694665
52.6904400785
52.4983593312
52.5951631782
52.8379936329
52.7165689866
51.5565756329
52.4111881521
52.2172784307
52.1140714508
51.3196403589
52.6993372122
53.2790726065
53.1894858664
53.9796532795
53.1453921846
53.3824323270
53.2351535328
52.0963391695
51.4224071149
51.9432365086
51.7655673920
51.9272929371
50.6750058651
50.5286006822
51.9172822527
52.0326255477
52.4295560758
52.0961800624
52.7854688642
52.4176993229
53.3153734427
53.1073195567
52.5082554652
52.4384343242
53.0453117551
52.6261106546
52.2511488966
51.1153077919
51.9829690871
52.4296840618
52.9534277515
52.1344635854
51.5815305968
51.2818537841
52.5641197872
52.6547403302
52.9876764693
53.2628772679
52.3545764348
52.4661791134
52.2886961009
52.8570651790
55.9298445487
59.5355797822
58.7102320376
62.7825117708
66.1189376208
75.5637688982
81.1739531308
83.0854157841
78.5994482234
74.6582466079
69.1350715615
67.8402162621
60.9999808012
53.1452625714
51.4079053052
50.7016481548
51.3192668606
50.8835524656
51.8919361627
51.5043951685
52.4023600049
51.7516974829
51.7001902622
51.0853865235
51.5494182921
51.4886341097
51.4154712229
52.1366786328
52.8967961734
51.1509091198
52.2523501011
52.3435096208
51.0481467162
51.0737374610
51.3031963582
50.6930857480
50.6721209300
51.0800983083
50.6656751184
51.0088457943
50.6216583494
52.3897237197
53.7372275381
57.0533094457
62.1390585878
61.4075638241
59.4726329838
56.4105687117
53.2444216427
53.2050617526
51.9876038348
52.6822413559
52.5256945283
54.1064039432
53.6493058779
54.4327120485
54.6727200991
55.9077757875
57.0339794497
56.1183809696
55.1409978326
53.8983236175
53.9776974959
54.4301424665
54.0806108240
53.6446031097
53.5734377774
53.4551250666
53.1858680814
52.2896706160
52.3166226102
52.9840976559
52.9325084730
52.6716673631
53.3911055789
53.4622226547
53.2217298339
52.4034387278
51.7739625007
50.9950800052
51.7724230151
52.3773313775
51.8310215059
51.6197050839
50.9535241095
50.9927127505
50.8370096388
50.9460599439
51.7698198460
51.9991159910
51.9514405675
51.0586092442
51.7476116734
52.0776599216
51.8860139597
52.8849450385
53.1597342697
54.3552170677
55.7404492973
56.1726417667
55.6512201858
53.7220592212
51.3791600094
51.6832502707
50.9220022987
50.5716776370
50.2099850025
51.3689071705
51.4098247919
52.1149621809
52.2655778082
52.9385306129
53.0599759512
52.9253069453
52.7909056030
55.7686338618
55.3856034307
55.6991641722
54.3463940830
51.9283977675
51.5200725103
52.6544882233
52.9444384037
53.5000686778
52.7533665226
51.9046549314
50.9166189639
51.5138797364
51.4175262102
52.2980113669
53.1382773382
53.8079989798
54.8461192130
55.3707111511
53.9561412360
52.5627173460
52.3432670367
52.4985254600
53.5295181809
54.1379090464
54.5445650811
53.9138824669
53.1283456563
53.4598511879
53.6721417419
55.4829208631
54.1475853974
55.2318336334
55.5751405105
54.8612873933
55.9996430702
56.8715231261
60.1647347474
59.3212233018
56.3442864213
54.0809406857
53.5632592417
58.8328206215
70.7868279553
71.7037476446
75.2772443254
71.4585756457
64.7399655562
56.7169543437
53.3031043831
51.7348083023
51.2020252806
50.9890576252
50.1229673115
49.3480521980
48.9162681828
49.2889861964
49.2434163167
49.3500684865
49.4448669632
49.5476995625
49.4584650012
49.6177064546
49.4721317844
49.6583700473
49.9345057709
50.4559237302
49.5776183629
49.5153543354
50.3216312492
48.6852330188
49.2961925502
49.3870123643
51.1408258724
52.0033554033
50.7868077484
50.7593212681
50.6329890006
50.4030348443
51.1127419893
51.7428979911
52.9254119766
54.7606217983
55.8167447378
54.8107845334
52.6874672285
51.3533410928
50.4540976417
51.0473549653
50.6596129684
51.2251630285
51.5814691370
50.9497424021
51.4302985456
51.5555909428
52.3184575750
52.7005983190
52.6074819238
53.8884201518
54.9720201080
55.6504377854
53.3383102010
51.2946524810
51.2755402331
53.1821133359
52.3817505103
52.0146914052
51.2332088039
51.2230390973
51.2228053924
50.9476289661
52.5468600838
54.6165685145
56.2497584656
58.0912933474
58.4605529564
59.0833307510
60.1451484891
63.0524471752
68.0780289893
69.7743895874
70.4386783745
71.8449919629
67.7312297659
66.5100960352
59.9637524849
55.2679643070
52.0522916644
51.0480476647
50.4009924693
50.7601647129
50.6080694250
50.0871914123
49.5981560136
50.4775769135
50.0077239294
51.2189581593
51.1579529423
52.4966776598
51.6302514053
50.6476571349
50.4175051982
50.4556170523
50.5303988851
50.4279741233
51.4901851826
51.6039393839
50.9084665641
50.8080605857
50.7778440134
50.8017615487
51.4918558571
51.8303884726
51.7870261273
52.1969633205
52.3324159166
51.5545053170
52.7247439837
52.4372302887
50.8265229511
50.9744501076
50.7116340536
50.7630472663
49.8013382242
50.5756270990
51.0971514199
51.0780493955
51.2287746521
50.3635607201
50.9760927271
50.8925307026
52.0430234015
54.0299560083
57.1593183885
57.1873783240
53.0791624862
51.8522360552
51.4601689653
50.4066400392
51.0783995700
50.8253696586
51.2068465133
50.6515082218
50.2148225326
50.6861601897
49.9361938764
50.1583583960
49.7038672907
50.7450680506
49.9029437884
49.8692312984
50.8181871120
51.4501933111
51.8714952747
51.5378481588
51.4411507679
52.0227681008
51.8559312812
53.0511097543
53.8925114755
53.2980893145
51.7503808520
51.6773807750
51.9379682237
52.5558517080
50.8994112354
49.4436435072
50.2850188489
51.6716750197
52.1177477325
52.0664413017
51.5479303339
53.3693288122
62.7699079770
74.1803555792
77.2323088464
83.5780754061
84.5198238363
87.3186831758
84.3922080590
81.3461046853
77.7966324427
75.9487021110
75.8393323690
72.9102538045
72.8150763192
78.1813725335
77.1547082512
80.4650515662
81.0233217085
81.6951517534
80.1464175704
80.8915594461
71.9657497474
64.9046712379
59.3600385056
53.7379117628
54.5203273783
55.1371931234
53.1464982344
53.8030655537
52.2482690450
52.7736983820
53.1191643867
53.1032533335
53.0226222434
56.5308517013
58.6833939122
58.4553580965
53.7677153731
52.3536975344
53.4948757171
53.8195408209
52.3222774619
51.7990199533
50.9336385983
51.1501014964
50.6107499900
51.5208417357
51.0507710610
51.2968121221
51.1462208083
51.7460182041
51.2661171421
51.3089364170
51.1914044952
51.0144444796
51.4086863591
51.6883057246
52.1252495757
52.5057279100
52.8014403116
53.3554069883
53.9120883333
54.0818963987
55.8390320951
55.1337701947
53.8179190712
52.5251502334
50.9223668732
50.5979887681
50.7582601333
50.7457912572
50.6197157914
49.7007482678
49.3984176899
49.7931244682
49.8997361692
50.3718855039
50.8504911518
51.5313017626
52.7056014881
55.0615808334
55.1792621665
54.0915151894
52.6773722047
52.6512922870
55.4709936865
57.2461922367
56.1384262065
51.2658696863
51.2951842211
50.6375097636
50.6020567075
49.7584689629
50.4443986160
50.8564593982
50.2310185659
50.3679522339
50.7979754011
50.1729707009
50.6772613705
50.6439313674
50.1910878440
50.3628832132
50.2358277708
49.0640768325
48.6608691993
49.1176687947
51.1333283539
51.1746925496
52.6198368980
52.4207334398
52.4709064660
51.6135635706
50.9086128971
50.6675263324
50.0164108541
51.4916473963
50.7139730457
50.7684808583
50.8122880494
50.8486319464
50.7251100864
50.4845845068
49.7006314335
51.5624580823
51.9233401024
51.7172804489
49.6218019974
49.0734554093
51.1686351476
51.1662484810
51.6308565823
50.6560075826
49.8919998903
49.8344716963
50.2273756742
50.3721462722
50.6720578875
49.0514384685
49.6756838718
49.4020027562
49.5250268004
50.2472838331
49.6977833310
49.7848415713
49.4026797050
50.1468854699
49.8331949466
50.4598399072
51.0887633911
50.6513294674
50.7418384736
50.6295411527
51.0750617176
51.3339574759
50.3162992566
50.5900752085
50.2603405563
51.0060540331
51.5265790486
51.3753454486
50.2169813579
49.3239207410
49.8162438940
48.5529401884
52.6056959502
51.6015353032
52.5492155322
50.2579900819
50.6091408944
50.0729349179
49.1130657486
49.4846658103
49.3116889112
50.3341559172
49.4392946069
50.3142546893
50.0212816994
51.2446032265
52.2933419089
53.3839351271
52.2856527277
50.8787539268
50.8388936101
50.5424633244
51.3815720844
49.7192680007
49.7402227182
50.1764523076
50.0210231796
50.9364040781
51.1199643401
51.3582840286
51.5314048378
51.5755282982
51.4764450273
51.3336694750
50.4907707242
50.1715649213
50.0170785987
50.6483581061
51.2661179143
50.3465848811
50.8056189781
50.5472804136
52.1278733999
53.1157928392
52.3331961145
50.4581355089
49.5065570126
50.0030521744
50.3850665763
49.9626976336
49.7452558992
50.8517054487
50.1450898447
50.6709990725
50.0551153906
50.1248071276
50.7111062443
49.6717364719
50.0035584423
49.6878027151
49.9222708650
49.5794589321
50.1616087859
50.7825686585
50.0589944809
51.1910114941
50.7265756077
51.1897768236
50.5089291368
49.8187072169
51.1701813700
51.7974648537
52.9049206692
50.1450644655
49.7996365011
49.9086471904
49.8747784730
50.8645595180
49.8688730959
50.8629730683
51.1691573385
51.3272800341
51.0916200428
49.8348082967
50.2703105023
53.8981874333
55.9929218975
57.0664405365
53.2653210716
50.3653874351
48.3023147789
48.7577645681
49.6116392423
50.2390802003
50.3783382834
49.9125069689
49.8362510408
49.4640831988
50.2770892468
51.6587170477
52.9231241876
52.7640167904
53.8426894263
53.9834467822
53.6556584275
51.7916700571
50.7401516774
51.1261323564
50.4167722250
51.1104250016
51.0025159323
50.4834973645
50.4513204004
49.2912190907
49.1828740697
49.6884598025
49.9264080883
50.2104251095
50.1336645679
50.2210828510
50.9977773585
50.0724987585
50.6493958247
51.0522032773
52.4726952696
51.4669388019
50.0615914116
49.8791289273
50.3615708156
50.2582846219
51.7470894144
50.6882644804
50.0480497409
50.5213128364
50.7966665659
52.3213238197
51.3976902381
51.3266229927
50.7515795080
51.8058179458
52.1658008141
51.8838186935
50.8530357636
50.6945425987
50.6214287504
50.0423253631
49.6405215230
49.9274101272
50.1038499399
51.4246166546
51.0124816998
50.7850615101
50.9509705795
51.5667054467
51.2836776066
51.6897090366
50.9902741992
50.0014116918
50.0320701751
51.8902712967
51.4643822497
51.4481061979
51.8478645552
52.2190269371
51.3170222220
50.4161985324
49.6477289394
50.0220974334
49.9300918792
51.3906626920
51.8520331965
51.5531766219
51.0066217826
50.5646015119
51.3311373970
52.2823824918
52.0696843557
53.1718137055
52.5320957935
53.2780917845
52.9204186266
51.6893348945
51.3346954715
51.1329820850
51.3889649524
51.7500470956
51.5741070380
51.9205036614
51.8642047072
52.1729204787
52.0122326510
51.7204570104
50.0094209528
49.9184609175
50.6232761110
50.5483272310
50.6203070942
51.3375049920
51.7010859355
50.9420271800
51.6554668713
50.4838274908
50.9227564457
49.8338605185
49.9778362473
51.1373880590
52.1087779225
52.0567050156
50.3763903946
49.4086537912
49.3171170140
49.3112407170
48.6941701033
49.5720621675
49.0010199148
50.0391622206
49.7810475368
50.1983507231
50.0796684608
50.0162505824
49.4871498354
49.4262861255
50.9358057916
50.8714107869
49.9515263215
50.0152010778
49.2224209483
49.1898613279
49.8656746794
50.0426116102
50.1683438386
50.5758543463
50.5212418479
49.9657729549
50.3838603032
49.5701940061
50.2397199941
48.8985948974
50.0851916122
49.4365391619
49.7803254499
49.5184863069
50.0271118775
50.1474825144
50.4386756153
49.8614926310
49.8497549968
51.1172665216
51.1610090793
51.5324409513
51.2734507913
51.2214127182
51.9438908599
51.7607161918
51.5153986921
51.6768537498
51.5987623643
51.4761206031
50.7626662605
51.1607613023
51.3661288156
51.9735558683
51.9822699345
52.1217109771
51.1269239080
52.5757272273
52.3558515860
52.4525698739
52.3138443031
52.6873141196
53.9118721307
52.3931855401
51.6446830352
51.0839855740
51.5219358846
52.0356265729
51.1489531786
51.7558896014
50.9184338514
51.2791908282
51.2801502990
51.6972934330
52.4176905315
52.2438403387
52.1136837485
52.3258105823
53.7528258838
54.0925852823
53.1277530267
51.9639734631
51.9621522523
51.6368740895
51.2659599446
50.9559985811
51.7469810696
51.9387811697
52.2542911934
52.4344653426
52.6944593310
52.1321772102
51.2990532361
52.0209887068
52.1610381616
51.4955051547
51.1098357504
52.2056616009
51.5894735779
52.0629147403
51.9073896232
52.7685106630
52.6849135323
51.6661345215
51.7800871748
54.6674722670
66.6001710709
65.2779003141
66.4180240499
63.8268015022
55.5760377302
55.3889790233
54.4893648950
55.3682059281
54.4062276195
54.2544929805
53.8308810372
54.0958633958
54.9305931992
54.7249448437
53.7793448206
55.3864200293
54.6375078408
54.4739869236
53.3986392685
54.2820861981
54.0394127914
54.6788865486
54.6363771964
54.2809720621
54.0452280641
53.9982345675
54.2779121974
54.0068419897
53.3854877680
53.2219976940
53.0624183710
52.4901833078
52.6845463181
53.3978151425
53.3220102108
54.5421353213
54.3328968943
54.5854128928
55.1702061248
54.3493670521
53.7894773707
53.3060742708
53.2282796941
52.2240857126
52.7598994059
52.6193871948
52.5931760437
52.1438488581
53.0764153596
52.1123226909
52.4847462433
52.8238470863
53.5218948361
53.7516789623
53.3465289543
53.1363790392
52.5521506573
53.6622155502
53.1266994472
52.9398941998
53.1579664710
52.1334299262
52.8222334710
52.4868759888
52.5443016253
52.5996525263
54.0882568221
53.4357353424
53.1159004122
52.8071294319
52.4115893340
52.3336963176
52.2734770901
52.2431754242
52.8944477313
52.5635088950
53.3163202393
52.9941719065
52.5564488240
52.9837792183
53.3701691366
54.5644301543
55.6811540699
53.2647625205
51.9120894961
51.9437952517
51.5268470587
51.5769095549
51.5165702851
52.3325966430
52.1076926438
52.8458772257
52.6542767782
53.2470867616
52.7576555491
53.0517788941
53.2973078697
52.1569214332
51.7731598834
52.6053130115
53.0136732221
53.2602836769
53.2738349577
53.2649872597
54.2197156635
53.2680476503
53.4647722967
51.6647384354
53.0171518119
53.0554532164
53.1724734949
52.8948465261
54.0265244462
53.4865846038
56.4156712822
55.9548695635
57.4099323919
55.2325724980
52.7928160628
52.2512823260
51.4229807683
51.7308981958
52.2383147069
52.0398730077
52.3255416963
52.1193181137
53.6243935699
53.6388020778
53.0648481300
52.2527633221
52.0683216955
51.2203761967
51.5367877068
51.6879775743
52.0728818315
51.6304702646
51.8746297066
51.5628324395
52.7988475507
52.6910967647
52.9644214421
53.1031132145
55.4172074602
62.5458622246
64.1192560987
61.7798904309
55.2004926695
53.5479817361
51.6240391234
50.2208399456
49.7510459466
49.9282193945
51.0920073462
51.3138181493
52.4633535785
51.8544550914
51.1083129589
50.2201940324
50.7076955601
50.6940130459
51.3189486352
52.2950968645
53.1223596882
53.0799840268
52.9634150624
53.3841692366
52.9149614297
53.2203648015
52.6583140381
52.2830665531
52.3539363130
52.0536391805
51.8799982795
52.5147497828
52.6451983596
53.1894976421
52.3189711542
52.6106334985
52.4608610851
52.1471728769
52.1550693162
53.0775611826
53.1216340816
53.5536142808
52.2970255588
51.6995716554
51.2648647243
58.6122190199
61.8771036611
62.1402970509
61.5785630171
52.8017089008
52.8984618899
53.0100474962
52.1072523999
52.4214418305
52.3970897378
52.6167856356
52.0953096367
52.6049870569
51.6640583068
51.8045359155
51.5131287678
52.3028733959
53.0290869148
53.8950776290
54.1214692182
54.0826367807
52.8346209172
53.3922434683
54.3295609949
54.2404701523
54.5100059893
52.9972908939
53.7211637046
54.3450933288
53.2899967977
52.5439734068
52.1475005999
52.0435835782
52.5574929984
52.7707779742
52.4117532890
52.5404142985
52.7229678347
52.4698955695
53.7805382771
53.2573966729
53.1117945214
52.3189497521
54.0168234981
54.2031491705
54.4261126223
52.2680802409
51.9133587689
52.8018120904
53.0833433076
52.7783817781
53.7293625037
53.5776106439
54.1265787956
54.3353853473
53.6337668618
52.5522561139
53.5890221438
53.5896347854
53.0918454136
52.6613962769
53.2190919393
52.7651632671
53.2439839140
52.6614259819
52.7906976299
53.6895674193
54.7253326453
54.7479250093
54.3889826106
53.5212850194
53.7151073844
54.6033625840
55.6056911854
55.4602047221
53.0320259247
53.1433781455
52.7929164082
53.6069936844
53.3166990175
52.6771450402
53.3408825645
53.6946517965
53.2889948994
53.1677064832
52.9067072094
52.5598103415
52.6544175254
53.7385099095
53.1075533634
53.6186040712
52.4085418051
53.2244705946
53.2175507508
53.5519046379
53.5532610479
52.7304956747
52.7376723930
52.9144699782
53.5794526594
53.5823191293
52.7068600944
53.2514392346
53.3118179434
53.5757635070
55.5934373413
55.1850354650
54.9919988127
54.3728756976
56.4302267328
56.1654731812
58.3398408244
57.6790413079
59.1507275332
67.9053434348
66.9317507778
70.8367693067
70.2184421451
74.7316887981
74.5762385625
78.2453059839
75.9868581732
68.7316672981
64.0024781276
57.2296697295
57.3847566155
57.1402973478
53.8624443663
52.8388444671
53.0222875570
54.3069301556
53.4408646812
55.3051586454
54.1325974882
53.5513675179
54.1871576994
52.6040416197
52.9203107418
51.9708238368
51.4121034817
51.4374159302
51.4240857162
51.4756609586
51.2133648831
51.6653648058
51.7076803156
51.2063545348
52.0404344981
51.8796490018
51.5838272570
52.1399174019
54.9808990760
56.4746394280
59.1022664885
59.9894344246
60.4346547596
56.9168826986
53.1760525934
51.9164586714
52.8690467119
52.6555478560
53.3669203942
53.4391240584
53.2495461880
53.0145265305
52.9588518851
52.8447753049
52.7889414093
53.1710410924
53.3258773641
53.3972436172
52.6239975346
53.3286861537
52.9227474536
54.1223564297
53.2032802967
53.1054093613
52.7699914964
52.9600884888
54.5603629507
54.6123951844
54.2134044127
54.6256538014
53.6883955696
53.4383938010
52.9157637576
52.8775271018
52.0722335898
51.6891255848
52.4497758902
52.0098156036
52.1033855943
51.6685037021
51.4218900284
52.1799464881
52.4266085931
52.8053451449
52.6909174366
53.2669610772
53.0136102388
53.3772081918
53.5266508963
54.0995055269
56.6661640920
63.0962564139
63.7059217046
63.6073794027
56.0434135572
53.1192512769
52.2595934389
53.2852020446
54.5878501882
53.7254677922
53.9666286950
53.8147087501
54.1376800435
55.0783178541
55.6751042235
56.2022748668
56.9150773594
56.5499710914
55.8832622665
56.0959876294
57.7985712509
56.9553010796
57.1334828703
56.2609777464
54.7894136535
53.8905006331
53.8150386581
53.8626491219
55.6112938610
55.0988401779
54.7103854396
55.4560837016
53.2790705435
53.8761452377
54.0977689114
55.7377061601
54.8074957569
55.0412177130
54.6888645658
55.9325592430
56.0098646086
56.5990810841
54.7790322576
54.9421166873
54.5579885847
54.8510756858
54.0727078589
53.0842495507
55.6912981229
61.4689734653
71.1175242151
76.9221810323
74.7879146132
73.9583635249
72.2823815441
71.2812306209
70.1122265838
64.7621522710
59.2565143874
54.2761428943
53.0602815604
52.5164249126
52.6101064764
53.4567107599
55.2919643465
54.7989600493
53.9650459445
55.6925024363
55.0159804082
54.6424370577
53.8818739524
53.7161120113
55.3021584852
57.2809244294
57.1377657687
58.8016439784
60.0142289817
60.3041497803
59.8387774525
57.5390478642
56.2194631738
55.6413968808
57.1588056445
57.6710212123
56.5179070451
56.0496645585
56.0565149156
56.8778414083
54.9510544941
54.6815873146
54.5198481192
55.6027160177
54.0178616122
53.3408020622
53.2931425415
54.5512137973
54.6288989655
55.8951504077
56.5257100223
57.8004778928
65.5463082370
68.3209631700
71.5020119531
69.3803063182
63.4444671176
54.4751965233
52.8142148123
52.7733792451
52.3004124604
52.0060132084
52.5212579048
52.7591629414
52.9064501343
53.4420509260
58.0446429024
65.5607062457
67.8332983458
67.8721285371
64.7715775027
64.6146477800
63.0106866594
59.4006190348
55.3260673336
53.1825400743
51.9947772652
51.8163788830
52.7249806122
52.7955704955
52.0301034595
52.4951177095
52.8113373870
52.9285864610
52.7635599060
53.2671178829
53.8923508675
55.0355357506
56.2226217428
56.0214121094
55.2289225971
54.6609720510
53.0358629043
53.6600291039
53.9898869005
53.6417432264
53.2483614557
53.9109384158
53.8855013702
55.2010725756
54.7281013896
54.3649667995
54.7849995082
56.3851452712
57.7739847256
55.8141422131
53.2766217840
51.9074585982
52.2325761999
52.5717517999
51.7396920586
52.3012660054
51.9031655929
52.9991077660
53.4214466638
53.1632359251
54.2663067803
54.9573203609
54.9732107100
53.7409769378
53.5621976594
52.6205181008
53.8941977004
54.6625356164
55.0001783547
53.5655659359
53.7794855293
53.2052162753
54.2635855073
52.9722667347
53.9954005275
53.6563576035
53.7048492548
53.5259942285
53.8997513797
55.3153127841
55.1859081148
55.2987864510
54.9439498274
55.6288329963
55.6373395568
55.5281295033
55.1681711966
55.7230208606
56.5014278706
56.4565890957
56.7928964893
54.7460052224
53.5251988028
53.3229428128
54.7406065791
56.7613745181
55.5477629447
53.8352862216
51.0339510312
51.6619530979
52.8253679232
53.0462126860
53.7678921279
54.0773705261
55.4894084572
55.8063793040
55.7017407432
55.8878041364
55.2849600581
56.5994377784
55.9485193875
57.2987278112
56.8164770328
56.8781663573
57.2065873170
55.8925102796
56.1175304774
54.8570011946
53.6411777765
53.5252835751
54.3842042515
54.7636240390
55.3969722619
54.9842896505
54.8544292034
55.2047237729
54.8741606088
55.2746749595
54.2589319719
54.9322812151
54.1377073944
55.3106327416
53.9545347168
54.6707796056
54.1248594507
53.6930394074
53.8466531241
53.4801671813
52.8107550449
54.1785290358
56.4211445759
67.4083278762
74.7520946263
76.0215354949
72.7422871415
72.9723074981
74.6130157923
76.2547551295
73.0304909128
68.9792734079
69.6739643959
73.6853577933
68.6320522750
67.6203577862
62.9980883159
62.3692694911
59.1872687627
60.0250506711
60.3202469978
62.2424957380
67.9523696619
68.5444904661
66.8139591643
62.1570391177
58.1398413101
56.4691705187
56.6530353046
55.9362093816
56.2775741394
54.6445761541
55.8945420788
55.0460544570
54.8980303939
54.6435951580
54.6783381924
63.6246318018
64.0754636751
63.7853153599
57.1705696779
59.0006139587
61.7935355290
63.0126657190
59.4965560073
57.2518656572
53.8093182053
53.9909684170
55.2030332865
53.1888740578
53.5102829662
54.7543279496
55.6495222050
54.7826367594
54.1294767393
53.7577499682
54.9500709365
54.8697520393
58.9060979081
61.7531900687
66.1954908287
63.3053246455
60.3893577069
59.0277477039
62.6489486470
66.8490587231
66.6603439521
68.3467118958
71.4754860967
73.3180352944
73.5989913443
72.2441231181
70.7509981863
61.2345584552
57.8247368777
57.6212292861
59.9701504914
60.1236699133
60.2860350531
61.0803032953
57.2979112501
55.1733665235
55.5239561201
57.7635279112
58.8216345601
58.9056324368
56.2855496347
53.8582479129
54.7656300498
53.9124020496
55.7174241830
56.9472958909
54.1104449039
53.1579554403
51.7849705732
51.9987849766
52.8931709966
51.5222105155
50.8677516922
51.4520552198
52.4360567802
52.8906806218
53.2675102459
55.0159695056
55.6248468604
56.2757996052
57.3880987548
58.6777484747
56.4331883952
55.0567854034
53.9782212888
55.1125838195
54.1280440757
52.9661888022
53.6917191062
53.8882156776
52.0662078886
52.2584041253
52.5893463379
53.2495549485
52.6270006299
52.0536806971
52.3274210080
54.2919209191
56.1295977592
59.6118742042
59.9355292639
57.9387593179
56.9981125652
56.6766791684
59.9723361271
58.5034665521
55.2844550928
53.5733763663
53.0976966286
53.5743413011
51.9007932214
52.7845873082
52.2186958151
51.8743859161
51.4599941098
51.9937674648
65.9681992492
67.5110466541
75.9062616659
78.2871251055
79.4760655426
80.2429430857
73.5877891591
67.3684459219
70.8579807809
64.6696969563
66.3998416665
64.2691410075
69.9426374359
70.7250019549
71.5954354919
72.8455227795
76.0755921561
58.6075843435
55.6637170108
55.8264299927
56.1510301816
57.9343160308
57.1831724914
56.4613052260
55.7492117013
55.8502852163
57.4661596106
57.7078675635
56.7554096908
55.6181361036
56.8357028841
58.4126885902
58.1792266673
58.2669011970
62.0184372863
60.6124505249
58.9196578282
56.3093331124
57.1331022857
58.0284894248
61.2313185376
61.9187054994
61.7913895730
61.9346293618
61.6491525071
63.2033885431
60.5783573988
60.4485868552
61.0987135725
62.2493915927
63.8031575592
63.1014798977
61.6670291077
61.2710053965
60.6407679269
63.0535037007
61.5995353282
63.6339228947
64.0639179741
64.0182377895
59.7460779470
59.3759409158
60.5554333407
59.7124668505
61.1683944127
63.2295058156
65.0341054585
63.3575679337
63.7073855362
64.1188319587
65.2676909299
65.3128065631
64.7510232098
64.4319060072
62.9895765823
62.2926575352
64.2398177168
71.6600382692
73.0394117159
72.1047984447
74.3733305844
74.9163965344
74.8474334132
70.9696273162
59.8780006830
60.0999041009
60.9278164816
61.0213305274
60.8560243470
60.4747693406
60.9187650324
62.5896415328
62.2926027042
61.9973849632
60.7543373213
60.9547232295
62.2109358554
60.3484613312
59.7480218815
61.1208625917
67.3054479482
67.3990277300
66.8413651074
72.9322704849
76.9476647061
66.6370803878
65.1515447286
71.4756664572
72.0441617842
68.4966142216
63.1533120044
54.7156782540
54.4427229691
53.7481935245
54.5325352567
52.5894598378
53.4707633694
56.2313760054
55.8316832113
56.6447926217
55.4158233688
55.7357031572
55.5989631719
55.4486324404
56.4613791740
58.2031165183
71.3652576419
71.0325602485
70.6422936776
63.0121410491
60.9962954102
55.3542926084
56.3897798877
55.2843543864
55.8011523348
55.3214455574
56.0117819156
57.4950971612
57.2981372715
56.8018197789
56.0593460862
53.9099919690
54.4560446288
55.6249338254
54.9548674580
55.5600246699
53.1697103736
52.4163295652
53.0471113906
53.4865623311
54.5674145027
57.9225241054
57.5732419365
56.2984428890
57.8708058954
58.4441065454
60.0970171865
60.8492837916
63.7502410175
64.5859726480
65.8642666347
60.7123337602
58.7987474032
59.1831689318
55.2657353196
60.5951513026
71.3037306113
74.5022664048
74.2070529380
73.0479947093
71.0003652159
67.7118904184
65.4586316684
61.7658912119
58.9016181798
58.8202297601
58.4434857559
59.1471004699
62.0100590236
64.7791297305
67.1244465346
67.4841164095
66.3256598213
58.9536037681
56.5541712501
56.4708039142
56.7249314274
58.6052033907
58.6220483438
62.4733687467
60.4801400757
60.8452541975
57.3404881186
58.9036590358
58.1176764535
59.8319981229
62.9945984472
67.2223946305
70.7014265571
74.2770340773
78.9507884092
73.4638130923
70.1654086603
62.3350746661
57.2867738746
54.3290069462
53.0618463997
52.8280735819
52.6840333341
53.1144415842
53.5015346173
52.6917025437
52.3675137585
52.2392687713
52.2379595283
52.2384076084
52.5118668705
51.9230378645
52.7150848252
55.1559888957
56.8130543620
56.7871601141
57.6938981288
55.1582495626
55.9621365051
54.1357298344
58.5804656227
58.2022892158
58.9368748018
58.4373671869
54.9684074613
56.7229773313
57.7729590315
56.6395968880
55.5511523490
57.2046083583
57.3548180049
58.2098257933
58.3000766547
58.9176189319
60.7629666957
60.6059161606
60.0691933077
58.9767940234
58.6439508731
59.8843291649
63.1612674650
62.7883341071
62.9357920496
61.0072643912
59.6808040566
58.5415616236
60.3484277185
58.8608421762
59.5429941583
57.5493044992
56.1125343932
57.3668095762
58.6130664589
56.4992452282
54.6735351121
55.5403480722
54.8189899055
55.2189856965
54.9027833313
54.2375420898
53.5105917886
54.4163285442
55.1088284049
56.0904928644
54.0637853350
52.6094845986
52.9441839975
53.0281806249
55.3461302902
54.6625090639
54.1803008004
53.4350016180
52.3422023809
53.6731893569
53.3011127907
53.8273447583
53.4601438891
52.8062797970
54.3975684189
54.3476793854
54.1743362538
55.0375629234
55.9231523476
56.7064851596
57.6144274781
57.3030652162
56.2291711651
56.9382339044
55.5473922164
54.9985754827
54.9515881827
56.0947347810
55.7855513705
54.9133828289
54.5230244614
55.4384363680
56.0547295370
54.7979856810
53.5450040632
53.1735870162
52.9055814324
53.7127014970
53.8600081558
55.2225454229
55.2102156211
55.2044570383
55.2024721309
55.3761413077
55.0118475878
54.2995956332
54.3108170973
55.1451026700
56.4429388008
55.4448215736
56.7275298689
55.7252321162
55.1865400579
54.8420528068
54.8531052445
54.7040574090
55.0898700519
54.8242013249
55.2886595849
55.4463454701
56.3511788139
56.5217382370
57.1580447964
58.7907459605
57.2605350280
55.8632262322
54.9796915636
54.9882506263
55.2380850021
55.5934775338
55.3522951645
55.5709875421
54.4438501067
54.5319824301
53.9077508357
54.5068037564
55.7448483813
55.4726705094
57.0325458765
72.6984795551
76.3325349030
77.0158058864
67.4347029703
59.7411401936
57.2053902025
55.4800013867
54.0391626355
53.8140269805
54.4649573905
55.1583861960
54.0434273846
53.4518974924
53.9225729174
54.2935034092
54.2075082006
54.8050577238
55.8818809805
62.5370395662
65.6311261286
67.4757584670
62.0280818803
58.4552932886
56.0242231976
55.8533469418
56.1939245658
56.0514159151
55.4018032301
55.2248227998
55.7101383211
60.9853431606
63.7803652854
65.5813824509
66.7847879601
59.3568436086
55.9350966840
55.0467867469
55.3214175082
56.0061138509
54.6290821722
53.9010107875
53.7115596769
54.0058799546
54.1133560730
55.3417737849
56.0508493828
58.3562412405
59.1036291404
59.2357459287
58.3822323726
58.4931583025
59.4469569800
58.3163318874
58.7377108478
58.6403862519
55.8820565503
58.9816000334
68.4496213054
68.6029648707
65.0692383960
56.6136584920
55.4749632660
54.6750670369
54.3395031673
58.7396481431
66.6157459624
72.4676478827
70.2711587209
65.5186914931
61.2364020493
61.1370392419
62.4457581891
66.4881029452
67.1000334172
66.3977176267
64.7850395409
64.6476475914
61.1015161240
58.9272041537
58.1828141334
58.0039699486
56.9327940505
58.5373784415
59.8920254707
61.6119632646
59.2660900153
57.5963318977
58.8152064360
62.8034500836
62.0326775012
60.2038516537
59.4056798017
61.1602946466
62.9796227369
64.3539731826
63.5750123188
63.1353286765
63.9146374853
62.2478680468
59.4950546953
56.3026383841
57.5178043353
59.5346097869
58.6507904407
57.8979331677
58.0051630018
57.3398075438
59.1070235711
59.8675704537
61.5850296095
65.0094957095
66.7943597640
67.8477457341
68.4778305407
68.4772310736
66.3389226680
67.8616050595
67.9735609986
70.1008802656
71.3763823751
75.2039382574
76.5399165913
78.8131941345
78.0510408718
75.9569573000
76.1708555371
70.4978522545
66.2078572581
59.1671219953
57.2762353586
53.6997184154
53.9793046156
56.9423498910
62.2798472608
62.9393329107
62.5164288231
55.4383508080
55.3270066699
54.3716825535
56.0183370606
54.9752447393
56.6629341086
54.4701450978
54.9117411543
53.3672657096
55.2026798614
54.4054375055
54.7527652570
54.1129015359
54.8594311013
53.9504499794
54.6862183144
55.7058734277
55.7452269388
55.4025622641
56.2549782213
57.3513210529
59.5285411154
60.5722737701
59.2199810319
58.1080088070
56.6072798163
56.8382226153
55.6807953754
55.9611277217
54.9707161613
54.1336357499
53.5946938623
54.1977935558
55.4196472798
56.2353585183
55.8919708801
56.9162320316
59.3422849306
59.5095548870
60.9449983211
56.2861357977
57.8672473185
58.1969092523
57.5937131347
56.2036338122
56.2587933457
56.0789974216
55.8715872537
55.1916519717
53.5766216519
54.7638490718
57.6842920929
59.2556715433
58.7077362867
57.5219481727
57.0930424957
57.6260276495
57.9586806168
59.6566900151
60.1162751729
59.0752614798
58.0106257473
56.1030897349
56.0259874773
54.5029250071
55.8372803153
54.8678672574
54.7167330425
53.7781786759
54.0162881552
54.3502082866
54.8146942863
55.9170620470
59.5608720165
74.7190781167
69.7747825188
74.1080924187
75.8638830975
74.4744738740
73.4785908201
70.5553604567
61.4424673342
55.2130641756
50.3348580532
49.5490189440
48.7964048483
50.3001654856
50.7648042899
51.8850362985
52.4374787539
52.3111797767
51.8519198592
52.0306288300
53.2360580939
52.2029556933
55.2359638487
54.2257322259
55.4491162278
54.3466100418
56.1831405994
55.8319820059
55.6919079360
54.7772491057
57.1984145967
55.4216543761
54.5966891596
53.3919079427
53.1160094674
53.5701364670
54.0878160167
53.8436519661
53.5348862506
54.2838616863
55.6504066212
54.6211789477
54.1909438363
54.0048699941
53.6618599677
54.8189900000
54.8798298528
54.8122045381
55.1089789023
53.8927923368
54.9756085893
55.4821866982
57.4431032812
58.3508408500
59.3068697364
59.0229533998
58.6740964489
59.8273896956
56.7557510775
58.2035770206
56.7433907056
56.4340539649
56.3432075203
54.9316874351
52.3728178103
51.2897849650
61.1883848928
65.4185886852
67.0246959756
68.2177717594
65.3408592915
65.1605971552
65.9515145025
58.7064789583
56.4806600406
56.7695185731
55.5645915871
54.9900817078
54.0957591538
55.0007532232
54.1027251981
54.1275993242
57.1811210693
56.6219083320
56.5922972171
56.8525822581
53.4976007410
54.1412558046
54.0808296623
55.2350805593
54.4726816970
54.7033882607
54.3458248841
54.7183375670
55.3602665192
55.2865346705
55.4161255151
56.6281762906
56.8622011567
56.8175040238
57.1740848115
58.2429001457
57.9844278031
58.0955902851
56.0884957021
56.9225379885
56.8711342493
57.2352513714
56.6662889734
56.1483364774
55.8186545535
55.3478650572
55.1832193570
56.2032284094
57.2001916316
55.8472987537
55.8690331022
56.8472690110
58.9103038815
60.2824245500
61.2886959118
57.1961779831
55.8155480831
55.5251953010
55.9852752495
55.4813594602
54.9671674941
54.7322896265
54.9459829856
55.5333029905
56.7117413137
57.7887086821
58.0902046174
57.6201224715
57.8868222207
56.7277825404
55.7618301679
54.2374421258
55.5425437907
56.3034500174
56.0643299937
55.6899186195
55.0685316535
55.5229046740
56.1174540961
60.8259962438
59.9148649680
60.5076239821
58.9299068256
57.1231577759
57.6287996540
59.8417410816
59.3235645072
58.3517105422
56.2267145685
56.2416582416
56.5209670746
56.8923217419
57.2114724532
57.5982708539
57.2107822338
57.9292746345
58.8792868547
65.7978158790
65.9805798081
65.4253149567
58.6468305974
55.4104956661
55.6398517024
55.7210357025
54.6939132967
53.4259062761
54.8985213529
55.7587576786
55.2086289215
55.0993697082
53.8536759197
53.3262018676
53.0665904714
53.6822523588
55.1007523253
54.7593904488
54.4691158518
54.7561130221
55.4700036557
55.5088196859
54.6113717138
56.3541175334
57.4134981810
56.4004626434
64.6132078091
75.8263677406
72.6515046439
73.4677434830
70.0978255477
68.9686957197
70.5040320906
70.7921782900
70.5424874613
66.4288720902
61.2437101305
59.7311573632
58.7825682424
60.7501236895
61.7559602755
61.7908814026
59.5040759247
61.9329466409
62.7488991834
66.2579143716
66.2668184597
66.2870570774
65.7474716553
64.7879426894
63.5297182688
62.0007395439
58.5624469586
58.2885452053
57.5824203181
57.7221950471
58.0781487725
58.7452922441
57.7866213295
58.1534339341
55.6653560716
56.1074481237
56.7763369653
58.6536675434
57.4609581289
57.6671486671
56.3206642524
57.5292612023
57.5610931257
58.2552678135
58.2864556378
56.8831134143
59.4017497963
59.2122014991
59.4660940129
57.8429615714
59.0060245232
58.2233502376
58.8829879554
60.0869455365
62.7059140862
60.1492716746
61.1897635046
60.2692150802
60.3747422362
62.5592119881
61.1725616064
62.4930466540
60.2577555116
60.1881523551
60.1350524848
67.8023517992
66.5153123314
65.9436632593
65.5708563033
57.5689846898
58.6445366153
59.2816035305
59.3454246654
58.1462606093
59.0243143828
59.3193313095
60.8392259649
59.6694893986
59.2162610172
59.2456862652
61.9719156181
62.9469197466
64.8480000900
65.4581735938
66.7648560743
67.6376306904
69.1517482000
67.2141564464
65.0235628700
61.9438416016
60.7291964786
60.4998895525
59.4508249388
60.7364626388
59.6612386834
60.4850195938
60.3355088497
60.3662523186
60.4593698990
60.2586842085
59.6396621198
59.9251155547
59.1421954938
60.4802650386
60.7564632212
60.9241527505
60.6777792394
62.3074268558
61.1647602958
61.7207128344
59.7827204757
62.0465674841
62.9480856271
62.2743354116
63.2557949450
63.0663471257
62.0895247164
59.2340191372
58.9801271411
60.0346032674
59.5641215483
59.9294947761
60.1969541582
60.7544248930
61.3287740602
61.7510342774
61.6237014367
60.4965224123
60.2231669887
61.7278209738
62.5213218263
63.5764083928
65.0875312082
64.7217634340
64.9190308802
64.3409748422
64.7208463105
64.1253869537
64.9517271730
62.5045765111
61.4916722737
59.8413572530
61.6695088192
62.6868428230
62.3660535614
64.6200112308
65.4678102271
68.4758176729
66.1586285766
66.7430971315
62.9993996029
63.5997196626
63.4209607346
64.4222439991
63.0227133402
61.8332541069
61.8702870599
62.4145497541
62.8530167717
63.7322665202
65.1669892807
65.7174863407
64.2160126763
63.7483546011
64.9990761023
64.0967244416
63.9802320577
64.6908297390
65.3974308763
67.2695506754
65.9003000525
66.3932319408
65.9801454513
66.8805962576
65.4335229989
63.4240548730
63.9195553191
64.2316938010
65.4957521456
67.3464507011
63.5631461892
66.1565251639
62.9554221262
62.1178764676
61.4916799816
62.7855358155
65.9339806472
66.0716335164
64.6449721343
63.4890866210
63.7130180423
65.8975623560
76.9245716060
75.8360986821
75.0443713256
67.4996190154
67.9424503377
67.4339922390
65.9606311094
65.8958525384
65.4786840592
64.0178115030
65.6356933264
66.2604346485
65.8527258695
67.5230321313
66.2840694196
65.2531007934
65.6784649570
63.8900699240
65.2152278642
62.1340251586
62.5466516137
62.4178177227
61.8502020427
63.1513342460
64.3299638158
64.8498686717
66.8263062117
66.0655757932
66.3411041025
66.3975969235
65.4485484252
64.3756559801
63.3683169589
64.5573888796
66.4160728845
66.8637278094
66.1650567406
64.2201608922
64.3007236348
68.2279330765
66.4564549037
66.6936281703
64.7268231910
64.2661026679
64.4149256832
64.3367888362
65.4696986641
63.5157976870
64.0462497456
71.9727698844
73.4744086877
76.0908885442
78.2866729991
76.7907194251
80.6931122710
80.4933977703
73.7198446497
68.4354313464
62.8252232046
62.5617649538
61.8356152915
60.8673913627
60.4178642210
61.3778092272
61.6606620166
61.1727396882
60.5904609328
61.3663730171
60.6218287046
62.1050280040
62.8680833956
63.1663141804
62.9798473283
62.9255608318
61.3644504071
62.7057062221
61.1241323921
63.8305487297
62.8205754771
64.0452564263
62.1307287840
62.0369466472
62.4157595454
63.2983837160
62.7427993192
62.2285134227
60.7454077155
61.6440803472
61.4690725682
62.6564462461
61.8001189583
62.4235406869
62.8459294839
61.9896384888
63.1398325881
63.2031824902
64.2080388261
62.4067301925
60.9538113472
61.3571997500
61.0149783612
60.6523805356
61.8316486840
60.6371847316
60.9638336473
59.9556849617
60.4618098514
60.2073702530
60.2693303783
60.6966244437
59.5275850071
60.7269630556
60.1810122090
60.6523454349
60.1023243448
61.0502617882
60.0995346178
61.3574109137
62.1005561048
63.9390885547
63.2245865207
61.8722794543
60.3328266964
60.5124711589
60.1315340189
62.3628730804
62.8126279945
61.5413306674
60.3204777391
58.9166669622
61.2058836154
60.0095671175
60.7095168717
60.2599820025
60.7638135604
59.9936514064
60.7839787172
59.9001593329
58.1810057679
58.0849097308
58.8599372149
59.4119020377
59.5926085773
60.3717409277
59.9760214672
60.7602070684
58.4761141276
57.0741688614
56.8824607073
58.1209825701
58.3504885589
58.6389196921
59.4239324688
59.0410998545
59.3381874082
57.5703266558
56.7822304812
58.3712419148
60.5001434047
60.6375745471
60.5189047005
59.0022701397
57.9443763355
56.7143196302
58.0472899467
57.2364059681
59.7704488452
56.1627358218
61.5288733312
64.0882550498
65.4264171507
63.6283847287
59.4069179239
57.1113754602
59.6922977153
57.3039364666
59.7518701751
59.6775293931
60.2063992278
59.9834294614
60.4688818270
59.6525734131
59.9299077064
57.1913079593
56.8490138825
58.9091994345
58.2553007968
60.7964612485
58.7427760250
60.1835646451
59.4622550749
57.6057097174
58.2455120385
57.9097760655
57.8039143005
57.7122145734
59.5587297378
59.4860705805
61.9087953908
60.8988747425
58.6606896937
58.8606256148
59.9883115436
58.7197125252
60.2572063029
58.2629147123
61.1009633185
59.2892231140
61.7720373864
61.0706420631
63.0471455171
60.2157231126
60.7425604281
59.2158883358
59.4902376810
59.2351196925
59.8638211212
57.5316585329
60.4628609287
58.0500793347
61.8299291829
58.4082093096
61.1313302030
58.7377610370
62.7513543886
62.1789545440
61.6215023449
59.0345216722
57.8068175733
57.2573370155
58.0998373432
58.7332832878
59.4249111559
59.5138701305
58.8884915819
59.1959221982
59.7037794261
57.6337595855
59.1060964783
58.3913857315
59.8004880611
59.2518985321
62.3839433323
61.1617462374
59.6330770703
57.5536271668
57.7201489424
57.3977009598
59.8953585912
58.0334753232
59.2324503751
57.3012964110
56.6380934296
58.0469463626
59.1230008383
58.9932153593
59.5104408934
58.0792708149
57.8098284178
57.6976291903
58.9607440666
60.5264588060
61.2438860005
58.7953537643
59.0266027357
58.7925454713
62.2540105938
61.2707587520
61.7099680513
56.8076862551
57.9059505617
57.5727786548
56.9668526164
55.4976985565
55.8341568143
56.2808372540
59.0777060237
57.3858247091
58.8956211004
56.5783940205
57.1448876200
56.4819798824
57.6965278057
57.2600912454
57.7425754233
57.5170965050
56.2183673195
57.5599814481
59.0682529011
57.1863824689
57.7089141183
54.6740120315
57.9984727526
56.4806551614
58.2699624123
57.5238296474
57.5148802900
58.8652168755
58.8530687200
61.2070905299
60.4292720680
63.5461230441
59.8904754197
60.3083642035
56.3567101473
58.7020922272
56.6396074232
58.6931808025
56.3149356618
70.8736201062
70.8227077933
73.2733331103
75.9682664427
78.7313640048
72.3674332540
63.7017394539
55.0895782010
54.0770663479
54.2318396160
53.8919922188
53.7145378681
53.7146902014
53.6895837380
53.6314501698
54.7211827677
55.1167275977
54.9390206344
53.8810399549
54.5462424065
55.3015707957
56.5120394999
56.5684759539
56.2702427660
56.8797246677
56.3884103170
55.2188003111
54.9644285421
53.9100871701
53.4302707913
53.1459025234
53.5843609006
53.3998012807
52.9416174378
54.0930829670
53.0810281316
54.1199274602
53.8974512205
55.1096634024
54.7770448483
55.5003877302
54.2826269616
53.6625348633
54.4822320022
54.5104792139
54.0031136378
54.5650764674
54.5988017172
54.7837307287
54.1252710617
54.6039642264
54.1591984297
54.8490514115
55.7693527046
55.7829484276
57.1378576220
55.2239067975
54.3774772816
53.9816920344
53.9234675642
54.5409821935
54.9528499126
56.4024287217
55.8553275779
56.2425895072
54.6777472005
53.3703819877
53.5803239511
53.6665612012
54.1444527323
54.3784889288
54.8134036430
55.0499668906
55.3632429157
53.8920789468
53.8830123534
54.5000429664
55.8353417161
56.9544761836
57.8558994627
58.2961782158
57.8174210636
56.0910540223
54.0892084510
54.8428315538
54.7818525102
55.7850273952
54.6861012957
55.7525954702
54.0709724359
55.1047405782
55.2780228000
55.9785534265
55.8435234465
54.6221902969
53.4605418100
53.9338678887
53.7477134420
54.1166766900
54.2986352224
55.6803732202
57.7222591886
57.0749573938
55.7757852420
53.4092008403
53.8647811992
54.7411347153
55.3188067790
57.6384444267
57.6938317406
56.0278865415
55.9714975737
59.1429568339
59.6652288406
61.5500031169
59.3688692297
57.4666976867
56.4238792468
56.9600281636
56.4614223579
56.7784717165
56.3922498782
55.8518977862
55.3279200605
55.9427693796
56.0662288936
56.3041628253
57.0895432100
57.1149720017
57.3634924098
57.2907865661
59.0024117619
59.0421816979
57.7064957118
55.7080983095
56.3475520395
56.6704222535
55.7445075794
57.3780485422
58.1204257890
58.0680459732
58.3965489421
56.3532004796
55.2972387217
54.4400851922
55.5502066156
56.1710556845
56.4983636797
56.0667453918
57.8742024460
58.2241152980
57.8503811927
56.2624869933
55.9001794111
54.2254298432
53.5215676903
53.0411265871
53.5801091799
54.0448934464
55.7493377058
55.8108008824
56.4674842767
54.8854169288
55.5349081013
54.8560555514
54.1562882240
56.1978311210
57.5128247064
58.5937773064
56.9886959571
54.8010938178
54.8918134840
56.1504153614
56.4415536557
56.6046178556
55.6594785563
55.0127984336
54.4794804646
55.6769055675
57.3141131691
57.1755603188
57.1030917649
56.1410928851
56.6147551551
56.4347815890
55.9666973464
56.4531165852
55.8064393872
54.8947383063
55.8988308760
56.2873576366
55.4167781219
55.4839736902
56.6383116943
57.8390476280
56.2821843669
55.1998375630
54.1224646257
54.1350938334
54.1625288019
55.1042923960
55.6423837572
54.9193465393
57.7860240080
62.1535187220
74.5173712204
73.6086455313
79.5182843148
79.7166036953
78.8340803384
80.0280825188
80.7257353596
79.4187290601
80.9597894438
74.6507034803
74.6722309596
71.4643704258
68.0658939924
62.2665872876
61.6393193382
59.7741905184
62.2467245336
58.8296595816
59.5739865938
57.8888571142
57.2585076938
55.5084749297
59.2125353594
62.6797659844
66.0097517782
61.1344124470
58.7247290909
61.1312317424
62.7663245976
64.4945472452
63.0415945598
61.1062360499
63.2066255563
62.3566820115
63.6050889998
60.6370641833
60.2625086548
60.1695832472
61.4695327992
60.9303706824
58.7097135935
56.4838004491
57.4443143474
60.2682402892
61.4767094669
58.9047692793
56.1589442998
58.0391521684
59.7462592940
61.4102226335
58.3445922104
55.5442390694
56.3567888900
57.9328094153
59.3256289561
58.9735887738
57.2716919696
56.9247567492
56.5069057818
56.1064987687
58.2737059276
72.8205943445
72.1272144676
73.2966213820
85.0226771618
80.6103763281
80.1079657195
78.1417354719
77.5828026129
71.9048071518
66.9204152684
60.7485992958
58.2229164822
57.0167167777
57.4508611175
56.4667897593
57.0362202820
56.2615228442
55.8856961607
55.1122007140
53.4502363029
53.9654258187
54.6428527141
54.7278907829
55.0360174786
54.9948371649
55.9303756057
58.1924950230
58.8097458154
60.1527968423
61.0233888611
61.9981136189
60.9391516624
59.3939124150
58.2063881948
55.9866734890
55.0551699353
54.5746424772
55.0934625544
54.3713442469
56.0713500813
54.4648802481
54.9518468180
55.7147855062
56.4413100991
55.8087539608
54.3553724123
57.0871680710
56.6685167133
58.2739732183
55.9705456525
56.6640864365
54.3246986686
55.2537292346
54.9760190679
55.9978089017
56.1322677092
54.5687965738
55.3458720830
54.5473630448
56.5708994022
53.4876970416
54.5615145883
57.3258985731
56.7597996674
57.3495689164
55.5179587475
56.3321407471
54.8340858565
55.1869882868
55.1386429347
55.0841352050
56.1513084755
55.6034214119
55.6100227647
55.7669560572
57.0226525887
57.2001446850
57.9446865040
56.8836959544
58.1536166470
56.8058190535
57.1907602436
54.4818463619
55.9809517833
55.4097777587
56.9676896551
57.3602290543
56.7746318513
56.2833016513
56.5352951140
56.8952208943
55.9137537230
56.3526070917
57.4319706773
57.1511584766
56.5263779867
56.8209581312
57.2656565291
57.4109438007
56.2164403899
57.1105501700
57.3390609102
57.2321332223
57.4877152977
56.5222808841
56.5786495770
55.3306980771
55.7033850771
55.0792318066
56.2635576850
55.7046040296
57.3229929742
57.0758522343
56.3222794737
57.5882701015
56.9048234740
57.0452258556
55.3028375585
56.3262303297
55.6167637731
58.1036813798
56.4614294268
56.1963853917
55.2513633384
56.0366881915
56.8390713137
56.1192949302
57.4595169823
56.2852430035
57.6568577525
58.9090665345
61.3695112621
58.8145780055
58.2717795836
57.3755325291
57.3618705588
57.2575613813
58.1797457421
59.2086492995
59.3791953634
58.1027839094
56.2973033186
56.5197648693
56.1320602164
55.2472481924
56.3975089725
55.5090649359
56.0957028950
54.9169385935
55.3738939185
55.3211415784
55.0995470876
54.8701412694
55.1410515001
55.9440712547
56.9051531621
54.7015575926
55.5983251265
56.3591996511
57.8000098472
57.1636083006
55.8594223023
55.9438379481
56.6484926784
57.9723530304
56.3276198521
57.4764814961
57.1154490740
58.4238285345
56.6661690393
59.2046064254
56.9746221755
57.8367541849
57.1368840981
57.8958104301
57.9779698609
57.0505638061
56.7203586295
55.8531929406
58.1975992117
56.3272347464
58.5959519043
58.5175740392
59.0141695387
57.1793588480
56.9201245972
55.0250801503
57.0039450194
56.4331712343
56.4653617389
57.2971746517
58.2884280252
58.3094767398
57.3888830335
57.5229047970
58.1482108059
58.5081049681
57.4094962443
58.0208839962
57.1234075408
56.4546813569
57.6763232877
56.9498079213
58.2170829836
58.7152910293
66.4139137561
75.7247133162
75.0931761694
70.7529752732
73.0515257990
72.6167647438
67.8687512050
59.1430819352
53.7930764422
51.1444151984
51.0441122729
50.5458165454
50.6884181217
51.1224303877
50.8479577496
51.2597506808
51.7282831717
51.5627736220
51.7010207281
51.6564774818
51.4400910023
52.1161766979
51.8576177677
52.2308177474
53.4220254206
53.5533498629
53.0341850176
51.9701427558
51.2039576786
51.2268958688
51.5541373043
52.4822068295
52.2338074304
51.5967586466
52.0273764775
53.0569902084
52.9891565835
53.1899084854
53.5092939345
53.1582957196
53.1542826187
52.4050239779
51.7904692181
52.4213897504
52.8506099906
53.2987074821
52.6231199268
52.8258813125
52.1007216814
52.4310711625
53.1045305406
53.1102760687
53.1643058697
66.8960253288
72.0228177535
73.1404122223
72.0632885873
57.7099096330
52.9648086343
53.3880551404
53.1533960086
53.0295381419
52.9672458946
52.5321834817
52.5208428384
52.8846530054
52.6189003152
52.4344547250
52.1753542730
52.2146871087
52.3672971138
53.5491852374
53.6536051128
53.5228465948
53.0010831738
53.2672660274
53.5187586984
53.4338755338
54.4579696014
53.9049638397
54.4578892668
54.6805168153
53.8239693698
53.5511672413
53.4377211518
54.7194605816
55.8522973819
55.0794551596
54.3653477372
55.1429587077
56.9761081742
57.3169807941
56.7060301041
56.7879150618
56.7469489037
57.5005629732
57.2838487603
57.4588160976
57.4139885613
57.4812085567
57.2991544758
55.4842012118
56.4353900764
59.4354675727
59.7031958296
57.8095038463
58.9071494712
58.6576660941
58.2573284862
53.4705118631
52.6291619818
53.3345361633
56.2539344062
60.8919604966
61.5012063921
57.9811254368
53.0371142741
52.7265108753
52.7927068733
52.8052437357
56.2330191905
69.5132272855
72.5551240484
74.8617438231
72.9704430488
74.2733805912
74.6530695340
79.8339565383
74.4108099068
71.5754006474
67.9053016756
66.3594119264
65.0421824907
62.5013783440
59.9130420908
60.3745495333
61.5891218572
61.6821032913
61.1605475286
60.2030529121
62.5423782006
62.1430989599
61.4902681865
60.7203800530
60.6158608355
59.8099167009
58.5943417982
63.5516973958
66.3821635235
68.3926550508
65.2523159465
65.1492944715
63.5691043086
64.7371811612
63.8530035944
63.1824100953
62.9696344282
61.8221326698
62.3142625841
60.4227557883
62.4441620456
62.1030473300
62.9472409969
63.2358080102
62.2895824635
59.9615662929
60.0709159378
60.4881272167
61.0213514485
64.7959655927
65.9222353136
69.3451405599
67.8367381627
69.8037024216
69.3688085991
68.7298765578
67.7788109883
66.9569940417
66.0302737583
64.7292775212
63.6756260131
64.5463378055
64.0371414403
64.1413116370
62.8823336108
63.9443331791
61.7760641006
62.6583034596
64.0360638659
65.6133165451
65.3062344813
63.1149883762
60.4042143427
60.5998773285
62.3646855183
63.5333387980
63.2422492106
62.6177747708
61.7510718572
59.9871070953
61.4813888131
62.7401426418
65.3042981822
66.0329225492
64.5016143214
61.0678142650
59.6906813570
61.0568146175
63.6520458247
63.3277847058
63.3017523059
66.5024292855
68.1338988712
67.0880921018
67.7225862279
68.2015688677
65.1017940909
65.7700396192
64.7129399001
63.2037755658
63.1947310226
67.9399921311
70.7740228987
69.7285024010
66.5796840661
63.3807622373
62.2309682555
61.9057276550
62.1468103061
63.4706218665
64.8635391864
63.9373151036
62.8732337871
62.2440754262
61.7962903416
62.8561954924
61.0522430691
61.5211771793
62.0193922585
63.1867218691
63.4158551460
65.0579562102
66.7681144529
67.7453949085
68.1124142831
66.9168079202
67.5982867615
67.7426268565
68.2069870269
66.2187897901
63.3969259500
63.6065736682
65.7974192844
68.9604089440
65.5512604714
64.7117584523
60.5316480223
62.8650660558
75.2967293574
73.9539999130
73.7353050351
71.4017159969
59.2341007316
59.9476068849
61.0857671306
63.9784683992
63.6708955274
64.4557135929
65.9463548588
66.5703828423
64.2023268006
63.8615475662
60.6642612848
61.3605068974
62.0368378792
61.9820036379
61.5342806801
61.9296650912
64.3050892267
64.9079759080
64.0281618428
60.7564990666
59.9606301851
60.7501653943
61.4422407832
61.6686023921
64.4723014873
67.1494462854
70.0830463081
68.3438701104
69.1982718351
70.8972661913
71.0324708150
68.1063177748
65.3589259066
64.8932588555
67.6613964218
66.7539506165
61.9121315349
61.8621302227
63.0252263649
68.4224593467
69.9097956232
69.3307331459
63.7515111005
61.2768570891
63.9005726431
66.9698224781
70.7608276975
70.6219722847
70.6897313695
65.9759503155
59.7677894551
59.3163283929
60.2094604515
61.9229277872
63.2333714069
63.3095772249
65.2074659355
64.5273518532
66.3000977591
71.0926702028
72.5272697416
75.4984459870
78.3964627949
79.3721554321
76.2840542692
74.0858824284
70.7415830933
63.0034704366
58.1782925137
56.3423002663
55.3601024026
55.0518606435
54.3502305000
55.6372723961
54.6336546464
54.3178083005
53.5128493944
53.7159891659
53.2293139987
53.6023752190
54.3476832592
54.8395707438
55.0481966543
54.8386379077
53.6774767855
55.3899709380
55.5826246846
55.3777953973
54.4546419166
56.0160532502
56.2135236947
55.8405514813
55.6077392967
56.2637881883
55.6466462972
55.2602013833
55.1573233356
54.6521205361
54.7318650512
55.0326557830
53.9496695563
55.9051269583
63.0587989282
64.4509332340
66.5340251266
62.7962245064
67.8803652923
69.4984119542
68.5963973344
66.8231587218
66.5973143137
65.4757009896
63.5261437246
62.5696917915
60.9251094326
60.8877202133
59.8941364660
59.3813809287
57.4958522275
57.0132020527
59.8602710420
69.1949576613
78.0782449409
79.2840262986
84.3876255121
87.2428373102
91.2388248330
91.3535342582
91.1252500537
90.1551937874
82.3029011727
78.3908996726
73.7023192110
75.9219590444
71.8002553441
67.1243663694
66.7982969982
69.8954805801
71.3069813219
70.4119915477
69.4347174671
66.3015689569
65.6298324509
76.4129454759
78.8882197355
77.9755688040
80.6822215242
81.0784182396
81.0135564449
81.9257357248
79.1165923035
76.5536668118
77.1463290261
76.7687748615
78.6435632209
77.2761497150
74.5992136216
74.5053609088
81.8703275787
82.0676315233
82.4146769566
87.8776629479
87.5460174732
84.5400244631
82.9112719528
86.6928194211
91.8012272859
83.9861109175
84.4116479130
78.7040042750
80.5684200992
80.8184927715
82.3321293031
75.7436830057
74.6358561171
75.3273537436
80.3259912389
78.5053933565
81.5510192673
87.8322157412
89.8580223304
84.2688238785
86.2461069515
87.9626676622
83.6061929044
80.8783415198
80.0296267877
78.2162194261
76.9682492258
67.3877964971
62.5691223391
64.1607915233
63.9187978227
64.4861458233
64.1349785197
63.3606091668
61.3720018799
62.9461012166
71.2511965144
74.7371438108
77.6860552772
76.3268880139
79.8672061835
84.5437957767
84.6938644146
82.2791459702
81.6754096277
79.5229358636
76.7413870438
64.2902159455
59.8037254309
58.1303620725
56.7233089795
54.5164773166
53.9600485456
54.3186296186
54.1834008155
53.4882262008
53.2933358480
54.1765537614
54.2483880701
54.3279965623
55.0081556346
55.2775609843
55.6010661884
54.7334319761
54.5649821207
55.2918909565
55.8617966570
55.6348543374
55.8883325608
55.4718151671
54.7099874249
54.4152639248
54.9677644870
56.1422662260
58.1693795273
59.3658111449
59.7962937500
58.4194439872
57.4400922177
56.5653731661
57.3221617726
57.8863658460
58.1955794688
58.3029294995
58.2843273626
56.6430243204
56.5036168278
56.3013196217
56.3972677146
56.4466124757
56.5883798796
56.1846482848
56.1436060766
55.6844790774
55.2956884222
54.8650179673
54.4745981826
54.7311673244
54.9658874551
55.5306656671
55.7140160926
55.5755350849
56.9730614826
56.4377665983
56.8099717921
56.4519169406
55.1003557576
54.6672002022
54.8006408308
55.5993026049
55.3993865901
55.0720449077
55.5809162653
55.3552168211
54.6295534184
55.1238213818
55.7810854445
56.9262012267
56.5590763669
55.8420491193
56.2592054010
56.2014861254
55.3481805260
56.1970110858
56.1152225026
55.6785192631
55.7016886377
55.9069769493
57.6380169167
58.7588265589
58.4050671537
57.1667616952
55.1708002395
54.7177582723
55.4692387581
55.8776491895
55.7367714934
55.3268041315
57.0516674734
57.2033570663
56.4315599442
55.3979718900
55.9432664390
57.5011592609
57.9197072616
57.5123378529
56.0536034800
55.0365275396
56.2385761564
55.8937348699
56.7631335446
55.7561561978
55.9954018322
56.2655912338
56.2120490619
56.5417232123
55.5771601931
56.4369512844
55.3450961879
56.0507958838
55.3360365913
55.5871579531
55.0478667841
55.0215101414
54.9610143744
55.4954927406
55.0082687274
55.5915460632
55.7544796299
57.3107170522
57.6227395113
57.0218737724
56.4427015264
57.0992537108
57.7584678725
57.2547649544
55.9774039465
54.9207966307
54.6350872584
54.6166596865
54.3723236752
54.4313751305
54.0149989217
54.2165950492
54.4463190985
54.5385022624
55.2402808341
55.1509431425
55.2049819755
54.5011825562
54.1168712346
53.5822421245
54.2289947733
54.8491163050
54.6176751305
54.2982247050
54.3138269788
53.7470620304
53.5930279871
53.9641511187
53.2135977109
53.2760676621
53.4032148554
53.8203457619
53.2341986314
53.7554645889
54.6618717346
53.9068947817
53.4247419087
52.8211569451
53.8448892710
53.0381108972
54.0727861398
54.9734580827
54.6368850570
54.1096894272
55.9471554383
55.7031624632
55.6734318049
54.9362825429
54.5112017209
53.9713937931
55.0940985625
54.9027606596
55.7411401488
56.0028400014
54.5936864106
54.5592592665
54.2705257110
54.5449394818
54.7354645264
54.6254603836
55.6947704533
56.6174653052
56.8014603209
57.0887879106
57.3627764395
57.7317736428
56.7756877308
55.7888544751
55.3115668771
55.3660490563
54.9903449235
53.9028842266
54.6880024621
54.3198663701
56.3336629710
55.4986000675
55.4484467660
52.9751511355
52.3805873090
52.6915750268
53.2897440490
53.0598187585
56.5282216491
56.6954149792
58.6702617556
55.9487501296
54.5864495402
53.6390508275
52.7714251225
51.8305804715
52.3533647792
51.9146148874
51.9032918835
51.8484540082
52.9295796636
52.7316975746
53.5032166988
52.8170736648
52.6277339182
52.6595229378
52.0903334657
51.8561479927
51.8527321166
52.6399320499
52.5460250595
51.7058948814
51.9259183072
52.2460250348
51.9729633205
51.6335833645
51.8922399984
51.4804834725
52.7587921862
52.7678168173
52.8542441407
52.3489666171
52.1721618621
52.0667792039
51.9672295748
51.6425271038
51.9185123997
52.3364344657
51.9780057668
52.7289661550
53.2391654424
53.4796204171
53.0772148046
52.3778122895
52.3702479257
52.1534493080
52.3696699765
51.6537935121
52.3138590806
51.8933953190
51.9074226760
52.1902815862
53.2636524489
52.4054931765
52.6515761677
53.7338051292
52.0414217238
51.9266959022
51.8956224988
51.9061224201
51.3404204844
52.1878323796
51.4272327945
51.1455039874
51.7048440864
52.0173710172
51.6213324839
52.6407461047
52.2345301738
53.0065098597
53.1980236419
52.6722108201
52.0368077915
51.3963613447
51.8489726955
51.3369639568
52.0053227117
52.0588053627
51.6094657092
52.8272856916
51.7544288378
52.9563043965
51.5632648324
51.8733581977
50.7836269732
51.6102238648
51.7016784912
52.2189084548
51.1802947743
51.8216214930
51.6033193937
52.7818524385
51.5253499924
51.9010577818
52.1433056786
52.3485720443
51.7833051526
51.9936589458
51.5993168539
51.9449754724
52.3383543047
51.7150179713
51.3804350432
51.9775413782
51.7327166116
55.0501020197
56.0857129371
55.7923036683
53.8349427517
51.8941884257
52.1913004757
52.9262314246
52.6204793240
53.4580562222
52.2910292591
53.3503354428
51.7113540357
51.3578082181
50.7234017187
51.4484718715
50.8676576875
51.0278243648
51.5454967542
52.1772846960
52.8204166987
51.8307650643
51.7884468026
51.6995737671
51.1289578417
51.1547527442
52.5048333320
52.6390078730
52.7818574116
52.2495903165
51.8702557382
51.5775775607
51.6068487153
51.2968119429
51.9372641742
52.1756463635
51.3361991712
51.5443481614
51.9337331359
51.5356445579
51.6102081449
52.2150946879
51.4440618899
52.5580003484
51.8861255811
51.4598974540
51.5485584571
51.6663339533
51.4384172707
52.5826887873
51.6910496186
52.5944665503
52.3101125082
51.9053282787
51.9110855725
51.5541560529
52.7116272923
51.6923137789
51.3240975819
51.5169391980
51.7722047880
51.4540344085
52.7247227138
51.8355365695
51.9336895591
52.6689938235
51.7489498280
51.2450093377
50.7511357053
51.7267869846
52.2489299793
52.9125257692
51.7617578287
51.2176236617
54.6145855513
55.5714117713
56.5951766136
55.6033231782
52.0924627100
52.9895202064
52.7399555237
52.6826303003
52.7821870874
53.3562309962
51.8126698373
52.7763567878
53.8512338967
53.4258803074
53.6398334678
53.2254027986
54.9484747539
57.4172648027
57.0197029724
56.2196772821
52.1952747222
50.8035952302
50.8216112618
51.2775341007
52.6931416999
53.4831081167
53.6061626516
51.8395053364
51.7203557216
51.4834470712
51.1238903541
51.2996792108
51.8523611040
52.1776441363
52.0887659324
54.3165772171
54.9458853111
55.1463099140
54.7789586925
51.7819723115
51.2769814457
51.4372323847
51.3276629035
51.9223891735
51.7382268406
52.1210445967
51.4528849144
51.7691848129
51.5822846970
51.3093574959
51.5334176752
51.2420498746
51.6962122562
52.1794830563
52.2615380363
52.5358365887
52.3273974584
53.2207533241
53.6930728963
52.1781299847
51.5837349682
52.4695504128
52.1466105593
52.7718877502
53.2565620682
53.0785927231
51.9139114362
51.3379450033
51.6353233864
54.4292826199
56.7447584170
57.1188438165
56.3974528856
54.3709805500
53.6408197088
53.4943101482
52.2031968785
52.7196602146
54.4312433187
53.6726874479
53.1301433340
53.0230541037
52.9209398225
52.1459495747
52.1602140850
52.0169695097
51.5521000009
51.7592731119
51.7588622566
51.8239942892
51.7846703341
52.0634081654
51.7534276935
52.0750614591
52.2291042743
51.9486579365
51.8158166777
51.6239839220
51.5451355531
52.1890450681
51.5303647456
51.7802490026
52.0219322020
51.6153525241
51.5476828022
51.0866095596
52.0821754451
52.1624646350
51.9392703652
51.7761601358
52.5191559139
51.9389676451
51.8161078997
51.0758930119
52.0112426656
51.7529740199
53.2976179360
52.7790585185
52.6024836897
51.6430111783
52.3445440530
51.3538891107
52.3450063458
51.8327039712
52.4289157545
51.9480085062
52.3875222567
52.9858074023
53.0106588366
53.3942090887
53.2805725284
53.0255476508
51.8293685138
51.6863698033
51.4183027151
51.4054404492
52.2236323609
52.0987259139
53.4496675553
52.5030685317
52.0321740430
51.7281205341
51.9012198968
51.6982633742
51.9731243347
52.2102926779
52.5394275888
51.8733899213
51.5498939012
52.2519511839
52.0964592251
52.9121836490
52.3248802109
52.3552644958
52.6602922015
52.4071823782
51.2346083085
51.7973650568
51.4947884046
51.5900094168
52.1110823835
53.4988092310
52.5784322936
53.0836752904
52.5590737558
52.5793045734
52.2790142128
52.0641468767
52.5499404109
52.2674207043
51.8354486956
53.1928803044
55.3314089292
56.3593750255
55.2838502897
53.5003931980
52.8248250378
52.4552928408
52.2910412931
52.1308067987
52.5381449404
52.1031727887
52.5262800732
52.7973424371
53.3619826412
53.7396104083
54.4677274644
53.0171858958
53.2758548458
52.8587993170
52.8409349102
52.9807548566
54.0963791278
52.8592316437
52.7022446243
51.9336239286
52.4479843577
52.3012415839
52.5140175417
52.4501726776
52.6613616070
52.4417945686
52.6600188153
51.8197705844
52.2540099178
52.0945852900
52.7909766824
52.6307596138
52.5336137710
52.2123761010
53.1900909715
51.8629242097
52.9400560572
52.8065478784
53.2949486192
54.0951313355
54.3368381680
54.1170617967
52.3854611408
53.2468588424
53.7175256091
54.2313315566
53.2417155867
53.1366216641
52.8988986262
52.6414068155
52.8495065737
52.8161712557
53.3304933136
53.5842166081
53.7871200660
52.8336718143
52.4835948351
52.7701699676
52.6041134884
52.9542427798
52.1213959356
53.2836287817
52.6862953742
52.8970391078
52.9557613147
52.8659019042
52.0683836155
51.9629462863
52.3611150129
52.9869360451
52.9508966278
53.5346112957
54.5760607146
55.3597369291
54.7569944801
53.2203151902
52.9879269860
52.6303295380
53.2238735663
52.6365004815
53.1871177456
52.8921501855
53.4772615011
52.8481953536
53.8889528534
53.4525768463
52.8798833920
51.8406280352
53.5459829452
52.6660015893
52.8939433057
51.6194586775
51.0360714068
51.5716045500
51.4837577035
52.0880548256
52.1429751796
52.3611641596
51.7670374471
51.9444978293
53.7988886993
56.1266544579
56.4251585690
56.4916951680
54.2269231978
53.0811658986
51.6352096701
51.3614805740
51.4528430353
51.3799761198
52.3653309161
51.7492823975
51.6923794282
50.1719140195
51.1768423420
50.9601443229
52.4366101122
51.8183273140
51.8451958229
51.2181057907
51.9335747285
52.0281966159
51.8170592327
53.1702914122
52.8696329878
66.1276709829
72.4480758447
78.1188996205
82.3870099565
86.8817663093
85.5433283283
86.2984259375
82.4055043937
80.3079487680
77.3475279556
77.1625231085
70.7650489215
63.4322459518
62.7418194846
62.1942119720
62.0062588921
62.4088184205
65.4230443749
67.0274255945
68.3708422448
63.7884978383
61.9696405600
61.7661898060
63.5571293272
64.6353536111
61.5064814482
62.2810822606
61.7675269869
64.7659019457
63.6480583635
63.7186002753
62.0861799885
61.0532072125
60.9992759530
61.0424172941
61.1801618270
61.2510653085
61.8246868731
63.8855246714
64.9978148182
66.3691744898
63.0681368739
61.0035477219
58.1826560257
57.8729545050
58.1867306738
58.4257462470
59.4552676903
58.8034768803
60.2875295020
58.7850591636
59.7452444955
59.2560842951
57.9408345961
58.5170473305
57.8246182116
59.6623758360
58.4890815411
58.0989547420
57.8234744990
58.5967169795
59.0823190244
59.6869876471
58.2019514731
61.7846941823
60.3756929980
59.9889291948
58.3735652424
58.4481913166
59.2371182831
59.3956703770
59.8486295465
59.0738601909
59.1049684247
59.9794327440
61.7910563036
61.0717875003
58.8490515490
59.3705563737
60.8924881662
59.7145741781
59.3467554249
61.5809548846
61.0553915014
59.0780694882
58.5155743630
59.4453485869
58.0089690944
58.5479155159
58.7083943289
59.6748041385
59.6443625529
58.7685640143
58.4581066327
59.5844180816
59.9201847439
58.6243436749
57.6821600223
60.6466878313
61.8019056278
61.6920984987
60.1809454215
59.7171599298
58.3946841737
59.1731504126
59.2232099853
59.5981191203
59.8451243142
60.2455292921
60.7741599374
60.5196700926
59.0785221222
60.2739208462
62.9348116390
65.4451645072
63.4598148943
60.4309034500
59.0782753631
59.0567725292
58.3703543219
58.3253505276
60.2482841740
60.1277168468
61.2205638313
60.8947801809
60.6207592259
57.5194366621
56.6427304434
57.8453878895
58.4589790835
58.6971326420
58.8312895903
65.3483708704
70.2933853682
70.5569819297
70.6111830876
68.0280996299
63.3271397657
61.6991555511
61.3163182174
61.0294065387
60.5488655322
59.6825280781
58.5673731075
58.1758484760
58.8355999363
59.0696825453
58.0915574724
58.0581192779
58.1541990325
60.0539945530
61.1159779687
59.7213015391
59.3613327060
57.9989594890
58.4552061881
59.1152651880
61.6092952254
60.9344604202
60.0307622687
57.9414779601
57.8272453186
58.7548070432
57.2354677112
58.9434532336
58.4567132096
59.4098843846
58.3773695559
58.8238641707
59.4827797467
60.6120716708
59.8390012644
59.6861490225
63.1103305804
66.0913412239
63.1892602151
58.8580767069
58.2256702720
59.3169603279
62.4399215596
57.5164054449
56.4214968006
55.6577679446
56.4177310157
55.3594222913
56.3058586128
56.3698615876
56.2945019910
56.9200130088
57.9880359966
59.0067589151
59.6913873766
58.9137957506
58.6591946035
58.1653919466
59.3958163031
59.9273668363
60.1863413841
58.5134658376
58.7777657793
59.0934485699
59.8422863013
60.5801146436
61.2393156746
61.1854278421
60.6797672435
61.4585916886
61.6938275091
61.0009368436
60.1021297491
60.6813351391
64.0668204144
65.9350490752
68.6422613519
71.6522513883
75.9185428053
76.5133663290
71.8076072845
66.6003388575
61.5211032002
62.5930667535
61.4930425707
59.9859652102
58.8677025268
58.5759711954
58.5764125059
57.2242427963
57.0963624608
57.9734353141
58.0654147970
58.7058672940
58.8697250474
59.8865052105
59.5042521082
58.6787372944
57.5006803211
56.7178537325
57.1669165346
58.3133596463
62.7269849540
63.9796388644
66.6290868557
62.5590941150
57.7990157231
57.1585456428
58.8234518882
60.4878820115
60.7137479265
57.3372091534
56.9556214665
56.2537272057
55.9217311688
56.2768347237
56.5810152941
57.2778397193
58.2862795582
58.4575834310
59.2811518865
57.2118148812
56.0567925135
56.4578514334
57.6002849089
61.1910628570
63.8232672433
66.2661984588
63.8943255307
60.7273599341
59.8766215523
62.5442619286
64.0986753560
63.1021370344
60.8013426832
59.0608261259
58.3570683487
57.7477862039
56.0459985938
58.3043911277
60.2407048829
62.4073019486
62.1125114087
63.2205389415
65.0656152712
65.4988365733
62.7882577838
58.1991648547
58.3187355944
57.1702818234
57.8894068660
58.3325434043
58.6844723481
59.0319963614
57.7337929203
58.0588940876
57.7018595601
59.2884578396
60.2047072756
60.7202748950
61.2928851049
61.7477394688
62.3836091791
62.9704068279
62.6023042671
64.6412474678
66.8796165295
68.0019004417
66.3943426813
63.3655269779
64.1634112519
65.0590823583
65.3107634133
63.7834415270
65.4111202504
65.9130121559
65.6930766870
67.0175269088
67.7691304328
67.5799612563
65.5185688392
64.8441536158
62.3246109193
61.7082766004
59.8493327751
62.7009103887
64.3185602884
64.4324783888
63.6064318227
63.7504365664
61.5758838990
61.3512075973
63.3642454114
63.9991169216
71.7728377628
74.0240071145
76.7077010356
76.4011089420
80.2137337276
79.6018740823
78.3519832860
70.7613065385
63.9876498866
58.9639531867
56.1974606509
57.3506136912
61.2764744235
64.4102102365
65.3912318607
66.9243351379
66.0486065619
67.3453892256
63.8613516635
59.3554837985
57.4738732330
59.3233364359
60.9741459845
61.9500148531
62.6976932101
69.0293138572
74.1039311960
75.0097365328
78.0052846347
83.3070641858
82.3538912800
82.7335749150
77.2229912697
69.3795044148
57.9867656325
54.8579550377
55.3014516331
54.3983506502
53.8950907832
54.1958839558
55.1906596271
54.3339952806
54.4769332942
54.1591818760
55.5465235575
55.1861278200
55.4937409892
55.1313841726
55.8575319166
54.8394985417
54.3713531382
53.9895437542
54.6978506924
54.9525080559
56.4340562575
56.6841594865
56.0964456899
57.8647665526
61.0725979053
64.7134348286
64.1609246545
61.5780199684
57.2428398189
59.0724526305
62.4489910697
62.6907372744
61.8217430943
58.7985506171
57.1231447398
56.5378971098
57.8543661726
58.2782394293
59.6159749313
61.1370770281
61.1319261812
60.3657578487
61.4485979748
62.5044905912
60.5171003969
58.9895876616
58.6235036969
58.5290424244
57.3420986748
57.1899231805
58.1057937800
56.4986837089
56.5091942843
55.8863078212
56.0624876120
57.3881611760
59.6746808128
59.5580102393
59.1212454377
60.1391398294
61.9339911033
61.3462501386
59.1217411368
58.8843425737
58.6461595295
58.8164543421
57.3619675299
56.5941359715
56.6886018261
57.2534945270
58.1844277550
58.6874914240
58.0132894178
57.5442293333
58.2128760215
59.0217162184
58.1298751016
57.3705800077
55.9269605721
56.4582993043
58.7055859995
61.6839636933
61.8645159445
61.5959054743
60.6287730527
59.5878898549
61.3822980351
61.3543586391
61.4481983867
61.8307590225
60.3523761231
60.6488443339
61.8607349065
62.1635775820
61.6740776880
61.3796664209
60.9534304840
60.3114715823
60.0879697507
60.5548719783
63.4198713319
65.6965435588
63.3925638906
58.1448044803
56.9145844700
58.1846435702
59.4556490825
58.2401583559
55.6553062723
55.5404143413
57.5641111808
57.2468713871
56.9726715169
57.9780277929
59.4926380960
58.8124490207
57.6460209046
56.5156592059
60.1062630740
61.3175423909
63.8679214612
64.2013535790
63.1003105387
59.6368313839
57.0209926725
56.4136223806
57.5715876610
57.9912484940
58.5611289896
59.2852715588
57.3315133798
57.0424701973
56.3676793139
56.4794111781
56.4227551278
56.4949994413
56.2653039966
55.3832669773
56.2286963878
59.0907156347
62.9692395842
64.8491268760
62.3266357546
56.6646211448
56.3082842471
57.6895800949
56.2044177386
55.0001374600
53.8939632813
54.6553428137
54.1071606857
53.9673641767
54.9463504149
56.2882364626
56.7625035537
56.3853762363
55.4669970099
54.9644095467
57.0325953408
57.8614553408
67.9228275332
75.6421458184
77.8914199811
83.2835677853
80.0485433885
81.4829081455
73.5009991455
63.8652915769
59.3271772652
56.1715548284
55.2753069303
53.2965175189
53.3408082186
52.9057443719
53.1808279003
53.8686521583
53.4311021577
54.3177123310
53.7910215684
54.3645716605
55.2754456423
55.7316349545
54.7062617131
54.2404612407
54.8626876843
55.4284052380
55.6147099110
54.6630024562
55.2007935014
56.7076960143
58.3574590239
60.0046701780
61.8061176756
62.3564355677
61.5641401759
61.8623332375
62.5271548475
62.3204372888
60.0725476551
59.3890589794
60.2445424294
60.4969866593
57.7598588314
55.4864729347
54.9756524683
57.1256771886
57.0846525639
57.0610357376
57.0183567725
56.2867598783
56.8376968715
56.5617394911
58.9815275795
57.2196381365
58.1972413273
58.2993317880
57.5670034072
57.9011690500
58.8467811098
59.3923474650
59.2644710963
59.4157873315
60.9137518502
59.7639570660
59.0317392220
55.6278178798
56.3285698949
55.4587002561
56.1147698373
56.0841428205
54.3674412731
56.9775191784
59.0994662554
58.5058308266
57.3492478598
54.8962516857
55.7284743222
56.4238856072
55.6079954010
54.5084680694
53.4252196473
53.7513388324
53.8942028014
54.4585174459
54.9574949305
55.7621763904
59.3125043750
65.0916897580
65.8107786048
64.6237556674
55.3885765291
52.8133315499
54.3870552623
56.5928150738
56.0992397029
55.8790511383
53.1916234969
53.1898541197
53.6165539922
54.9028147133
54.2347210078
54.4309122073
53.7453348150
54.5528288345
54.2355569342
52.8668065163
54.0514735910
57.1141964355
66.9549262807
72.8932258897
74.8962034709
81.8353688219
79.3692478236
82.0370559758
82.1576349968
71.6373233565
63.1489159107
56.4079238108
55.6834038032
55.3738916221
54.4557957668
53.7193854484
53.9090973170
53.5329488567
53.6043705644
52.8026276225
52.7980158451
52.4509456515
53.0510648960
54.8934660233
56.3969178956
58.5990576474
58.5741256916
59.1605073838
59.7424524717
59.4996045326
60.2136842068
59.0847051067
58.4190873430
59.5325251012
60.8009922177
60.4417450397
58.1967712414
56.6475213088
57.6053992756
59.4822208221
60.6282109092
59.3965307588
57.3867790230
55.9123181199
55.6218584346
57.7255728399
61.9612885192
62.9068770633
62.3259803519
58.1249007860
57.6838404407
57.1831045553
56.5710232918
55.6217920838
55.0536848451
55.8476910711
56.6596475528
56.6773093452
56.3712336921
56.8442945096
56.5795216900
56.5696639979
56.1472534952
57.2991414248
56.9789528351
57.4438856776
57.4020933638
57.3396050861
56.8600417688
56.3596012012
56.1086385164
56.3509819725
55.9564842984
53.8210661773
54.2120786719
54.5230879758
56.5705960738
53.4028659912
52.4220580791
53.9649851303
52.7834165410
53.4183599697
54.6463278683
55.4291329665
55.6900640703
55.9812886844
57.1198573145
59.4858068090
62.8288862735
61.9101967615
61.7464371481
58.1831934280
56.4306950095
57.1026597548
57.1059810925
56.1029698854
54.9073336788
53.2975557137
53.7920582000
54.6421674034
54.0379391028
53.6535750683
54.1547356370
54.1067099433
57.3642211480
59.7516498811
61.0445570526
60.5618420020
58.0515272971
59.4987697122
59.5866982426
61.3056326818
61.9552944704
61.8806868634
61.9523633527
62.2042849965
63.4468289004
63.0896438703
61.8180228383
60.0202208591
56.9188578317
57.0914939435
58.1124418246
59.7949956137
61.0290327801
60.7935759628
59.5035558502
59.7674692663
61.0691466933
61.8396408572
61.5121345117
61.3175250589
64.6692238471
66.0740020798
64.9012359082
60.3300884680
58.6805433771
59.5791780621
66.6360363682
68.3511116591
72.0802745241
78.7685232273
78.4689070194
77.3241913189
76.8260070354
74.6947328706
75.0661721211
73.7214656145
72.9837632856
70.3447180439
68.1890411548
69.2676031035
69.2556028199
67.2258823426
65.5063089518
65.8485044997
66.8924583633
68.1219122028
70.0591795628
71.5901486790
73.7574430749
72.3420607192
68.8072944915
67.2577100270
66.2119323771
67.6337886078
69.3316568235
71.9914121010
72.5562273535
71.2331397286
72.3427588317
71.8078302345
70.4297678442
69.9910997405
71.7419156568
71.8777076928
71.5995597775
71.4587174047
71.0951748189
71.6190547479
70.1590555279
70.2443234328
69.7938254569
70.7832697612
70.5101847337
69.1307168346
69.1795861683
71.2047656410
73.5331950418
72.9772899481
72.3328686595
70.8242771124
68.3534582033
69.6027428257
67.5233883925
70.2579288983
71.3010333713
75.4329516874
74.1977783589
72.5233134242
71.7068271043
69.8213200379
68.2642206523
67.5932030657
70.0833316434
71.6541389536
71.8999133400
69.4304044408
71.1287100253
71.8220939057
70.6592565652
71.5802492564
72.2173484823
74.4025872296
72.8742906608
73.4329948038
73.7316963196
72.7424289860
71.5849000851
70.2990821500
71.8185532389
72.4403874385
71.4962047849
69.8550361174
70.3864110219
70.2865962463
77.8125542225
78.4163767514
79.6837882475
74.1706467935
70.3693509925
75.4166933226
74.3742237322
77.5586659284
73.1123216480
73.3650670064
73.8164725191
73.0258575404
69.7257103215
69.8592304678
69.0279042226
69.9199527417
67.7414323919
65.6440889089
65.0005617773
67.3718576858
70.5210533172
72.9040953139
74.2128324480
71.8409655453
70.5395510349
69.5967265694
67.8895210116
66.0268439155
65.3704483612
66.4673474213
67.8219317303
67.3944531995
66.9099360992
68.6579981978
68.0349033462
70.3782735377
68.6224059867
67.7129560893
67.5884545847
68.2642485959
71.5227176379
69.9391123553
70.5130042322
71.7974964205
70.9695332847
73.5441544526
67.7368842942
67.6932543451
68.1390391966
67.5050885928
68.6306421059
67.1989063145
67.6073783461
66.3992427510
66.4974679198
65.8873921555
70.1098137667
70.0000370066
70.1613052700
69.3207130093
71.5271508808
79.3219573621
79.2668399332
75.7188087786
74.5581080729
70.7413820733
69.1746612196
70.8788344084
69.5253348828
67.9368280767
68.3818132885
69.7361561948
69.9306095438
68.6847702648
69.6430703513
70.1618377322
73.0035819774
72.7324478097
72.2884469652
69.8557711284
71.0352776270
72.4658482536
73.6454843762
71.3946624633
70.4070783692
69.1993041167
68.4105687762
69.7390657865
73.4544486398
74.1013807674
72.9551672760
69.8089472239
66.2906000457
66.4670308835
69.9996786165
70.1206119367
71.2921177167
70.1356899801
70.3027065934
69.6713758786
70.0748688154
71.5146375435
70.7300137880
68.9981985189
67.7461393684
69.3335704555
69.4057420639
70.0926727478
70.8549883439
70.8298006045
70.0891768013
72.1978386142
74.1665647793
74.0870034962
73.6171004884
72.4314804660
71.5874010744
70.4908891121
69.3728622152
71.4478762525
71.4534078722
73.2168278041
72.2036931017
71.4224903250
68.2916518189
67.4006435645
70.9338244796
70.6829803319
68.2764363121
66.3960131383
67.0444851215
67.9115348687
67.9739399300
69.6401385156
68.6793661203
67.2857475669
67.4915720650
68.4512662717
69.9526991775
69.5461346534
68.4559661334
69.5886295058
69.1754280114
68.2758748779
69.9081415222
70.3430309714
70.6638069983
68.6463808416
68.5194681195
65.7682567309
68.1909489771
68.2679188891
70.9096940860
69.8822309091
68.8997102392
69.3899872793
68.4206861746
68.6187747592
68.4960732634
70.2219328512
71.9666525017
72.5438085867
74.1216564142
73.1492189598
71.1029238267
69.6699814717
70.4754116250
69.5196048120
69.5193727753
69.1979175102
69.9331860304
71.3152725511
73.2750413870
75.0351020796
74.5004863406
74.1720112654
74.1965330839
72.6495078659
72.8735330923
72.9251994881
72.6648742872
72.5799059939
70.5098362959
69.6909897743
70.4017604978
70.5013719056
77.8047245828
80.1673742838
82.8014279227
85.3600339631
85.3743601853
83.3353325703
83.4245886999
75.6067216033
67.9597807016
68.3344177631
73.0526490784
73.6525357779
75.7321094926
75.1799040146
72.1011412059
69.8744680751
71.2793294716
71.1816378333
75.1582187670
74.3805439880
73.9501739024
71.8273360618
69.0989221708
67.6359474591
69.8428200417
67.9489781016
71.2429854679
69.5655355608
71.9983340002
71.1523438037
70.6804262971
68.6760522733
69.7452864524
71.6180285554
71.5130256254
66.0929589263
65.2880261915
65.6467924731
68.1850544263
67.7516788127
69.0987853896
66.8405023016
67.8770254730
68.7906316495
71.3369262790
71.3608357306
68.6529796870
67.5153818199
69.2330189946
68.8405607626
68.7737505029
67.3663581727
65.1571510784
66.9269093097
67.7733973680
69.2279652374
66.6708128817
69.6768732512
70.1125018883
72.5922881437
71.1844279060
69.6060249680
68.7687482348
65.9127876616
65.2555677263
68.0460599213
70.8506857856
71.6103584493
73.3867372642
73.1254286912
72.6443268077
68.2021892069
65.3290252549
67.2112089376
66.2267626430
68.2884927815
69.5707918606
69.0818480430
69.5425055206
67.8117998073
65.6978227196
65.7830639274
64.4866632807
68.8495384955
68.9694213069
67.4480321303
66.0890311511
66.7500128223
68.0029360370
68.1044560965
68.6210603473
67.2070797874
69.1780715825
68.3189877733
67.9197284268
66.9996387897
65.5303694847
70.2805944654
71.0001261057
71.7881557587
69.8512785631
69.6350170551
67.3536785439
68.2452292829
68.1766202801
68.6773332215
71.7099477677
70.3140950947
72.1171842203
71.5754983120
71.6602202012
72.9591635864
72.0772343475
72.2279870744
74.1068256340
74.2330024401
74.1612993804
72.0955453856
72.3535614934
71.7288128485
69.0551938165
69.8596002022
69.6821534644
68.4214908791
68.7338850030
71.9201108671
72.4070250382
69.9099664381
68.3741359297
68.5510104072
69.0135389501
69.7861189069
69.9632332373
67.9511629589
68.0522028836
69.2125392136
69.3723968974
71.4224566457
70.0290003041
70.1161923257
68.3075480394
70.7821425804
69.6616246049
70.7865828059
71.8276196120
74.7885444854
75.0704341568
74.1051274215
73.0227638576
70.8661230033
70.5744870770
72.3677438535
70.1852108310
70.0413581713
70.1595279663
69.9702804928
71.6516155386
69.0922320814
69.5254769595
67.6230242076
68.7306056305
66.7247920701
67.1920891595
67.6410025274
68.5212290764
70.0534407687
70.2405773149
69.7728669130
67.8335644366
67.2189469914
68.5857487926
69.9664135674
69.5526514717
68.0559158102
68.4457927702
66.6120188219
66.7152652981
69.3186005374
73.0895345258
69.1656400282
71.9660848414
70.5321419071
70.3181092641
71.1675895277
72.5623288846
72.4032416046
73.5558666590
70.2244582752
69.2343505196
69.1798376145
69.2971119553
68.3207182143
67.2829601135
66.9293821893
65.5647395775
65.4937275213
65.5000051489
65.1677342679
66.3281085911
66.2041121279
67.6412306707
67.5612499838
69.1539662220
69.3838434575
71.8983977912
71.7859300745
69.7235579623
68.1978806931
67.7562505197
68.9647185035
69.4502921136
70.2775819150
71.1715986475
70.3183155646
69.9114703986
68.9061313830
69.5225883204
71.8103362699
72.3050131142
72.4052194721
70.4034048429
69.8694149114
68.8909988001
70.2837818987
69.8390283081
70.4853874311
69.3203017907
70.5547075624
68.6353537871
69.7764127675
69.2734105653
71.7662135057
69.9196417942
69.4538124665
67.8843749014
68.0587973553
70.0259305711
69.0552341114
68.4342812543
71.1479805202
71.2533959503
70.6334561502
69.8975358444
68.9551920198
67.9129803933
67.6409400308
67.2255955280
68.0901101092
68.3088511679
70.2531885465
70.1519380505
70.1228540391
68.9714865431
67.1053166181
65.6260083635
65.6191579040
66.6358456980
68.2987571256
68.4971209076
68.7875224727
67.7913978535
68.7297992766
68.0271676466
69.2553269447
69.0886400642
70.4033806231
70.9708798925
72.2524611404
71.1684765368
72.0678357501
70.3610761383
69.7668236908
69.3781006473
69.7661046782
71.2642499234
70.3510808363
71.7431355089
70.7580224804
72.6884645877
73.8416517654
72.9976608065
71.3452654992
68.9142285270
69.3435098527
71.3711529679
71.2799197011
69.2529563820
68.0027013914
67.9255253029
67.6819900179
68.3306038354
66.8830328278
69.0178976680
68.1062963846
72.0339561547
72.6382261941
72.1708957733
75.2333071329
70.7618747185
69.8721890078
70.0587202106
67.9700151306
67.9639496489
66.6929690966
69.1730244098
71.9186687439
72.4211008057
72.8835931525
72.2661302864
73.2504492010
72.0286989073
69.9891635198
67.0484915388
68.2526450533
67.6407713979
69.6027728686
69.8995020008
69.6358302755
69.6937267238
71.0448773159
70.8842997143
68.1179196553
65.1260651035
67.1862686131
68.1818446507
68.9589527899
69.5182545313
73.0108256470
73.9420979740
71.7771720695
69.9107990362
69.2282406332
68.0126986866
68.4619571795
72.9641943788
73.5061252990
73.2739763372
73.2094259183
70.8751963493
69.9401026156
69.2634680207
69.2766274472
69.7136372765
69.8867606796
70.2113565673
70.0392403490
70.6657668540
70.7040761588
69.7978279146
70.6307564834
70.3851620929
69.6572452172
71.5264872047
70.7827851600
71.7106899250
72.0199769389
72.9047699330
72.1813443366
70.7307779323
70.7400018856
72.7733012922
70.9346569471
71.0702896541
71.5483177846
69.0381310661
71.8528057057
71.2847774528
70.1002289674
70.0142874803
70.1795099553
69.0614396434
67.1587766299
66.7209337400
66.3126402204
69.9027360978
73.3934934422
71.8415410473
69.8547508370
70.5853413608
71.1394069898
73.2565287055
71.0120383571
71.4695532384
69.7956841415
66.3874941554
68.1185641595
68.1131318474
71.5866140257
70.8620249497
70.2495966405
69.8486253794
70.2827068456
70.8691241381
71.4219602451
70.8430422602
69.0538006639
70.3072551137
68.4721267678
67.5068800041
67.4981458766
69.1832429188
69.5765400758
70.4604116181
69.5353825247
69.1844231410
68.6682571850
68.3760205190
73.4126129642
71.0618538342
69.8606716257
69.1165564109
68.9955150902
69.0236505344
70.2197404605
69.9098617302
70.8683389961
69.7244026953
69.0318801064
67.8011349239
67.5941954725
69.3603277312
70.9945942093
71.0192330778
68.8070295314
67.3293061300
67.9577040642
69.5376832034
69.7818717069
66.3391677981
66.4528768106
66.4525143608
69.3033625661
73.1967591858
77.9517286690
83.7218676104
86.7242075042
80.0910861082
78.3662560352
73.6712784330
73.0536417610
74.8396604450
78.1899596708
79.6083269515
82.8282353461
78.4264567248
76.4844751313
73.2707209950
68.7340146454
68.1199041070
71.0341783443
72.0479211773
68.1395726921
62.6338119908
61.2016116616
63.8072215309
65.7778542181
77.7663618521
80.7474790703
83.1364167721
86.3425211155
80.3150657019
84.0906191079
78.4821034499
79.3523871382
78.2014394555
72.3972889872
62.8231591946
58.5382731049
56.5422914810
55.5502327381
54.7952652441
55.0574314197
55.2143918363
55.5463962425
56.3349495615
56.0507021716
55.5421909661
55.2066204479
58.5273721834
59.4444484266
58.6380286450
55.8880141645
56.5297467028
67.7261883725
72.4181587716
72.9407124605
76.7948336261
71.8937241174
73.1634495891
68.3966141706
64.9806181335
62.1160248512
59.4830043875
58.6250558407
61.8089181020
62.5220930606
60.8871428761
59.9439701205
63.3119779832
67.8204070963
67.5210704910
67.8289364161
60.7958365963
54.3803247374
55.0419154271
56.4512906904
70.0880332965
70.6022127765
71.2196121433
63.4082552944
54.8745717791
53.6940718767
53.3443297764
54.2172453378
62.4623854059
66.2335850944
66.7830642273
60.4567600006
57.4007792723
57.6352494739
58.4806901014
57.8540152775
57.6010172932
57.4531312549
56.8182265016
56.0648143455
55.5948443068
56.4574365934
55.8088758531
55.3384143493
58.5358867779
57.0370807135
64.1229614656
63.2485698732
64.0103449443
56.3917775090
58.2926539801
55.9122741015
57.6799162713
57.7158457430
58.8195916966
57.7227893302
59.0055502870
58.2561700193
58.3542408126
57.5103904642
56.9423234240
58.0660212265
59.6806549836
58.9158753412
59.6115874724
62.6218237946
63.6158356940
63.2859102886
59.1576944119
56.5037464413
56.4195040412
55.0724786724
57.3013054046
56.4298378725
59.4230045290
56.6750547325
57.5670516319
56.9327597408
59.8252612173
60.0883698233
56.8844467101
58.1996264783
59.4143912397
62.3584671879
63.9596405569
64.6046606719
64.8053544315
63.0318722562
60.2649203706
61.3204253064
63.0620210378
63.7685832927
64.0950727574
59.5281939599
59.3752240069
58.4962376907
62.4757059404
65.2252197383
66.6796352650
73.5274955746
81.3004978794
83.5403500277
83.8937126939
82.9798592720
81.0757829284
77.2354709801
78.7279066738
72.6251732567
72.9461409105
71.8244213794
77.7944510007
76.2421052809
77.0261666534
77.8104608525
74.8697277980
73.2424034216
74.9667349887
79.2518404588
77.9708658605
74.1063049190
74.5699608355
69.4782059532
65.2804957441
66.9690735502
67.4142972783
71.2328503730
75.3966290151
69.3802597940
66.9401509224
54.2305184561
55.2786335496
59.8169175056
62.0032666317
61.8525177085
59.3491028128
58.1806311416
62.4861753889
66.3524346007
63.4709458548
61.4259382931
62.6505423127
61.3162096494
61.4092519887
60.6709390913
71.2573078617
76.0656295152
74.7246986317
75.8440194516
70.6780445650
78.5554001605
70.1392633976
70.0645507936
70.1622151948
74.7375551039
72.5152903222
69.9615481950
68.4511739895
68.2540518069
69.0755899913
70.2265729271
68.1633673137
68.5159862857
67.4320656194
67.5806962525
67.5349696945
66.1092573946
63.4841272305
67.0103726412
66.3016887276
69.1578207764
67.7157212991
65.8062662178
65.1108882528
63.3472261076
63.8368839535
62.7899881046
64.0127325517
64.0811931513
63.5817027530
62.7291129485
72.1949737983
72.5253136281
73.9472946219
74.2264926644
65.9681010050
64.1546572097
65.4055114384
64.7907392013
63.8122320725
62.6653503005
62.6934517500
64.7553776169
68.5108602789
68.9086710736
64.2658251485
61.0276003737
58.8805372110
60.4853412324
61.1422378162
60.7564349206
59.8556654286
60.5131237468
63.2134630145
62.3742681722
64.4302112395
63.4753788461
64.2772896863
70.8896398271
73.6358037357
76.3534727599
80.3320580704
78.3481204172
74.4524909853
68.3306281043
68.9920731688
73.1378165800
73.2833514246
71.1099124021
65.3230612071
65.5980303034
65.0695672058
66.0426779795
62.6606053002
63.1882904803
63.4925953955
64.4011385438
62.9629592495
64.3950260182
62.1957374138
62.2240916609
58.9889938385
56.2629257301
62.1275187961
63.1605603345
69.9983796321
68.4941431038
75.2553806925
73.7708172145
82.2761212851
78.2088636195
73.0833371301
69.4841533204
68.0863532885
68.5367637876
68.7719298326
64.7585761483
60.0136032156
56.3845153559
57.2106565198
58.4843975472
57.7876958967
57.8991855712
56.1034463724
55.6123077116
58.9009762297
63.7367566548
64.6907539282
58.8954076357
56.5800766758
56.5942116594
57.3505097178
55.8675850823
55.6371564855
54.8982619735
55.3831390041
56.1949879192
60.0810866918
60.3100526271
60.6247089850
58.9097466273
62.5754229715
67.0026645032
67.0566111939
62.4497615133
59.6253758927
59.9192543548
60.7242106165
59.2613534708
58.7954276346
60.3727449356
60.4715430653
60.1271267466
60.5055033472
59.6634968289
57.0426163063
54.4860511633
55.5466058426
56.1421384488
55.6810166342
56.5450765410
57.7709034716
59.6506282098
60.0684919132
59.2277448316
57.3590701829
58.5678407420
59.5939661649
60.1094683523
59.9889994697
58.9045372203
56.9084543770
58.2144848320
61.6521019723
62.2776992379
59.3000482343
55.6640135670
56.1167396465
56.8711379252
58.5399931244
58.9230547933
57.9506356011
56.0606145204
55.8509606018
55.7200028612
57.1236396395
55.7581192461
58.3947527924
57.9742167385
58.1244837275
54.8039045650
58.7380246895
59.0784116250
61.3036331569
62.9543162434
63.8868600925
62.2954364104
57.4747248875
56.6747706874
57.7437282067
57.9630116834
58.2524606228
58.1775524161
56.6503979552
57.6523455784
56.4013374270
57.3576424045
56.4686029292
58.5742936698
59.1814935943
58.7416993873
58.1571661248
57.6737399471
60.5388383331
59.4336551875
57.3420140423
54.9734083928
55.3485688773
56.0306392570
55.3146293167
54.8728807459
54.8055389821
56.2524276281
60.6864257463
62.8918431819
62.2164383521
56.7062744721
54.5104921688
54.0818543811
54.4330870930
56.9686754233
57.0157811266
56.1258068740
54.5611269922
55.2961468427
58.3390059096
64.9216536406
70.3625640762
76.0277966724
81.7087651804
83.7455296238
84.8318539713
81.1016719495
81.8145065506
86.3800943262
84.5350807871
90.9201165676
89.4469996006
87.4639711316
88.3688415223
86.3929371690
86.1066779057
83.2744583643
81.1205171692
79.2871256809
81.0792124126
84.7053950370
85.9822589397
88.5611754121
88.5906827317
84.7288436194
80.1661965270
80.4982790082
79.0645151905
79.7573780945
76.7743857504
67.6454806389
68.4537376521
67.8207753854
71.0958847171
71.0754973048
73.8628926827
73.9961106001
66.5860527895
63.1005903667
65.6716725744
68.0359524045
71.8049634610
74.2814343880
75.8840680086
78.5428999101
81.3090629884
79.7661874002
80.3885659738
81.3866479515
78.5979582701
83.5614377628
87.6260053801
86.4083798289
86.1403431529
85.3393142473
90.2521083717
90.3053577441
88.8279304964
86.3711167933
90.2875768553
90.6838279598
88.9152244172
77.5184305267
76.4920834947
81.3534782669
75.7195297696
71.3422898025
67.8797665315
66.6029163817
66.0350095895
67.0255610929
68.6530644342
67.6808627742
64.5984649299
67.0601969927
72.3663986590
77.4030046747
76.6656683187
76.5551262263
69.1749462011
68.8062411566
68.0884419300
65.1245672825
69.1991132297
73.6197389045
73.5533898915
77.9177139588
87.9812140256
94.9409760805
95.6731836257
90.8819027386
89.7154077803
86.9652889079
83.7713705729
83.5252375726
87.6296268957
86.6896117132
88.8875301725
90.5363093607
87.8776944338
89.5975921298
91.3394354699
88.9504106347
93.6075608065
91.6665375358
88.7698958425
86.3941729827
85.9613291246
82.8808736961
83.8191214903
78.7186806266
79.5695602189
80.7430981027
76.0470288489
75.1325963724
73.6971989662
71.9734670013
67.7133512671
71.2045524293
76.7325016349
78.1305099066
79.1922570255
81.6924524194
83.0281715296
84.3218999150
83.6095342789
81.6650101873
82.6981099069
83.2604988369
78.9472345204
81.7324006720
75.8636975662
71.3580970873
75.1884345530
74.6077997711
82.6769927652
86.0335312190
88.3330846910
84.9020276822
81.6289701768
82.6304018385
80.2298395933
82.2278733829
81.9764234634
79.7101168056
82.5013153854
82.4474652436
86.8710071376
88.3355969331
81.5158713416
78.6563664259
77.1416300445
75.5617149028
77.5550156570
81.7819497965
83.9950090075
83.7569921881
82.4602005717
84.6411059866
79.0737039809
84.1399524788
83.3488296838
83.1120584861
81.3197558996
83.5876469938
79.7980249669
83.4020372684
83.2824239975
84.3142911054
83.1595677903
82.5208362151
80.9526806522
83.0924003263
82.4998817361
83.7434307171
86.1196135894
86.7166992681
86.3326913056
86.2548968284
85.3626297953
86.2345462863
86.0755703983
85.9872362541
85.6562697907
81.6416169274
81.2357504826
83.8306375648
82.2573824853
85.3629946892
86.6465881712
86.4455536429
80.7630355457
81.6726855330
83.0746601169
83.4383218630
84.1519904819
84.9563883896
81.1674159849
84.1741495780
85.1972796503
84.4366031159
86.3054376461
85.0089148354
84.1124520862
82.6580170398
78.8233170021
78.6749910889
82.8334101270
76.9773639524
73.1996704101
74.4452596025
71.9946331605
83.8036393989
82.9929423432
86.0487211697
84.0843352595
81.9711734836
83.3376900096
84.4441448518
82.0749103560
84.1282743917
88.8619218601
88.4921467638
91.4706026355
90.8827407889
88.3032710299
85.5203343989
85.6644393942
80.6668405586
78.9463429800
77.1446075562
79.7023360595
80.1901146398
84.1696756132
82.6260387759
82.2796344698
76.6234832350
78.7924672179
81.0137106475
81.2395759961
81.3091227875
82.3914503209
83.6735036929
86.5283551662
88.6332996739
88.3017085458
83.7350580919
82.0180129127
79.1249902783
78.9594958851
76.9814753589
78.6595342226
79.4805095200
80.9915775439
85.1303096189
80.8141480570
87.6583894908
87.8802844371
83.9794276653
83.4677174371
83.2034228739
86.6824298451
86.0919049348
86.7013168284
83.0200188990
82.3764936768
81.6656923386
83.1876333217
81.8394514148
84.6996998365
82.6746931288
81.7454098896
80.3002433604
82.0157030933
85.0821678151
84.9197128090
87.2221715570
85.5106950467
86.4192314698
86.5046558955
80.4843569029
81.1957830626
77.3844288553
79.6891938271
80.3865256036
80.4794985115
81.0527576672
82.6265264702
81.6962812804
79.9815650289
82.5668887586
84.4376698255
86.6508829690
85.6863479078
82.9665711188
87.0237191863
86.7624826838
89.4661656124
87.4377764779
83.9418119084
81.9428765382
82.4999127603
86.0025163460
85.2432498902
84.6164993096
81.8208165549
82.7305100622
84.0706510053
82.0429171346
83.2037689246
77.5245580826
76.8673189117
77.5719716196
79.8961151648
82.7999428199
84.8880011854
85.7858434855
84.1147517952
88.0900877854
85.0261408548
83.2702362186
83.4522731302
79.8016731354
81.9400663193
85.6142818117
85.6595822630
87.6844845921
86.5668454085
82.1060131822
79.9686187130
74.1900814592
70.3043036470
73.1346062422
76.1980758599
79.1670188942
80.8145947493
81.1439463052
78.7172671660
78.6077574631
78.5181110635
80.6694097987
77.7419710443
81.2635516877
78.0132912831
78.2332063244
74.8154888701
70.5173778146
67.1920408444
64.4001289322
66.7489600560
68.4498074749
70.5697213356
69.5326457291
69.5714500149
71.1198765128
72.2580271201
71.0056324546
66.8858649084
66.2641191060
65.6389242559
67.2492373367
66.4708169484
65.5803194199
64.5064124913
62.8204967512
61.9547680311
60.0328115518
65.8058317852
72.2046904777
77.6923728207
78.7256507301
80.8654508901
79.9270243429
77.4317799437
77.4152165370
74.1099761641
67.8066888322
68.7150531023
68.4801645214
69.6209293660
71.7417240623
75.6140502425
83.6582191983
83.8711700750
85.5073140228
83.6189710115
88.1623721918
84.8628816051
86.8663976753
84.8204872533
84.4145417835
82.4118556739
76.8481401820
71.8047453082
72.2839337461
71.5309335467
68.8530873663
66.1352881704
70.3200818909
71.9575297463
72.7311214926
70.3771124766
71.1916439757
72.9366544461
73.8634058557
71.3988998807
73.1921059067
71.9170345707
72.4252280085
74.5062435540
79.8430420713
78.4851798534
73.5640988610
67.5677960265
63.1505214717
64.8061415521
65.1855693013
66.3798363867
70.5185760910
70.7460055318
69.5958192709
67.4376889522
62.8152001418
69.0167305537
76.4804752540
76.4106910901
80.5746395449
77.0955680711
76.4000566085
69.0566888404
64.9890209765
65.0493947298
70.3905085414
72.3041570101
73.9952144876
77.7827646238
77.9052541622
73.5683242508
80.0834501831
83.5682455980
84.5862622248
89.0497429656
81.7697949130
77.9861370221
76.5367743141
76.7030644792
78.7842656225
79.6132631435
83.5853437128
84.1453376236
80.2456467331
78.7780511272
78.3171150720
82.8496925668
79.3947397199
73.6178391234
72.3523675354
69.7676828425
69.1933425388
68.7387604750
69.2764218576
70.9293712516
71.3380321286
69.0110219207
68.7062875521
68.1977083904
68.7236370536
69.5047486166
73.1836319868
71.9877435114
72.6981185784
81.0665470372
81.9334116049
84.7698326909
82.8785855021
83.2561034280
80.7235288209
79.2673889114
75.9673386026
80.0121288605
73.3654770467
72.2354006873
68.1017261998
65.3661310702
67.7127755555
68.7760759165
66.9240003726
64.0122807079
65.7746520385
67.9279802361
67.1082425394
69.8985400027
68.1329107302
67.3669644383
66.6728909453
70.9732725164
69.6617324221
71.8619448812
71.6145442851
78.1530069550
67.9580488856
62.7091464758
63.9605704453
65.9908605057
69.5429181593
69.1294093338
69.5377868600
65.9743041569
65.7106997027
64.0339428098
64.0175322728
61.9079308745
65.5925257084
70.4735098044
72.0701204584
76.7509884365
76.1660011456
75.7975729146
74.9888430610
73.7228796212
71.5441585520
68.3572559567
65.6231048106
65.2553837839
64.0767334024
64.0018133814
67.4989011920
68.5810979569
71.1465426950
76.6291962533
78.2887157553
74.8715288630
69.2823469586
67.5253187148
67.6297257847
67.1804797213
65.3192119592
67.2932270512
67.5291733681
66.9596033428
64.5864710160
63.8144141603
62.5579570735
61.9243204846
61.9042592318
60.6350308936
62.5544068938
64.3929750207
66.4415615771
69.2274591314
71.7499868132
72.2492917812
72.7276381522
71.8058660176
74.4161654828
73.8545796110
71.1758117244
70.2286686507
68.4855197207
71.3011893492
77.5547405054
74.3372220560
79.3755373357
79.4387746022
82.8956253047
84.2035186714
81.7278519091
80.7843624754
79.5123329082
79.4868464488
78.9709899096
80.6609924735
75.9330488806
67.8670473816
65.3236548044
65.5133075915
66.9765050549
66.0094356936
61.2530864370
59.1138810114
58.4070054641
59.1897817884
56.1625253185
58.3321406621
60.6221757192
66.5027317780
70.5369062757
70.5240557093
77.7745677471
75.8313707414
76.2900575461
76.9329787038
74.1538498762
73.2724240150
74.0931508277
69.0488866463
62.4816328576
67.5106424131
72.0547182847
75.5580840448
74.0580299983
73.3978619626
72.7913097587
72.4104126067
71.2627212374
72.2972901567
67.7244687664
67.1858942321
65.7325030850
69.7533233297
70.1456518579
68.6223115793
64.6020877155
66.5233255439
68.2157280654
69.1836665995
68.2801907404
68.1913639297
74.4086902394
69.2914720616
71.3767851543
73.6752446334
79.2831455916
74.3581966423
72.0776399499
67.8124665581
65.1016238839
66.5712775779
67.6819696968
63.8466327291
59.8734901985
61.3086301918
66.1345246822
68.1094403535
67.6361035904
70.1678631132
68.3836088410
68.8534354378
66.4676302893
67.4444014672
68.7774996485
73.4330635714
71.4431229010
71.1063031876
70.0982024769
73.5331050365
73.3391140884
75.6914858392
75.1871405683
70.4007078571
68.7129804921
67.4157088805
68.5815238148
63.5181009633
63.3332233351
61.3994240307
61.0589843732
59.5044213185
64.0299839649
70.7817799392
73.7616569021
72.8028092602
77.8086323501
75.8202486825
76.7337253880
74.9246192266
72.4237851973
71.1516715734
70.9396232211
68.7386875413
69.6997650417
70.5436398160
71.4898365666
72.2739274216
73.8921361219
74.7232252897
75.0938944376
75.5879187898
72.9788261121
71.4930743242
68.5828117709
66.0574123029
67.3140545253
68.1483992831
69.5634393211
71.0814580757
73.7786298377
76.5499121725
78.5749868151
78.8818655142
79.2506939698
75.8583965224
74.1266972611
75.2798428462
67.4870457399
65.2450003845
62.8174581761
60.7497959736
63.0238535156
65.5437491045
73.6149314776
74.4300423524
70.7852296423
68.3978635944
63.7174721254
62.5224262536
65.1849245590
63.7309586731
63.6424863817
64.3967390060
60.2783998000
68.4651319265
68.1385417463
68.6521852369
63.6540125163
60.6424680515
61.6895076735
66.1992724531
68.9870402693
71.6764157460
64.1037335841
61.1371283454
55.6336949840
56.7859675395
59.2552000098
62.2937223040
61.9793934337
61.7902435914
59.5607204501
60.3272847019
58.7770712613
58.3066982922
58.2250513928
60.0285927399
61.1146389787
61.3592838952
60.3259523032
63.0115817786
74.2724816980
77.8310411280
77.6325321546
77.8101651770
72.3999351168
76.4013462956
76.2128259129
75.4363092889
76.3844893135
76.1118748771
72.3548162193
70.9243740025
69.9555254860
66.8394517211
67.0674687824
67.2829015439
65.4624053625
68.2145009219
70.8368894858
73.1835756343
69.9242927832
70.2912301050
69.6000226859
69.7086757056
67.7001451587
68.0696272729
70.0378874852
72.4159105600
67.9110317704
67.4027443023
68.1781984665
71.0902651692
70.2156641016
73.4151851499
73.1753539790
73.7373858571
73.0708376333
70.7557768769
69.7195680987
70.2710055072
74.1621418411
78.2584404638
77.8261171344
84.8472201032
78.0431675256
76.7014440737
74.5010602356
74.6387376173
69.4786741148
75.0924654427
73.5423922492
73.5176035699
74.4723772550
74.3991859272
77.7770074534
79.2839122545
72.6520384599
65.7387166391
65.7657296413
68.9035755470
74.6981066515
80.1691389222
76.5532529393
76.6136121117
72.4918874062
68.9412257634
63.4555304154
62.8056687346
65.7835454482
67.2193104518
69.8477563375
70.8164395166
70.6755353084
67.5017072326
63.9276370956
62.1274267682
62.1285845254
63.4482915835
67.6982528880
67.7732810364
66.1172438079
65.7082384291
64.9286540963
69.7369117443
76.1627129551
73.0949202749
71.6346237035
70.9285980034
69.1728570705
65.6159741597
63.5652827154
59.1969314922
58.1495960040
59.9423863246
64.4195118598
66.3661666890
66.4587765400
65.3554572669
64.6789270036
65.0222818914
66.8378765670
68.8838496768
68.1672249547
63.4262496916
63.4058895239
61.3298025679
62.3617438959
60.1772600270
60.8180994544
60.8065370311
64.6951374414
69.1110399754
68.2034252076
65.5642031708
58.8488259804
56.3034377389
58.2517498289
63.0221140107
67.3636431183
68.1807883145
64.9640751686
65.2055163238
63.2699710506
63.0561845651
65.0029028723
65.8543548412
70.5144619067
69.6505673894
65.7902428672
62.3305746981
61.6037534864
61.2597266755
62.2775274722
65.5489861443
68.9710283297
74.1793242342
75.4643714097
76.4253082573
71.9400729801
67.0353567392
64.1205895979
64.1859172930
61.7199586922
59.8284946369
61.8689477645
63.8194178611
73.8864682047
77.6614207445
76.5733652742
73.6086391591
68.3109753379
64.2024371608
69.6220171078
69.2972910684
69.0458093811
66.5048891468
64.4807528581
63.3229326228
66.5942755571
66.7105369104
65.5939464694
61.3834016820
61.8617908657
71.1463415529
71.3761674420
76.7128979619
73.4281666894
76.4815048608
75.4450678016
80.0398760386
79.2016601080
78.6700136931
69.2015406652
66.9748107474
64.8596744579
61.6328414190
59.4089112650
68.9253470261
66.5084464957
67.7324595726
68.4569640160
72.1076121006
74.4376637154
71.6782325564
75.6980359114
78.2400229035
78.0703295896
77.9098967795
76.4733875232
76.3628230796
74.3179474300
71.8669706449
72.5498152234
68.9227780610
66.3985597966
63.9661479167
65.5954143431
66.9514015622
65.8897573521
62.7049796047
69.0695291658
68.6298973472
71.2231392703
71.1583722442
70.0350377412
68.3060323527
68.8230643430
68.9643741085
67.2111595581
70.4320213996
71.5739303302
72.3270535458
71.7886771053
68.9377805399
68.7408716316
68.8971310205
66.4798181329
65.4538758414
65.1596001128
63.5740983255
65.0059291854
66.9521503878
68.5764638615
69.0245648484
68.4099375223
66.9055940340
68.1993563330
69.4140838286
68.5367180545
75.2328868109
74.5373808598
73.8649668549
73.6740579029
66.0333730622
64.2295506321
63.7792065327
65.4687877594
64.5973550019
65.9007994420
68.6255485556
74.2127049647
73.9051639551
78.2259869622
81.1142468520
82.6277714739
76.8012027664
76.8481163000
77.7959930527
76.7049518179
73.1349105126
68.8934441693
65.5309068949
65.6099946307
68.8621748961
71.3487114176
71.2536300543
66.0625438997
70.8009849836
75.5853290818
78.7998969231
76.1988448013
72.1432438120
68.0994278086
66.2741345566
71.0761061088
73.0042078335
73.2707646790
71.8894204475
70.4196070134
68.6554532617
67.6383863324
67.6146415242
60.7408982330
61.2094882157
62.4623577636
64.9330564362
67.9509171538
74.1692613049
74.2256300337
76.2328457648
74.4230412203
74.6190214822
81.4923127347
85.1609770086
85.1691440602
82.0398298970
82.1723684876
79.6765348519
72.8620724602
67.8800455145
65.8967831347
74.2056649754
79.4519643374
83.7854443543
82.7862063204
80.1021128919
72.1795443385
68.7961922198
70.0125314685
71.3322245180
78.1323280052
80.5724741277
80.8407298324
77.9182542775
72.4149193327
67.7452005428
65.3282104102
68.4481583050
69.2408702640
74.7328455260
75.0140597025
76.5611752768
79.3396684988
74.7614830341
74.7722977181
75.3345782869
80.2420139113
75.1434525463
75.7728782625
73.8055091912
77.6546480219
77.1507742341
78.1010447034
77.5028696938
82.6382908800
82.5989478233
86.8239421258
90.8596499280
77.5027021763
81.8159491835
76.3845093430
80.3809857490
78.2537049788
80.2472317892
81.7453310798
79.2145328439
75.9605114551
72.4580796235
77.2820195686
80.2723062980
82.5189983201
77.4599189460
76.9136714437
78.1885139996
80.8168208621
81.2910926502
78.6445656982
78.5754164010
77.4470682371
77.3651424408
79.0363136606
84.1111980798
79.2401876803
78.5675132380
75.2875972763
80.2370698821
82.9862317248
84.6753742223
79.0840239970
79.4173670368
74.7645998579
71.6079722178
70.1646303856
69.5360961644
68.5434802182
72.1713610928
72.8373822554
74.6863552854
74.5504453257
74.3343417003
77.0452565201
75.3557408008
75.8593339543
78.4013422318
76.5382163936
75.1625386261
70.4395071245
65.8401522086
67.2067440176
69.6641926491
70.1080728296
71.4644462589
66.4972606351
65.6404288557
69.2794880730
70.6345652916
69.3166611941
69.6501588293
68.3056451686
68.6451568029
70.7821567470
70.2582804725
72.3489979087
72.8394643250
72.3431422680
75.4032054976
73.9668294341
80.6676747944
82.1526004209
81.6043557938
74.9467810622
75.9763406410
75.7469763079
77.7311947091
79.2364657774
79.4535526852
78.6208007238
78.0189583038
77.5230332179
79.9496080579
77.9968626591
79.5205714610
77.9286560207
75.4586185643
74.6958766998
73.9728221658
78.2823039491
77.0443842673
81.5027782884
79.6971052854
78.8994391242
82.7854966261
84.8405868099
86.6103244791
82.1956998135
81.2258459747
79.2154008610
79.6589572034
79.6414994859
82.1560788276
71.5802588656
67.4889226156
66.5854376790
67.6892669735
66.4239681087
70.2694634754
72.0404524659
71.4121359735
70.8667633432
72.7170265415
75.3863520991
79.8213454002
81.5944743508
81.9100916334
79.0874336001
79.1528587254
79.1225560727
79.4820060617
80.7185244149
79.6322566591
77.6864622650
77.2258270235
78.3601631623
79.6975088699
77.5100148967
74.8295271933
77.5181899073
76.7247335040
80.8848473346
79.9786649839
78.3746709712
78.5258977281
75.7673205662
74.5271112058
74.9231248149
74.7799079252
77.1227092085
74.9860146106
75.0716213662
76.5977275070
78.9518941826
79.8586297999
74.1457280555
69.0124293133
68.5781251365
68.1357299168
66.9223960633
67.4071086589
68.0809262134
69.2100882123
70.5483372057
69.2660403527
76.4909695617
78.0474767246
80.3406965133
76.6506793223
78.1062063245
84.4764990079
83.1596164926
85.1229900378
82.4899379355
84.2227606185
80.8263745719
80.6414413776
79.5713807700
81.9229469417
78.8486206857
83.2397648485
87.5740694306
84.5530216041
82.0007980078
78.3276168707
77.5773233304
74.1479026075
70.8515511620
68.7188508014
67.4107496726
65.4177823016
63.5652223881
63.6289496858
63.5938360423
63.2673358613
63.8272726263
63.3273207517
67.2523312723
66.1596688037
67.9943055166
65.7514558444
63.7664621332
64.1644001164
64.1383455814
62.7940169292
62.5621739384
61.8718410092
62.1307446492
62.7310121725
63.9300597051
66.4419162486
67.1445491656
71.7889832833
81.6705997029
82.2699818612
82.0750418046
78.1083856696
75.2130354294
73.9754979888
79.6419328816
79.4887613349
75.9937381523
73.8252424680
71.7114937439
75.3778847846
71.6327211909
72.0851892097
72.0034825699
74.2012203243
75.9080648181
81.3286262866
81.3297247304
84.0880199425
84.7716822034
81.8312098648
81.1607933567
77.0005518484
78.1579338934
80.4194456899
82.1633284241
82.8299000824
83.6058106378
82.1445895126
82.9126993056
82.7988538611
83.0689085530
79.3830465751
83.0606044780
80.3301440730
77.8050990430
77.2400868744
78.2554545950
77.7345251187
79.3648466689
74.4388043900
80.1233684982
81.3282316883
82.2200326300
81.8067439965
76.0527427106
69.6864811887
71.6591909087
74.3381180489
77.3566847530
81.4511081657
78.7689874328
80.8022153889
82.1291305791
85.0100626116
81.3387098896
78.8665793437
77.8662846145
77.8931366590
75.9712366513
74.9626592354
74.4539282119
77.7865118808
83.1245322153
81.3653252772
76.2961841804
74.6507221985
77.2261357269
78.5124439926
81.1466993534
80.1247113881
78.2078798707
78.6155938735
80.7313970303
84.0307467317
82.2854499375
80.8026793272
79.1482543931
76.9141431309
77.8761573559
82.6852813720
78.1586844001
86.8967064299
85.1225211791
93.9472633069
87.1905550494
83.5395959379
83.8700460083
84.8924223899
86.3775838509
86.7583289549
86.5168755676
88.7017612367
86.7534425537
85.6821627863
85.3608723503
87.4113084725
87.0150847008
86.8278635535
85.0619586272
85.8241701431
81.5926748085
80.3750052150
79.4453586295
77.9009310629
78.5168782754
83.5425870934
82.4313162240
80.8786625753
80.1418475715
82.8924890314
84.2483628112
81.4550868592
80.8386481494
76.6329840245
78.6887536450
77.9447227712
75.7176490455
75.0040565533
74.9263309193
75.8408248970
77.0325707082
81.8514830622
82.9624885893
80.4556683810
83.8452996696
84.6450140494
80.6474985323
82.5226799801
80.5767507073
80.4823793660
81.5844028952
81.2887141712
87.6200194405
87.7533468966
89.4570412908
87.9574492518
81.9778797040
82.9670844443
81.3996217965
81.6036391521
79.4529264456
85.1661232534
83.3900366851
88.6082494547
89.0496560346
91.1202231476
87.5586676993
83.5836934563
76.5648307415
75.4783467634
76.5671620199
81.1670403049
86.9542276605
88.2828026386
92.9860622146
91.5515349965
90.4137649493
86.8404900881
83.7984330160
85.7934794616
82.7701488375
83.8950962962
80.1525365440
80.1448584185
81.0845304368
82.1871733629
83.1395116555
86.7966349478
87.6261012637
83.3563761024
81.1681188891
81.1326517619
76.3805761178
73.4201314124
78.1810710221
72.9154569517
73.4049471061
72.8240481226
69.9157785968
70.1005913924
72.9471171642
73.0162926482
71.5286162828
62.2652851696
61.6632505046
62.8081087214
65.6520900659
67.8600597230
68.8084959803
68.8609479690
68.4915672831
66.1341000822
63.8026354389
63.6113147362
65.3163767729
70.8658098401
73.8181801412
76.9780595092
78.7040776224
78.0651209355
77.0122337451
73.3834610190
72.8860214305
73.5695075778
71.4963728405
70.8772387985
77.7082735318
74.5061751705
79.0577543915
78.9225870429
81.5074034894
82.3160234220
81.9337680009
79.8791774779
79.3693097480
79.9336797347
79.8620671639
80.3376635921
80.7650006527
79.9213944556
78.2498635121
75.6608172061
76.3051058004
79.4783251478
79.6334521004
74.4026933802
74.6664776945
72.8578095542
71.5224754414
75.2556701275
79.8658936523
80.1391572885
74.9880015199
72.1119868600
72.6319082475
71.8656327490
72.1410786097
73.2571520664
73.6666179242
79.1243476235
80.0904156332
77.7114472708
81.3361258888
80.8317385782
84.0235131638
82.9109519065
80.2193743642
82.4593538422
75.7504118499
81.9394099031
79.4828652487
77.3481381983
79.2926277180
81.3984920817
75.1979438734
79.9081150466
79.2128847861
78.7866727153
77.4587679030
79.2223164941
81.0727029384
80.6206012480
81.0687332977
82.0093659272
82.7117153681
82.0411542882
78.4544455595
74.7626034134
77.1889607874
77.3268327747
77.9091509310
78.5504446002
78.8587935972
78.3526478863
77.1311124804
75.9495588929
78.2307116385
78.0619943762
83.1588188224
81.1835590664
81.7168282728
83.5010591112
75.6100030942
77.0603355205
84.2959620680
83.1002466088
81.9012840488
80.9661355207
83.8121516154
80.4971944686
74.8038800667
76.2723626435
80.5486263395
76.4216483737
70.3313034468
65.2769303402
67.2818848058
67.6827048500
69.3889015162
73.6464249823
77.0134921441
74.3542765692
74.5010328939
76.0606976782
76.1194101895
72.9694987223
69.8225274868
70.6015427891
68.3199782460
66.6642795988
64.2383861983
66.8973084666
68.7727890631
76.9404764008
75.4431898388
75.6066131971
72.5066771312
72.9947890550
74.2543101114
75.7278692283
74.7740544481
74.4481108725
67.7047185368
64.0326661180
62.2682546178
70.6167919166
73.5292444888
76.6043964222
74.1845140808
71.3170765432
67.9687771307
69.8208395882
73.1718874988
72.0843016116
76.3268367044
76.8365070866
80.9974380511
82.0398562472
75.1167659334
73.7200017065
74.2372089911
78.6044198393
78.2837614355
77.6404180722
74.0757544270
73.4562901134
73.9090293859
78.9746532555
79.1653074836
81.0952637622
78.1990572758
76.0322698064
76.7538051809
77.5785678938
79.0839643317
81.0889041290
80.8241713115
81.4874926408
81.1379080537
80.1869638578
77.4207606496
77.8134060586
75.5557611484
74.2677383697
74.7101752704
74.1046903043
75.7291965877
75.2372199743
75.1904755827
75.5944330772
76.3542590498
72.6188871531
67.8045542399
66.6935604848
68.0799328328
66.5862216288
67.7201464416
69.8713713661
73.5273104163
75.4407831916
74.4067491208
74.8232698975
79.2274108161
76.6573499935
78.3154257463
76.0857517607
75.5179693192
76.7631365160
76.2553733176
75.1720270858
68.0169301423
74.5150018812
81.4917639573
81.6912993143
83.4092733364
78.3128991246
71.6607692363
70.2986354188
68.6509070849
80.0885105518
74.1644451131
74.6315934519
71.1895522648
72.0647343101
66.2570395364
66.2508000092
63.7418506008
62.1043863643
65.0142674955
75.2781788106
78.7638139453
81.6262850578
78.5377428157
78.1109815644
71.0738393750
73.1965060880
73.0528783078
70.7132772215
69.7213245219
66.8011326919
65.4478446368
72.4371241698
75.5670985792
79.5612177197
77.7654812260
75.1818915287
73.1065256031
72.4422242248
71.6581701484
68.4839348122
68.5903241489
70.3049458681
69.0470535358
69.3538602533
66.8978514410
67.8113587772
69.3363549954
74.9644065284
77.7808414775
75.7195723865
72.3699320715
77.0035316889
68.5323016004
69.8229719713
66.1441720040
65.8837019171
69.5986986549
71.6304225926
72.3745821274
73.6933636929
73.0840805887
72.8347699276
72.6207687425
68.8596844952
67.7608234861
68.4302639388
73.5710016061
71.4778675873
72.2530499462
72.6804051855
72.2281221468
71.7175990843
67.3176042783
65.9422809893
69.8117894259
70.0841692413
71.9597730771
72.3085413823
71.8230471424
71.0623475470
67.2150190095
67.9028519402
69.6780817772
70.8879791689
71.7094818913
69.6531951378
75.8962935101
76.9854279912
79.7124260443
78.7208830133
77.3235277955
73.3312541712
70.5039241280
64.8598306531
67.0387669468
72.4287268796
76.6509824001
78.7123731855
80.9471757736
82.7318737106
84.3836973829
84.2063349951
86.7161178387
82.2750711632
78.2996516591
76.2172125121
75.2846207666
74.5474441357
77.0307528464
76.4037716334
79.2734342949
80.4743373087
83.3927407450
78.9971366761
73.8190163630
72.3725706142
68.3757756590
67.9719668294
66.0795929413
63.4454266408
63.6092844036
67.2743044825
70.4984329615
71.4415441231
75.4716429835
78.7841701131
76.1878737392
74.3027808878
74.2286729593
76.6714578597
75.6416039225
78.4856423353
77.8793496154
80.4933349211
75.2989680081
77.8653299195
80.3610804953
77.8141317697
79.5972582065
78.2643680468
79.9720631752
82.0084575750
86.6447049211
81.7303316744
79.8383191309
78.7995131168
78.1718976398
77.7874152445
80.8570261993
81.4906005934
81.2212363131
81.7251660362
81.8496931833
84.5272470243
83.4020477493
81.9693052030
82.7455571508
81.9658084551
80.5863405760
79.5026717808
78.6324000418
76.8379323740
74.5944039600
76.1163807789
77.2522273195
79.2727750942
81.0353282723
82.2008458870
81.7764575637
78.0567107481
78.7880671488
75.6592754343
78.4619237399
77.6722433883
85.0001838285
84.1550374505
80.9197424080
79.0893071552
78.0664859670
75.1984746053
74.7536859615
77.3782375757
78.5672120512
78.6319735076
78.2320956111
74.7472989058
70.7846045696
74.4738154536
73.7288238464
73.7267209857
74.1211632189
72.0318838769
71.0149607340
69.3362858346
71.6293269823
73.2435347263
75.2671586709
79.8807515590
79.0153075452
79.8675003373
78.0981077015
75.9281207821
75.3253777066
74.2674277788
73.5457937362
75.1349930044
73.2692804991
69.7182594341
68.6886185469
68.0985229304
69.6688879246
71.8765397330
69.1131438103
70.0242362330
72.9940855020
73.3918480669
78.0882961350
78.1602404893
78.5865873602
75.8607693911
70.8647341084
65.7361117396
64.0182631096
65.1600478851
68.7565114043
73.3761462208
74.5175617739
79.3433202286
81.6239463571
78.6374674766
79.7040861949
85.6418069909
84.1007610962
80.5427292177
78.3542793847
75.6587020778
79.5653365152
80.7225301071
83.6244816975
76.1900862176
75.0079239303
74.5510253210
72.1684837096
74.6443022281
75.7077615445
79.0840423360
81.7193196413
81.5913550838
81.8686261510
78.1063193923
73.6227767226
73.3600726364
74.1856020304
76.1263422575
76.6133650031
73.9149750816
75.0282239478
77.7829677661
79.0638984110
78.9103635071
77.9238165020
78.7399225142
76.2196217197
79.4853013724
78.0160945505
80.4639086798
78.9818450322
76.3203993353
76.2195838370
76.2654871345
77.1830674508
79.6150865701
79.5264704678
85.4481283689
81.2160060359
81.9372159636
82.9787904802
84.7147343698
84.1407843101
81.6453963759
80.8519539737
81.0008076660
85.0918176848
81.2856265966
78.8591034123
74.8493660826
70.1401978059
77.3007389905
78.4408249544
78.9271995839
82.4068651328
80.2052339328
79.7677519009
78.7355561482
75.8940344200
73.1501008920
76.3007565164
77.2144525724
81.1250352826
83.3784136761
79.3296639974
72.7928344455
69.4726315807
68.0146014679
67.3705449659
72.5483822640
71.1036568298
73.4507485038
76.4927869698
82.1085029448
80.5573050039
85.5695944533
83.8093092414
85.1710036365
83.7919260351
81.1799507981
79.3270124084
82.2532186725
81.9726311284
82.4920115656
79.9106715221
79.6568342924
77.8845915865
79.7444837465
81.1746654514
82.7797506688
82.0986660234
78.6193389188
73.6495043967
75.6002128056
73.8858443371
76.1222954632
75.6956212791
79.8710538669
82.2004423849
82.8529487145
80.5270954904
77.1221695365
80.1902960831
78.2317445000
82.0251802260
79.9921721039
75.3700002354
75.4842755128
74.0082581215
73.8440186939
74.8133259007
75.4407785065
76.5089396156
79.7080933814
76.4442358667
77.6352379681
74.6350787233
74.2276253272
73.0663678213
73.5511619727
78.1031838073
78.3503174453
80.1399623283
78.5714548017
76.2965723477
74.0612147962
72.8780581588
71.6949913211
73.7695168734
73.7368036779
72.0715451557
71.4885653712
72.7048217762
76.3556698572
77.8313406545
76.8079506876
76.5488004129
71.2754278939
74.0853193827
71.7699761655
78.4270988864
75.3589993410
77.8787797488
74.7667245632
72.6571194602
71.8844208558
72.0968223318
74.4340011981
79.1803902136
79.2472377282
82.3365692260
84.1762506179
81.6147722009
80.1109570104
78.2542092810
78.7456969914
81.1652459230
79.6874063171
77.4719371765
77.1185650826
77.6955051514
80.7471913527
82.6465055425
82.3183177227
78.3760783353
75.9560053057
71.5931407244
76.2377796387
78.0919175858
78.9514023656
74.7379872370
71.5069208273
66.6140009790
66.7788196415
66.1507210588
70.3820174163
70.3041943894
73.4918087919
71.7462902430
70.2933796950
70.6668345018
70.5116528705
75.7933209652
77.8491005043
79.2809250911
78.0658986942
77.9776146718
70.8101812042
69.1149049023
77.2647502224
76.2074361690
78.2925785955
73.8589092556
79.4876382225
80.5142346338
82.2844969198
79.4783301922
78.1532736109
78.1893629036
78.9470569902
80.1901977015
74.1219173914
71.4237906235
79.5043079351
78.8948865352
80.9613438858
79.7287113226
71.4252338272
71.4699471254
75.1708838795
77.2129040538
82.9019250642
82.3171839478
82.3004221785
79.6273284468
77.9031206799
77.9114933527
73.8657647647
73.8712265599
73.1176810409
76.0268775347
78.1593228866
65.8969840022
74.8206393135
74.2427121804
79.8844323653
79.1987440275
81.8964279812
86.7220919211
84.4634726536
84.8987300133
80.9263589521
79.2861536730
79.7856832511
82.2217594132
81.8910329454
84.3865081311
84.0582702366
86.3925143969
81.2936600181
81.2782955571
82.4991261985
81.4029328910
81.7981114228
84.4021720548
84.6611092425
81.8571700274
83.4382054542
81.2134178028
80.3667017362
78.1977790320
76.1163099883
79.4805650762
83.8604713188
82.7144258670
83.5955528844
80.3342875917
80.9792662527
82.2413015894
83.3392279829
76.5899204275
75.7237747918
75.9970474350
80.2596116977
82.2594759128
83.7093094523
86.9963540845
85.5179827002
85.0566424140
84.4545011527
80.9141127652
85.1317183761
84.4752771246
81.0712683858
76.8240244126
82.7526638004
82.8498891783
81.0238804073
77.7844547575
69.3207167008
74.2886012871
74.2361701392
75.5089650986
83.1521478373
84.7177092521
83.6694250699
85.7552688484
82.6346721929
78.3502618471
74.4541408672
75.7373958555
76.9797027161
81.3967226980
80.6979072398
80.5888071336
78.4042218105
79.3064586144
80.5155209341
83.7123035296
83.3582136574
84.1542567331
82.7558399671
80.2840296882
81.7243035100
79.4477249398
83.3704739361
79.8600660532
79.1733970021
78.2890384190
78.6243316345
76.5161636671
79.3519393765
76.2780869886
78.3834107651
77.7605355197
78.1614027822
77.0727274333
77.1956728344
75.0934552493
76.4211285804
75.7754832179
78.0403544319
74.8779883760
74.0088249529
72.3751111902
73.7832298631
65.1295632309
63.1388134382
63.7056684965
68.3245757693
68.9981116431
69.4613003091
68.0587825702
66.1451321101
65.5470820878
67.4391924760
72.6002029355
76.4561733892
78.5345920496
76.9119952500
74.4474358995
67.4469768354
63.8660053516
64.6069861680
62.9883946945
62.0717863795
61.9947886577
62.5149323781
63.2415831644
68.4667738668
75.2671373848
73.4616994603
77.9670956370
79.9732943299
75.5374246340
73.4481298405
72.8210818628
70.5755405915
71.6716713320
72.6176426496
74.6337176852
79.5353532423
83.5397417035
78.7596163162
77.8790432155
77.1977752790
79.1414212162
79.0017876091
79.0195867300
80.1373896925
83.0621008778
82.1503271715
82.7259920977
81.2661655997
79.2516867629
77.0091225246
78.6983121297
79.8019503461
82.7814773038
80.0180301311
76.5463149974
75.7927658955
76.3222317579
75.1747238958
73.3464722327
70.7497647330
69.7182386393
76.9261430742
73.5804275108
77.4964927541
75.7389959949
81.8694022430
78.5654341438
77.0528668135
75.3619683704
73.7550828164
75.1753685044
76.5929168337
74.9841201297
74.2928573733
71.7036740138
69.3709657327
68.0390577760
71.2749396825
68.9995692816
69.5894723138
70.3383089299
72.2420029316
76.6235842060
77.7807783992
76.5627895629
74.4890226745
76.5268912359
75.6642506760
69.8561763845
69.0857724035
69.9281628855
69.7755635299
69.7082219632
64.1462434891
64.6893067529
66.9066714639
68.9893592388
71.5621276159
69.8957953313
67.4089540422
65.4475651176
64.7206802233
66.1853491037
66.9677049531
67.1919962386
69.0378317717
68.4304622164
69.4983809901
76.9853937609
76.4086609286
80.6169451107
86.8345110779
87.1157172237
86.5292899679
85.1897875246
85.3112623505
82.0061855574
78.6570924758
77.3376506848
74.5824642134
75.0792097385
77.3779210242
76.6450817717
77.9821066344
78.5829428664
79.9727238368
75.6636317670
76.6967464565
78.1689140431
78.9213511391
77.6446329636
81.1359281879
80.8261190036
80.9409085679
75.9031130813
78.6550865740
78.4824835585
79.1888564681
82.8004872337
81.0845201065
82.3875326380
83.7589832817
83.3555427448
85.0253948263
82.0027685377
83.1250893508
82.2615173595
84.2837913443
79.0609731689
80.9841893653
80.2903223828
80.4167803726
82.1716071934
82.5020142061
83.2920785430
84.7627732707
86.6378222411
85.6291740834
81.9753150664
76.1038179699
76.9730875472
77.1795119186
77.7990363792
81.4087285481
78.5791210867
79.1932043467
76.4973505852
78.1682203085
77.8963138220
85.3958540941
81.9916609255
83.9009344246
85.4271306829
83.8849692700
83.8976902074
87.4505291081
82.9640856805
82.7790587006
83.8244117396
83.3722896577
86.1535374599
83.2081851013
80.7284137064
77.3729616163
76.4473175754
77.0037138743
83.4858192455
82.5166005114
80.9043672885
78.1513528243
78.4771382996
77.2260048138
74.3372281851
77.1117986668
76.7632916212
72.1262195160
70.1645052638
67.9026039679
72.2889424105
73.3534749425
76.1383158222
75.9458953066
75.6059402729
75.8442373772
80.5080785275
80.2347957594
80.4145591030
81.3074470420
78.8365540698
77.6354710272
81.4528523091
83.0985474600
86.0817238578
79.2255450812
78.3549274846
80.4170344784
82.1427737706
79.8652726399
79.3694424324
78.2752281866
83.8205788875
85.9907825133
85.3340727170
81.3749677254
80.9404511234
81.9226746826
79.3473962640
81.7131163199
79.9492558965
79.1524440590
77.0622476532
85.1177111355
85.9458203629
87.3878102182
82.6074672627
83.5309620734
84.0264239498
84.1161921842
81.1122183723
79.3124155550
77.2319381282
74.5488752971
72.4042389546
72.6096561766
72.5817154140
78.1479288314
81.2699806886
95.4596501877
92.1313343030
88.6095741176
79.0905517988
78.2910518536
83.5949260111
77.7447413663
80.4650412659
78.8959979298
80.3394698379
78.8072366759
78.6164441209
81.8210597451
82.5471990625
81.0404888360
77.4988264257
80.0053828525
77.5618419015
75.1786773225
77.1632450190
81.7935469608
80.4371115410
83.0567945697
84.7845148601
85.5746130996
81.8521952629
79.4800812503
80.8638094368
78.1346642634
80.0027373202
79.5378810302
76.9876953010
76.5230112911
73.4762803293
67.2743175434
67.1282427834
67.1682876420
66.0689662922
66.2688569255
68.0917204161
69.7649955721
70.1465656934
68.6314335853
67.3357784266
65.8970305815
69.3049725036
73.9556452519
77.0233967729
72.4208562195
71.6273464364
70.9497927717
72.4979141764
73.6743814819
72.2091649585
74.2015340675
74.3296574217
76.6185277391
73.4635519748
72.1818911856
73.9932955254
78.5474604143
82.2822108085
85.6468562740
82.0263284119
81.1185290112
80.6445128384
78.7375222780
76.0292503052
79.3298557634
84.0400320025
84.5627805056
84.5060656536
81.3371210032
78.3723785136
75.4861803100
73.5901403268
76.5699852580
76.9903130436
82.2042108651
83.5643072019
80.8625041883
84.0233335728
81.9856353330
79.3309748249
77.9184883616
79.4066929545
79.4126334918
82.0678561509
80.2198311464
82.9092378504
81.1075452649
81.7606589076
80.3759292409
78.6093579838
82.4047922670
82.5626984507
82.5990566479
79.8869584315
79.5295626459
81.8080567817
85.7126195833
85.1670413365
84.1493316052
83.9410740244
81.4709104170
78.8552328565
78.7222868019
74.9694370493
75.0264040207
77.6060441158
79.2470048187
83.7934750007
82.7940062243
79.9088594908
78.8285425921
78.9105905188
79.3679056634
81.9152229569
84.5873494082
83.2470927303
80.6161312096
80.3022720406
78.1917355430
77.5132719057
74.5146673298
72.9636434986
73.7422162446
80.0325510769
81.4414781136
78.4739303471
75.8060949885
74.3341136271
71.4620532329
80.9681950873
83.0675227407
88.3970906085
87.0403174076
81.6056063694
77.7436663509
78.0526274841
77.9233713976
77.0092765828
76.7373986676
74.8215222889
74.6736341661
76.1637522493
74.4282714620
73.1184204262
74.6738001953
75.7911652184
76.2257908577
76.7360338488
76.8111423220
77.0597272900
73.9049533027
70.5680200130
69.3953969652
70.7575229421
72.6510304575
73.8614526921
75.2627206326
81.1841028042
83.7144524657
85.5197599573
87.7241010795
86.3000461792
84.8411064142
82.1766862305
80.1007536082
74.5281109315
77.8394601745
76.5825214763
76.2431725971
72.0362171578
69.3869453130
68.0017625743
71.7138973567
77.4297036770
76.5225038980
75.9200267050
80.8454834093
81.2191886279
83.2661742652
83.4996526127
82.7833425699
87.9426855497
87.9119626879
90.6712102896
85.4721773252
81.9577727806
79.2456442492
80.6942165918
87.0941221245
84.3103008914
86.4260775856
83.5097188044
77.9407821357
76.4892102312
77.3453722110
78.1947055999
78.5980281416
78.8175191566
75.1802955481
73.2228063430
76.4877193823
76.6244192039
81.8382235502
79.2308080422
80.7749012361
80.6469615864
82.9479617926
80.8247133966
78.2758692755
78.8190220776
85.1861322264
94.0947280011
91.7218265064
93.3599384005
85.4238194929
85.0109912496
84.4521077955
88.0927602797
87.4029338862
84.1069117348
88.2813564851
87.7997458781
88.4132769139
91.1167223379
83.8582871055
83.7541871103
81.7949148319
84.2934715678
93.2914252149
98.7478380831
87.1803806445
81.8189521047
89.5812342089
86.0145043023
88.3003647059
87.2475589852
85.5149965020
85.8228986169
82.6167837826
79.5166049844
79.1757035502
78.6548713048
80.0151199501
79.1090984831
77.4701901607
79.9775978862
81.3489073385
83.6305427285
83.5148296028
84.8989906719
83.1224682009
84.8539434027
86.7295413718
86.5753066323
86.6882740077
86.1246039882
85.4642013524
82.5856698001
81.4179663366
78.4578824023
80.6949583009
82.4865736207
83.6210572137
80.3780528549
84.0016318343
82.2750307474
79.8645296645
79.8253001162
78.9357209123
73.7769297096
77.7170648970
83.3029524728
84.5674688956
81.7887266473
79.6728929147
79.5223564442
84.5273073423
86.0156683607
91.6345815188
92.4812272139
91.9848222123
82.2693775102
83.4980848754
87.0655553261
91.4938327782
88.6923560557
92.3276881217
92.1451485697
87.9266839856
85.7644465419
84.7258336564
85.5657509320
83.9187368024
86.1008589153
83.3507761365
84.8863410926
80.7006972214
82.0440276302
79.5864775882
80.5624302655
82.3220937824
85.1292837149
87.6248333371
92.6692283814
87.4404022492
86.1709728774
82.2911738379
79.5656697637
82.2458651948
82.7531494954
83.2114664849
85.4621001200
84.2831544234
84.9135660698
85.1488765304
84.9260402638
89.8134389128
85.5998326175
92.1019484451
86.4884226936
83.9797692688
81.6494470466
87.4191715463
86.9977577765
90.8969652498
85.3781555407
83.9844021880
81.8624293708
82.8888722894
83.6849167555
80.8227586597
82.6244365313
85.3575159895
82.7646937212
81.3132088739
84.7154524859
80.4382636127
78.8302814208
77.9354279744
84.9207153377
82.1686124543
82.8580437150
83.2946606473
82.3647423123
79.6398348645
82.9026572666
83.4513276394
82.9546577312
80.7410489187
83.3613046174
82.8498760116
81.8472997086
82.3228933073
81.8566221362
82.5192906482
83.1976589584
86.2821369841
87.4530669336
86.5274907223
89.1342675470
86.4550166983
85.5714088026
81.6714216477
82.6752859374
86.0587169841
87.9408254627
88.4792391986
89.8945632026
90.3099559714
95.6599068836
93.4918382208
98.2975637389
92.1732405158
84.5137864191
92.7716485013
92.1685070500
92.4086919505
90.5667735594
88.7152666284
90.8926590311
91.9822279203
93.6662719654
89.8465415533
87.7992405032
82.9224344681
80.0340095827
82.6146522216
85.8401399013
83.9325337707
82.9195029925
79.7094065871
78.0573159305
77.4349037068
80.7738560394
80.4243238070
79.8011995644
79.4652703454
77.6734318213
84.9474826745
89.5603404196
96.0068661419
89.7150556878
91.8389441173
87.4300332094
89.3353290635
90.7723432605
88.6632135000
88.3554896235
94.9383982780
91.6317886703
90.2811085126
89.2354114408
85.5738576510
79.5974509456
79.2048300255
81.6887839785
81.0159465522
77.0100221461
78.8584348997
79.0348176623
78.9944001131
78.5271223935
77.3353907140
76.8344326126
75.9150659859
75.2004480081
72.4240083272
75.6142134538
75.5428408359
80.2012055471
77.9702590868
81.5774201362
80.9858872103
83.0048107850
82.8005369281
75.7193332137
73.4413389282
74.6103343855
72.3231869130
67.2260504953
67.5986307218
68.3721289702
70.7196350688
71.6095458844
70.9108355133
70.6084573327
71.3239671568
71.6903829873
71.1436597836
71.4746999507
69.0114786475
69.1885022337
70.5094754163
68.9760037033
73.5535142731
76.3546586580
76.2369036729
75.9644631190
70.3058507242
68.2898386432
69.6218341802
70.2647737714
76.1277005574
77.1242866969
76.8593629365
70.7332482583
73.5137578113
73.7709468394
73.4533512115
72.1513366665
73.6711720441
72.7475863556
69.7924747192
66.7610226442
70.8723815202
72.9412017236
75.4365058754
78.7450722769
76.3295271287
75.3396876594
77.6895381886
84.3381548324
87.9786225423
85.6006153427
81.1536937905
80.7797382773
78.8396481493
77.5366974064
78.0015061919
76.8983563873
77.7634600404
77.1286565208
85.9568049666
81.1349067844
84.3563545246
79.3369233101
79.1047062607
87.4550840799
83.2586087918
84.9106752917
84.8240009261
87.0338003764
80.6542271468
82.7255422204
79.6484610967
82.7120669971
84.0766572553
84.9318558290
81.9614625407
81.0150411655
82.4167294881
81.2853819206
83.4445992517
82.4054129773
83.7799685062
84.4171602634
88.3813102942
85.0982219315
81.2169206452
84.2195243947
78.6783649287
74.4316047703
72.1395762279
68.1673149621
67.3757261682
65.0915378455
68.6476185214
68.8056256481
65.7771285660
63.6009206778
66.8045764628
67.8065590672
71.0857646794
69.5788425923
74.6992736522
74.9916472973
79.3986571234
80.8518065533
76.0007659718
78.9436291133
84.9080064845
85.3153490765
86.8373609768
86.3229674837
107.0538830298
90.4252926938
87.3670434451
83.5072859073
83.4376756815
81.0843501435
79.3769891411
79.0037250578
77.5011890768
73.7419929065
73.7132235462
80.6079627225
78.6664314807
89.1136304468
93.2982017760
91.8340032403
91.8074351618
89.5276209565
86.9757307337
85.8603008888
81.1962336295
84.8055848861
80.3178110448
84.6542940856
84.4363338082
85.3115036892
84.9040555044
87.0017524330
84.9042756500
86.0599264872
86.0856324426
86.8936471470
85.2097463167
88.8234329181
83.3961889824
81.8389982077
80.8968428932
80.2743844925
82.7676723597
84.2086742660
86.7655775056
89.5617964453
90.5366081004
89.8849770726
87.4410381015
85.7437469528
83.7271002343
82.5497326349
85.1866793440
80.7716161584
81.2602304669
81.1946722573
81.7142132240
83.3947526035
81.4780075727
82.4622135937
81.1206924693
82.8199183322
86.1633868580
80.3956595668
81.1593787846
79.1087669039
80.8279769081
80.1604488150
81.2974614125
80.6853096284
86.1187815627
84.6715181754
87.6575415075
85.6282427611
85.0250986858
88.4174573320
88.5489054774
89.7535136916
91.2051241961
87.0136074299
86.7967045403
82.3283285597
83.3174789326
82.6942426587
86.8512259418
87.0846592422
88.4166372955
85.8829917706
85.7683982440
83.7019641086
86.0772941569
83.9882857054
85.7304413758
86.8151419475
88.8147375379
87.1876523462
86.2668270783
89.7290754011
85.9557489801
81.9151784901
80.4979141039
79.1025727699
85.3478266525
93.7481622483
95.9068240374
96.6654451262
89.5145600757
86.4259082214
83.9011614691
84.9292914963
81.9488699343
82.1529229725
80.3397462107
80.8018027892
82.3333175186
87.0016702084
84.5587649754
80.0839896830
82.3395798034
83.5988275163
85.2320719935
88.7167275203
86.9309900407
88.9302915345
85.0597449694
90.4360323706
90.9460873790
92.1075080140
90.0773373899
88.9130369223
86.0322428525
85.7374465764
85.1061967179
87.6334286242
86.8422210469
86.3702486678
90.1780266807
87.3877612703
88.2345345502
90.4853313299
88.1505936266
89.4679604610
84.8771986863
84.1191361827
83.5308195913
85.8897437122
85.9564082096
89.8594356135
93.2068724991
94.2420393074
91.2883933816
92.9586611926
87.6375709104
88.3408844036
85.2461058011
88.8229525305
88.7305229565
90.5519261225
90.2444925246
90.0000407774
87.9042005409
86.6121141080
83.2088537339
81.5426299680
82.8212467000
83.8192984314
87.0876927596
86.6279103657
88.6471263922
88.3737518200
91.4245706530
91.3741903495
86.4536760831
86.9989031664
85.3961726449
84.4194143930
83.9727979358
82.7371189246
83.0586778847
81.1061627172
78.0781560135
79.7607706228
79.0326541608
81.6284181835
82.6871339339
79.1234205706
78.4372710359
76.9770933468
82.3397565469
80.9139675128
81.3867050018
85.6384824107
85.7562432904
83.3003351868
83.8800179935
81.4094081830
81.7162863621
88.4741756808
91.2408542907
88.1022745950
86.2459854867
86.7248882695
88.8168862336
89.2062807705
87.1899162228
86.7053823091
84.5626361188
83.8677891828
78.3633678628
77.9931351221
80.3680333492
81.8374684705
84.1728637528
86.1778484970
85.3216442065
81.6039171654
83.1396290534
86.5778688503
87.8030952016
86.8573408651
84.7423992101
85.1819638078
82.2472894602
81.2912827708
80.8564749611
81.6287735259
84.4034072617
81.7743079147
84.7483409913
86.2238657821
87.0414076609
86.6761877510
87.7729816836
89.2860892861
89.8549498536
89.8726179180
89.7515593051
86.4890311386
85.8014216325
82.5925151279
75.3278337047
77.5238602451
78.5053257746
86.4419366727
88.6348220903
89.9395786810
87.2144765210
89.2344714427
89.8894197194
87.1646185903
86.7818627179
85.4493266522
85.1829376396
84.7923184551
81.0018313941
78.0067889196
80.7103885219
82.1214794879
83.7334351693
82.1518457122
86.4727453672
86.2280430066
88.0373724994
91.7521184759
89.4553932874
89.1304763776
90.6422158784
92.3166525519
88.6594238754
86.2922240357
83.5218743941
84.9427400423
84.1247025852
84.2973409018
84.8605935988
83.6144801913
82.3059845730
84.9321947922
83.0378767904
82.9932824156
83.6199786891
84.9065349792
86.8504686157
81.1906238335
80.6534152115
80.2235238494
83.5782872133
82.9857042260
78.8588425238
78.0822978558
81.5566985481
84.3894992829
81.2609065556
84.4716948516
81.8172823686
84.2657380502
85.5545621219
83.3178383867
81.8427755413
82.0889534206
79.4314473855
78.2873401065
79.2513948994
79.8780329740
80.4249587720
79.9624718521
76.1982327141
74.7404771514
76.8733267768
75.5878622578
78.5304976919
73.9893179857
78.2690257681
80.1854490826
82.4517843913
88.1601413420
86.4936980342
90.0935468623
88.6227048491
86.1230638751
85.3656332270
85.0506627492
81.9076283969
82.5854003692
81.2614286713
82.0401112878
79.9046058491
83.2866800169
80.8042225409
80.9264773969
79.3849309001
81.3299132455
80.8768268351
78.3057554696
77.8719180394
78.6510764837
80.2580496622
82.8503104597
83.3476074895
84.8141719063
81.6516615936
80.1890507491
78.1571492722
80.8354033654
80.8462119903
81.1333136778
81.9805551507
80.8795469805
79.9433317205
79.7917064889
79.4349589811
79.9279729946
75.3588730803
75.2790864708
75.3910922790
81.5521099228
81.1655739342
83.4348696443
83.7940536507
83.7714910159
82.0983088400
82.3619463954
75.9942666725
77.5909143866
79.8234322442
83.5418849855
86.4674686808
87.4445739370
89.2095786190
87.9029875711
82.2360561150
79.5097223273
76.3179636077
78.2248200756
80.6445276632
81.1966162758
78.4155191990
75.8696835085
75.8775875085
78.7462474887
80.1480380656
77.9073122556
77.5582547592
75.2510131305
78.5299492335
80.4425535985
79.0332485066
78.8286083712
79.9128755649
79.6173180014
81.2213568376
72.6202240371
73.6475321664
74.7413874237
83.7589013387
81.3257690224
81.6215671951
81.4431061717
84.7619456134
86.8126197149
85.9677774524
82.7943476410
76.9209238131
78.3890810163
79.6062682867
81.1371573090
78.2267353233
76.8891147785
75.2884143681
76.5984939696
82.2159122320
81.6909469765
78.3700741546
80.6974160781
79.3566313454
78.9720160814
76.6339934879
77.6940013991
83.0735364165
81.5180735405
83.0419690950
78.6557105528
79.4737580579
76.8441821007
82.8716044538
82.3026010073
82.9829113456
81.3300901486
77.2074187247
84.2051817821
80.0395435988
80.3439006552
76.3433470452
77.7723834236
76.2600214143
73.4132742695
74.8771309480
78.3852091989
79.4993487105
82.1397803841
85.4967104885
92.0777557313
88.3234353511
88.5095618688
86.6409295153
87.0301974458
86.7028511749
80.0290458651
80.1778516478
84.4731998425
90.5758566057
91.8992160567
86.8331691695
85.3345723959
86.5984077950
85.1023730385
86.6647137559
85.6147627162
85.6679951645
84.9406103077
83.3426035361
86.7456018592
86.8311710596
86.1987277711
87.2117474746
86.5976558272
89.8034342678
90.9391334840
86.7937508677
86.8144211727
85.5094756912
87.5007167365
90.4862025535
94.4317509311
92.8998180917
91.9450538568
90.5929517520
92.6756623394
92.5082380620
91.1201493335
88.5394219425
92.1151027090
95.2660932764
97.7899311544
94.9306145385
90.4026545960
92.0062189242
95.8005726782
92.2674774004
92.4792166191
88.7772042496
86.7970657527
83.5006771807
85.9938756826
85.2869535952
88.8933600895
90.3807966867
94.9260319524
93.5344740099
88.7807290493
86.6259077664
80.4114899935
84.5238803708
84.1713557135
87.2575209504
88.9536542901
86.3177933223
87.2189810382
88.7310307057
85.1874450830
87.2959374949
89.2467158749
88.9224074815
88.6023905282
90.7179880679
93.7367436618
89.9644574651
84.5713277504
83.0627872881
80.5010719985
82.4775722848
88.3734427281
87.2554688800
82.2223156360
86.0046040204
83.0139314771
84.4023885329
83.8009138894
90.4981112878
87.1886841299
92.6431716235
91.7254569916
87.6416534461
88.9803998227
88.4529088689
93.4807812825
91.2971821401
92.3012080941
93.4903994297
96.5254351088
91.0320715303
90.0414144601
92.3184474572
93.1567256570
100.0107307315
100.1135657798
95.1226051673
96.4552008121
87.4987151603
84.9127674904
91.3272319169
86.9277297533
88.1075057335
85.7232969882
93.7493777561
96.7272198183
102.8183208689
102.5847081075
102.7890503479
104.2458331982
98.7029936457
98.0834354315
96.6750999684
100.0845136647
99.0005227973
101.3992346986
97.5436966433
96.7098842135
98.2527075456
95.1235701683
102.6622942212
94.0131800088
94.8923245896
94.9696597861
99.2415026353
98.0343690788
102.2380760708
93.0298283055
97.4094006854
97.0479642419
96.8328029601
99.7140256580
97.2186594309
105.7082993404
99.1252628829
102.9216233466
101.3521467667
100.1263650679
102.8832238133
104.6986727566
107.3939473994
107.9300913761
109.8637561623
99.3355529483
98.3101712106
105.7009500814
102.1175921593
103.3898597439
97.9310801014
95.4250376714
98.2282976320
94.3867075164
100.5148127462
99.6777153528
107.2450290937
100.5637023036
100.0602425832
99.4500996693
97.5125386537
101.1547705287
100.2437230299
107.9265593192
100.9655954353
111.4011144281
114.8119635192
123.5598800287
86.6433301862
88.5379212737
98.1110043332
97.1373428693
100.4662309958
96.2448895032
96.7803097204
96.7190486330
96.1816136400
95.6008331664
94.1714808309
92.2840067296
96.5390123058
95.0632063120
92.4521624431
94.0963694124
93.6285201888
95.2719733363
97.3780556350
96.2869721698
97.1776770722
93.5783716058
95.8835843021
96.5046203573
94.2107334668
93.2950446066
95.0719558343
96.7978753824
93.3000531068
96.9401672168
96.5777208908
99.2914652799
99.0048702771
96.9767929314
93.9656889652
93.8143764155
97.7375293864
98.9896649418
101.5382154023
100.9423495611
105.2489608239
102.2873492391
101.0875897541
106.2315428122
100.2380267398
99.8513953813
105.1486180522
93.7170839625
95.5361947391
93.9951190904
97.2232806333
97.6330513443
100.7898364496
99.3851213354
101.2862736277
108.8605368573
105.0460200809
99.3200073811
97.5084132799
104.4505535367
106.5667108236
104.8055879919
99.5849616637
100.5641964871
98.4494387551
101.7065851031
103.3187326111
104.9995254528
100.0743723680
105.6235481901
104.2049610041
104.7792175070
101.7633060313
102.1303250194
100.9954067742
100.5021391678
100.7204359172
105.7982863237
109.9420815232
105.5077419734
109.3058451265
110.1325177873
105.2487659590
112.7308786398
106.5088646051
107.0679052094
104.4001560631
104.7696322837
97.4955730554
99.3950949759
100.0760053281
99.5773447511
105.2078744236
106.0866857709
104.1309189126
99.8799970947
92.6054919953
97.9160971611
98.4106188715
103.4451661898
97.8146636532
95.0622862681
95.2130432626
97.5526095088
98.4743732599
104.2379405859
105.2402756131
106.2487876906
101.4485154439
96.0552594061
95.9830402229
95.6449773128
98.8746267759
105.6768172671
101.1909914508
98.4665324594
100.8645131973
94.3139715631
94.6121895153
99.5652789671
99.3085786272
100.7992172669
97.8113346719
99.0036321545
98.4439595256
102.2427881200
104.5876333707
109.7869604603
104.5831485725
113.2770043500
105.1321697665
106.1266550119
104.4736557596
109.3681986502
103.0198401250
104.0861138689
98.1676078574
98.7142419713
100.0367024308
104.3655982632
107.6655494609
111.3479849249
113.8761877995
110.1091017773
112.9502020628
110.5148347204
109.2133028773
106.2134330742
101.2390364086
97.4519847046
107.6414682228
117.1066778240
107.2848892390
118.7501310860
98.6260633468
105.3204078668
112.8737775585
115.8847770122
109.8188247053
106.8735265936
104.3856345010
109.0988479857
106.7475961588
108.9243962996
106.8382446509
105.4235147797
102.9503613541
102.1612941715
99.3898163122
99.6511340255
98.2547253197
105.2741405304
102.4074518589
104.1257275097
101.5252040919
105.6772699927
105.6542935653
102.3976677947
102.6847446754
99.7211721843
103.3001116644
103.0411151022
101.7358663558
107.2416163226
105.5981980609
108.0612477031
104.1593281804
103.6060078348
105.1023823244
102.7694603572
103.1521206960
100.3760099474
101.7578608645
101.7830724558
96.4655936057
97.3446413691
96.3699515956
92.2548037478
98.2778670774
102.1555749669
97.6266596369
97.4719078692
98.3484625828
101.9448223018
106.7220522122
106.1090350244
111.6477539782
108.4612979723
109.8213195677
107.5738652869
101.8183901731
100.7959814205
99.3538831801
97.5633671211
98.4360207380
97.9447426987
99.1514642555
101.1966311192
99.2224354909
94.5043797392
98.3155958436
100.8636509672
106.2898395659
103.4849439330
98.7635343999
96.2382452782
99.0467580323
97.1381739046
96.6044292649
95.0467077136
94.9125168604
99.5655708138
105.5293250577
103.9499538233
107.5533015916
117.0868541685
119.0601242483
119.2147874211
115.0805557658
114.6274893161
106.2711638708
107.9362966110
104.4992573406
105.1622436730
100.1423926432
99.4389899638
96.9073704422
94.8099603543
98.6626374744
96.5772373765
101.0791828368
106.4566082556
108.7165195485
104.7349220944
103.2452864198
97.3594185738
99.3686683256
100.0682481187
102.9055449220
101.6730876540
99.3816149081
98.7061483590
94.8695292775
94.2122488270
99.9232547678
88.9038649017
88.6397207284
90.5787463278
90.6373755746
92.2289029244
95.8783547051
111.0719448280
102.0650096667
100.4706406282
91.3661203032
100.3040539738
99.1941540428
105.1127642941
104.3310448379
97.8385811809
98.1615914457
94.5067762521
96.2213845939
94.8519614654
97.6636759820
102.9534063505
100.6752851979
98.7843989291
93.9525386270
93.5423847855
95.7011499063
96.8895739778
93.6438072013
87.9636639832
93.1007894979
95.0215469829
91.9474894634
89.5819339709
87.5054749242
89.1097479915
94.6319776577
95.4556212409
90.5603284917
93.7634991111
91.0767778036
92.0280649446
92.9326918845
93.8785219668
91.6224189580
94.1385071792
91.4237842569
93.4834385591
95.1686728608
98.5984941371
99.1363581334
99.1493615178
100.0657883253
106.0897207239
102.5538657756
99.3475572226
100.2857476257
99.8656447070
96.5073388452
90.4512572045
90.2105024856
91.3863288968
96.2369949732
100.7705170740
99.3798196951
96.3550539808
92.9319936505
85.7946113507
85.8205287882
86.6743401742
87.6975290922
84.6173780371
82.1776380650
85.7799393906
81.9892655861
80.0763714129
83.7313517935
88.1432420379
86.6006068434
94.5135443249
101.9715623540
97.4744580567
96.1120159866
91.5046731443
94.1593299126
89.7053689050
96.1226360377
99.9834034698
100.0545201953
105.0238257221
101.4849678785
106.4194595361
96.9062296055
91.2171020095
92.7157864006
94.4699543565
90.8036745517
97.4199229353
94.7141875976
99.5060802906
100.1138025752
97.0262214463
96.2168800717
96.7228198355
99.2445458371
100.0759778876
106.1899580214
103.9881388694
102.5715434302
102.0702693596
105.8885754452
102.6359219591
105.9794976377
101.7422041388
101.2342945506
93.9683750068
95.9034169648
93.2789281358
94.6950327476
90.6589134930
93.9123752007
93.2154560553
95.9065458183
96.4508508637
102.9758004495
99.9648833058
99.3748281278
100.9443581791
100.5984522984
101.4460946173
96.9619938613
94.3979189875
91.7991085460
92.4777995360
92.9777244647
93.4297508045
95.3751105828
99.1240081762
99.6619937714
92.9658903239
99.6704362125
92.4027325606
92.4951934507
92.8113388855
95.4084527266
91.8522276293
88.8943112615
98.0993362908
102.0982065346
102.4542492753
102.4859721849
95.4933900004
90.0822315895
90.5906129754
89.9581690904
107.2166581261
110.2369458349
101.7495703769
100.7224476421
99.5724936998
100.4976665363
98.6336294277
100.5324484908
99.9395849823
92.9995419009
96.1123046568
99.1859252425
105.5129376546
103.6890336424
98.6847199129
88.2324147049
85.6008737369
86.2276264084
88.4851295893
86.6264542975
84.7005437200
97.7436860928
93.7962040707
99.0831861061
101.5475326882
99.2856506236
103.2388640758
102.9832938132
98.4495852851
93.2142310088
89.7670067079
99.0055908187
99.3435357102
92.5261622048
86.9526855775
86.8526376003
83.8240666852
87.3388954655
87.4128333462
90.1569101415
90.1204414705
91.0254087603
86.6251570872
85.5110964793
85.0503763631
86.8276689435
86.5837299905
95.3378456061
107.3735193258
99.8632630695
98.6275807812
93.2636919931
103.7385877331
95.8296371285
94.3450606203
98.9657128625
95.0326199814
94.4309724405
94.6055341430
91.0393335920
94.1410279049
99.3470159563
97.0835682255
95.3877404882
99.9102380272
102.2359496961
101.1872408903
96.9023231343
95.6787815999
93.0112375422
95.2864899913
95.3826426294
99.0753791421
99.5831092817
100.0024248460
101.6354549658
100.3153604710
97.1481054789
93.0631089554
92.9241685007
94.7554430636
97.2251719106
92.2850335238
92.5671087039
90.0884762743
93.3382891906
95.5584904909
104.3326573601
96.5160306220
97.7202933938
100.2958898007
97.5121061815
96.0522471909
92.8491254226
91.3946272126
92.8812115043
94.3701014181
96.7174218254
100.1777011889
100.8181388532
101.7446813603
108.8794009661
108.7938604438
99.1820233932
99.3758873204
92.5857140648
90.3258676334
84.9009784847
82.7196143416
81.3540567567
78.3752548150
86.8597968601
88.9039964467
95.7656722223
94.2172931603
92.0510228897
94.8686834007
93.7207311550
92.3354704940
88.7332846500
95.6789056924
95.5402029725
100.2508637292
99.1337419234
98.7135590085
97.9935932963
95.8771017130
100.1342270692
100.6506262577
99.2839156773
98.0867596638
93.9785215231
92.1740121287
95.3846594451
96.7778472741
97.1874717393
104.5841767548
100.2883579807
102.4902600495
96.0702987602
98.2540763246
101.6660093541
100.6649575626
102.4129136737
103.8169708599
99.1282287164
99.5330500619
95.8770374325
96.3819861292
100.0014557984
101.5665092993
97.7507697965
97.7242160323
91.2718720062
94.1194105210
96.2172398915
97.7347592073
99.8830093464
98.2065843678
99.1819114993
97.6161463709
91.7718985377
88.4802046057
93.3348192726
90.8026563822
90.3435347334
89.7195616716
93.2286964530
96.1835050289
96.9858145481
95.4216756807
97.8651023415
95.3050830072
89.6446920088
91.0644339553
89.8199017847
98.5175014585
94.8191169501
96.5136710759
98.8113481996
100.4974401293
100.1994836796
97.2662974790
95.2375341961
97.9875292809
97.8814217844
98.6359851070
94.4192357555
99.8106854009
95.5308239448
95.3913288303
98.9881020435
93.3820070907
93.4290097370
96.4042871012
92.5017567289
95.3764013061
95.4865557443
93.1428963025
84.4903163137
81.8520947186
84.5692514648
83.5354795134
84.5911055359
84.3205045613
85.7360060821
84.3021406469
88.1574186421
93.1579429003
88.1648708263
86.5638370411
86.1005389094
85.1948427699
84.2082350833
81.9826027982
90.4225886532
88.0699739507
101.0635007060
97.8213215297
92.8036066880
87.9979467137
83.0237131839
84.6954528191
81.9811839299
78.8804039453
80.9468971862
81.6607452456
85.8444563480
84.6042430664
86.2292628037
85.0130305611
88.7462019247
91.9778485711
84.0593936675
80.3779458172
81.7865079433
78.2371786455
82.0915003182
90.8893439668
93.9227987538
92.1160239711
91.8048783604
88.7414185036
91.3601951142
91.1200825100
90.5257551109
91.1958894311
90.2164100157
88.7899471365
84.1321424048
81.5723659096
84.7477264858
87.8401012281
90.5350238169
88.0890044998
86.8606613763
85.9203139664
83.0029252013
83.2606889506
79.9522022613
76.5258418336
74.6142493821
75.8798036975
78.9572171427
80.4589663973
82.5572210544
80.8932687835
79.5150036740
77.8199158849
74.5516756925
78.1617418921
81.8410768379
86.4456335116
84.5689494682
84.5780307328
81.8245554421
78.7691679779
81.8468972801
83.9797318517
86.4728259521
84.4621053459
85.3275931179
84.6933651274
83.2044126630
81.6999229802
81.3727900418
83.4750415062
80.3817719635
85.1364178682
84.8026766705
79.2609356490
78.4986469691
80.9472459516
78.1625137488
74.1227395578
73.8329175741
75.8431029825
74.6559835899
77.6988801707
82.7007270556
81.4915761861
78.3377131005
76.9627064135
77.5298992755
80.0676932352
78.3821873723
77.1617606031
73.2937083251
77.1311693510
77.9159234032
80.0351575732
80.8347945366
77.5026451620
78.2008197329
76.6583970642
81.3278918706
81.7905416000
82.0322739752
81.4996264500
78.9695510460
78.3701947616
80.3679862698
78.6717303558
75.6464226264
75.9035618775
76.1796225396
78.9093686463
78.6953908914
80.5254049495
75.7806123788
76.3613330888
75.5877760769
76.7839875419
77.7464555832
83.7280731791
81.9205405110
80.6766905267
80.5734213933
75.9645168406
75.5161204363
78.1402355642
83.8866471400
86.0353006070
84.9483633933
77.6538441845
79.3822419338
78.3940697651
76.4380378637
73.5938120061
76.6056273908
72.1455185597
74.4800964029
76.2475671671
76.5710520535
78.1775469062
83.9725982338
86.0338791440
83.9937928875
82.3789290324
86.6137449103
85.5101705403
83.5102269791
80.6717721353
89.2545174773
89.2229836965
84.7545529771
83.1954053446
80.1053020468
81.2252586513
77.8316747033
82.9230250041
78.3400320090
79.9247690832
79.4880091593
86.6840546672
82.9319228716
79.8667478674
86.8711024915
82.0483198839
81.0423795179
77.7504035104
79.8568391832
80.9160425405
80.8064416879
79.3487203584
79.0340327131
78.7545901824
76.4141000995
81.7036197557
80.4095385707
84.0105159115
79.1669312194
76.3763160706
75.1461432815
78.2598129080
79.7775424819
79.6805755408
80.4722324433
81.1997562820
79.2511122477
77.6863303817
75.8434194281
80.7503827230
80.5737740948
80.1735723961
79.1491455957
77.6875572726
74.7619144399
79.9666081957
81.8910225675
85.0673688288
78.0893416680
79.2895284301
80.6366801317
84.0889595082
85.3525219777
83.0846613480
79.1849551613
83.3531552127
77.5459055453
76.6973638811
71.8856466825
75.1867814459
83.9384585086
82.3566626375
83.0310239921
79.8343493469
77.1645063533
77.4569288451
75.3553475692
76.6416683338
78.5367044443
80.6696530908
82.2795842210
86.6747764587
86.4859058878
87.6864604743
88.2407556147
84.5523254218
87.4617401608
83.0437952024
84.9812671979
90.0507688019
80.5513697938
80.8851788101
81.7516562888
80.8477194058
82.3001342237
81.5106236573
80.5943247066
78.9827304363
78.8080785725
80.7224449204
77.9954273942
78.8942419640
79.9103760511
76.6961544938
76.9861646260
74.1047389999
79.4877029080
78.5033580430
81.4712065580
79.2353203625
78.6726187680
81.0258774162
82.0697583543
82.0683054726
87.0991704909
84.4286544884
87.3736432403
84.7937537070
85.6301419801
79.5501346363
78.3493842159
74.0388496552
77.1660007226
78.3988658035
85.6487268643
82.7292539296
81.8356418909
81.9882485669
82.1563565520
80.9791459055
84.7405453119
84.8873651296
86.6010997659
85.8639320398
88.2862598422
87.4636009234
84.1311849579
86.8653809023
88.5957586478
84.9159749204
87.5882879532
86.6552781928
85.5487187134
83.4825648795
82.9130485513
81.7446595954
79.3413528282
78.1011278927
81.5337418561
81.1849253584
82.1587201865
84.5879931667
85.2768340150
85.8124604555
81.8765011543
82.5843273923
81.2019203249
81.1253269488
82.3876108677
82.6493946283
84.5722470018
81.7502993139
82.5394189830
78.2220928549
75.7497851129
79.1484806029
80.1782444622
77.5611825487
79.3402337292
75.3042522032
73.8936627223
72.0647153038
75.3520351871
76.2456455626
78.3705835188
78.7032366247
73.2501841853
76.5953120100
79.6516501902
80.5223707242
84.9448415099
82.2673170413
82.1283992627
78.0894940035
75.1050195478
75.2794476811
77.0205795586
76.9541830132
76.7169882218
76.5072572918
79.3097793026
76.1795131936
73.9566726307
72.2918880868
75.1075750215
71.7147877895
72.1126709519
74.0138267963
74.3931649745
69.8353402399
70.1747110308
71.3579318363
73.1550315002
79.0189309166
74.7337741000
76.5221361443
74.8086686485
78.7710980027
77.4027556450
83.6980077468
74.3651650374
74.2016967832
77.1222039628
77.4659265666
77.9023769719
78.7528047155
84.3582209119
82.6319502373
81.0314034898
74.5818310310
75.9562000898
78.1423256231
79.2680010933
77.8121024971
77.7327854521
78.4992051321
79.9725045025
81.7886550875
83.0507327910
80.1629532743
78.1129574844
80.3038503225
82.0334421384
82.4409575234
77.6817624863
78.9111939820
75.9334974765
75.5769645687
74.9690704794
75.2895255113
76.9019830058
79.4280068974
77.9527361493
81.3776028009
80.2489674051
81.8501264870
80.1500034837
82.5433849192
86.6356690116
89.7850293245
91.3746844022
86.7600357782
83.7954605920
78.2758696300
79.1058944604
78.6451593810
79.9431202818
79.5340009724
78.9344240730
77.0281339072
80.8178528907
80.9577120398
83.7834201513
84.7883023869
82.1706124663
81.9307800772
81.9379557689
80.7425440063
80.4512659693
79.9287679203
78.9570606051
79.4825553824
77.0640816887
80.1096890384
80.9831341740
82.0806739692
74.5667616878
78.9177389544
83.9145369373
81.9743106733
79.4417665848
81.5791234068
80.0064668917
82.5913502327
84.0884987844
80.8987816293
80.8574137311
78.3262729216
75.0949981503
75.9888785863
75.5331140918
76.1840075488
81.7427346434
81.0610987279
80.7556021648
82.8323572804
82.7270689795
80.6506687489
82.2729809531
80.2632612983
79.3542729843
78.8802625920
76.2858415506
79.0169538200
78.9470343579
78.4952749814
83.4705299556
84.2975627604
85.5178502121
84.7011305162
84.9838231793
80.7139455428
81.6499822657
80.3838260832
85.7463386263
85.8411067778
83.8623136212
82.5058050380
81.6314769280
83.3126221968
79.9438509231
81.8805066370
81.0001757481
82.4506883640
81.2409517141
80.0894944049
80.0710368438
76.6010500408
81.4030067181
78.6382479709
77.2254438546
76.5646533841
74.3965124815
78.4997801103
77.7846531861
86.5211573223
82.3460132166
81.1793762232
83.2637430995
79.9249067540
76.5685940672
79.3036092235
81.3244508241
83.4640313892
83.0669383191
86.0415936417
81.8882797524
83.2096521487
81.6103550243
82.0856820740
85.3563876244
82.4400587656
80.4843987820
81.1205816759
77.2910413867
80.9165310492
80.5206684810
78.6570374692
77.0563822009
78.7239923661
82.1527860554
77.5015010347
76.8297410789
78.5717217075
78.0779629883
76.7791382171
79.9434312041
80.7987653217
83.5948067645
83.6630468201
80.9040460125
81.6914610613
79.5096088851
79.2701173810
80.4448467973
82.0316066462
75.8002439816
78.2637767922
80.3214215751
81.3693130804
80.4155901386
81.2248322178
80.1044805089
83.2113696520
77.8709558222
77.8467078880
79.7065554733
79.4244787514
75.4590943640
75.1603013781
76.8667678913
80.3750483749
80.6102557770
79.2056035435
76.4535800504
79.1773355286
79.0289513005
80.3445345309
82.0640904224
81.1870887167
79.1068801760
78.5174364557
80.3913818015
89.0126604654
85.4506823589
83.6859611595
79.9227416896
83.0949319938
83.1771586707
81.7877783101
78.1855555570
82.3700376375
78.8242173619
77.7126845003
74.7073519841
75.2667502395
83.7535882021
78.3347578338
84.2245587932
84.2005802064
80.9801624135
80.4427453255
71.8829505835
75.6547915672
75.8349378062
77.6092132019
80.9256067219
74.6240115634
77.6733854341
79.6560549102
78.3999310049
79.5587643837
78.6028536631
77.5869429579
86.6456374477
85.7000221499
87.9170965344
81.5417916567
75.5967444064
76.3277383848
82.5973563636
79.5675744632
79.9118041264
77.3291804302
73.7536040908
75.1095621134
73.0172326396
76.0988971228
81.9445269159
78.7310433963
82.9984621870
86.2006144043
77.0782090741
88.3210139970
87.0563850038
85.0134265315
79.7457619818
77.7758822746
75.0254875176
77.6695776491
78.4323143694
78.4258271656
71.6849967758
76.7003876811
76.6737921914
76.0909036469
76.1816531902
75.4409950656
75.5033313066
73.9875529079
82.2879376501
82.6557444263
83.2855473393
82.9926365764
83.3544131642
85.3372463355
82.1980261269
88.8910014222
80.9990610326
74.3516729840
76.7539097799
76.9183683044
81.0925906903
82.1272065785
79.0815804660
76.3716318133
72.4870154490
76.8428553356
77.8647724501
77.8454337950
76.5405216117
75.2377541704
74.1821725604
70.7725703560
70.8582201314
77.4893131956
80.3215837162
84.8059983028
85.2417270660
81.6207192217
85.5817327192
81.7234028618
78.9563329977
78.4046353746
77.9572652138
80.2535189141
74.1469404568
73.5169204183
73.3496312549
76.6145204342
79.4860167008
86.5450592354
84.0299821748
82.1001059665
79.2998868192
77.9547689799
79.9085676454
81.2870554599
80.4410541410
80.4360880558
83.1713242581
85.3225564186
84.1120746304
80.1641738021
74.5417578107
75.3896483416
76.3972169751
74.2852838134
70.7301169517
70.6938621114
73.7855492680
75.6047806975
78.6434812666
79.0016080077
79.0578765605
79.3720929334
78.2140585211
73.6434144014
74.1856965897
77.9280211483
83.0758276938
82.3789810683
80.8186364252
80.0421598893
83.0699302890
78.9565503698
79.6052761766
79.5184187371
79.4919896396
79.9824371616
76.4359918055
77.7495447070
76.6566691319
77.1639883895
76.8039513989
77.9389489867
75.5878553936
79.1955727643
75.5980120344
76.9421560486
76.9411797480
76.5621760131
77.6863187003
75.0879236491
72.6208870328
78.2163933260
78.3859871892
77.4670394952
83.7448936788
82.7774382436
82.8481503816
79.7731193708
80.4292911900
77.8624309433
76.8462281861
75.5166271804
76.9839998664
79.0463916329
80.2993934858
81.6715831131
82.1391566857
80.7832388970
81.0467458878
74.7391148991
74.2035335622
73.5596861093
72.8580070700
73.4498399147
73.1627760246
74.3501505243
76.1818928519
79.3736926839
82.6806415277
79.1086370614
80.0911555728
81.0814162199
77.0238939437
76.4896804581
77.7229059405
82.2989662135
83.6355632918
83.3049069818
80.8270061456
77.8244030759
75.0545615370
75.6983729246
78.8737296683
80.9835211622
80.3492677268
80.4354382204
78.7079174489
78.1356928726
77.3908783480
78.6927330203
81.4360890329
80.4688984861
86.2653572905
78.6851530881
80.0570236988
81.8597330092
81.7480339850
77.4814290013
73.1632530134
76.7949703333
80.9320770216
82.8733004464
82.7860831707
75.8966146551
75.5462488415
74.7729458631
70.4865453777
72.2393583517
73.2190690657
75.6132013409
72.3911898785
73.6208166229
71.4458248546
76.6894494245
77.1629894771
81.2042529661
81.4164210587
72.6616647970
72.8886767022
73.1123457943
74.5186426968
76.8836629463
74.1607250605
76.0312907854
75.5771780875
76.6167334746
73.1217548203
74.4126301169
73.8300199700
74.0943383695
76.0812255280
75.7216041810
73.3878938144
76.8588527843
77.4749765315
78.0604064341
76.8617900449
77.9885931935
77.8920107810
80.6326486548
84.3399584922
76.9791470223
77.3700889229
75.0024505489
72.6544818828
72.4388893694
70.1430048451
70.2397589774
78.0318704763
74.7131449564
78.9657911145
75.3302957674
80.2958705352
77.7174462917
76.0384559465
69.7039019659
71.8732833536
70.0040716363
73.7066280456
69.4643844765
79.5274204662
81.5103093210
88.3869392469
83.9466953642
82.7412347583
80.1834202487
80.0849454292
78.7190898023
77.1760551440
78.1598888030
78.4507901665
77.5481814192
77.2766884069
74.7325563938
76.7080523847
79.6485206883
75.9786026162
75.9244211873
76.1536155412
71.5559232129
76.8186748759
81.7892267627
80.0905864499
81.2531732379
77.2099340187
76.2636727784
75.0150255692
77.3929499569
78.4725316929
76.9399434800
80.6998259893
82.7183448772
88.0290985862
88.0209658273
86.8500281703
92.1094978108
91.0723473722
89.1340574539
90.6443148706
91.3753917735
91.0885044316
83.9230504962
78.3100759018
81.1761786584
68.1470865612
67.8803279586
69.7772811352
76.3493708084
78.6032073633
79.3623817161
79.2929362235
74.5629436967
72.8564169243
72.5520291366
71.7960444637
77.3037937179
82.1757325643
80.1076382421
78.7445576197
75.0057878239
74.7949988372
75.6361012213
76.2261147007
77.8759835278
78.8196334549
80.4102943328
82.3859372625
77.6412117535
77.9127006414
80.8364538657
81.2784570476
85.2598578412
84.9638227914
82.6534123004
83.1980368262
83.4242854579
82.2501339775
82.1517856237
83.2198132177
80.9436042243
79.1001562753
77.9005497414
79.2958026565
80.1987082202
81.2179773909
82.2007766208
81.7459534618
80.4461460659
81.4656894662
80.7051077812
81.7801721398
83.6803398122
80.7009725304
79.4646670542
81.6550052400
80.1623734748
77.9123836646
78.5398640268
80.6384392196
75.8397640979
75.8577146221
73.1570159460
73.1938523309
75.3317442199
75.3738229775
77.1579992360
71.4268244751
71.0459846536
67.4913160220
71.0977342376
73.6082037488
78.9266994387
73.1539748427
75.0701311285
73.0692625909
73.7063638855
73.5790751484
78.1708418044
72.9568287490
73.3585769481
71.8557518600
72.6820150833
75.6028682081
76.6493512337
75.9586073785
74.2832011735
73.9987140501
77.0189166736
78.8212734552
82.4601129964
81.5151707089
88.2318342590
92.9212698447
93.0929654734
95.5249135068
94.4230120341
93.8113061910
85.1211864717
80.8262584923
78.0001264961
83.4970961408
85.9930340019
87.7923973114
85.4273080731
87.1871403012
82.4683594785
82.6118861557
77.9740076720
78.3144860599
76.9299556313
75.2291841847
78.3972408451
77.3512490387
77.9126091151
75.5931842218
73.1747219158
75.6848573511
75.1172053367
77.3039681352
74.8353323704
74.4580633664
73.6444122354
76.1081630673
77.3043258874
86.0473378718
77.0618238222
73.1539141763
76.1935026279
75.9557918015
76.6128736573
80.7023094036
85.4104232183
87.4108319175
87.8748087940
81.8267094547
75.9779839409
75.6145451720
74.5827831689
71.3835531103
77.2420571088
76.2217245198
81.2066497498
77.1029991558
68.2531590106
75.1226196323
74.9847387131
77.8507735354
78.7058072593
77.3023018805
77.2125188034
87.5794823821
81.0894277736
83.3310249173
82.0570889125
78.9196239471
82.1136357777
75.7306350501
77.1457121493
81.5996054666
78.6859109885
75.5228867350
76.4357379674
76.6369191538
77.1182212088
80.7798877010
80.0595048610
76.8676521199
81.7715246741
72.8058627067
75.8098602746
73.7087533469
78.7318138781
85.0776432314
84.3905785873
81.3815715212
73.8898294066
75.4236547741
77.3023057420
79.3459328621
79.9411686039
72.4661478560
73.9289180815
73.7377784073
83.9138956607
81.8441657056
81.1119188980
78.5703096039
79.6651792314
80.9650472907
80.4103178214
75.3727791552
73.7938758796
74.7454922235
76.3943810272
79.4960617910
75.6416572326
74.1384180883
75.6924211985
76.2903742534
83.7495016826
76.9747302945
78.3661636086
75.2727642635
73.9227296058
71.9031189472
72.6968083853
78.2906530733
77.0065101012
78.2079274897
76.0972975109
76.1672261091
76.6298535890
74.0466712070
76.4198177703
76.0009614919
78.7177422688
78.5004514559
77.4397436311
76.3466933587
75.0539208827
73.6972164161
74.7472607672
79.7456386717
79.8781664867
76.6938272069
72.0313561143
72.9406712570
75.5403538479
76.1666765726
74.4320024251
79.6417181135
79.7852208024
80.4527092108
78.1043161475
81.4859225826
81.7717684306
78.4849744060
78.2618915149
75.7867810654
77.5477577148
78.4673052985
79.6170946005
75.0595783364
75.4458383382
74.8652382779
77.1621129997
77.5016384278
78.4294546513
77.7608931561
79.8989912668
78.5478953136
82.8821571535
76.9316656203
73.5263016458
74.5155011079
76.7073435697
80.7311325891
81.7542315500
79.4356114576
76.5773036494
77.8743548342
78.2057592606
80.0901958618
83.8025021851
79.8656733657
81.0882333195
81.1564196363
79.9732443030
77.5643898713
79.6539633866
77.4902638649
76.7416604568
78.8172157530
78.2440084571
79.1896761243
76.3385244244
76.4622593052
78.3625035564
78.4055339026
82.4386594938
77.8303138841
76.8098003115
76.8588900477
77.8178659174
76.7775416640
80.0935241058
79.3915817984
92.3321376327
87.1519635182
85.3923546956
84.2615202056
80.8474257533
81.6308116251
83.9683897622
81.1846925787
82.4681166498
77.5649039119
84.1893557206
80.9701063712
75.5035364754
76.4561723985
79.3034016457
76.0665472144
78.7484718263
75.7415844837
75.7865271347
74.3260000125
74.2413457947
72.8794521851
74.0482954409
74.9849748647
74.4740324482
72.1464824719
78.7914210906
77.5960110004
86.5879030633
78.8681449601
79.1638594597
78.7208448178
81.7451717212
82.8660717020
83.0375569887
83.4159585041
87.6537956658
87.9714628060
86.7151408953
86.2251697644
83.9864181459
86.9690551190
86.8069375882
89.6475150952
88.8540961748
87.9999099308
86.3788921165
81.8425874921
74.8133227690
75.9500716465
79.6337041755
85.4399736655
85.4872455808
85.1626209742
80.9435692007
80.2906699084
78.7580738435
82.1649438472
79.7407609382
78.3543902152
74.2600442100
72.4087686191
72.6121126668
76.2498044915
76.9883443468
80.8622771793
80.2719865814
78.5522039947
81.2639305331
79.7597177115
77.6483367517
77.5767806710
77.1959510798
74.3812760933
74.2671668761
73.7677967918
70.6543680076
74.1068044450
78.9689947927
76.4054726901
80.0483714396
81.1433059564
81.2753330023
76.6454255904
73.9044175473
73.3757832240
69.8924738094
69.4534578671
79.0070265798
77.1150305934
78.9044092069
80.4679990815
79.9643678240
88.9787653542
84.2884202782
81.2502440924
86.3089938196
82.9952535139
86.2820309700
84.2306665578
97.1493220206
104.6044403786
93.0461192481
81.6162149296
77.7524301920
78.2607297944
75.5140404759
73.7036173584
76.5310545308
75.9836932618
76.0596892557
76.8373400250
75.9241369281
75.4643584431
79.6376283374
82.7846523767
83.9341424520
85.3163474368
85.2854302159
83.5983230920
82.8072392466
82.3140648068
81.2691113165
82.0567398927
78.7912042980
76.3195659380
72.7815743356
72.7181418861
75.5825501920
78.2787591046
80.3000889072
78.1859435125
80.7748823568
79.8529015331
81.6319304534
80.4483419151
77.4352049527
78.4212529202
78.7449231906
81.4659269894
82.0935379503
82.3289894662
73.8860652720
71.0110146922
68.6418259339
72.5601634200
69.8375796300
75.6263739027
76.2586067116
77.4718783653
74.9754318082
72.8216928077
68.7342019199
73.1330996501
74.6910081197
79.0764447979
74.6898507007
72.1863801978
70.3615765995
73.5689645211
74.8009481808
72.6859738655
70.9087687996
66.7756699847
75.4927735413
83.2696537690
83.6719390804
85.4592167101
83.3958149119
81.7390767507
79.8883797755
79.7498411167
79.0801707802
76.8395744332
80.9370828681
79.6839500673
82.2615770819
81.8594843148
83.5860140483
86.3992741984
83.0471074071
81.3555117093
77.8334656629
78.3394250614
83.4945714820
83.6478406124
77.9407557662
77.4166875853
78.1543745147
85.3088025361
84.3936360502
83.4276624129
79.1198349084
82.2677337341
82.0417062366
81.0454594333
81.2214941536
75.5173346254
81.6522658359
76.2848251777
76.7322772784
77.9522673786
81.9879675008
79.6186949013
78.6723689550
73.9201766225
77.4686329777
72.9293411841
71.9544688292
72.4151403119
74.0220895979
74.7664070699
73.1945071236
71.4058329714
72.5844455243
74.0071205569
75.2245407382
72.6611125906
68.7192392695
70.0377093972
70.8628893603
70.6410900496
72.3082725427
69.7371560779
71.3595730631
73.3763226026
73.9757463168
81.4458918207
75.4701830114
76.3077888340
73.9407642391
78.3145213563
65.6184844640
66.6573439512
74.9112970054
70.9407474678
76.0559652142
73.1129290580
74.5393686694
72.1040950205
73.9225110397
72.1713573242
70.7560168525
74.9902258905
70.4873452879
70.3005149302
76.5867580132
76.7564083560
75.9943483943
75.6085273440
73.9469455377
74.8443087724
71.5688151707
71.6165860850
70.8092214341
68.5474513803
68.5983612397
67.6502191871
69.9655635060
71.1903216338
71.9595448848
71.9750015125
71.9933603973
71.2498216016
70.8996101844
76.7491370689
73.8141019127
76.8750901921
76.8484330277
81.3136465562
77.1834868497
71.6228820632
71.7142401827
72.5424573139
76.0799632396
73.0653674003
74.8577047061
74.2141240652
77.1184599751
77.3127635383
75.4511717906
76.6132494213
75.9016437063
76.5741784456
85.2000770181
89.5395653504
85.1722694575
88.3423347922
80.0833900374
79.2656666634
74.3981700433
74.8470978782
74.0662510270
73.9405410657
74.0206256715
78.3144781740
75.5232956556
74.7814008727
79.3273113022
77.5934996846
81.0199769964
77.8208023657
76.1583790072
83.4205771659
81.3357541657
83.1895944813
80.1317239168
81.8657240214
83.1423944056
81.7745401367
76.2186163134
76.1044768614
75.1784233776
73.9203509220
74.0043803596
72.7446039130
76.0429887123
74.7691476260
73.6430882031
76.3470202677
78.5610020407
78.6686553602
77.7970591921
74.1981085796
72.5075378648
73.7431297175
68.6032524454
68.8549772837
70.0519074704
74.8999525455
75.8023506939
74.7203375937
74.2562966044
74.1400608958
72.5076243972
74.4107277854
73.3581817278
74.8916726019
70.2347240088
71.5482622009
72.4755899035
72.7871389114
74.9940730150
73.5599234013
73.5348924573
76.1160294252
75.3639020781
76.8351828092
77.6669042823
72.3605931114
67.5588448708
70.8327477346
71.6924797600
74.7661989629
77.7191005621
79.7226416014
77.0055835784
75.0241889008
76.2753529448
78.3370893866
77.0021342548
82.0982318028
68.5318925045
72.8583864826
71.4135774547
71.1087197833
74.3057260592
74.1371342102
78.6464432877
75.8607463454
77.6960656686
74.8556444954
74.4463494282
76.9406825379
79.1749478071
79.4009164557
79.0179014434
78.3208742683
72.0483330078
72.5332692807
73.7996275511
78.0218105168
74.9751310380
75.4230062626
73.8509477085
76.6369919940
76.2702913588
78.1890957978
79.3494913353
82.1138740500
82.6959937605
83.9169931307
83.7053510650
83.9763938543
83.0747803770
81.6530125170
79.9172431477
82.3440479667
79.8687660644
77.9944526573
75.4203692470
79.4592205752
73.4648975220
72.2383018750
72.2689766728
73.5271108140
81.6381926605
80.5031855706
82.2435551209
79.8140252920
79.1310739116
79.0701442700
79.5710090536
78.4256991354
80.1308189035
78.6333110255
79.7413937443
80.8175021275
78.0418940235
79.4834455950
80.9765099276
81.9439154438
78.9771851412
75.9985431074
77.4835752188
78.3751872068
80.3850802822
77.6368481324
76.7285741810
75.2730360494
78.0192685277
78.8567914767
78.3459647862
79.8274346571
75.9907049594
72.0966131165
68.5447974556
72.7938132799
70.8026716123
74.8303260424
74.5730695100
76.2484221003
80.7832474321
85.9137544633
96.6837015228
96.3357080830
94.0018256553
88.1290877922
76.3344996774
76.5763670690
77.6127764844
77.8384478350
76.7458744754
79.8991691721
80.2048939844
80.2210317170
79.7952884874
80.9175111618
79.6537043144
78.2804732358
73.1457731807
73.2803518923
73.8922588637
74.3191743004
74.3272900488
74.3393193160
68.3135019034
71.0939249071
72.7753509310
76.2928401576
74.4655879692
74.3920158738
72.9981803926
70.6503201516
69.6088163685
67.0111015619
69.7176379834
69.4733902710
71.0275436380
70.6661799961
71.6359222182
72.7214353382
73.2665570581
73.5484236036
73.3554052489
70.6400138608
75.2189227381
78.7005798582
81.9480363273
77.8877750842
75.1012624499
72.5638591093
77.0597983021
73.2870978967
76.2760385219
78.2761448150
74.9720678542
74.5832924910
74.3611975837
73.9262578987
73.4841330631
73.5837246459
77.7182184846
76.8937664394
77.3350079657
79.6630743265
77.1262165184
77.8739407928
74.6435076342
72.3235196129
74.3750566071
75.0857234470
75.4747060140
76.2147504582
74.9392048664
75.9469670833
73.8137809308
78.7638629326
77.3870463263
80.1639215163
77.7737832185
70.6379337944
69.5735990948
71.2378445241
72.1397420155
72.4412410665
75.6425005959
73.3493630924
74.6884194695
72.8270350400
79.3057340537
78.4892840389
81.7778653618
79.9774157706
82.1625964243
81.1292348736
77.8752536344
74.3000280524
72.7635481282
72.2680920874
72.3457231550
71.9670529391
70.2918243963
71.2129404323
69.8410172531
71.1206372017
72.5305700528
74.3098996032
75.5992408793
75.9189350140
74.5061965420
75.0788404711
71.0260222184
75.3597574706
76.3727631570
82.5194201713
81.6199249502
82.3401149537
80.4465472822
81.1159313201
71.8235123798
70.6656027764
76.5354217286
76.3696594821
85.0363674745
82.2516640111
80.7019066445
79.0881876629
80.2405762309
80.9330551693
81.5813553090
80.2981529795
79.2650742802
81.6294744648
82.3312579565
80.0041554214
76.2437059013
76.6943062125
72.5081804994
70.6745322238
77.5419995904
76.2178015189
79.8521684170
79.8649071336
79.7597396991
79.5449469550
80.6582685600
78.5474031000
78.4051950965
76.8029674925
75.4675977348
75.9014129196
76.5870694507
80.4162979288
82.0490934189
84.0789249971
81.8708224605
81.7477587191
83.7177285901
77.1898841563
77.1552070721
74.6874918437
79.5404696690
79.4572734653
82.8137430531
80.8566960222
76.4248516920
79.3431825384
77.8629444210
79.1893266713
76.9024648878
79.0694451276
78.9103282777
77.7231280103
79.4749041551
85.5232882937
85.0749551033
85.1410210287
84.5950128814
77.6378493052
72.7767058135
71.9194234722
80.4459508370
78.9889598897
81.3052384473
78.2041652484
79.8061896908
79.4285585294
81.4386016780
79.9612460644
77.6056168478
75.4300583975
72.7080644779
78.2227429130
77.9350605265
77.3141019841
78.2434834505
73.5947556124
77.5874304304
82.0314013177
85.6210473390
82.2215989179
78.7647506766
79.1164626814
82.5077657232
83.1340769169
85.4320441534
84.3050176586
79.0820247159
73.7359521168
74.8013501088
78.6580415472
78.2519083226
76.5556959119
77.2397028635
75.8953193909
81.1078236829
76.8552425540
77.2732294062
76.4067610700
75.9770423057
77.8111219233
76.8224604206
73.2798480668
74.5475573476
71.1704564785
71.4413357655
70.8114360023
77.9104331905
79.9513869525
81.3191045143
85.6698528030
87.9380005433
92.7560458380
88.2349199952
87.7617873407
91.0418910414
87.0937185032
86.7554910423
86.0624042576
87.4344734783
86.5464106579
82.7975888197
76.3821465553
72.8406726813
80.8756741826
77.9195163647
81.7358803919
83.4715556217
78.5573915631
79.4018438449
84.3322114610
82.1359524656
82.1634544290
82.1308874699
81.8882382364
81.4094155155
78.8435711558
79.0955929362
79.6330926004
80.1275874447
79.0249523642
80.6524379694
80.3118037228
80.1699430266
76.9787389975
82.3926270830
88.2930180817
85.8629566512
84.4051279454
79.8359678464
76.6014314122
76.7217837636
79.8865495861
80.3163666107
82.5550355214
83.5575671577
85.7569047122
91.5612055441
88.5937542694
90.3078054924
85.0759597021
87.7900522138
89.9181153135
88.0992959577
86.9333469238
79.8170458598
77.3547433988
80.5779373368
82.1498420614
82.4565075790
78.1482661151
75.7469293469
76.2328862104
77.8462243635
77.2764784433
74.6620424275
76.7010555611
76.6429369167
78.0149378281
82.3529474296
80.2383433878
79.5237942805
75.9622057972
73.7895439686
73.7364161393
76.9774660978
76.9655283652
77.1252881590
78.8801669111
79.1830325159
83.6083733987
84.7576175643
84.8689527971
82.5961073473
85.7463501232
79.8261137643
77.6843421160
75.7802405727
76.3346188874
75.5498777672
76.2585284135
78.4902204473
81.8246051169
83.4293143826
86.8419961859
90.2041510250
90.2447809309
87.3671833791
88.8623629349
87.9622947399
93.9979008422
94.5710649040
96.7019840457
87.8084528079
93.9823052365
89.5193249656
92.2634345612
94.5243305310
92.1526550780
89.7641409024
89.9940563651
89.3911183027
89.7127112105
90.7193300699
90.2894766108
88.6895249538
88.3995792901
83.5706291504
80.6992575630
81.9976868093
80.4587319387
77.9448861300
80.4552360072
81.7145002800
86.2243391015
84.8567679867
86.2796728668
78.7834060890
80.8309801939
81.6952871672
81.5923212228
84.5277027272
86.2700564584
85.1013167327
76.4952633425
74.2782739010
74.6747135661
74.8714613540
81.3867785777
83.6835725136
86.4579868069
87.3001725766
84.3864067255
77.3215028035
79.2738234839
75.6382110898
73.7075991313
74.8502763869
75.4349111142
75.3202212630
77.4037778413
83.3866969862
83.8431947284
83.6963598506
82.4006736322
87.3229995141
83.0013681040
77.3582667401
76.7324913028
80.9978160499
77.6961176332
77.1279371130
83.5613180119
83.8387410357
82.9081574130
77.9061877564
76.0530393335
77.8659660291
84.7141426149
85.8776212084
84.6674310821
85.6215511272
85.3418450450
86.5544955351
90.6579223194
88.2006346371
88.6327538412
81.9623265590
79.7492097392
81.7361187580
80.8180764528
79.5874468497
79.6235131759
79.9144679344
76.3708935443
76.1370493525
75.8039803114
75.7015980902
77.1308901302
77.9160200665
75.5321046686
77.5689681935
77.4452355190
78.8752730230
81.2528967654
81.7153194819
81.1309107325
80.1777297059
79.2327456846
78.8613969039
77.5316719447
79.2413726031
71.0877445977
75.9952868084
73.0720020407
77.9644341827
75.3707173339
74.3362946629
75.5439046664
75.4625591325
77.9636146519
77.1740360308
82.0064497245
81.8046777067
80.6601919630
79.7238967486
82.2205570538
78.2651588990
79.7862591104
80.7878584146
81.3401792835
78.9582952218
79.0249818472
80.0078725692
79.1244927331
82.6832255744
84.7754236639
84.0729568016
84.9466040003
88.8834798631
82.7208092733
81.8930007747
86.1991378664
78.5640668491
80.9628091657
79.5353106020
74.8031134116
78.9140575400
80.6750336693
79.2031175156
79.2697544642
79.1271083970
80.3839556851
78.1023689001
79.2906328512
79.1450639289
78.7879200540
77.0062207570
73.5264709531
77.8284828455
78.1773990523
79.9420950557
81.6058661393
79.3213333981
77.5274533688
80.9407837322
69.4626392478
74.2447450022
76.3495950477
82.0088021558
82.6801181927
90.2953378024
82.9236744612
83.2413175447
78.2620929134
78.1239365197
75.0999726070
75.2588779676
77.9655712145
83.2046070172
81.9862327076
80.3588514455
83.4940541598
82.3973669346
84.4172843957
83.0086412150
83.8629380492
78.1701104442
76.0843715474
74.5308204092
80.6694600287
80.2661038862
79.4808187746
81.0436441970
81.8167785788
75.8337491564
81.0526016606
74.2570359089
74.2276484086
77.0272615028
79.5295354819
83.6638923549
79.5545642151
79.8113422964
80.9632935147
73.5641446655
77.8002699033
70.2295311447
71.8298171194
71.1793425976
73.7257160086
73.2054646480
71.4878578271
74.2699178088
75.2076474029
81.9390675410
84.9351946357
85.5027489334
87.1393398209
83.7069692580
78.8957468575
77.9353169243
79.0274344973
77.9789445210
80.5861210709
82.0737856818
81.5285419248
83.6355669101
83.3202545044
83.4855205903
76.7783626965
70.9553282704
71.7006134455
71.8294293791
74.7918375443
75.4883565119
72.7573790443
72.3533552675
75.4029576882
71.0856506392
71.4696895355
69.5582260970
71.4911109686
79.4300152042
76.6888375584
78.2391628682
75.8454848323
75.5403922103
85.0657455821
74.2920831009
77.4442629358
75.8995835159
75.4000978223
77.3844304367
71.7449799864
75.0503056257
78.2984548816
81.4753288581
83.5407463692
85.6581140250
76.2662321823
78.7975148295
76.0317763136
76.8574786119
76.4184140040
81.6343205192
82.2577841759
80.4584470042
112.6638895529
112.4131518831
113.2121025642
97.4358279175
91.3918190367
87.3401850050
80.2568656865
75.7210874566
75.2468324877
84.2387576204
84.0248046821
86.1626097399
83.1031850574
83.4786537618
85.2491760721
83.5910413022
83.4305002853
87.5816699676
81.2650311244
79.4205024919
80.9408580505
77.3749258294
77.8824091366
81.5643536465
88.4959898604
88.0307953955
85.5408915342
77.9801971667
75.3184824675
71.4202180380
74.6305351572
76.1554396016
78.6004245935
81.0945877945
81.1423768329
82.8149660765
84.4447218891
89.2188095641
101.1757950412
114.7328399074
100.4048929671
93.1632076721
100.6378801254
111.7804434359
116.0333457985
117.4894345179
103.4907462619
83.6557303754
79.1985391789
75.6617460844
73.9371328334
74.1402957072
76.7224086638
79.9313086330
79.2039748011
80.5245321955
75.6367395435
74.8074242103
69.4730672767
70.6017356459
75.5414761673
75.1463898692
78.6256643419
80.6387733384
84.2419020202
87.3420428667
79.3633086632
81.8405692059
76.9578030880
78.6281370648
79.4045548572
82.3116021947
81.3409179919
80.8497446990
78.5111935195
79.2155676738
79.2834281736
81.8639438422
79.1664699795
79.4582264807
77.6398019756
77.1185065251
75.6016701039
76.8034017734
78.5230449304
82.3250325064
81.6871545509
84.1793377442
80.9168597975
82.1392363843
81.8655407322
72.2900378683
81.2340372124
90.2376880726
85.7837442359
82.5887569837
80.8170149936
85.3445115614
84.7582132735
86.8587160479
78.4059465634
78.6769529439
79.0627151390
76.2781804032
75.3170833780
80.9486567981
81.7510954959
83.6701111457
87.7215693016
87.3178774700
76.8549590334
76.5173249851
76.3564041953
78.3404276229
78.6577883563
77.0107807736
77.6311429581
76.0918709906
73.7688167615
76.8784896109
76.6994296121
74.0970368042
71.1989707463
69.0279993647
73.2896331200
76.1303126534
79.3508232552
76.9740051085
79.6628197688
78.0598677393
77.9598204112
78.7954025464
78.1097087308
74.8431184852
76.4706649674
79.7086031947
78.0476527084
81.7565860119
71.7803532259
72.7367550422
70.1368500385
74.4657963425
75.2200427710
73.0266254067
73.4414797954
74.2751029837
75.3159892251
72.3419854507
71.9396351482
72.8682422977
70.6455045992
71.8069144621
70.8038742845
73.6396227208
73.3459260430
72.5319885323
73.0084896532
70.9663316120
75.1514649135
80.8848578733
87.6792716616
88.3798284630
87.2136971433
84.7375235892
81.4289176163
80.7026506454
77.1459923923
76.4982616319
74.0113195347
82.5972184393
81.5131964196
83.2122391088
77.1921262262
76.0240602321
80.1908861011
82.9563312220
84.3325222695
83.8311467603
84.2230338127
90.5426633301
81.1703306701
86.0121737647
82.7080773461
83.6637772838
81.8054486370
83.4529907361
80.8140941969
75.9687029879
73.6275849725
71.8073443258
74.4198626648
71.5960766809
74.1142545132
80.6950009570
75.1864601880
76.4474996373
75.8288032123
75.7517155753
73.6221825149
72.1134615696
69.6635414683
70.4427443724
74.2627739738
77.0813945308
76.1125782048
78.9020622722
78.1765634072
80.5733039651
80.0902637961
80.4211519515
78.0178339934
79.3823139375
85.4060182470
86.0038004853
83.5488407762
79.5194001533
70.5580057250
74.0558110538
78.2446254264
78.9447349337
80.3975712642
77.3347709137
72.3853023166
70.0552486265
75.9214404878
77.4726387574
83.1064971055
84.0861686173
80.7417422795
83.9636947567
82.5677352617
81.7000049801
83.6469259614
83.5033305562
85.3268743311
84.7165839864
84.3972493195
80.3150027452
75.4656397404
76.0590209722
75.5869315513
80.4659070157
84.7495759160
86.2667597781
87.9973589160
81.5325293923
79.0026253883
77.0181039361
78.2986451290
80.2114976040
86.0079051815
87.0702525408
86.0411035761
82.1679573949
82.0135134401
79.8454509497
79.7513062408
75.9531068404
75.0961488228
75.5297741361
76.5436318913
75.9521829369
78.8417977971
81.9883916956
84.7152509064
79.9814671280
75.4668265944
75.6403617831
77.7419078779
81.4285293344
81.7083411992
79.2656888047
79.6719589027
76.4751854479
78.4095949918
76.1648537274
77.1295841272
76.8920245039
74.7646871042
71.9580280844
82.7591890877
82.4835780304
83.6786250069
80.7757548158
73.5554674221
76.2079692671
73.0751835731
70.5764395871
69.0699988271
75.4814263703
75.2663235465
75.3819651256
75.3541111456
74.3365965149
73.6326080177
74.9961477649
72.8598402444
69.8019866333
70.0575220732
70.7689908732
74.5377801605
72.3199027210
71.6323222200
75.4189278173
75.7052437321
77.9418606450
76.9268194436
76.1880178307
72.6563384937
72.5445079628
73.5254254146
73.7212607994
74.7071946625
73.4952639371
73.5143531060
72.8089756872
73.7530010420
72.5107885382
73.0047634860
75.3050536035
73.8879099753
75.7134824040
75.3038601085
72.8694025895
71.1611722420
69.9738236776
70.2843690077
70.2977361789
68.7698426942
68.9175279029
70.3947129296
73.3105918157
81.3974397964
80.0300279427
78.6607637210
78.2796384522
79.9074180680
81.5190761956
80.3315925322
73.3530418632
71.6339124747
70.6663114479
75.7729484791
77.7855868107
76.8593902069
75.7346180294
75.8134831225
74.0474287442
71.8372593842
70.3435512978
75.6380671902
75.6685644154
75.9961121158
69.9535496194
70.5506423306
69.6745364603
78.2437228978
81.9188179859
82.5726603755
83.7411460805
82.2508065325
80.1819252045
79.6972831836
73.8609021435
79.0218119611
76.6428069254
79.7620168161
77.4093080111
75.6685517591
74.7840210065
77.2973698574
79.0188640579
85.3349126591
82.3821292897
81.5002680013
81.0039414934
80.2718506388
78.8524029563
77.6290745377
78.6956056213
79.8375754715
84.1135074563
75.5127636458
72.2806758461
72.1637736222
76.3916497038
73.3567403542
71.4253008258
72.2501651651
75.4521288251
83.6368604422
79.1038713898
81.8034200025
80.9939464399
82.7486770976
81.6224037223
77.6851832878
72.8378441216
71.1426859648
76.8778592980
80.4448896668
86.2024457587
82.8772703507
82.0085904071
84.0892504366
80.8867901941
76.9481987948
77.2837460818
74.4287927714
76.1671165977
74.0391673415
79.0810499101
80.1895445969
69.1492021170
68.6019676495
66.7084036896
71.4981281201
69.5631217723
71.7884657471
71.4167288536
72.2012149494
71.7399894634
72.6462219332
73.6291987652
72.9578054604
76.1224230808
77.3401004657
77.5904408066
75.6978438776
73.1149826374
72.4992938217
72.9564814085
72.8751544624
73.8055693433
73.8966362925
74.1585502976
74.8381475517
70.0559828032
75.4361121477
75.7691011752
79.6056149410
78.2065185690
76.9663773591
73.2936938408
75.8191773107
76.8530320617
83.6443348823
79.4608926356
80.5404695454
70.8084009693
75.8403945671
76.7625545845
76.1192483067
76.9925392981
73.9672222610
77.4512816929
73.4531912697
71.6663714951
69.4740640878
67.5034793023
70.2627138752
68.7602169274
71.6919790196
69.0413123589
72.9181245202
72.5776355802
72.9299566532
71.4059349537
71.1017055657
75.9337340802
74.5462521876
75.4415321806
74.8751344925
74.4388107810
74.0245734455
71.4671065660
71.6193519541
71.5873835462
72.9350856196
74.9402561490
72.7039897592
73.4096524742
69.7148205190
70.1701598261
69.1401546595
76.0397452663
74.2348829734
74.9804238089
75.2599380959
74.7456381302
75.2365621484
74.1560013012
75.6328119959
74.7497950851
75.3609783546
72.7803078458
74.7293211491
73.5462521655
77.1911300052
81.3103941835
76.6570298375
77.7053067656
76.4735383426
76.1017373677
79.3143813000
82.0608184855
81.4136755785
82.2220614360
83.1103946049
81.4440580513
82.1125237331
77.5776056541
82.7031681707
78.6835292180
86.0259219621
78.0094406938
77.1800636935
80.2010529647
78.6491064949
79.2177809930
79.2098353461
77.2504442146
70.5755138164
69.0394863680
69.4633550228
70.9152258229
71.1597290206
71.6144372524
70.4146298160
71.6067461498
72.1564934300
74.5016234759
78.9728472162
80.6484305668
75.4273692386
78.8643762305
81.1235495330
84.4638666436
83.4923303686
82.5671277228
82.1228813321
83.9560595688
87.5248825590
85.6793069968
85.3801459043
83.1799684569
77.1759614664
75.7565854533
76.1439886131
79.1423047838
79.2208260593
81.5970258386
78.9917002933
80.8597009868
79.9874097201
80.3687139651
78.5329793061
76.6825341193
78.2581248733
79.5694383706
82.1273974792
84.6299000767
83.6407349093
78.0506733149
77.6821016257
75.6231203598
77.9609101549
77.6992035434
71.5569970577
72.5289542137
75.2399899932
77.6928369347
79.9123209583
82.7957260234
84.4220030993
82.4621283168
78.6364296696
81.5452058896
84.1544323175
82.1189778879
84.2060366738
102.1176990597
93.6003948965
83.6381046988
84.1109851725
89.1395053970
97.0133510102
101.4532501215
98.0179128291
87.1801652956
83.3328344016
84.2031119183
81.4684580315
79.4261800056
78.4542753551
82.5078879989
77.3474001556
65.5939176660
121.5315642172
114.3047246701
112.0413155586
87.0962524082
93.7592492982
89.5485907581
85.8085142292
85.0507506290
85.8508438344
81.1728250652
85.1687624340
78.8667633639
75.8197558427
77.9947830535
81.8980087066
83.6061956739
82.5840196521
83.1116682649
81.3280244197
79.1681137812
77.0097206873
76.7300201446
70.2435105531
74.8018729075
77.8796042911
77.3283796014
74.9168908538
78.9457132752
78.9035442092
78.8026396077
75.6840514858
76.2698719053
81.1119860538
80.4742521582
85.6589220602
83.2463323958
83.3847070298
82.5404596548
82.6194509692
83.5834589525
82.8533066177
81.6600637690
83.5225160886
79.6904880278
79.7544261971
77.2064775682
81.1320500566
81.8643412356
87.3038740344
83.0024759612
84.4538887515
79.8681288667
79.7123352487
79.8900879979
78.3785724738
76.0173850683
75.4338031599
78.9235384261
77.9178234031
78.8791407023
77.2355593159
74.6735931832
75.6570741042
77.6882291801
76.4106630083
75.7963206149
80.8372257524
79.2180086706
78.5207622848
77.7623835383
76.4322375521
77.9766279711
79.7263640265
78.3958175179
77.1393921214
73.2095868625
84.6825809579
80.7763910518
83.3083261429
80.4087951163
81.0826162236
77.1157695342
75.9179850199
71.6397122514
72.8924594487
71.7761380858
72.1823628075
72.6443586904
74.7430807472
76.5985699383
74.6199147450
73.8717945449
74.2474302823
74.3742253372
75.5689147264
74.5235707505
74.8750193220
75.7806828498
77.9274016823
71.4332797980
70.6342090470
68.5220301856
73.2295474566
72.0009197693
75.3834872020
76.0248195290
78.3297830923
77.8691256789
73.4446834492
73.6363215671
75.2009553545
72.6245390379
74.3671739675
74.5160895772
77.7618616746
78.0405299615
79.5652505914
75.8030640710
81.8500621265
80.1989146642
79.4406325242
82.2022378240
79.3387564096
79.6937426388
79.7021842694
75.2825066447
75.8202971085
78.5792258228
77.8483007840
78.8219712906
79.4446057444
77.1716612549
79.8117917452
78.4252452035
75.9254397322
79.4025230867
78.5359205757
72.9343021395
73.1489898616
77.0430672737
79.9671053153
82.8561153085
81.5168809820
81.6887295335
78.5549824963
75.1870132181
74.8896312535
74.1191636932
77.8404857808
74.1890318983
75.2838591704
73.5173896653
74.5077539163
73.1144005076
74.6997950203
75.4055668597
73.5080792310
76.5281204394
76.9476523119
78.2204769143
78.7431356519
78.1520908905
75.6238075466
80.3692676070
79.6118534335
79.5047505230
79.1501220031
74.7013366089
74.4958675636
77.8530636772
78.7083441118
78.8122033873
69.7940902982
71.7327499845
72.5160421642
77.3653229468
76.6041540538
76.2442206896
72.9912376835
72.5163599007
74.1715783874
75.8675624297
73.0416927132
76.1180499101
72.8811664410
75.9753243593
77.8395728182
78.0938831342
80.3558769009
85.5252799293
86.3007281393
85.1480828886
81.5070868079
80.6790669612
72.0390193328
73.5777857254
76.0169963409
75.3867573736
82.7917735356
88.0404464345
95.1785725428
97.9881095264
85.1295501560
75.9750691659
74.7992190475
72.1886519433
79.8022747296
77.4173946603
76.6912321307
77.7167975408
76.9518251759
74.6985967649
77.2772348476
75.3823211823
74.9265092847
79.5467971607
75.0676274031
72.8082344082
74.2816577331
76.5263712114
78.1209752675
77.9578268144
80.6255389226
83.7077487291
77.4031295037
70.6860874813
75.8881216250
74.2491170201
76.0234250641
77.1874153477
76.3990298908
77.9855305718
73.2808339187
73.9236088817
73.6833258508
73.4437942665
74.9025342765
76.9327524578
77.0207045180
75.9285981775
75.0476167289
75.1665992927
75.6773106119
76.3879685700
77.6430254115
78.1003957727
77.6174727579
76.7356414756
77.0005902768
69.3371107972
74.2120883634
74.8785052692
79.1258443878
79.8836199302
80.3249600251
79.2396708841
77.5311531965
75.9006286108
80.5335667123
83.2835421119
84.7349388892
80.7860618378
81.4108663559
78.8106179835
77.8791367578
75.1511622319
80.8181765849
83.5595798773
80.1082708432
80.9379729503
77.2340900843
77.2917480599
79.0049202407
67.2763718817
76.0744256404
75.8211539949
79.0510725076
79.6395127473
80.2302463220
78.3098906237
78.0113150102
74.1647670409
75.5655718669
78.6940872715
81.5290224413
83.0427084573
82.1628745874
83.0141840202
81.4570344451
86.3560905674
87.4489098768
84.8150311180
85.7789342879
86.9807625229
84.2599231329
81.8041179018
86.9832257272
96.9983217441
87.2424534533
87.7863044796
81.7169517864
88.2844234944
82.9868702791
81.2519481096
83.5647394212
90.8392132426
84.8039031269
84.4554223908
80.8521353139
80.3351751577
80.2990206527
83.0073789756
85.5499997190
83.7272222389
88.1203062381
85.1066032026
81.5055561271
80.3422009528
82.0959394213
83.3354758115
83.2634973973
78.6820195048
84.5544808251
75.0058653925
74.6050198964
77.1454939481
81.0094736561
80.8876106880
76.0575208946
76.3932000898
80.4229565145
83.7294167282
85.6165082196
81.4920134323
81.7512781046
81.2096201517
77.5146344164
78.5123139323
76.4100971375
76.8581561438
82.0077197492
84.6822856914
81.8090938784
85.6609923583
80.8071987496
81.3873248484
82.2197041368
83.7977477953
79.9507612081
78.9696326176
79.7536159909
83.5203175775
80.9317812023
77.8629816396
76.9232283516
77.3664334389
77.3217238516
78.1563529166
79.5054566684
82.6381325823
81.5196040758
81.7650392829
79.8019909006
79.1858659163
79.6776194197
81.8493262819
82.6212726167
82.2467093848
131.1496669671
114.8883960539
112.5429162116
116.4161326785
68.2851390597
88.2763819908
85.8793986416
83.0759851082
77.0909860568
72.6788288825
78.2324944312
75.9769026322
86.3672889501
87.1412479499
90.6727164552
89.5759783102
86.1840826770
81.7419336128
76.6015711324
75.9663353638
74.6552634720
74.2875236662
70.9589994344
78.7248482242
74.4707654336
71.9667554219
74.6181314861
82.8759883064
79.2345617591
77.1678661125
76.7268812857
78.1782254479
78.7306764041
80.1852494719
81.1851084737
83.3504606396
79.1080171755
81.6843050982
79.3588291978
78.1993202346
79.4156514569
78.7462390605
78.2105070833
73.8639744187
73.0924834741
75.7022034471
74.7083385479
79.2566100743
80.5764660884
81.6120279655
78.1687550016
75.3790269384
73.6814796102
73.9769845642
76.3909805498
73.7804620275
72.6346530677
72.7586200326
72.8507131149
74.6462813902
77.8361836910
79.7409538177
77.6710112908
80.0808114109
79.4840377706
82.6156953128
81.3927996877
82.4281748389
78.8545142762
77.8330221782
79.9152770251
79.8035311130
79.4972201740
76.7507797963
77.4922683216
80.9613370100
82.8012427743
84.3552209150
80.9737099826
81.6114484220
83.9189774976
87.5227340510
91.2122064122
86.2642555283
85.6997029954
83.1999837094
82.9670620175
81.6779260153
87.2454823988
86.8396482259
85.7855747487
85.5675063407
84.5443602614
85.7222960048
88.7391956355
87.8573170986
85.3831222512
78.8132883198
79.0729653835
77.5640316426
79.9077932698
81.4808137736
79.6806076329
79.4347505184
77.5301649839
79.6950493224
79.8952591217
82.6819377562
81.4522324153
80.2933211523
80.6237040888
80.8763127637
81.2440385932
82.1629959276
78.5965106251
77.5691573449
77.9870681659
80.5345279608
76.1426200472
78.2563356657
75.8246156416
76.9519505768
75.7605807332
81.2367440494
78.2325540100
78.1358462835
77.4521904227
76.9790712125
77.7438923991
77.2114970520
76.6721222529
76.6211268733
81.9891730679
82.5466257752
84.4230975654
84.7993341203
82.3875112548
82.4223837242
84.3087291565
81.3185703862
82.6082078544
78.2894669588
76.3785644726
78.3199548439
79.1447586694
79.1195004586
81.7605613060
81.7314954332
83.7148579914
82.6339400235
84.4460354635
85.3397380027
86.9501952256
85.5600404709
85.5237744978
81.2074980838
82.9411286484
84.4335323756
86.5222326337
84.9560518065
81.6797600080
82.1688919774
81.4902042512
82.1438402184
80.9703949116
81.3514126661
82.6579465872
80.6446377305
81.0684535757
77.1035158005
80.8406818189
77.3474194499
77.1534347924
82.5724817725
80.9445798935
81.0884250105
81.4022139292
83.6440082058
83.9744296496
81.0561170926
77.9236932668
75.7739100111
75.1772460153
77.2853977540
77.3492343515
79.9567610048
74.0594490859
78.5845087480
69.1160088923
69.2858908296
74.4355904530
75.9388950576
82.9258639480
79.9034952376
77.1708165634
73.8228372451
75.3756163188
78.2421833857
74.6536273378
80.8698094125
81.5058339434
85.0911776928
87.5042349310
91.4207819518
85.7706677509
86.3122148535
85.8216698123
89.6473935472
87.0953329419
88.0830412834
87.7481185645
92.0225751566
94.9571362253
90.8672124636
89.4700713638
89.0260889382
89.9861935790
91.1342324984
90.9281661801
91.8972571536
87.8833913923
85.1675504356
82.4029648095
78.3446086201
76.4542477421
78.6450463143
81.6449603204
85.1929696710
83.4566444347
84.0381504586
83.7447810721
84.2875303655
84.6849992688
85.8831591556
82.9766705894
84.6588413575
80.8774226863
80.6714640586
78.6287299917
76.6301515204
77.8235736435
76.3610423254
77.1287058778
74.3646522647
71.9049731965
70.4732422517
71.1747488456
72.4902096951
76.3196337158
82.2986697552
80.8346583275
78.6548447007
76.2749143001
76.2978662817
76.9892640902
72.2764494065
66.3120121477
71.0800243673
77.1609532163
80.8994046822
79.4462606759
79.0974390865
79.8010173660
77.7137722655
81.1644137843
84.9341739245
83.3995131030
79.3506879263
84.1488594380
79.2008307013
79.2234921606
78.7279537637
77.4750925960
79.2441154625
81.4236550750
79.4044919042
83.8986155588
84.0441321604
78.2121283238
76.6261813569
78.1561270139
77.2297443401
78.0632406339
83.4171501212
83.0800555131
83.5420720367
83.5903056938
82.5012755193
82.7589953485
84.5122391482
81.7077436504
80.1401528571
80.3572428694
85.9516768730
77.6266752853
74.1241095658
78.6626290019
83.6378548554
79.4596498048
77.4620132688
75.1893782738
76.5139964679
79.0280254529
79.0951669131
80.5773892966
81.0364587236
81.6451643865
85.4446414086
89.9741435663
93.1909726954
88.3207863849
86.4480036691
88.8906075366
90.4478292289
94.2550921391
95.7597438922
93.9298926189
96.7406910883
99.1189995989
103.6249013119
100.7360937343
95.0994282293
92.4254009029
92.8781686230
91.9605862979
89.9745455351
89.6783955386
90.3196716724
90.5578585889
91.1246424659
91.4342375321
90.9286319116
90.3243496142
88.2784814011
87.1175875351
86.2436279911
85.4486507212
82.3891533151
79.7779071233
81.8050674096
82.1205483055
83.5327995747
84.4609188163
84.5985977779
77.7235634349
80.0197986156
87.4419070257
94.1824483957
98.8796229769
98.6117105448
93.5261655617
96.0333973327
90.7896635989
88.4133366904
87.1103901377
83.8737243171
89.0468359484
91.6406373038
94.2998628599
91.2737616783
94.8143590994
92.2838398114
100.4423983457
101.4624229432
103.0041412875
97.5644983931
95.3846396803
89.5709909610
93.3664999487
91.1342103118
87.4649562971
84.6463066063
86.1961798923
82.8790442447
83.1791874138
87.4425060230
88.9938883410
89.0100295929
90.4884178283
83.9400531488
89.0217486162
91.5833217473
98.6499665495
99.1963750073
98.1282173089
99.5653365723
94.9459660390
94.1789425796
94.8062724983
87.4704173125
94.9111818314
93.9013903803
96.2802126351
96.8337258704
101.4073136939
98.2727643098
97.6288917408
100.7198957034
93.0927104877
100.5920325141
99.8518451255
99.1928005402
95.2727769358
96.5991209581
94.5845439620
98.0395868749
92.2989340103
88.7182666732
86.8348439945
87.6440164466
89.6419127474
90.9219191000
93.8273346404
91.2412248683
89.4358572115
94.2777403669
94.4651637326
94.4546614000
92.0367562726
90.7600178195
95.6311887236
91.8019329044
91.7521589104
96.1977242296
101.4044234252
99.3170656411
96.5447447590
91.8979368258
86.8938401404
85.5971510028
87.1421082586
90.8640758870
92.6574005107
93.9511931351
95.2933741845
91.4361712517
93.6063958060
96.1375562506
101.2057779439
103.0324100617
100.5381349561
97.4328969656
86.2116570042
89.3916305867
83.6123567885
87.5332632320
93.9485016722
97.4320522163
100.4673194045
100.3427135289
100.2297384270
97.2922180363
95.2722446846
100.1496976793
105.5275558572
110.6851217027
108.1805023402
102.4810077552
97.2039270129
98.6729780367
99.2179241923
104.3011392342
100.7528256961
103.3490965844
100.1620607183
96.7776079777
95.1814369823
88.3951935996
87.1376599955
92.8544872641
98.3239850845
103.7790986792
100.0332909271
101.9506196943
93.7017643004
87.3948886678
87.8368352086
88.5312143188
84.6286196767
86.3245004624
87.8929586947
95.5075809414
96.6049695225
89.6315399145
85.6201398450
79.4135532089
84.4511376899
82.2157823999
93.3299297811
102.9518380153
105.2634930747
102.7284736185
97.2366627227
96.4715567490
100.3841551005
93.9311491354
96.9072550163
92.4666768949
93.5750261592
91.7324817826
89.4246249752
91.3762863365
91.5099754316
97.8861467410
92.9256840954
97.3160001167
90.2214973662
96.3695234293
92.4066049707
96.9570307284
100.0035505468
95.5925409706
92.4755323850
99.0771836109
100.2129083626
105.9101731820
105.1939734931
98.2886346020
94.1699325011
92.9926748842
93.9093345936
96.9687879211
98.8910492047
97.6433397545
98.9892173803
98.2270626191
93.6658754159
103.4949857298
101.5956440858
106.0665662321
103.3465947943
100.8073751470
95.3150983708
93.3565542329
98.9010081259
90.4317276113
85.8161621162
86.1735667526
89.0358874214
92.4282816672
92.6645492900
97.0793869861
97.0509639849
94.4426051799
96.2369570637
94.5631706455
96.2793285224
94.6649605344
96.0643984454
94.0513119255
91.9296460760
93.3453749511
97.0509666418
96.3745447255
92.8643336824
92.8374306200
96.5294405314
98.1329654904
96.4671021100
94.1216191403
98.4312797647
97.5739792922
102.2786274747
98.7939534744
90.6733298345
93.6616952537
94.0468226822
97.5873638194
95.9775378312
93.4296684219
88.1502428858
87.6335540498
94.8038551789
90.6691602130
97.1779033770
94.0746388226
93.1975739763
94.3991031447
92.9717467125
93.6529003269
97.6323078741
98.1674450119
101.6398013382
100.0568613993
97.1474838397
94.1114270059
95.6727833878
92.6330704199
90.5829373392
88.3921092140
86.6586554251
84.1279185908
89.1160783107
87.9333221267
87.6004187452
84.5538404766
88.6447488787
102.3651893079
109.3021192042
112.4916016199
99.7215360375
90.3319494675
91.2478599073
91.1256258716
89.9474162735
89.6965635113
89.2805262735
84.6135161035
84.7210680853
86.7895979543
92.7237026073
92.6908727730
91.5809465239
91.4637608461
89.5939060520
95.5451754698
101.9208757217
99.0848496464
100.3435860132
92.8780786729
91.5827686989
88.9570373346
86.4953182818
86.3082449223
87.8754479084
89.1105803701
91.8467566324
94.5655083985
89.3781396783
94.3265050384
95.7141958802
97.5647870465
100.8394858809
97.2373639560
97.3167570658
94.8195545533
89.8385209174
93.0987073653
90.9501789727
90.7075244985
87.8892549440
88.6901386375
87.3683375083
89.0606438046
87.7801767283
96.0953821641
98.4740719600
103.3172870032
107.1604056121
102.6258229406
101.9630501319
102.0470913880
104.2388817843
102.5180672041
98.1872712982
97.8993272530
94.1991202072
99.0002702971
101.6348633176
101.5258458349
98.4932942161
103.5725549208
93.4810394724
103.4467450821
102.7411736065
101.8670998971
100.1328584141
103.4355996495
96.1264672704
93.8701631274
90.2378672322
96.3134026369
96.2409478465
93.2529576533
95.1428935898
95.7791802333
97.4920677552
96.5748649865
94.0603450989
90.2308724683
90.8594646564
91.4345450830
99.1291032748
101.4053465423
104.5424342685
103.3156105979
96.9346274349
98.4930934751
97.2534770398
96.6244660658
86.5096622229
86.0355022206
88.3532098503
86.7886217633
87.2141755760
93.1103886692
95.8525124367
100.3139977484
93.1763722875
92.1370052792
105.5228753381
103.1727895748
104.8550233153
102.3468622722
96.4443320326
94.5596237499
97.0031420002
92.8191069012
90.5906216871
91.0074534795
88.4795735924
85.5379817541
86.4211734669
87.3981354557
92.1023742062
88.0899689321
86.6097697893
87.0670418516
87.6467092105
91.5225838208
87.3176930760
90.1239204371
92.6248225872
94.1245248872
95.3938736853
99.4562059675
99.7157621692
102.2308653784
103.2413910740
98.7194530403
94.1690673714
86.7166836243
89.6875188686
92.9545825744
92.8173995189
100.6373680969
102.2876816577
106.2340756068
105.0287604994
104.7627154415
106.6112322208
100.6916877351
100.3237814979
95.5521151154
92.9204676949
92.9525926911
93.6913731443
97.1440285955
94.9173313128
91.7096743361
88.3362337942
89.7616091241
91.6002653055
92.1785072770
92.2425916002
99.9778484491
99.2667379904
101.7388424224
102.4022718242
102.5216625269
103.2865391300
101.8453130608
93.1563695699
105.3125464710
108.5438446225
112.6335976382
108.0019183747
110.8756362846
105.3144128759
105.8590472812
108.0204543955
109.4165827088
104.3751055623
109.8429528698
108.8208969110
109.4843212276
106.1013019998
105.6016666698
105.1277422247
107.7304503648
102.7390388553
102.9961994935
106.4819065013
107.1628234054
104.7873263396
105.8629376691
107.9555839262
111.3002572442
104.7545436683
112.5048669023
104.9791016963
113.1670496463
109.3330639768
111.0726251645
112.0939761670
109.1048115338
104.4096634973
102.7321442212
101.0481453273
104.1641680233
110.1944839677
106.8110583637
105.8604856924
110.4939683545
108.4599259400
104.0451335405
100.5508968157
97.6671968514
96.9610443162
98.5914561940
102.4313134102
101.5076206929
105.2248996937
102.3848116804
96.9225010051
95.0259133735
93.2122940682
93.5369159591
94.0184723416
95.0418273151
94.6320172668
89.3395173334
83.5542511303
85.7035196019
85.2731259121
86.8913921305
89.3148681309
89.6729767412
91.0186638351
87.7575737766
86.3108905326
86.3572100133
87.6567045592
91.4429265338
89.6025862901
89.4585404154
91.6524546293
87.0596818748
85.2243842077
84.4774411515
85.8097296487
89.9771729839
90.4640810388
95.2945867375
94.6543025446
94.5115337140
97.1842532376
101.1909987216
104.4925997437
101.5580767974
104.9286153524
105.2895451417
108.4160126837
110.9297149926
112.1468305911
108.6187712022
114.4504307146
109.4100490328
111.4131596006
118.0649318002
127.1775418613
127.5642153168
127.4938779354
128.8205069752
130.3578871449
116.0747786854
116.0157423260
112.9884952391
107.0406519379
98.2768769767
98.6684973668
102.8331010039
108.0900217606
98.9215488363
100.9114219498
103.5370387297
106.7070670679
103.9580183318
100.8091076532
96.1360929091
93.0692612347
96.4661267247
94.4839948552
94.0756382266
94.6422214217
96.8224295803
102.3006880084
104.1432153744
98.7882843544
86.9898755192
86.5751884725
84.4244948803
82.3477397713
96.9268488565
92.6454902575
94.7857240705
95.3685360292
97.1007563675
98.3764087418
93.8851735210
92.7221128997
94.5157983032
91.3073926471
91.4981079493
91.1223534241
88.2698724133
95.3700618854
99.3755410651
102.5261330920
99.7586618382
97.8455162729
93.7855444901
93.2185121164
94.0697476334
101.2364348366
106.9924521236
114.5362720885
116.1682385274
114.0014794901
104.7017813301
100.6697798881
97.4189987054
97.7291271298
97.7382362030
95.1201941371
94.9144530709
98.3231565788
95.9641145518
95.3948980859
100.3516689417
98.0334904209
96.8218207899
95.7944936986
100.8979365135
99.8868056337
99.4018599311
95.6538206816
97.3757062021
97.6481451941
97.3969708511
94.0235829238
95.8858376596
94.8982610022
101.1848798154
103.5459548038
99.1601395675
103.6001852116
106.9938267806
97.3615783369
91.2943871876
98.7759706858
97.9999732254
94.5577574837
98.8542847314
95.6384989082
100.9656215023
99.1136921438
99.5832219398
99.8815993113
101.0478335758
96.7210427447
97.3352811045
98.6912165566
98.7773975458
100.4966569379
104.1488549779
110.1789393416
104.8589999694
98.1926264785
95.6959079245
95.3900842773
95.5380236055
93.2233477788
94.1224673651
98.6256030015
96.9438724985
102.1795690335
102.1122236448
102.6191736700
106.4315892627
108.5458241297
109.7532149013
104.9910320243
102.0737816901
92.5556673766
92.0117552768
96.9281756008
116.3858544498
104.5907281704
104.2481401679
93.9917435699
102.0680030261
99.9071154801
105.8523946231
107.1879628101
110.5712993411
107.9487552225
107.7151454880
107.5829858246
100.4681807920
103.7398101596
94.6339120188
97.9182880384
103.6600451535
108.7352367992
103.0114066605
105.1358654446
106.1092052868
110.0670513675
108.9966155704
111.6210698903
109.4776446960
103.2953980416
104.7544327626
104.9796361086
106.0980319167
106.1667968166
103.5705652790
108.9753195995
105.2655644737
111.2232988127
112.2841170598
110.0357292510
105.5151692518
105.5729597529
105.9719342000
105.0618400545
103.6299458540
101.0839286675
98.4638225313
102.7202969034
101.3269472917
108.7978307005
100.6869162734
100.3979719481
101.3691147033
102.3765526115
102.7388669890
98.4514422821
107.6490067376
106.6164111498
104.6611832022
98.3919436648
104.7035261052
105.7146402144
110.7471692052
119.3877951456
116.3119083082
131.2258785280
115.8901798525
109.1339551459
105.2640391184
104.9408473557
111.4915907296
114.9090094529
114.9541226773
112.1787024702
110.2974150450
108.7634145072
112.7495775113
110.9708859233
106.7440575313
104.6767100337
101.8814605718
103.9747608114
96.3273254619
94.1016076808
100.4640463830
107.7662776276
112.6722810652
125.2368907940
123.7990908667
126.1929863879
113.6163816320
116.3331169453
118.0545879195
109.8868157416
108.9868441160
107.5514499057
108.0732090388
106.9299438315
100.0573711977
89.7315637039
90.2074571810
84.7302364885
87.6360489579
89.9506140707
92.8034725854
92.4681405982
86.3221938943
92.4921886766
86.9589934545
88.4412040229
90.5782662223
89.9891148077
94.1312327470
100.9515754430
99.4749328920
98.1138948511
99.4404131186
98.6422990083
102.3654809917
101.7728961403
100.3286642161
103.8695939479
99.1621265599
96.0073364191
102.1508574020
97.8773313235
100.8609698285
108.0412155889
108.9042352531
104.4626442775
98.9394931432
100.4177235477
103.0508183302
105.3498190105
101.5423250978
98.3984235826
97.1241069372
95.5530127090
93.4343616851
87.1530631599
90.6136331850
85.4880797007
88.4697926462
86.8991403525
96.6799454008
99.8840732602
96.0030705396
97.9116594028
92.4356187568
98.5865870084
95.4464109333
93.6753260867
91.4522593206
92.4940049546
92.9408598347
85.8618283058
89.3854800866
87.7370426305
85.9842746709
83.1660305613
82.8489084193
89.1777855048
96.3064289498
97.0894646000
96.6687932693
94.5078611426
90.0534820605
88.3784093352
94.1381666683
94.8764587070
100.9982707624
98.5026637968
89.6816729801
90.9919011997
87.3889423465
86.1408997593
87.4516358942
90.4210421190
88.5195612710
89.9114499683
83.3115702254
87.1008833838
87.3504342953
88.7808556418
89.8414155867
91.9610451335
91.1702604365
87.7740457511
89.7505995204
92.5201962613
98.9920831407
98.1181992572
101.8116328664
96.5663120959
94.4240400352
100.1742909209
101.6332663147
98.4242277963
93.6025390744
95.7944457659
98.4643106787
98.9768993341
95.8513369212
95.5692299046
93.9217125985
96.4456306261
98.6007704804
103.0238989735
103.0559698585
102.2417238784
100.5243250436
95.0317328262
92.3030325821
88.2549198502
90.2351883605
87.0295023438
92.9963554672
93.9236854086
96.9894331588
101.5473076608
94.1274679434
94.8412689232
88.3236728617
92.1020514655
92.3471344440
95.0239508742
90.3493480239
94.3983300872
95.7990209984
98.4830255309
102.8207993889
105.1556496080
105.4852730334
104.3017160172
94.8497578589
92.8883684720
95.6531321926
97.8591213049
101.4112789449
94.2631223844
93.3534590607
93.8971973576
100.0495569547
97.9499195281
104.0753939676
99.8758936949
106.5459725544
107.9652771688
102.1032418321
103.8876433960
104.8999656147
99.6194764327
99.7644268649
105.6362845420
105.5162853080
104.6992003598
100.8873342051
101.3902481722
99.6488187726
98.0541690187
97.5089415758
96.9659121900
91.9358886558
86.8140600004
88.1475403738
87.4274273163
83.7926145270
90.0739077767
90.2599761812
88.5389409306
89.2743327317
88.1741417139
94.4636303611
88.3149339042
90.7773852064
89.0558135825
88.3708060556
87.3034617591
83.7980232731
92.2007917321
97.0686106059
96.5085867184
96.8266342573
87.2014647914
88.4820422589
89.0372764999
85.3265449098
87.3756727527
81.9470544396
84.7301195064
81.9789411987
88.5946622492
88.1155720881
90.5913744497
91.8686932946
91.2209504610
89.5930832727
88.4963744204
85.3902079840
88.7003261664
86.2175823225
87.0505153072
83.0811525170
86.9007514729
82.7749519650
83.1373841077
81.3528861957
83.5060610721
82.6539537439
83.0932211858
79.5818335372
75.6425079942
82.3426491428
86.1093763796
88.5931671433
87.5643032725
89.1759937076
84.4698046490
88.1136014657
89.8592813963
90.2559343726
86.7675260610
80.1677924779
78.1794001827
82.1877809291
85.0536851012
88.7058757712
90.5846204742
88.5363014450
83.2839693950
85.1141622662
86.3921323573
90.2555468101
89.3407827216
93.0195955337
91.0640691469
95.8297481519
95.9921684094
92.3815512571
90.5754279760
86.6934111798
88.9180468365
86.0545683592
87.4285007283
83.5714249402
83.6068979816
82.7609787941
83.8111628701
80.5831419852
86.3460008572
93.9850566798
97.3935493751
100.8885667991
90.9555807859
92.4577646666
88.5973417876
81.7373801502
92.3971539771
98.9641860858
91.4729213023
92.0989188646
96.0748071948
100.0371409249
96.0620306211
98.9016073804
90.0647823710
82.7816416467
83.0485380254
78.8889521117
81.4301917243
83.4677121932
83.1343525849
80.5880558504
79.9026754770
78.9405047521
82.2586865637
76.4973629908
78.4018761094
80.6927682923
80.8330091519
80.8839034145
79.8016001264
78.3282982232
78.5734636354
81.3372282990
81.8521759808
80.6763153587
81.7444992025
81.6387114949
80.0773076270
80.7652158302
82.5125127511
80.7159202599
83.3966122356
82.1563914981
77.6530646644
75.1884365777
75.8666591669
75.7075453973
78.0053653205
81.1795062059
79.0000241594
75.5948143953
72.1063791538
74.6212450085
74.7085717470
77.0679685284
73.5289489750
74.7494811380
76.7429247806
78.6399077342
77.3813790916
75.9494173749
76.3748412653
77.2515533016
76.6423105593
81.1689190032
88.3481550996
94.7642274550
94.3773431805
90.4353344320
81.9712564040
75.7530172636
76.7887173636
83.9585306601
82.5086740096
83.1787260867
74.8533892889
75.5550182908
78.8606916236
79.0606637432
78.4774857833
74.9448557804
75.0182409917
75.6966144900
77.7199789757
79.1739037203
80.1197853769
79.7379453263
73.3002047777
76.1265146126
67.7513379043
70.9063216210
70.2410605062
75.9068865877
79.6022803284
80.1352982149
80.8291889676
75.8648578321
73.3648741062
75.3112523109
76.1793977475
74.7382575492
77.5709010492
81.6110907367
77.2147084984
78.6515498446
79.2725707203
82.7824068919
82.0617199587
81.6341994353
77.8340932495
77.5691798422
78.2194582830
81.0372273262
76.8416661787
74.5829900037
74.7960811901
73.8098191970
77.2254108346
78.6269127997
76.4219476946
74.4512678995
77.2979986719
77.5338121114
80.5680886404
78.5830781153
74.7610751914
73.9654762135
80.4054673011
83.9215628210
83.5365991483
84.3808108331
85.5256272331
85.6562522950
82.0057209709
80.9834499456
80.3302472088
78.7366114228
80.6538491087
77.4256401055
78.0024423891
78.8353430243
83.1940649778
79.9295500604
80.8386712777
81.9232145533
80.3243963722
84.4295474717
83.1732501249
80.7046832850
78.9754287853
77.8633414035
78.7164637675
77.1296096636
76.4092424549
73.1028841272
71.2031015280
76.0845222734
80.6319211896
82.1160012211
82.9293277145
76.4015644485
77.0271309930
75.2117443236
79.1600890240
76.7401683167
76.2704477927
74.9293653645
73.4229925369
80.3273602406
77.2379286316
80.7220488620
84.6403511847
79.6081723357
74.3122472458
73.7741179166
78.8372752537
78.7193961130
79.9897041373
81.4938175047
84.5730404422
81.0836973991
84.2103627507
80.3713432011
83.0658983981
80.7318089820
79.8809880859
82.0225823438
74.6538473873
78.3501398539
76.0861180085
78.3369764116
74.8295217204
74.9595960886
79.1971012689
79.9063121360
83.0729081560
80.7639927563
81.3757194185
85.5636111943
88.5223010669
86.9404982269
84.0278654063
89.2172357785
92.6268896667
93.1462082047
86.8708583661
83.6515787067
82.9933554860
85.2432331894
80.6894913538
81.8687007318
84.5926773472
87.4077390658
86.4416011868
87.7431065406
90.1622313537
88.4609560400
87.5353240222
82.8827060854
85.7058260549
88.5172969637
87.0259263341
91.2267850935
83.1547159717
86.5340250616
89.0174110617
83.5716953249
87.9530190046
88.4476046125
87.7801212321
85.4492264596
82.5445681680
83.6039015145
89.0879432255
90.1195863280
87.6552580323
88.8712473112
86.1314840705
85.4767068776
86.5507946855
89.4930840017
96.7291938018
116.4168084731
113.0984548409
114.2979224924
113.4310901078
112.1829789416
109.8767226597
111.6429206078
112.1385994021
113.3083266822
109.2445586853
111.3429535101
109.7325579336
110.3405185105
116.5726649072
113.7421492650
112.4988577124
111.8455679099
111.9789549147
112.5679690491
113.2117386732
113.5508507306
113.4939757233
114.1208186299
113.3488377976
111.9344802617
110.8830503412
110.5411551107
110.1168138926
110.1824791344
109.8449249170
111.2100247016
110.4674151842
111.3837804804
110.9105539021
111.1718343356
111.9046000666
111.8920698651
110.8626945008
110.6469174234
109.4898998644
110.7823605083
110.0036520035
96.8016801466
90.9390618971
76.9331512513
81.9696201582
87.8068788889
95.5624071065
121.2632038021
121.9285437326
121.9275539236
121.8652810327
121.4859354866
121.2430229423
120.5407937499
121.7490875588
121.8824050578
122.0230154229
121.9939109436
122.3459529552
122.5669814739
122.2346560236
116.0312860897
115.8127546143
115.8099184595
122.4379956656
122.3195721356
122.4133564634
122.6201397585
122.9018691262
122.7271374902
122.4646849690
122.6874786537
122.1097760299
121.8284339042
121.6635859587
122.0800941017
122.1738479945
122.7817899015
122.9478116017
122.9164002191
123.2235220327
122.8914355659
122.3704725720
122.5103689877
122.9003472826
122.8417123605
122.8897601972
122.1754196672
122.1685252611
122.0603149864
121.9621849359
122.7755337018
122.1003697321
122.5145455070
122.7771819503
122.6156873133
122.5280469260
122.5415402333
122.6013222777
121.5781656732
121.1097333292
121.2545810526
120.9715328674
122.3626185315
122.3486350911
122.5895666938
123.1388925055
122.6385911351
122.8887310835
122.6084146517
122.3176842048
122.2390256904
122.2941708592
122.4646128169
122.5338259289
122.9929361895
122.8805618859
122.0771623855
122.3072153147
122.5720517653
122.3462187329
122.6309099813
122.6094770354
122.8414906178
123.0419190603
122.4020860760
122.7115985667
122.4083889230
122.1531703131
122.1087458124
122.0236787318
122.4015906146
122.8082030340
122.6078780296
122.6058432786
122.2250327390
122.5406880351
121.9823370249
121.9092387422
121.8753539043
121.2457845868
121.5658641057
120.9151960950
121.5695854344
121.2424407719
121.2975592556
121.5532504054
120.7794962472
121.1058993661
120.9772823237
120.9375138424
120.9128313746
120.3549567900
120.7226340005
121.0709905991
120.7827265673
121.2553507440
115.1587140489
115.1104671026
115.5100824419
120.4884357784
121.8731195424
121.9279328879
122.3514079579
122.6969013664
122.5484883051
122.3519644947
122.1735306880
122.0804915739
122.8534830710
122.8371792696
122.7470325232
122.7452169554
122.5665554690
122.6984669123
121.9575633317
122.2822346726
122.2543640365
122.7999753907
122.8905352745
122.9707583704
122.9166023585
123.0258633091
123.1409344561
123.4603064782
123.1914995460
122.9775366498
122.2647244195
122.3452406650
121.8948069029
121.7961778452
122.4800274039
122.9801067640
122.4617189752
122.8605465421
123.7287424585
120.7968972912
121.1423457067
119.9725118339
123.3893759045
122.6160320362
122.1970491414
123.2120830301
123.7502272091
124.0822597397
123.9787824204
122.9962640958
122.5189534570
121.8691584624
121.9937625132
122.2727139457
122.8093756959
122.7035346252
123.3670402235
122.0453417130
120.2269860511
120.2297454541
120.4517178554
122.3870907108
122.4153696520
122.5912549506
122.4061550675
122.4678183529
122.7430695863
122.9186763210
122.5232412824
123.4648633125
123.1715970783
123.6598935190
123.5620829459
122.7092705549
122.9287933367
122.6871407217
122.5459531798
122.7106123403
122.6883481102
122.6937897147
121.8534170976
121.9997200968
122.0759577463
122.3306482484
122.4551809610
122.5361328790
122.3231859148
122.4732844143
122.1287140995
122.2544835175
122.0465705728
122.5719244533
122.7046573675
122.2937169301
122.5032762497
122.6791498051
122.9077362867
123.0384829652
122.7064965189
122.8324692095
122.7560998803
122.7818804201
122.1069855199
122.0009064017
121.5017718857
121.5597277590
120.9971128232
121.1512053401
121.2478357723
121.0767491291
121.3006654868
121.2429871470
121.1636234891
121.6559491744
121.8940010208
122.1985691120
122.1416606727
121.9053779741
121.5867892530
121.1557900157
121.2546028059
121.2923642855
121.6870873950
121.8749659596
122.2231098424
122.1800820534
121.9179822900
122.7369735687
122.8484926955
122.9565644937
122.9816109431
122.5103476774
120.4214538528
120.1915983511
120.9808627215
122.7227989540
122.6114906778
122.6104520700
122.9472174725
123.4328822849
123.2242024972
122.6572856049
122.5573668906
122.2945180061
122.6520057278
122.5614684712
122.5052883064
122.0405735854
121.6872833765
121.6995080837
121.8607315075
122.0497371492
121.7474598768
121.9468720135
121.9383802252
122.2677682646
122.2609037628
122.0450172383
123.0169771170
122.4670575750
122.8058120394
123.4105336762
122.5931153318
122.5355335818
122.4862013450
122.3575270949
122.4637635513
122.4511028502
122.1447196476
121.8772432817
121.6411053130
121.5362923632
121.3057435382
120.0786426897
120.2628324791
120.4494226086
120.8975635281
122.1610114317
121.9951834420
121.7751418739
122.0049366383
122.5766795665
123.2956635671
123.3306522637
123.2057139430
122.9836992059
123.2960302859
123.4915010745
123.4611279847
123.3459602260
123.3607958401
122.8819729221
122.6458667821
118.0236802115
118.2760995972
117.8931321375
122.3400415840
122.4773986000
123.2797328064
123.6173988813
123.6478774132
123.1607381758
123.2845001243
123.4640687081
123.8895190240
124.2132271981
124.1335306812
123.1923964194
123.2771270632
123.2703319169
123.6299473061
123.4884607144
119.2658508826
119.3789674959
119.7298960025
124.8922103539
124.3442870974
123.5068317387
123.2782938716
123.5672537556
123.7272226042
123.4335058648
123.7260077359
124.0199406579
124.2359977105
123.3033026156
123.0833149147
123.3660260189
124.0960812025
123.6807373073
123.6406144663
117.2075564277
116.7282074632
116.2246587905
117.8853013639
122.3756228534
122.4764633974
121.8827860019
121.9760337979
122.8464929437
123.0658053753
122.6768703208
123.1607320497
122.0377832177
122.8252100472
122.6545598486
122.3157832823
122.3864416978
123.0105895960
123.2553592231
123.0565094239
122.9763778246
121.8697726603
121.9290563051
122.5739467790
122.9675334821
123.6563535776
123.5968674923
123.6726823638
124.5644716469
123.9483409941
123.5484163767
124.3546876111
124.5483423616
124.9482312718
124.8950445060
124.3407384360
124.1080761958
124.1330034186
124.3450559613
123.9119903600
123.2592042644
123.1920582288
123.6150408615
123.6729421206
123.9435126811
123.1082531014
123.8891275730
124.4195263367
121.8742894597
121.5030587242
121.7039723132
123.7970792248
123.5469530852
123.2448960208
122.8976405836
123.5258035099
123.6467280518
124.1568355738
119.4526588271
119.5977828493
120.7333294068
124.9546537127
124.8774629269
125.0086827191
124.3286227233
124.3420826048
123.7678111893
123.2261530369
123.4356706931
123.4808879084
123.8527407396
124.1481060914
123.6368579683
123.3993548088
123.1015370258
123.3430541825
123.5782955252
119.5288712210
119.7771478037
119.7782135406
120.4412140027
123.9179023304
123.6125112987
123.4990422642
123.5454027271
124.5942089033
125.0865895628
125.1022725129
124.7561679378
124.7573034795
124.7083113488
125.1123116452
125.3940234385
124.5644874996
124.6134644707
124.2941660313
124.5278068901
124.5297660117
124.4312251122
125.3502965376
125.0798572395
124.6195918971
124.3349644607
124.4359317936
124.9906822794
124.9543145171
124.4926018378
124.2456838482
123.8905226499
124.0283694402
123.9988075540
123.9088653822
123.8388669627
123.8090286981
123.2677085190
124.2836448105
123.9603027277
124.2254673533
124.3398904508
124.4711851497
123.3063376708
123.3890089758
123.7067506393
124.7967909015
124.8260863199
124.5993427603
124.0803481865
124.3215600840
124.6423085341
124.1689457817
124.0390996463
124.4436832113
124.3394815848
121.7824827709
122.3964084908
115.0171792662
115.4207764000
118.0882538770
124.5415401394
125.5141223912
125.2829888457
125.1149005094
125.0076006416
125.3878142569
125.7899703023
126.3915413636
125.8386212002
125.4690291155
125.2204126587
125.3047527086
125.6225115675
125.4406696083
125.2817118005
126.0430377240
124.9425991383
124.0031192985
122.9028332232
122.7628891075
124.2257881196
124.2920453499
124.9301083779
125.1995179327
125.9645798842
125.8556880687
124.7137380055
124.8122448599
125.0302932446
125.3301952472
126.1847385733
126.1779793904
125.6511387009
125.4043082775
124.4702149169
124.2991083025
122.8075276769
122.9713049959
122.6039160164
123.9459210956
123.8809522281
124.5626429392
123.9848107379
123.9512818197
123.5695040879
123.4698737565
124.6755272579
124.4812245497
124.1756991378
123.6230075776
124.4220163292
124.9743175668
124.9851665727
123.9294128399
124.5792545766
119.0180250562
119.3443034837
119.8589996437
125.0299209318
124.9036201067
124.3845425023
124.1897754289
124.3407359990
124.9040081762
125.6414795409
125.5410839961
125.8384074257
126.2894541074
126.1868924590
126.1978833064
125.5381308820
125.3021127069
125.5994606779
125.6906440936
126.0616168308
125.4678440667
125.7333979836
125.8702314026
125.8296027120
125.6260477191
125.2827589876
125.2698057430
122.9288546203
115.7530296065
113.0351756789
109.9118093707
116.5544553801
119.9587407824
120.2505886997
125.1592822945
121.5381102148
117.2616268710
116.5987963078
115.9649716672
123.8235132434
126.3492520618
126.5163569750
126.4421370709
126.6559565438
126.7606350216
127.2879534173
127.3508691028
127.8263503351
127.8156519579
127.2500570670
127.2432637258
127.3615311525
127.5680381542
126.8403228312
126.6398306616
127.2433377130
126.8376935125
127.8108524915
121.1522798442
120.7979985909
120.5598409103
127.6309496654
126.9024378838
126.3154501587
116.4770001246
113.8421095907
109.9985607057
114.3482689698
119.7545166324
126.7792853903
126.7327443598
126.4462551782
126.3571844433
125.7248969039
125.4811226818
125.3845836164
125.7676849416
125.5118414653
125.0820399758
125.7775713903
125.5313617488
125.6169887737
125.4317558856
125.3941368586
125.5885612720
125.6757217327
125.8201090464
125.4208181201
125.6321921356
125.5158427927
126.1748052668
126.2919270529
126.7129745139
126.7199776260
126.7065003849
126.7696128776
121.0699700292
121.6494644690
121.5459468428
122.3523819817
126.5458256744
126.0778299567
125.8123397514
125.9053766960
126.2978008226
126.0011176675
126.0075209968
125.9583161901
126.8519310262
79.9174371333
98.4287200727
76.9425488738
83.2306361925
85.6715391390
85.4923002955
87.3753852475
88.7912601090
91.9251423735
89.6732250935
91.4814800861
89.0696231747
