85.8268280029
82.6792526245
90.7988510132
88.8938217163
82.8276977539
86.4357376099
84.7735061646
83.8444824219
81.2112503052
80.3730926514
80.1285400391
85.3856201172
84.8918304443
83.6286849976
84.8033218384
84.3400726318
86.5171356201
85.7703170776
81.2963714600
82.6302947998
78.0963745117
76.8120803833
76.4349441528
73.6974105835
80.9808959961
86.6199645996
93.2206344604
92.3378982544
90.8658142090
85.2471008301
80.8443984985
82.0697326660
84.9028320312
87.4526443481
86.8475112915
87.7225952148
86.3058471680
90.7484970093
85.0726547241
82.3420639038
87.2552337646
88.0238952637
90.9735641479
90.7049102783
88.1068115234
87.5355834961
81.2270278931
78.1076278687
78.1699523926
76.4693908691
83.8298034668
81.0433959961
83.9429702759
83.6270294189
89.4760665894
89.6467208862
93.2473831177
88.8594055176
91.6175079346
93.7726821899
95.2748031616
92.4686355591
90.7635955811
84.9246292114
86.7602996826
88.9934921265
91.0345230103
88.4641113281
86.0473098755
85.8974304199
84.0226745605
84.1659088135
87.0612945557
82.4952011108
84.4548339844
85.2842559814
83.5027389526
78.5505828857
83.9510803223
84.7457275391
86.1258087158
85.6530303955
83.9319534302
80.5361328125
80.1443557739
79.7004852295
84.2774429321
91.9218444824
90.8458023071
90.5863952637
87.9991378784
90.0596847534
89.3939971924
91.6472778320
98.2564239502
96.5539855957
96.0378494263
97.0130615234
95.5302581787
94.1632461548
91.2527618408
89.6641311646
89.9034271240
88.3127593994
88.0815353394
87.8421020508
87.1649093628
89.7130584717
88.4775390625
91.4962081909
91.6460418701
90.5016632080
89.0404129028
91.6267395020
94.4146652222
91.7501831055
94.5522689819
94.7086791992
92.8776245117
91.5306930542
92.6433715820
90.3079452515
90.8828964233
90.5628356934
91.6344680786
91.1856002808
95.3066024780
91.8751525879
88.5383453369
88.6930084229
87.4839324951
85.5044403076
84.1283569336
81.3935241699
81.7708358765
80.8294525146
83.1671295166
85.0502700806
79.6945037842
82.5367889404
82.1074676514
85.2017822266
82.8240280151
84.4418563843
84.1228713989
82.7869644165
81.7577743530
79.6350097656
76.8555450439
77.0065765381
78.3766937256
84.1295318604
89.1531677246
88.7892074585
89.6565475464
90.6899642944
89.7139587402
94.1499633789
85.9258804321
89.2179031372
91.0618438721
96.5906372070
87.6546478271
80.5319595337
78.3460388184
80.8865203857
84.6521301270
79.8639450073
79.6089172363
75.7973632812
73.6835784912
73.2319183350
74.9841918945
62.0152282715
59.2923774719
52.8520126343
55.0839729309
62.0189743042
70.3317108154
76.9661865234
77.5841674805
76.8491058350
70.7498855591
70.3564300537
70.8555679321
70.2385787964
68.6464233398
65.1987991333
60.9625473022
59.9022827148
59.2928695679
70.5055923462
67.5223312378
68.5766296387
67.3484039307
67.4202499390
67.6823654175
61.8671798706
64.2510070801
67.3769226074
72.1499328613
70.3522491455
74.0189361572
72.2001190186
73.0980224609
73.3811340332
73.4214859009
75.1448745728
73.6394119263
77.4339828491
77.8062057495
75.4236907959
78.8444824219
80.7082595825
79.1150207520
80.6882858276
84.4199371338
95.3870544434
88.9051055908
90.2086181641
83.6579895020
85.3654861450
85.6954803467
87.3192672729
86.2977600098
82.9792327881
93.6239318848
83.1399536133
82.2007064819
81.6630401611
79.6724243164
84.2980422974
82.1542739868
80.8551406860
75.9871520996
79.0110931396
74.5505142212
76.6905517578
74.5193634033
74.0641632080
77.9981231689
88.0254821777
86.3698272705
88.1406326294
79.9003982544
80.9044952393
82.3882904053
82.4230499268
83.6819610596
86.0425720215
79.0374526978
78.1846771240
75.4734802246
79.5873565674
85.9438323975
83.3438873291
83.0242996216
81.9586334229
83.7537536621
82.6694488525
81.6487808228
81.0975646973
81.6231231689
85.1084747314
87.7147369385
92.0217742920
87.7340087891
90.8953094482
89.8000183105
87.8176498413
89.6986083984
91.4455718994
91.0393066406
92.3836212158
89.2981262207
90.4562149048
90.6345672607
89.5002365112
86.7519226074
79.7312850952
78.8761901855
82.8105468750
85.6190795898
85.3364868164
82.1190872192
77.1297607422
77.3057403564
81.5220947266
82.3209075928
82.0209045410
79.6779556274
80.0607452393
77.3774337769
70.5547790527
69.7577819824
76.5403137207
80.6676406860
89.1480178833
84.3521041870
87.2994003296
78.4593353271
81.4220123291
78.4188537598
80.0905838013
73.7887115479
77.3367919922
79.4180450439
81.4188919067
82.1073608398
81.9356765747
80.9026260376
72.9573516846
69.5373077393
69.0095367432
77.4318237305
75.9764862061
86.8303375244
81.3984527588
85.4271621704
84.7581634521
85.2283782959
85.0835113525
83.4128112793
84.2312316895
83.7747802734
82.4211425781
82.1983489990
81.5962295532
75.9322967529
76.7400054932
74.8134460449
74.6076812744
77.0314407349
77.2400283813
77.9025497437
80.5252990723
75.1480178833
75.3740615845
81.3046951294
80.1965713501
80.1597213745
85.0290679932
84.3144683838
79.3091278076
81.7223205566
80.6086807251
81.2141876221
79.4454727173
75.9462890625
77.4679107666
79.4186325073
78.6259918213
75.3096466064
75.4985733032
76.7538604736
81.6192474365
76.0050888062
75.9050216675
76.5752716064
79.0831298828
82.9551696777
82.5905151367
79.5230789185
74.5747909546
77.7870330811
80.4304351807
81.4101181030
83.2877731323
78.8981475830
78.6634979248
82.1172256470
83.9385375977
81.5182647705
86.4405136108
83.6371765137
83.5866394043
79.9149856567
75.3177795410
73.0825195312
77.8631591797
78.5409774780
78.0657806396
80.7973785400
80.9793853760
80.8903198242
78.5432739258
79.3952331543
86.4679794312
85.6616821289
82.1716995239
81.0253219604
81.5267715454
81.1190032959
86.5824966431
84.1131820679
80.8573989868
79.5522613525
77.6582489014
85.1600494385
85.5949554443
84.1983184814
78.6130294800
84.3187255859
85.8923492432
84.3615112305
83.2781372070
76.2365264893
76.3544921875
78.0842437744
76.8924713135
78.0175170898
81.0525741577
79.0316772461
80.2227172852
75.9858093262
78.2704315186
76.3445816040
75.0972747803
86.7075958252
84.5532226562
86.5896148682
85.8672256470
79.0597839355
77.1085510254
78.1548309326
79.2724533081
83.4963531494
85.2612762451
85.2009429932
81.5561370850
75.2346954346
72.2770462036
71.1838150024
78.2374343872
82.1744766235
82.4414672852
86.5450592041
84.2871551514
82.3318481445
78.0167388916
76.9731597900
79.6265869141
80.1490707397
78.7110671997
79.6611709595
80.8904418945
81.8623199463
78.7775115967
75.7051239014
74.3948898315
70.1534957886
70.1714401245
69.9693145752
84.8001403809
76.6198425293
79.4295501709
75.8160171509
75.7953262329
74.8417434692
83.2531356812
84.7042083740
88.9027709961
83.6285705566
80.8241806030
85.0700759888
86.9203414917
90.5623474121
90.9151611328
77.2857971191
75.7708663940
77.8150863647
82.2922668457
81.3332290649
81.1828994751
82.7679443359
76.3936309814
76.8160858154
78.4758453369
81.5035629272
81.3505630493
82.1988449097
81.2882843018
85.1381301880
78.7149734497
77.4525833130
77.4746398926
80.3752365112
81.9172592163
78.8774108887
76.9960174561
78.9682769775
81.2718200684
83.3280639648
79.6758651733
77.6134872437
70.7258682251
72.9324340820
71.2756423950
72.4370880127
73.7688217163
72.8793792725
74.4335556030
73.6536254883
74.8147430420
73.0649032593
85.5926666260
75.4552841187
79.4897689819
81.8523483276
86.3619689941
88.6935195923
85.0483703613
85.5619201660
85.1326370239
88.8403320312
88.2913131714
92.5673751831
90.3190460205
85.0687713623
84.1337661743
84.2600326538
84.7683563232
86.2038345337
92.9681549072
101.4449462891
101.1462402344
99.9412078857
98.7198791504
98.1924133301
96.2333679199
92.2512741089
87.3722152710
88.1200866699
92.2127685547
93.0827331543
94.3998413086
95.8294219971
97.0487594604
100.3117904663
98.0587005615
95.0774536133
89.6367950439
87.8579559326
88.8127517700
87.9603805542
86.3040695190
88.4568786621
93.4894256592
95.8626480103
97.4225692749
90.5100097656
82.5436706543
80.1097412109
81.4468231201
82.2264862061
81.8304290771
90.5265655518
87.7542572021
87.0857467651
87.7983093262
81.3265686035
79.8233337402
82.1040496826
78.8336563110
83.4070129395
79.3083419800
84.5239105225
81.2815246582
80.6565856934
83.9286193848
84.3895645142
85.4383239746
80.1248855591
78.9806365967
81.3488235474
77.5325546265
79.6016464233
75.8935470581
80.2186737061
81.3384399414
83.4530868530
89.5952987671
90.8974761963
91.9951934814
90.0466995239
93.3657913208
90.1528549194
91.7501220703
94.6442413330
96.8076782227
96.6788482666
95.8022613525
94.9331588745
93.9274215698
97.3430175781
97.2247009277
97.0745010376
96.8385925293
97.3353500366
91.9570617676
93.4584579468
92.7179183960
96.0008621216
94.6913528442
95.8687820435
97.3359375000
96.6876220703
98.4084320068
91.9622421265
82.1906051636
78.7563934326
77.6990051270
75.8398590088
75.7150802612
73.2868499756
75.0115661621
80.0813446045
87.1337814331
84.1829757690
84.4912261963
85.2749938965
84.6519622803
87.7153091431
83.4748153687
76.6037368774
67.8854141235
62.8044738770
57.2453231812
59.8948364258
84.5255889893
81.3992462158
84.6832427979
89.2440338135
87.4603576660
89.3060455322
96.6248550415
93.1251983643
100.1879348755
93.1284561157
90.1220016479
86.7027587891
89.4601745605
89.1339797974
88.4495239258
87.9457244873
86.8650131226
82.4712295532
78.6680068970
81.8040313721
81.9541397095
82.8173904419
83.5750579834
87.9142150879
89.4942092896
83.9392242432
82.0549163818
80.4222488403
79.7191619873
74.2488021851
77.4652633667
80.2573394775
83.6769714355
79.4239120483
77.5100555420
81.2973556519
86.2345886230
88.1834335327
85.2959671021
82.6860427856
76.8609848022
78.7026824951
79.2640838623
81.0060729980
79.8611068726
79.3303985596
80.7300262451
77.6901092529
81.8605957031
76.6870574951
79.6128463745
80.3385314941
81.2788085938
77.4882659912
73.9976119995
76.2455368042
75.3086929321
77.7612762451
84.2902374268
79.5076522827
72.8735504150
70.4335479736
69.2173767090
66.5302505493
65.3589935303
76.9067230225
71.9594192505
75.6251907349
74.4111633301
76.1394424438
80.5474395752
78.0119323730
78.2671508789
77.4865875244
72.6936416626
79.2775421143
81.1667785645
86.6355895996
82.0690841675
81.8027725220
79.2878646851
79.4648971558
80.7320556641
81.0513687134
83.8383941650
86.0114898682
79.7018661499
81.3891067505
75.8061370850
78.2154083252
76.4451522827
73.4732284546
66.6918716431
66.4166183472
69.1907730103
72.9310302734
73.0362701416
75.3988037109
74.8599014282
75.4498519897
74.0089569092
70.3939285278
73.0452575684
79.0454101562
84.0839004517
87.5118331909
85.3263320923
84.5782470703
83.2044067383
84.3852844238
77.4006195068
80.2455368042
80.9709548950
81.0726699829
81.0530776978
85.0006866455
86.0420150757
82.0199584961
81.0683746338
74.5485076904
74.1066589355
71.8466567993
72.2944564819
71.4613571167
75.3028106689
75.7862396240
74.1784439087
77.3644943237
68.9203109741
69.0579910278
72.4297714233
70.0531921387
68.8375549316
78.1494979858
78.3338088989
81.6701049805
80.8784637451
84.0741043091
86.3370513916
87.4540481567
85.0794219971
78.9428482056
79.6919708252
80.1549453735
80.5225067139
82.8041992188
82.4923858643
83.9615325928
86.3982467651
86.9985504150
87.3434829712
87.4053268433
84.7806015015
84.8550415039
81.0457611084
80.5248107910
81.3434448242
78.3468780518
81.4133148193
81.5100555420
84.6916656494
85.1652984619
85.5244140625
76.0419769287
75.0032501221
75.2546005249
81.6071472168
81.2456359863
80.3172607422
78.9294128418
79.2460021973
78.7743148804
79.7379074097
79.2020111084
80.8702774048
83.1325531006
83.2755813599
80.9584808350
75.0307617188
75.6018218994
81.7187805176
82.9393768311
83.2272338867
83.3207015991
78.3249511719
77.4141082764
74.0391082764
77.3843688965
78.8784942627
84.8657684326
82.5941619873
82.6016387939
86.0300903320
87.4084320068
85.3441314697
82.1184768677
80.7189483643
79.8040390015
80.8398361206
76.0084152222
79.2649002075
81.1017913818
83.5371932983
78.6230697632
77.1752166748
81.6608276367
88.8654708862
92.2695388794
92.6272735596
91.4789199829
91.1460113525
87.7907943726
84.3155059814
81.6301116943
82.5612792969
84.2749023438
82.8716583252
83.3603668213
80.6672973633
78.2519378662
77.9478988647
77.6160202026
78.6611709595
80.1396865845
81.7219772339
84.9945373535
80.0221023560
83.8740234375
80.6335906982
84.8343048096
87.3637771606
85.7523803711
84.3304443359
85.9951858521
86.8277664185
88.9429321289
85.1839065552
86.4252929688
89.2624816895
87.7333374023
81.7462539673
70.2028121948
63.7544441223
76.5476684570
76.3497009277
79.0901947021
79.9730682373
83.3810882568
85.0231475830
80.0229492188
80.3228302002
82.7543411255
84.2039947510
88.7959594727
88.0496597290
86.7471466064
86.9495468140
81.4630508423
81.4578628540
83.0701293945
87.5403976440
86.6970062256
84.0135879517
83.1007003784
81.8977737427
80.4714736938
83.6249847412
83.8835983276
81.0595626831
83.0502548218
84.3733825684
83.8339385986
82.9880065918
84.6940841675
87.9597473145
85.5364074707
84.1857757568
82.4574203491
86.1368713379
86.6154174805
86.7811660767
84.9832992554
82.7328033447
79.8596267700
76.9903717041
76.9336318970
77.8971099854
75.1510162354
72.5024108887
73.0449523926
75.1294097900
72.7511901855
80.6268310547
75.6299743652
81.6534271240
82.8329238892
86.6201782227
88.6623077393
88.0401916504
85.0440216064
87.3423767090
81.6467819214
81.3534851074
84.4510803223
87.7205200195
84.0779190063
77.9166259766
74.1081695557
76.0464935303
64.4483337402
64.7284240723
64.4299850464
67.8360366821
71.4995956421
70.0956115723
67.7068328857
64.4991989136
65.4987411499
67.9108581543
72.4573364258
70.6570129395
69.7529296875
63.8283576965
67.5715332031
65.7334136963
68.7266235352
66.5930709839
67.2024917603
71.3290328979
75.4787597656
65.7385940552
65.6701583862
62.9808235168
66.7177124023
68.9846343994
70.7673492432
72.0540618896
70.9995117188
71.6945343018
74.4250411987
80.4683074951
83.7514648438
83.8945617676
84.5220718384
81.6290512085
84.5279006958
81.4355697632
80.1168670654
83.0679397583
79.4333190918
82.5930709839
82.0696029663
82.9420700073
79.9742279053
79.1939086914
82.4881896973
83.3846282959
83.3142547607
82.4976501465
82.7982406616
84.9649658203
86.0375747681
85.8422927856
83.5994262695
78.7101287842
80.3399658203
81.0941467285
84.9447555542
80.1839752197
79.7800369263
80.9247055054
83.7777099609
84.3069000244
83.1066207886
80.3665924072
81.8668899536
79.7360000610
83.4938201904
80.4179306030
82.7392120361
77.5233840942
83.1832885742
84.4178619385
84.3843536377
82.5354385376
78.9293823242
83.9838485718
83.3706893921
86.3075332642
86.0551300049
88.5529174805
86.8986816406
85.9417114258
75.7347717285
78.4862823486
78.6937942505
83.2199859619
84.2167663574
85.8848190308
82.8363189697
82.0395507812
80.6934509277
81.2289733887
83.7642440796
82.2164306641
81.0891036987
76.6224670410
78.8407897949
78.6833648682
83.7011947632
86.3308258057
90.5760955811
81.6060943604
88.1558151245
88.0397796631
88.6284179688
84.0647048950
83.9084243774
84.1930541992
80.9926528931
80.8442687988
81.5257492065
84.0195236206
90.5974731445
91.3312225342
87.3670349121
83.4603805542
85.0722274780
86.1838531494
92.3163452148
86.1302032471
83.5935516357
81.1005859375
76.9338073730
74.2187957764
80.2724075317
87.9955902100
86.6624755859
90.1127777100
92.8804321289
90.3744735718
85.9581985474
80.8317718506
83.3271026611
91.6391906738
85.2481002808
82.4408645630
83.6945343018
84.7482757568
88.6883850098
85.7135391235
86.0175781250
87.0587005615
84.6634445190
85.7623596191
85.7932662964
82.0295410156
83.2700729370
84.9810409546
85.2558212280
83.5101776123
81.4696350098
79.7396011353
85.8180389404
86.9761047363
86.1929168701
82.9714202881
76.6833343506
79.4557113647
81.9984741211
86.5365142822
89.1364669800
93.9107437134
90.3523406982
86.2778320312
87.0789184570
78.9926071167
79.1208496094
81.3709411621
78.2339096069
83.7711257935
89.2156677246
89.0017395020
86.9297637939
90.5301971436
88.4817504883
87.2912826538
86.3617019653
87.8285980225
92.3177719116
95.9925689697
104.3103332520
102.3201446533
98.8510742188
91.9562835693
94.0248794556
92.3149185181
90.8316040039
91.0103378296
86.9680709839
86.1398468018
81.1891403198
77.2689361572
80.5981063843
82.3285064697
84.1677017212
83.1016845703
80.4198150635
81.7280502319
80.4055786133
81.6197357178
83.7091674805
81.8450012207
79.4603118896
78.3591461182
75.3995208740
74.2045288086
79.0278167725
82.4553070068
83.4750976562
77.7060852051
75.0736007690
74.5399169922
79.0295791626
82.3494644165
84.4939880371
86.0383148193
83.6714782715
83.4519500732
77.3375625610
74.5975646973
76.4105682373
80.4484100342
84.0190353394
81.0936813354
79.2039260864
78.9945068359
85.3498992920
87.0864944458
88.8416595459
88.6134796143
86.3169631958
80.3474884033
78.6485137939
77.3492813110
83.2933120728
85.7078018188
86.8038635254
79.7969665527
80.8970489502
81.6321182251
87.4927215576
85.6098785400
84.9251174927
86.4276046753
89.7959976196
84.8422012329
81.2445831299
78.1712799072
81.8917160034
88.8305969238
81.6557769775
78.4788436890
79.5169601440
80.6802062988
81.4375610352
82.7618103027
82.7645645142
86.1843490601
86.7583084106
85.2231445312
89.2598114014
85.4041976929
90.4089355469
88.8024215698
91.3809051514
92.2449951172
91.3156890869
86.4360351562
80.6479797363
83.7258148193
85.4950942993
87.0869750977
83.8683166504
83.9382247925
76.8951187134
75.8844146729
75.2731246948
77.3151245117
81.4759979248
79.7345428467
80.1127014160
81.8738784790
83.8604660034
80.4232025146
79.5487518311
77.5568389893
82.0003662109
85.2138137817
81.3036422729
80.5898895264
80.3511123657
79.2809371948
79.2052688599
80.8801803589
81.4648437500
81.2676773071
78.5916442871
77.2423477173
78.4712142944
76.9917449951
79.8011627197
80.2757720947
83.0548171997
80.3142700195
82.0184478760
80.6561508179
82.4890594482
81.4604949951
88.3160400391
85.9732513428
81.9505538940
81.7802047729
77.6963500977
79.4120483398
78.3906784058
78.3852310181
78.9488601685
78.3290710449
81.0598754883
77.0711975098
73.2039413452
69.7170639038
71.8137893677
74.1420211792
74.5114974976
76.2062225342
79.1539611816
80.9125518799
82.5141754150
82.1094131470
80.3227844238
80.6400909424
82.2160873413
79.3545913696
79.8820419312
74.8795471191
77.6402282715
74.6202011108
76.2965927124
80.4095458984
81.6632003784
77.3110275269
73.3082656860
71.7362823486
75.1825561523
77.4455184937
82.7735748291
84.2383575439
79.8419418335
76.5739059448
74.0535888672
80.1519851685
80.4222640991
80.0489196777
79.4331588745
84.8292160034
84.6053466797
83.8832550049
76.9988174438
77.1342086792
84.9830551147
85.5617370605
89.3348236084
84.9761276245
84.7392959595
84.1208572388
82.2798919678
86.6175918579
88.8444519043
93.3844451904
97.2919998169
94.9983978271
93.5882949829
93.9299621582
91.6302719116
87.4122924805
86.4641113281
85.5544662476
87.1654739380
89.8862380981
91.7363357544
86.9687194824
85.3669662476
81.8142471313
79.8002548218
78.0482635498
79.7206878662
81.5155105591
86.6700897217
84.1323165894
84.9560012817
81.2909622192
78.6550903320
79.3047332764
79.4511260986
84.6677551270
83.5755004883
82.8364944458
80.5673675537
78.0787582397
76.3111495972
79.2972335815
78.5373153687
80.1363754272
85.7974929810
84.0551528931
84.7692337036
77.9084930420
81.5333328247
85.1905975342
86.8054199219
89.4501190186
90.8228149414
90.8232192993
89.9735412598
87.8894195557
90.0206680298
89.3559875488
88.8967895508
89.7730789185
89.7840499878
91.6157379150
90.3676223755
91.8878097534
91.4624404907
94.3761825562
90.8971023560
93.1375503540
93.9176483154
94.8647613525
99.3185424805
96.9818115234
99.9514541626
96.7296295166
97.0117797852
96.7562484741
97.9607543945
102.3845214844
100.9040527344
98.6006164551
95.9284515381
96.8473510742
100.8410720825
103.1125183105
102.5695495605
102.5035095215
99.0181121826
102.2245025635
104.5388793945
106.5018081665
107.2795410156
104.8585128784
104.1524353027
101.4436416626
94.3136901855
91.3137283325
92.9806518555
93.4703674316
93.4697723389
96.2539520264
93.9631195068
91.1167221069
93.7548065186
92.5066680908
94.8470458984
90.2454299927
88.1734542847
88.9471206665
87.5527572632
84.5048522949
85.9257965088
89.5058364868
90.9924163818
91.0363311768
85.7787628174
92.3492355347
87.3366622925
87.7272720337
85.9346237183
91.7198486328
88.4022674561
85.1547393799
86.7466354370
89.3038864136
91.1186676025
92.2944183350
89.1335983276
92.6917419434
90.1582412720
93.4550323486
91.9749832153
90.9014587402
86.9665527344
81.3966522217
82.0532836914
88.8967666626
84.6579742432
84.6501464844
84.0339965820
86.4702453613
90.7556381226
91.4954986572
90.5376129150
80.0098648071
82.2010726929
80.6721191406
87.9155731201
89.4316406250
88.8260269165
90.1893157959
88.6110992432
93.3890380859
92.2971878052
100.9465026855
96.5273132324
92.9165954590
82.2996292114
80.4144821167
77.6750335693
79.8162155151
84.3517913818
90.5485458374
89.8847732544
95.2974014282
93.4266204834
94.4597320557
92.7824020386
89.8325958252
91.8065185547
89.4593734741
93.9336547852
97.9491500854
101.2539901733
100.2053985596
97.0092926025
96.5067291260
88.9495544434
89.8432769775
87.8347091675
88.7906799316
93.5657882690
91.6334686279
92.5699310303
93.8807830811
95.1869888306
91.5554046631
89.1539077759
93.1810226440
97.3491363525
96.4067993164
96.3090972900
93.8567810059
85.4938659668
88.1216735840
90.8939056396
92.6388244629
95.4331893921
95.2163772583
99.7028884888
107.1669540405
112.4984741211
109.8555603027
96.4748764038
95.5015716553
82.8012542725
89.0173416138
88.9741821289
98.2079238892
95.9827117920
92.2738952637
92.7780151367
92.7682723999
92.4126052856
94.4578552246
94.8605194092
88.8543243408
86.4879837036
85.4739685059
90.8110580444
99.0783386230
101.5797653198
103.0780944824
101.3689727783
98.8915176392
94.1651916504
94.4172515869
91.9110946655
94.9781646729
95.8335342407
97.0214996338
101.1687393188
98.0465774536
95.3890457153
96.7839660645
95.4328994751
96.8425598145
91.3760604858
90.3394317627
89.6932296753
96.2892761230
98.6272354126
98.8409805298
96.7052612305
95.2500915527
91.1529998779
92.2300720215
89.5632705688
94.0548706055
95.1005172729
95.6296310425
93.8873825073
93.4141082764
94.7611541748
94.4201278687
96.8848495483
95.4215469360
95.2895660400
90.1938552856
93.0780181885
94.3144836426
93.4259872437
88.2836532593
88.5334930420
90.4489669800
90.1482238770
88.5798797607
87.9326171875
92.3589401245
96.0273666382
96.2052764893
94.8284912109
91.8657913208
90.0653228760
89.7242965698
88.6464843750
93.1074676514
94.0606613159
95.3014221191
92.9011459351
92.3175125122
95.9011077881
95.3259124756
95.6706924438
93.2993698120
95.1427841187
93.7665939331
92.9074401855
98.3096313477
99.8274536133
100.3528594971
96.0634460449
96.2547149658
93.2389221191
93.1950454712
90.1360702515
93.2020721436
95.6094360352
99.0402603149
99.1702575684
97.3484420776
95.6546783447
91.4871368408
91.6387939453
91.9563217163
90.2446746826
91.1336669922
92.2118759155
96.1178665161
92.2734832764
93.8761749268
91.4036712646
93.4603576660
90.6251144409
89.7151184082
88.0232772827
86.9708099365
91.0271530151
96.1309890747
93.6235046387
98.3443298340
97.1851806641
95.7384262085
103.9339599609
103.3835372925
102.7579956055
100.3414764404
97.5830383301
90.3902511597
90.1025085449
88.0197372437
89.2819442749
89.7670669556
94.1526336670
86.4231262207
84.4061813354
86.4811630249
87.8318023682
87.1069259644
83.9233779907
80.8017196655
83.0724487305
88.3148269653
90.8555145264
92.9631042480
96.3814849854
96.0224304199
96.1807022095
93.1570663452
94.7370910645
89.3905792236
86.7969894409
89.8856124878
92.1704864502
93.9783325195
92.3759231567
94.7186889648
87.5595932007
88.6674346924
91.9453582764
96.5411300659
98.8036193848
99.7967453003
99.8253479004
95.3031997681
88.2764129639
94.2914810181
97.1141281128
104.8660812378
103.7350921631
93.5088882446
88.6364364624
85.4958038330
93.8709869385
95.1854782104
97.6768493652
94.3958282471
94.2099609375
95.8169708252
98.9410781860
97.6371765137
96.2537155151
98.6557617188
97.1239624023
98.0819396973
98.7981948853
98.2592163086
91.1507263184
100.9933319092
104.5813674927
103.3248748779
104.1735305786
98.2511596680
101.8175735474
104.1047973633
104.4341583252
101.6001586914
98.5410766602
95.4988403320
90.9344177246
92.0255432129
93.4646301270
92.4927825928
91.0684814453
93.6891860962
93.8504028320
96.1776504517
93.0296325684
85.5631866455
87.2818145752
84.3808059692
93.8323516846
89.2932891846
85.2661590576
87.5415039062
89.8061218262
89.0049591064
89.2835693359
93.9372634888
89.8954010010
89.2193450928
84.9044799805
84.6689758301
80.8356781006
83.6223754883
87.2808074951
92.9706726074
97.4431838989
99.4464797974
96.8792953491
96.2869873047
91.7017059326
91.9918212891
90.0995864868
90.2317886353
84.5177307129
87.0450210571
87.0867233276
88.3659973145
88.6017761230
84.5567626953
83.1961975098
80.8221435547
81.9059600830
80.8368530273
88.5538482666
89.1637573242
89.1400146484
86.6740341187
86.5379867554
88.0124053955
90.0420837402
89.3385162354
90.0458374023
86.2126083374
81.0818557739
83.3160095215
86.6671752930
84.5226211548
86.4832611084
80.1773071289
84.3667907715
78.9892120361
80.7303619385
87.3625183105
92.0628967285
92.6843643188
89.3440093994
82.5091247559
81.5599441528
77.9936904907
73.4011001587
73.4453048706
77.4769668579
82.5031127930
87.9890136719
90.2127761841
89.6626205444
87.7123718262
86.6546249390
84.1345977783
85.4259872437
82.6808013916
82.0862884521
86.8117141724
87.5272293091
85.9918060303
83.4514389038
88.3406753540
89.7148437500
89.0370407104
88.2485656738
87.1379089355
85.5266342163
79.7737579346
80.1994247437
82.6295776367
92.0524902344
91.6985321045
88.7200469971
85.7316818237
91.1868286133
90.5920562744
88.3960037231
82.1190338135
77.4127807617
76.5189208984
78.1748733521
74.7428588867
74.8254165649
75.7243881226
86.0259323120
78.2003555298
78.9621582031
76.5203933716
75.9987182617
80.4004135132
83.0443954468
80.4972763062
79.1600189209
73.1277008057
72.0849075317
70.2701263428
70.5572814941
73.6210937500
69.4562149048
66.3772048950
66.0841674805
75.4075622559
75.9513549805
76.0363464355
76.9358215332
75.0879516602
76.5389862061
73.9887084961
71.5566940308
73.1433029175
72.8690567017
74.3510055542
80.0322418213
82.5652084351
79.4971313477
76.7521133423
72.6689682007
77.3753509521
78.8086395264
80.1649627686
79.7210922241
77.9213867188
77.9990768433
75.4086685181
75.9013671875
74.3542633057
74.4464569092
71.1961364746
73.5558013916
72.7597045898
69.8543777466
67.9532318115
67.2184295654
69.6471557617
70.2483520508
72.5070571899
73.7613906860
74.4913406372
73.0732879639
76.1301574707
76.5851821899
82.0800781250
84.8296356201
81.6473159790
76.3433990479
72.5256118774
67.9947433472
68.7731399536
69.0431594849
72.3748626709
77.0968856812
79.5220794678
76.4121170044
73.2440261841
65.8754043579
67.0777969360
68.4867248535
70.5927276611
71.5833282471
70.0289993286
74.5974273682
75.5040740967
72.7319488525
70.6893692017
64.1274108887
59.7394828796
67.4698028564
68.5495605469
71.6443405151
70.6305923462
75.6368865967
76.0192871094
75.7577667236
70.5127029419
66.4490585327
65.8173294067
68.6439132690
70.0352325439
71.2665100098
78.8285827637
77.8672714233
78.1465225220
81.2869567871
80.3577041626
83.4632644653
86.3786468506
93.0952606201
90.1000061035
90.0346221924
89.0209732056
89.5789337158
91.8615493774
86.8856430054
86.4686431885
80.3821792603
77.1359176636
77.2374954224
79.4789733887
84.2715148926
89.6312789917
87.0269241333
85.9353485107
82.7049331665
86.9229202271
84.8224487305
84.3381652832
81.1895065308
80.0749435425
79.8151168823
85.1796340942
88.5436477661
80.7903442383
82.4965057373
85.2590026855
88.9223556519
89.7184371948
86.4592056274
88.9120483398
85.1128540039
79.6234664917
74.6858673096
71.5857849121
74.0842361450
83.0656051636
82.7204055786
78.7511825562
76.9543914795
75.2600402832
71.6566238403
65.3784484863
68.0894622803
77.9901199341
75.0218811035
82.6502990723
82.7766342163
81.6307754517
78.8387680054
77.7141189575
76.0946960449
75.0450897217
76.3079376221
82.9040908813
82.7569351196
80.6137847900
75.7866744995
79.9166107178
85.4316558838
85.3130645752
76.9645004272
74.6445007324
81.9135742188
88.8951873779
90.8492584229
88.3225784302
89.4987335205
87.4009933472
86.3743896484
81.3976135254
80.8400650024
86.1390380859
86.0327529907
84.2622375488
79.0484619141
77.0475387573
77.2279281616
79.4982910156
78.9076080322
80.4078140259
80.7216949463
76.4514389038
75.5536651611
71.0942535400
77.1928405762
78.9397125244
82.5886154175
77.1631469727
73.8156433105
72.5544967651
74.2670440674
79.7347335815
85.2428894043
84.2721633911
77.3455810547
76.4226913452
74.7350921631
77.8521423340
78.3455505371
76.6827087402
75.6139984131
76.8307800293
76.8820877075
78.1592407227
74.5346755981
76.5424118042
83.6051406860
84.7485656738
83.8128890991
80.7042160034
80.3117752075
77.2832031250
77.9629211426
79.3465118408
79.0380401611
82.2271041870
77.7665405273
78.3645858765
78.6089935303
84.0980377197
78.4086761475
74.7841339111
73.6090621948
71.0888671875
72.1064300537
74.4082489014
80.1892929077
74.2377243042
72.2872619629
67.4863662720
70.0072937012
70.6179046631
74.9227752686
75.9217453003
81.7257690430
80.1242675781
81.9670104980
73.0849227905
70.7203369141
71.2320785522
73.3727340698
70.2730865479
70.4494171143
71.6479492188
76.3126373291
71.2627868652
71.2601470947
78.4013061523
81.1124877930
81.6202468872
83.4012680054
80.3555755615
83.2708206177
73.6958312988
72.8590469360
73.9051666260
66.6767578125
72.3027038574
70.6435775757
79.1815719604
75.7873382568
74.8258438110
72.3388748169
72.5808029175
75.6105651855
72.8458099365
75.5397949219
78.5389556885
73.6459503174
68.1368713379
71.9989471436
76.3362884521
84.3197784424
80.1025924683
73.8050384521
76.0431594849
81.9323425293
88.0974044800
88.2303543091
83.7678909302
77.2106933594
71.2455139160
68.1299514771
66.7598953247
70.5529632568
73.7847595215
76.9972457886
76.6942672729
76.2399291992
70.6274795532
68.1352767944
69.8255157471
75.1212310791
81.1418838501
82.2533340454
78.7843170166
76.3987350464
73.6589355469
75.0552368164
74.6388244629
70.1250839233
70.5405654907
73.1411285400
85.8102111816
84.4701995850
83.2724456787
81.8079452515
80.2657318115
75.0173568726
76.2779159546
74.2738952637
74.1952056885
74.7270431519
75.1106948853
75.1267547607
76.9949340820
72.0263824463
73.3443756104
73.7234039307
77.6775665283
75.1356201172
75.7820129395
73.7449417114
76.3595428467
72.8938598633
77.4803619385
76.4249496460
79.0739517212
80.7969894409
81.5610275269
79.7008819580
81.2641525269
75.9342422485
77.7916336060
78.6980438232
77.1870346069
74.5311508179
76.5384216309
82.9300231934
79.9908752441
81.9175720215
78.8949813843
81.9953842163
81.3985595703
79.4916687012
75.6334228516
76.6644058228
79.0312423706
79.2867202759
80.7225036621
82.5182800293
78.9842529297
77.8011093140
78.3085327148
73.2952575684
76.0452117920
74.9237670898
73.1096420288
71.3232345581
67.5312042236
72.7620544434
91.1032180786
87.3387374878
81.1396331787
83.4341125488
84.7228240967
83.0661926270
79.8110961914
80.5583724976
80.0552825928
76.8137664795
80.4415893555
83.3428421021
83.8257827759
82.8533859253
79.5067901611
75.0978317261
74.0219345093
76.1980056763
77.2515869141
74.0716476440
73.0788726807
75.5515594482
73.2124176025
70.9972991943
70.9505233765
66.7413101196
70.8839874268
70.6947708130
75.6224746704
75.0546493530
74.0441207886
79.5804977417
80.1396255493
74.9175262451
72.3276214600
74.8585205078
71.7068634033
74.8907165527
77.6480560303
86.2067108154
82.9622573853
76.0411834717
76.8517913818
70.8310012817
74.3854217529
77.4594802856
80.9324798584
82.7045440674
77.5191955566
76.2270431519
74.1924285889
79.7846603394
66.7320861816
64.4090652466
62.8843879700
71.2410736084
71.9371337891
73.2092208862
73.1816406250
77.4940338135
80.8868789673
77.5686721802
76.5010986328
73.8021469116
72.9498748779
73.4894485474
72.0292816162
71.8540191650
66.0918273926
65.6999893188
67.0975646973
77.3302459717
75.2702331543
73.4446945190
75.3767318726
75.3794860840
76.3002243042
75.8145446777
73.1490631104
70.8857574463
76.6195449829
81.7573547363
77.3252105713
72.2637329102
68.9989242554
70.0544586182
72.7799987793
76.1570510864
74.8770980835
74.9777145386
75.5934143066
79.3548507690
80.4980468750
76.4963073730
65.2278289795
62.2277984619
70.4162139893
70.0821456909
70.3820800781
69.4977569580
71.8689727783
79.2520141602
84.8544158936
78.4575729370
77.8310165405
79.3826522827
78.9505462646
82.8622512817
86.3287811279
86.9477386475
80.2792587280
80.8327789307
83.0808944702
82.2763366699
79.4552001953
84.2663040161
85.1133499146
85.9912109375
79.7150650024
78.6775207520
82.3991851807
81.5168151855
78.2753982544
77.1159362793
75.1114120483
75.9513168335
73.8716659546
77.8445281982
76.5795898438
78.3624572754
77.6771087646
78.1319198608
80.6339187622
81.8269882202
80.5819396973
76.4043273926
74.2414321899
76.1046066284
81.5882644653
82.3476257324
82.1451034546
78.4522094727
80.1146316528
78.1301040649
77.4438018799
71.5104293823
70.4133377075
75.0413665771
71.4970245361
74.9453277588
76.2638626099
78.8431396484
79.7332305908
80.9325408936
80.3821563721
79.1354522705
82.8202896118
85.0924224854
84.5812911987
74.9423217773
79.4768676758
76.8997421265
74.8667068481
73.7850265503
69.9692077637
67.8761672974
65.4000091553
72.1241073608
69.8427276611
71.2255706787
71.0156326294
70.6348114014
75.8959503174
82.6734390259
76.2438125610
78.1316986084
77.2617111206
80.3840560913
81.8177642822
75.3777542114
74.6048431396
76.4966583252
84.4973297119
85.1416778564
85.0368270874
82.9651107788
79.0273361206
80.8562927246
78.1654663086
71.6217422485
71.0415267944
69.7169342041
69.2394104004
79.4128265381
80.6878509521
81.0178070068
75.1348114014
82.8278274536
78.6669769287
76.4730834961
69.8704223633
66.2635955811
66.4765014648
73.7632598877
77.1421737671
76.3847351074
79.1858062744
84.4706420898
84.8177947998
82.0511245728
77.0564880371
79.4437408447
74.9959106445
75.2131347656
78.3501663208
82.0245742798
83.9804153442
85.9287414551
84.5554351807
78.6039581299
77.1886978149
77.5463027954
81.9759368896
87.5432586670
86.0266494751
82.3025894165
78.9938735962
80.6973266602
78.9256515503
74.6765975952
75.2293319702
78.6151428223
82.2331848145
76.1555786133
71.0825958252
75.6897583008
80.9612579346
78.9702072144
77.7606353760
74.2577972412
77.6854934692
82.7621002197
85.5602798462
87.1648254395
85.1747741699
85.6463851929
87.7967758179
84.8713684082
83.9036712646
86.2136383057
84.6252288818
83.9045791626
86.8621063232
91.9718780518
93.5777969360
93.8804626465
92.9457855225
92.9571762085
86.4315032959
87.0281677246
82.3351211548
79.4154129028
73.6879577637
75.0251693726
69.8017272949
69.3145828247
71.5636062622
72.3832550049
68.8972778320
73.8368759155
74.2517776489
73.7161407471
67.6583175659
70.0443878174
70.3782348633
69.9182205200
77.1295700073
76.9530334473
78.6308059692
76.3218688965
74.7791290283
76.9565505981
76.8810424805
77.9417114258
77.4839935303
72.3868026733
76.5742187500
75.5522613525
74.0243988037
77.9938583374
79.0039062500
83.0978698730
82.5255355835
83.0087127686
83.0134582520
84.8443679810
87.1954498291
89.9286575317
89.0412597656
88.3938903809
89.0545501709
92.3351669312
92.1972351074
86.5813293457
86.4225387573
79.2794647217
79.9382171631
80.9006500244
81.1796340942
84.6714477539
83.7582702637
80.9178390503
75.5558929443
71.4634094238
74.2874908447
76.7791519165
74.8692245483
75.7886810303
75.0846328735
74.5655059814
75.4298782349
71.7738952637
69.8692016602
69.9940338135
66.2391967773
60.5326004028
59.9875183105
63.6003112793
66.8567123413
64.3478164673
66.8865737915
68.8524398804
73.9551467896
71.7989807129
80.9726409912
77.1326370239
83.5071487427
74.4150085449
76.0967407227
80.8764724731
79.1887130737
83.6628570557
82.7269973755
87.1279754639
88.5566177368
84.2375717163
77.6719284058
70.4101715088
75.8406906128
75.7518768311
82.7657089233
83.8454818726
82.7486267090
78.2881469727
72.5118637085
64.5618896484
58.5319709778
67.3634796143
69.4623413086
72.0032501221
77.2365112305
80.0256805420
80.0629882812
79.9409790039
84.4758071899
82.7298278809
83.0529937744
82.4173965454
82.0326995850
80.7448501587
75.3927841187
74.9636611938
74.0143890381
77.3276290894
77.3711242676
70.6643829346
68.7402496338
68.6942367554
72.2228393555
72.7674560547
74.7068939209
72.6422958374
66.2015151978
63.4513092041
61.1215820312
72.1831512451
81.5220642090
82.6678085327
82.9495468140
84.6439208984
83.5149002075
87.9409713745
83.5882568359
81.7725906372
80.1896133423
85.5774307251
80.9631576538
82.5043792725
76.2150344849
73.3062210083
70.3428192139
76.5782699585
78.6235809326
77.4314880371
76.7353134155
76.1402359009
74.2431259155
77.2119979858
78.5319671631
80.7422866821
78.6502151489
76.0889968872
75.6687469482
75.7703628540
75.1253585815
74.5399475098
69.9115905762
69.5816726685
70.9268875122
76.2483749390
77.5622940063
82.8182601929
81.7363739014
76.9666137695
77.5542144775
76.4256134033
75.3727188110
78.8390579224
76.0317840576
76.9684982300
79.0683593750
75.3599319458
73.1037673950
69.4665069580
70.4921722412
75.1723556519
75.9301452637
79.2431335449
78.1356430054
80.0503387451
76.9174652100
72.7967300415
66.3591613770
69.0571594238
70.4137954712
72.8714752197
72.7947845459
73.3632507324
79.4859542847
76.2248687744
73.5428390503
67.6177062988
67.1095581055
59.9598083496
60.2211532593
68.4556350708
79.0234832764
77.3385772705
79.6107864380
76.6286544800
81.7180175781
80.8235015869
89.1372299194
84.5872573853
81.8954162598
83.5438690186
82.0951232910
75.7997283936
74.8577957153
71.6532363892
72.0549316406
70.3694763184
70.0433502197
67.2009887695
68.2189712524
69.0694351196
79.3354110718
77.7088928223
74.8200912476
69.9093322754
68.9768218994
66.0046539307
64.5757980347
64.0245208740
65.8688201904
68.2850494385
77.6986541748
77.9486770630
76.7981719971
80.3105697632
78.7856750488
79.0549468994
80.7139739990
76.2479476929
74.4163665771
71.3523712158
72.2742156982
74.8379592896
76.0772247314
79.4509429932
79.9669036865
76.7115631104
76.5468139648
73.2729949951
75.3027114868
77.7482910156
81.1429901123
79.5618896484
82.0719375610
83.3799591064
86.7190475464
87.0873641968
84.6628189087
81.6129074097
72.8089981079
74.3752136230
72.1142425537
80.7210083008
82.7997894287
80.2871246338
72.0005035400
67.9834671021
68.6647262573
75.4244842529
81.1052551270
83.9740905762
83.3007965088
79.0565567017
79.7326126099
79.4705047607
80.3682937622
81.9293060303
83.0382308960
83.0406188965
80.5013885498
75.1119537354
77.8243560791
77.2823257446
84.2900543213
86.3251953125
81.6575012207
80.4184341431
83.8582229614
78.9654159546
84.0111007690
86.4699096680
81.4915847778
80.1352310181
76.1946487427
79.4459152222
78.0701599121
74.1394195557
74.2291412354
76.7878341675
79.0779037476
79.1389160156
84.6838073730
84.8018875122
86.4752273560
84.2313156128
76.3287811279
77.4339141846
77.2672653198
81.1755218506
82.8778762817
84.3633880615
83.9587097168
81.5870513916
84.0606079102
83.5708312988
85.8260574341
86.2034835815
84.7340621948
85.5265579224
86.9703826904
85.8037033081
84.9734039307
80.0813446045
79.8710861206
74.7326049805
78.6767272949
74.3725814819
80.3812637329
78.5577850342
79.6034774780
77.8108444214
82.4224166870
83.5281829834
83.4566955566
71.3331680298
70.1606369019
67.4426651001
70.1430816650
69.2180404663
77.1001586914
83.1412048340
83.7704620361
82.9723663330
85.1243972778
81.0198364258
75.0516662598
81.6795349121
82.8874130249
84.9339370728
83.1468582153
80.8726654053
81.6200790405
81.6999969482
79.4618225098
75.4702987671
78.9493103027
82.2592086792
77.5457611084
76.9251327515
79.9429473877
81.3938293457
82.3098297119
76.3164138794
74.3625259399
70.5444030762
70.3803787231
70.1619796753
73.5943603516
77.5552291870
76.5646362305
77.7978515625
75.2640075684
75.0134735107
78.2068176270
78.1194839478
80.0100479126
81.9233856201
75.7613296509
75.3725509644
72.3891067505
70.2626495361
67.9581298828
63.5128097534
60.3797912598
59.4633789062
59.8946914673
61.0345764160
64.5350570679
74.7533111572
70.7518157959
67.9561309814
68.8197784424
73.9965972900
72.1691818237
68.7838821411
61.0984382629
56.2838439941
54.2917900085
58.7370491028
61.1588287354
59.0184135437
56.5800285339
58.7041015625
61.4872970581
61.6840057373
60.0014724731
60.4966583252
57.0319099426
54.9090957642
54.8355636597
59.2252731323
70.4183959961
81.1907424927
91.6188583374
91.3576431274
89.1099624634
84.7879028320
82.4851684570
80.6538925171
83.7393112183
88.1218261719
90.3729095459
84.6807479858
81.8571777344
78.6103057861
81.0267868042
78.3973083496
84.0388259888
75.0650482178
79.1592864990
78.9837036133
83.2756195068
82.1374816895
82.4089508057
86.7833480835
86.9786300659
87.4478988647
81.2343750000
73.8959808350
70.9692840576
70.2803497314
72.6879577637
78.7170181274
80.1409606934
80.0915069580
82.0705718994
82.1125564575
80.3932571411
83.2457199097
80.2839584351
79.7152938843
79.6859741211
79.0549926758
78.3471908569
77.3934020996
76.4765930176
73.0194854736
71.4666595459
70.9914627075
71.4328842163
69.2209320068
74.7399826050
68.3560714722
73.7713394165
78.5073242188
80.4723739624
78.5659179688
71.2477340698
70.8534393311
64.7151031494
68.5012054443
78.3343505859
82.4708557129
78.1667251587
74.8422012329
77.0069503784
82.0862274170
79.6574401855
75.7928543091
78.9817657471
80.3151702881
80.7721939087
79.9258880615
80.1954574585
82.8216476440
82.1511764526
78.3616409302
74.4064331055
72.4160308838
73.1994934082
72.3985595703
77.2121200562
78.4854278564
79.9078369141
88.1003875732
85.1522293091
82.2084045410
81.5207519531
87.7201080322
89.9988327026
90.4210433960
83.7423248291
77.4658126831
76.3190460205
76.3830261230
77.3287200928
80.6553039551
75.0452575684
72.4364929199
69.4353408813
69.7314071655
68.2080383301
74.0372085571
74.3867034912
79.8320770264
79.3328704834
77.2334976196
84.1368255615
79.5154342651
80.9016876221
77.4424667358
77.1553344727
75.4584808350
71.7723007202
69.3811187744
73.0730285645
75.2813568115
79.1646652222
78.6328048706
81.0762405396
77.2983932495
76.2692642212
75.0942230225
72.3856048584
75.6205596924
70.0376434326
70.8394165039
71.8331222534
78.6455307007
75.0018310547
77.9793090820
73.9623565674
75.8442840576
79.2833557129
74.5445785522
78.2514114380
76.8419723511
74.9771270752
78.7224273682
76.8002929688
70.5296478271
66.8340911865
69.4702682495
73.1818618774
75.4215698242
78.7741165161
77.9780273438
78.9267730713
81.0938568115
77.4885940552
78.2699203491
78.4056320190
78.4772644043
78.0375671387
81.5845718384
79.6499252319
81.3695678711
79.6905364990
81.2303771973
80.6210174561
79.6228713989
82.0381011963
79.9779434204
77.6451263428
79.4029998779
82.4837036133
87.0267562866
88.8847122192
88.7661209106
86.6781921387
89.7430419922
88.1613769531
89.7366333008
95.0762634277
85.0162658691
87.2328338623
82.2687988281
80.6443405151
81.4001922607
78.6362228394
82.1548385620
80.4144287109
82.3100433350
79.9094467163
84.4462661743
81.8638153076
82.6381607056
73.4383163452
75.9440231323
80.4092864990
79.9731445312
82.1650848389
77.1881561279
89.0815887451
83.8807067871
85.5733795166
86.8373260498
85.2533569336
85.7757415771
83.6219635010
80.9872894287
79.4467849731
80.4341735840
80.9910430908
81.8811950684
82.0094451904
83.9050750732
80.0512542725
81.9678344727
80.3751220703
82.5024261475
82.4485015869
80.7800216675
82.1527938843
82.6060180664
81.6024475098
87.2935256958
87.0592422485
83.3132553101
82.5007934570
74.9331665039
76.1574249268
77.8386688232
79.9227218628
83.0695495605
77.3975372314
80.3612594604
84.0370178223
82.0343093872
81.7094268799
81.2543792725
80.9785766602
81.9342269897
84.7671203613
87.9236526489
89.2799606323
87.9777755737
86.8510437012
82.6332855225
89.8342514038
81.2663269043
79.6731414795
77.2078552246
79.0214233398
83.2396392822
85.1636810303
87.1465606689
85.7427673340
84.0012664795
77.5538558960
79.1153564453
83.2098007202
80.4912719727
81.1038513184
81.7704849243
84.4378967285
83.0107498169
85.7704391479
82.8601684570
81.1777954102
81.7696304321
82.3042144775
81.0543975830
84.6096572876
87.0349273682
83.1590576172
81.1395034790
88.2656173706
86.9346923828
81.1180038452
76.2579879761
76.3605194092
76.3824691772
80.0751419067
82.4364624023
82.5056304932
81.6663970947
80.5429840088
76.4082870483
74.1492462158
74.8446655273
74.1777038574
76.8490524292
77.8744506836
74.3191680908
80.6988983154
81.6484298706
81.5718765259
78.3570404053
76.9115753174
77.6892776489
79.4487991333
74.9008331299
76.1151046753
75.5640182495
74.2305450439
75.5334777832
72.6057662964
74.3541564941
71.6416320801
77.3175811768
72.5188598633
74.0215530396
76.8407440186
78.1524505615
79.6151351929
79.8530426025
82.2209777832
81.5221633911
80.0070800781
78.3849868774
79.3125839233
77.8460540771
80.6427841187
76.6678924561
77.2587280273
75.1156463623
81.8255081177
81.0652694702
81.7017364502
82.7960968018
84.0086898804
74.2718353271
73.2787857056
76.9242401123
82.1682434082
83.8001251221
82.8731765747
77.9547042847
78.7278518677
78.4364166260
85.9989929199
82.6683197021
81.9301986694
81.6676940918
83.7529525757
87.2399749756
89.1231231689
88.5969772339
86.2495269775
81.2866668701
81.1334762573
75.9917602539
77.9828414917
75.5561981201
80.7226333618
84.3142623901
83.9441375732
81.0253448486
78.1406402588
75.8136672974
75.5381622314
74.7164611816
73.5483703613
74.9584884644
74.6554412842
78.1670608521
74.7910842896
74.6622314453
71.2907638550
74.3255996704
72.0730514526
70.3886947632
71.0172882080
72.5498886108
77.9921875000
77.3649978638
77.0549316406
76.4391555786
76.5556106567
79.7780761719
78.3106842041
80.3659362793
79.2647705078
81.7144927979
84.8324584961
85.8680267334
86.3832473755
85.2241210938
82.7433013916
76.6162719727
76.0761184692
75.4210357666
82.7377777100
83.6358337402
78.9721069336
80.7864227295
80.7832183838
82.0760192871
81.2697830200
80.5405273438
80.9727935791
80.7464904785
77.8355865479
73.8137893677
73.1962585449
65.0165328979
64.2584304810
64.9074401855
71.1340179443
71.3043746948
65.4040985107
61.5648002625
72.5756225586
76.9725875854
75.6912536621
72.2994995117
73.7278213501
80.1145477295
80.8919372559
83.7955169678
85.2097320557
87.6196289062
85.6021575928
78.7330093384
79.0626144409
79.2113800049
82.1947784424
77.9652557373
75.1024780273
76.5352935791
72.9796600342
75.8016128540
76.3625564575
75.9709472656
76.9036331177
81.2241592407
83.2632293701
80.6687316895
79.6972579956
79.8255538940
81.5219116211
80.6665191650
80.2772521973
76.7698440552
77.5183868408
81.7741928101
74.8992004395
72.5503768921
71.2123413086
69.1449432373
73.7151641846
76.0962219238
82.0688400269
79.9943923950
78.6352462769
77.7354202271
78.1859817505
76.8127059937
78.4614944458
77.4960098267
78.4966888428
83.0037765503
79.7173614502
81.5431060791
83.5403900146
81.4902038574
78.4881134033
74.1753082275
77.9969635010
75.4582290649
73.6853256226
76.1198883057
73.9088211060
73.0917053223
82.5772094727
87.1277694702
80.0098800659
80.6246490479
79.9749755859
82.0859146118
84.0800323486
88.6282119751
88.9791717529
88.8888931274
84.9823379517
87.3700485229
89.2428741455
87.1174850464
82.9010314941
78.3259811401
81.3068847656
79.0876541138
82.2749023438
86.1003723145
85.9179840088
85.9513549805
81.7483062744
86.9961395264
92.3883666992
91.2520446777
87.2276992798
90.1696853638
86.8997497559
90.7614059448
93.0633163452
90.8867645264
91.0606918335
89.6031036377
83.4449920654
85.4728088379
83.6237640381
80.4607467651
80.0922088623
82.4069519043
83.3009262085
83.1571578979
86.5449295044
82.6363677979
80.1759262085
78.3004913330
79.3803253174
79.6256790161
79.9956054688
81.2201538086
81.6013641357
86.2444610596
85.9549179077
86.6014022827
83.6537094116
80.4120941162
80.6116790771
76.4527053833
71.8508224487
72.8540954590
78.5947799683
81.8898696899
84.1381378174
80.4951782227
78.0124053955
74.8532867432
81.9650497437
79.1652679443
80.0804748535
84.4043731689
81.6599731445
82.7128829956
83.8499145508
83.2843017578
77.6329879761
70.8807144165
67.8802490234
64.5036163330
65.4427108765
75.9502639771
76.4010467529
78.6863555908
79.1559906006
82.2085647583
90.2205505371
83.0945129395
79.1607055664
80.1587448120
77.3201370239
83.4142227173
83.4794311523
81.8940582275
75.4533462524
74.6058120728
68.5646972656
66.6052398682
72.8751525879
73.3318634033
81.1547775269
82.8265228271
80.0533447266
73.0002288818
77.3991775513
83.3401489258
88.8571624756
90.5084915161
87.8377151489
86.4950866699
87.0974044800
88.9526443481
90.0312042236
90.5306549072
90.8497238159
88.0538635254
82.5700683594
81.6693649292
77.9048690796
75.5034866333
77.3553771973
84.1196594238
87.2887344360
83.7667465210
81.7892761230
78.4798278809
78.8176498413
76.9219818115
76.7822265625
83.4161987305
81.6482925415
81.1595840454
84.7971572876
77.0333557129
76.5964889526
78.5708236694
79.5663681030
83.8604431152
91.1723175049
77.4705123901
79.5833053589
83.6114501953
84.5991210938
87.5421752930
85.1703491211
84.4398727417
82.9331665039
83.0778121948
81.4261474609
80.0133209229
81.2717819214
79.6356506348
71.2742462158
72.3493041992
76.6677932739
81.6897354126
86.1116333008
87.8855590820
83.0004577637
84.9573211670
79.0399703979
78.1608123779
79.2956848145
81.6330718994
77.3049240112
79.9023742676
75.7272796631
76.7111892700
77.6352081299
77.0518875122
76.4119110107
78.0275573730
86.1723785400
85.2091979980
79.6456604004
75.0512847900
62.2753906250
65.8625946045
71.8638839722
71.9299774170
73.8952255249
79.0714263916
76.8392333984
81.6882095337
83.3133087158
83.2355880737
84.7818450928
85.9336547852
86.2053222656
82.3356628418
82.1480407715
80.7350082397
79.2232666016
78.3652725220
80.9108276367
81.6758193970
78.8364334106
74.8992309570
80.3382110596
76.1593322754
81.8166656494
79.4430084229
83.0477600098
85.5403594971
85.0923919678
87.4048614502
85.5234985352
84.0688095093
83.3001098633
86.3259963989
85.7004013062
87.5929565430
85.8904724121
84.1668853760
76.9336776733
78.0291900635
79.6980895996
77.9707412720
77.6945037842
80.7624740601
78.6602935791
82.2167053223
79.5533523560
81.4243011475
81.3644485474
82.5045776367
83.0027313232
77.5732192993
72.5074081421
74.3478927612
73.5607986450
74.4911041260
71.3407745361
72.7890625000
70.6263122559
74.0735702515
75.3064422607
77.0592880249
71.2967300415
73.2372741699
74.8739471436
80.5897979736
74.7086410522
80.3530807495
84.9511718750
86.1297149658
80.0380096436
77.3317642212
72.7993240356
74.1589736938
71.7940292358
78.0157165527
78.4418487549
74.9786682129
72.5770797729
72.4152145386
75.1467590332
77.5382385254
80.0550079346
83.1191558838
83.2711944580
81.2191467285
77.6491317749
74.4172134399
76.7205810547
76.6726989746
78.2220001221
79.5894927979
79.0195541382
81.5633392334
82.5765075684
79.4442138672
73.9312057495
73.3850250244
79.7365264893
80.6905517578
78.8018798828
80.0757598877
81.0480651855
80.0581207275
78.4077987671
78.4586639404
77.7289733887
81.2210388184
87.2289276123
91.3459854126
85.9783020020
83.3219833374
88.7148437500
88.6290054321
88.8225708008
85.8050155640
83.4679870605
81.6582412720
79.2294845581
85.2126464844
88.7330474854
88.4137268066
84.1052093506
79.9530029297
76.7462615967
78.9230117798
79.3085174561
78.4737472534
78.2427673340
78.6455154419
78.4895248413
77.8286437988
76.7611694336
78.2021179199
77.4481582642
75.7420959473
79.5648193359
76.3197402954
81.1844329834
81.4788970947
80.0838851929
75.7646636963
74.6376724243
73.7857666016
73.2515258789
70.4260482788
69.9545669556
77.3797073364
75.3652114868
74.3358535767
75.1508941650
76.6001434326
81.2425460815
81.0660858154
81.7906799316
78.4756851196
76.8557662964
77.0753021240
78.7203674316
81.0713882446
84.6346893311
81.8319854736
79.9680099487
77.8473358154
77.4329833984
77.9294891357
83.1286849976
78.6315536499
80.7624816895
81.5805511475
80.9255371094
84.1423187256
83.7550201416
82.5845108032
75.6882095337
77.0152053833
72.2961120605
78.6997070312
73.5980072021
78.0203247070
81.1467361450
86.2748947144
85.5023040771
82.1245651245
78.6912536621
75.8432159424
81.9019088745
87.2171020508
88.3329772949
83.5317077637
82.5161972046
86.7712402344
82.7662048340
79.4595642090
88.0339355469
83.5872955322
90.4842224121
95.6081085205
91.8824920654
87.8857879639
83.9389953613
82.9268951416
84.6109542847
88.5089263916
87.5573959351
85.0652694702
81.9277191162
80.5171051025
79.3592758179
78.8601913452
78.8924102783
79.6875534058
75.6854858398
73.2989654541
73.6035614014
81.3817138672
79.3571472168
81.5594177246
80.1274490356
80.0151596069
84.6990585327
91.3460998535
88.7802581787
82.7182159424
79.2921600342
77.3541793823
73.8302612305
74.0818481445
75.7445449829
72.7722015381
70.4780654907
73.7581405640
75.7650070190
79.7834472656
82.3068923950
84.1082992554
83.9715652466
86.2013778687
87.8585968018
87.7100219727
83.6850433350
78.3568954468
77.6405334473
76.2665405273
73.4254150391
75.2196426392
71.6497116089
70.9236602783
71.9799804688
73.1641616821
77.2001724243
79.9821319580
78.5464630127
76.1492538452
73.3891754150
76.6110839844
72.7945327759
69.8184814453
68.7074279785
66.9790039062
69.5378952026
71.6719055176
72.5773544312
71.9918518066
75.5322799683
72.7670288086
77.7413330078
79.9153213501
81.5067291260
79.8747634888
79.7515106201
76.0443267822
76.1478881836
73.8497848511
75.7485656738
77.0597457886
80.3476486206
81.3354568481
77.9112854004
74.1400680542
76.5747985840
78.9648284912
76.5671539307
74.0667495728
74.5865707397
81.9266128540
79.9662475586
79.7973022461
77.3411483765
77.4541091919
69.5237884521
78.5359268188
79.8946075439
83.9283370972
82.1898956299
82.0292358398
79.9052047729
77.3349609375
77.5522689819
74.9945678711
73.6934661865
68.3892517090
67.6114349365
68.8698501587
69.3326416016
68.1872024536
71.6980514526
72.9553680420
76.3107986450
75.3018646240
68.5910949707
66.0853881836
63.9566650391
71.8853073120
74.0274810791
70.8825454712
75.0446853638
75.4168319702
78.7518768311
78.2020339966
77.7674255371
69.8960266113
71.8455657959
71.6983566284
70.7696456909
69.6776733398
69.3799438477
66.2467422485
65.0927200317
68.7314224243
75.1757125854
72.4463348389
78.9766006470
86.3179397583
84.3039550781
82.5932464600
74.9412078857
78.7326660156
86.9326324463
81.3546600342
77.8052673340
75.3904418945
71.6176757812
71.1689376831
75.8938140869
75.7937011719
74.1405181885
76.7022018433
83.3762054443
83.9538421631
85.2037048340
82.7009887695
82.9632568359
83.1473922729
84.4541244507
81.1073150635
82.3212738037
84.9898529053
82.4529571533
81.6312103271
77.3477783203
81.1515579224
78.5081405640
77.3446655273
76.4112701416
75.9388198853
77.7034606934
81.1638488770
81.8705749512
88.6049880981
84.7786712646
80.9367065430
74.7359695435
75.4939804077
75.7917098999
81.5920715332
79.5175476074
79.1435165405
73.9718093872
75.8232345581
78.6029357910
81.3299865723
78.1478958130
77.6815872192
81.4181671143
82.5873413086
83.1409530640
85.6504058838
85.2462768555
86.4822540283
80.3491668701
78.5944137573
80.9614334106
84.0779037476
90.8581237793
83.0372009277
86.1259536743
83.5414276123
84.8413848877
78.5486602783
82.8226165771
87.2548828125
84.4693984985
87.2308578491
82.1030578613
73.1774597168
68.8455963135
69.5755844116
73.5898056030
74.8386230469
77.6538467407
79.8115234375
78.9036712646
76.4610595703
75.1744842529
78.8124923706
80.0065078735
82.0246200562
74.8596496582
79.7535552979
82.9670181274
76.9081268311
77.4470214844
78.1574096680
80.9232940674
82.5933303833
80.1440124512
80.3402404785
78.3564758301
80.6501007080
78.7104492188
80.9133758545
77.4082717896
87.0774536133
86.4608612061
89.8119888306
86.8556442261
84.2609786987
79.5379791260
79.8685607910
78.1973266602
84.6352081299
88.4498977661
85.1663131714
81.6813049316
82.6964340210
84.1671295166
79.3456802368
77.4352645874
76.3820800781
76.0620422363
72.5236968994
71.6575317383
72.8567428589
73.8618164062
72.6094436646
69.8512802124
71.9399566650
76.3309478760
74.3904037476
72.2847595215
70.2951126099
74.4371948242
71.9782104492
78.2740249634
67.5286407471
68.0902481079
68.2584686279
72.5293579102
74.2145690918
75.2826232910
77.0771865845
75.0605087280
74.9662780762
75.7579269409
71.0982284546
77.5558319092
77.4016418457
81.9443054199
82.8450775146
83.4975967407
72.9984893799
73.6011581421
75.2255325317
83.8010101318
78.7256851196
80.0382385254
83.0353164673
84.6317214966
83.7498626709
84.7442092896
87.2804794312
90.6186447144
88.2855453491
83.0883331299
69.5978546143
74.1339569092
73.1481933594
74.8447418213
74.8511505127
82.4364700317
73.5102844238
75.0937652588
75.7513809204
83.0458831787
82.4871063232
74.5592498779
80.1164855957
77.8134384155
74.8815994263
71.4910354614
69.7629318237
71.5890655518
77.2950286865
77.3049011230
78.8253631592
78.2195510864
73.2787780762
78.9216156006
75.7365188599
74.8517227173
76.7566604614
78.7033233643
78.5720977783
76.1320877075
71.5820312500
71.0900955200
67.6954269409
68.9376144409
70.5482940674
79.0974807739
76.2953643799
77.0904006958
75.6820678711
85.1715393066
81.9906921387
86.4672851562
79.4934844971
80.0018157959
75.6771011353
71.9321594238
67.8022079468
69.8000793457
79.0028533936
74.4059295654
78.9449691772
76.2037353516
79.2808532715
74.2779998779
72.7607879639
72.6531982422
72.4675903320
73.5022735596
73.4345397949
77.0154647827
71.8581695557
72.3734588623
69.7559051514
67.3229827881
69.5178680420
72.9324645996
74.7981033325
77.2990570068
80.3737716675
82.3132553101
83.1386260986
79.3853530884
74.1439590454
71.2827835083
67.0878372192
67.6011047363
76.3673553467
80.2402343750
85.1470031738
82.9752349854
82.4301834106
76.3683319092
73.0163803101
72.2365112305
72.7467498779
76.4305877686
72.7361373901
72.6643218994
71.8478012085
73.2437286377
74.0271987915
71.9895477295
69.0059051514
78.4879531860
70.7084045410
72.5432281494
75.7131652832
80.2755661011
85.2906341553
88.1962432861
87.9030685425
85.5893096924
82.9399719238
87.1336822510
93.9165267944
90.1578979492
91.2329559326
90.3719100952
90.9231643677
93.3488006592
88.5842437744
81.6086578369
85.2586059570
80.2828750610
89.8809814453
85.2355194092
85.6407699585
80.0869064331
79.2084960938
75.1943511963
75.4779129028
78.8024215698
77.0273590088
79.7487106323
80.6292648315
79.4859771729
80.1483764648
76.8759765625
77.2897872925
80.3026428223
80.1080322266
78.7875366211
78.8117065430
78.7660522461
80.3054122925
79.0390548706
80.5083160400
80.3519821167
84.7949142456
82.0486297607
78.1948394775
77.2661285400
79.2620010376
84.4274520874
86.5184020996
82.9313583374
80.9183044434
79.7785568237
81.0572433472
81.3415222168
76.3098754883
75.3145599365
79.9119949341
82.4525451660
79.8705902100
82.8589477539
79.8988723755
78.2061462402
77.4905471802
82.1240081787
65.2188110352
80.0428085327
77.8122787476
79.1651000977
82.6567840576
82.8182754517
80.0043182373
76.7582702637
83.0085296631
84.5410079956
85.5223083496
79.1491088867
81.2821044922
85.7728424072
90.2811965942
88.4357604980
87.9825592041
84.9692077637
82.5239028931
84.0864639282
87.5795898438
83.8860626221
88.4694747925
79.2117080688
85.1175613403
75.9431915283
85.4463806152
91.6598892212
93.1433486938
88.5383453369
87.7853775024
84.3483810425
83.6860656738
83.7366180420
86.1707229614
87.5885238647
88.5802154541
85.5209960938
83.7043685913
84.1879501343
86.1796264648
86.0342102051
91.7629318237
90.9383621216
93.8061523438
92.5388946533
93.1279296875
88.1457061768
86.6463623047
91.9658813477
93.0605087280
93.5504150391
90.9609069824
91.9044189453
90.6227264404
88.9780120850
89.0197143555
91.7600479126
88.9724426270
90.0507888794
86.4103240967
88.0822296143
83.0276489258
82.1826858521
84.7706222534
85.5620651245
85.7415161133
89.0212554932
87.5640945435
85.5989532471
89.8831329346
90.3479156494
89.6188964844
90.8231658936
93.1124267578
93.3927001953
92.7870178223
86.6330490112
85.0089492798
88.7935409546
86.5324172974
86.2110214233
87.6802749634
84.9571533203
85.5469970703
82.5560836792
84.7870178223
82.7179565430
83.6862945557
85.0294723511
85.8913116455
88.6400527954
87.8436431885
88.2701110840
86.4783248901
85.2394561768
85.2035827637
85.1484909058
83.9510345459
83.5374755859
83.1417465210
79.7126770020
77.8259353638
78.4846649170
78.3184661865
84.7278518677
87.7082366943
87.3589477539
85.7497940063
87.2787170410
89.3503265381
92.2679138184
91.8391571045
88.8755035400
85.2407531738
88.6712570190
92.0990447998
94.0038909912
91.0531921387
86.6828842163
83.6852493286
87.2897567749
94.9316864014
99.3924407959
88.6318511963
87.1136932373
84.4820251465
85.2519073486
88.0473861694
86.5151977539
93.0595397949
94.5922012329
94.5791244507
90.4288558960
88.3936614990
87.7184600830
88.8880081177
91.2816314697
95.6086654663
100.5218658447
94.1671371460
88.3202743530
82.1255798340
75.2796630859
78.1563339233
84.4287185669
87.2966156006
95.4757995605
98.1469650269
96.9717102051
97.5594329834
97.2201995850
93.0467529297
93.1592941284
92.7140045166
95.3427581787
97.2449874878
98.4344177246
98.1635284424
96.5590820312
98.6053390503
94.6447448730
93.6251831055
94.0467681885
93.7392120361
93.7799987793
91.9139862061
99.6004486084
97.0496444702
96.7101364136
90.8237762451
89.5937957764
87.8729705811
86.2245941162
86.9429016113
86.5587768555
88.3790206909
87.8137435913
82.8193283081
76.9466094971
76.3928985596
76.5670928955
79.9097595215
83.5766677856
87.4495773315
90.5789413452
89.8280105591
83.5808410645
86.8247146606
87.3148803711
90.3287124634
98.3578262329
91.3684082031
85.2117691040
76.2493820190
75.0697174072
74.2430572510
82.0443267822
78.0694656372
75.2937240601
71.0822067261
69.4861145020
56.7965164185
56.8386001587
66.8712997437
70.2313919067
73.2860107422
76.5963973999
82.5592041016
85.7779083252
83.7364349365
83.9986267090
81.8039550781
85.3730392456
85.9298782349
88.6834869385
87.4022521973
90.1665191650
92.6462249756
91.4507064819
93.6801071167
94.3178329468
94.5514602661
95.0323257446
93.4255447388
95.0142822266
94.1814727783
90.6637878418
85.7602386475
83.3088302612
86.5911483765
86.3936920166
86.3826675415
87.8705139160
91.1931915283
91.2380676270
91.1800918579
91.0586929321
91.0366210938
88.6728820801
85.5419616699
82.8016967773
84.0597457886
79.2412185669
80.8040847778
82.5609130859
79.7083053589
80.3521728516
83.5044784546
77.7378158569
80.8072433472
80.8249511719
82.1598129272
81.8318634033
81.1543426514
80.5039672852
80.1683044434
81.2781524658
82.6300430298
83.7207717896
89.4831008911
90.7686080933
82.2634277344
82.3371124268
79.3039855957
82.2918014526
85.7695465088
88.2656326294
90.7261657715
88.6534576416
85.6928634644
90.0249252319
93.0178833008
96.1401138306
100.6705627441
100.0168609619
91.3508300781
87.3130035400
86.3428955078
84.9891281128
85.3731994629
80.3824157715
76.7578582764
72.2716064453
75.4312591553
79.4299163818
82.0421905518
76.3540039062
74.3372039795
71.6399002075
75.3509368896
70.6203689575
67.5562133789
76.5128936768
75.3990631104
78.7107467651
83.0502929688
88.3233032227
93.7609863281
100.5328598022
101.2164077759
99.8277206421
98.0450592041
97.8221435547
102.3551712036
101.6331329346
97.3921432495
92.6835632324
90.0031204224
91.2502212524
88.9564514160
90.1901779175
86.2543792725
85.0849990845
88.5783996582
89.0168457031
97.2075500488
98.9960098267
100.6914443970
99.6110153198
96.8745269775
96.4640045166
97.4571228027
98.7366561890
91.0329208374
91.1157989502
87.6581878662
88.6047897339
92.6514282227
94.4940109253
96.8030395508
101.0346145630
101.5971527100
104.4692382812
101.3187255859
93.5149841309
92.8830413818
88.0889434814
90.4750671387
88.6987609863
86.3588714600
88.0401916504
82.8915863037
80.5086975098
78.2926940918
76.1743164062
87.7717666626
85.6590957642
88.3279800415
90.2202301025
90.4608764648
86.1634597778
87.3267517090
87.0380935669
88.8588867188
87.6014175415
91.0082015991
89.8681488037
92.5721282959
89.0713348389
91.0556793213
89.7224349976
87.9561462402
86.0262527466
83.8896789551
87.3484649658
87.6867828369
88.5307312012
83.9339599609
82.3448638916
80.5217132568
80.9419021606
81.6775665283
86.2801971436
86.6929168701
86.5613555908
87.0846405029
92.5134887695
93.3412780762
93.6623229980
94.2724456787
96.3465576172
95.0654144287
92.2722930908
87.4343032837
83.3780288696
86.9320602417
89.7724761963
89.1387100220
85.5048370361
81.3609619141
81.5321350098
84.6123504639
81.2013702393
83.1093826294
87.0046844482
91.2124252319
89.3334808350
80.6144714355
79.8902282715
84.4421920776
87.7557601929
87.7238616943
89.1940002441
87.9072570801
87.2543716431
88.6002502441
88.1770858765
89.6658325195
88.8511886597
87.3509368896
83.2463989258
82.6586303711
84.3594055176
87.3862304688
86.9033279419
82.4765396118
83.5143280029
79.8541946411
81.0562286377
83.0974121094
84.2571258545
84.9331817627
87.3725738525
88.7878036499
88.6649627686
84.9590759277
85.8655471802
87.3902816772
87.4380187988
84.4245300293
87.5977172852
87.7349319458
89.1503295898
89.9917144775
89.5978088379
88.4467773438
87.5672454834
87.2407073975
86.9384613037
88.5976409912
88.1114654541
85.4111404419
88.7441558838
87.3420486450
86.1837921143
84.1360626221
85.3218231201
88.0993957520
86.6718978882
87.0044403076
91.6435546875
87.9505691528
86.7009887695
86.4566650391
90.4864196777
91.2226867676
88.9049224854
84.0623474121
85.4318847656
80.7272491455
86.1517333984
85.9070968628
85.9040908813
86.5654602051
86.8504257202
85.1140136719
82.2929458618
83.7401885986
82.6235351562
86.6714782715
83.3638534546
83.6553573608
83.4940490723
84.1940994263
84.9423522949
86.6987304688
85.7794494629
86.2890853882
88.7026367188
86.8593292236
84.8025207520
83.5854187012
82.8475494385
81.8752059937
82.9548492432
81.5112304688
86.6960144043
88.0981903076
89.0392761230
87.5661315918
83.2339935303
82.2944641113
81.2084045410
81.2154235840
87.4143676758
86.8557662964
91.0395812988
88.6636886597
87.0877685547
84.5526428223
86.8763122559
89.3419265747
90.4535827637
90.0663146973
88.3354263306
88.7188720703
82.5623321533
80.0639801025
76.7629699707
83.9895553589
83.1551437378
84.2992095947
84.5161056519
84.2179641724
84.7277221680
86.5173187256
89.8323364258
89.0604400635
89.0160369873
85.0974121094
85.7989730835
89.2524185181
93.5042266846
89.6034240723
88.7719650269
85.5480117798
84.2240295410
83.2344665527
76.1146926880
74.9503479004
76.7733383179
80.1824798584
77.5448837280
80.0037231445
85.7684631348
88.6180267334
88.3796920776
84.3863372803
84.1727828979
84.9392471313
83.9472732544
83.0179443359
85.9593200684
87.8174285889
83.8206710815
81.4876708984
81.3733367920
86.8810424805
88.4270324707
89.5058975220
89.9543304443
88.3050765991
90.5990219116
89.9380493164
94.8211288452
93.9082489014
93.1990051270
92.7007675171
95.1626434326
90.7382965088
89.7327728271
90.8020858765
96.8356170654
95.3551635742
96.4633102417
95.1089630127
95.1959075928
90.7277755737
85.7493972778
87.1917495728
87.2440948486
86.5710296631
85.3995513916
83.9757766724
88.9446258545
86.3798675537
77.3959732056
73.3138122559
79.6284561157
78.7364807129
82.0352630615
86.6458816528
87.6231918335
85.2820205688
84.3125991821
80.4628982544
79.3290786743
83.7702331543
83.2950820923
83.4814758301
82.1505508423
77.6363220215
81.8017883301
86.0502471924
86.0756072998
85.2249450684
81.4283218384
79.8061981201
81.5692291260
82.9614181519
82.9894180298
83.6204681396
81.6682662964
80.8679809570
77.5795440674
79.9836044312
82.3715667725
87.6241149902
85.8286132812
88.7363891602
90.5263519287
87.9956130981
84.9233627319
87.5289840698
83.5344314575
82.9700393677
82.3052825928
88.0374526978
95.7930068970
93.7130508423
89.5072937012
92.0318908691
90.8264923096
91.6355743408
87.8620605469
86.8190307617
86.2881317139
84.3186798096
87.1138153076
87.2857284546
92.2708587646
95.3256835938
96.6348190308
95.4803314209
96.3508300781
88.5383148193
88.0401000977
84.8563079834
83.0916671753
86.6851501465
89.3982849121
88.9989242554
87.4053421021
84.1635131836
83.3894348145
85.0874176025
85.1834564209
88.2299652100
89.6719512939
90.4771575928
87.7162933350
90.0279693604
95.2190856934
99.3221435547
99.2997436523
101.3167495728
104.3294601440
97.3876647949
98.9324493408
94.7682723999
93.6241607666
88.0571823120
80.0277404785
73.9618072510
71.8410491943
73.7647171021
72.4042282104
74.4222106934
68.1543426514
68.9087829590
69.0968170166
70.9980926514
66.8789215088
68.5844802856
68.4967269897
66.6524963379
65.7402420044
58.7174491882
72.0592269897
74.9079742432
75.4302597046
74.1648864746
71.4437408447
61.0936660767
58.1726531982
55.7596359253
56.3927459717
72.8217010498
72.9470138550
74.5590744019
77.0259246826
83.8988800049
85.3017044067
87.8346710205
83.8791656494
83.4924468994
82.5912628174
74.6119537354
76.7188644409
75.1384582520
75.5253067017
77.1863327026
79.3872451782
79.0247650146
83.0570678711
78.4110031128
79.0690765381
79.9577713013
78.8588104248
85.7993240356
86.8407287598
87.5037002563
88.4316635132
87.8952941895
94.2985382080
94.9693145752
90.7256393433
86.3836593628
85.1634674072
85.4173278809
84.7318801880
78.3609542847
78.0863723755
71.9735794067
71.6489105225
74.0971603394
78.6826095581
81.2086791992
79.3440399170
82.2903366089
79.5556488037
72.9799957275
75.6553192139
70.5893859863
71.5852661133
70.8995590210
72.0209350586
78.5311279297
82.9699096680
93.1954956055
97.3021316528
98.2032089233
95.3142089844
101.4668579102
101.3026428223
102.2841033936
101.6409225464
103.7622909546
109.4016647339
108.1257934570
107.0311431885
104.0843887329
107.0886535645
105.9214172363
94.5116729736
92.9429016113
93.2809448242
100.0548400879
105.1936492920
103.9417953491
101.6294708252
101.4186248779
100.7692260742
106.0923309326
107.9381561279
101.3689575195
101.8930435181
95.6403656006
90.3133544922
88.5246658325
89.8779754639
87.9173812866
90.3097152710
86.5391311646
84.4895019531
87.3467254639
91.1660919189
94.5133361816
88.4650726318
80.4570999146
80.5926589966
79.7508239746
79.8318481445
80.8213729858
78.1108932495
79.6863632202
78.2624969482
81.6449279785
78.4354324341
81.4704284668
77.2860260010
77.9709854126
79.9199676514
78.3605804443
77.3755035400
75.6984634399
84.2617340088
80.9613037109
82.6209716797
84.7021331787
84.4362564087
83.8258209229
76.2390899658
80.7996139526
77.2029266357
76.4454498291
76.4861602783
80.5281829834
82.1240692139
86.7011947632
88.9765396118
83.3243865967
82.9883575439
82.4357147217
88.0899581909
84.2965393066
86.8508911133
90.0344696045
91.5246887207
87.8698425293
82.5991210938
79.4131851196
81.2609786987
81.7073822021
81.9457092285
83.6438140869
81.4356079102
79.7812500000
77.9921340942
81.5232086182
85.7835235596
89.4312133789
83.6006622314
84.2356872559
88.6777114868
87.5382003784
90.5460968018
88.7631683350
88.1382369995
87.0342864990
85.6340866089
87.3629226685
87.8241348267
84.8023223877
85.7065811157
90.5748367310
97.4925308228
101.9878921509
103.7671813965
102.7017364502
103.1149291992
100.8452148438
96.7457046509
94.3437805176
89.2039260864
91.0746841431
91.5464324951
94.2709503174
91.9245834351
89.4850616455
92.7919769287
92.0092163086
95.5998687744
97.5681762695
96.0651092529
90.1129531860
86.6146926880
84.1849365234
81.5444335938
88.1458816528
91.4131469727
89.8250579834
87.1374435425
87.3740615845
86.3157577515
88.6780242920
89.9622573853
88.8409957886
91.5533218384
92.4084014893
95.0504455566
95.2474212646
90.5891799927
90.8575515747
91.2102890015
91.3332595825
90.5981292725
90.4295959473
91.2448654175
89.5417022705
86.6136245728
87.2253875732
83.8465042114
86.8999862671
89.3645172119
88.3643188477
89.8706817627
85.9111328125
85.6652221680
87.1763839722
86.7760543823
87.9014434814
83.2417755127
85.8044891357
85.9681243896
88.0302124023
86.7089080811
88.5321197510
87.5905914307
87.6582183838
81.5578002930
81.7370758057
79.0424499512
79.6195526123
85.3652191162
85.2603073120
81.8045806885
82.5214996338
82.0203704834
87.4966583252
86.1528472900
87.3194732666
86.5503540039
84.7512359619
85.0684509277
84.2417144775
86.3990554810
87.2249450684
89.4360351562
86.8332672119
91.7361145020
83.7390441895
83.4871063232
85.5359649658
87.9248046875
89.1873397827
90.2737197876
89.0705871582
86.6703720093
84.1449890137
82.3745880127
81.6095962524
81.9736709595
82.1529159546
83.0003890991
85.7875518799
86.8431549072
86.2862396240
86.9895248413
88.7483367920
89.8410720825
86.7685928345
86.6326828003
82.6633987427
81.1071548462
82.2606811523
83.2319412231
84.1740570068
88.0355987549
87.3944854736
85.7835693359
85.8003082275
85.7150878906
87.0754699707
85.8001937866
85.3924942017
86.3225936890
87.4133987427
88.5239257812
87.1325912476
86.4033355713
87.6063385010
89.0263519287
89.3693695068
90.6664428711
88.9035415649
87.5269470215
86.2875442505
87.0240173340
81.8428268433
79.8661422729
81.5772399902
82.5516662598
78.8729019165
84.6827239990
90.0928497314
98.1310424805
97.8824310303
94.1487655640
90.2378997803
89.3744201660
89.2138290405
87.3475570679
86.6987533569
84.8910522461
79.0032424927
77.4570617676
78.7388381958
81.6043472290
89.7142791748
93.3728485107
93.6364746094
89.9170684814
88.9126434326
87.6188964844
84.0083618164
83.1656951904
82.4662017822
82.6225051880
84.9247283936
75.7396774292
76.5983428955
78.1095123291
81.7322082520
79.6500320435
78.7681350708
79.6133346558
84.1848144531
84.1564483643
87.1977386475
86.0917968750
85.0404129028
82.3118286133
84.9222259521
83.9145202637
87.2913436890
89.4230041504
89.8423156738
87.4909896851
85.3715362549
87.0706176758
84.9096221924
82.5043869019
83.4627685547
84.4883346558
80.6219406128
77.6930389404
79.0541763306
84.4690780640
85.5955657959
86.3823699951
86.2358932495
87.8441543579
89.0121612549
92.6544342041
91.0621871948
84.0060272217
82.8033981323
80.8773345947
85.4108505249
79.2306671143
84.5973205566
87.1455917358
88.3542480469
88.0229339600
84.6498870850
85.1397399902
84.3123626709
82.7233734131
85.8256607056
88.5906524658
93.0069961548
87.3109893799
83.9148864746
83.9232788086
84.0962753296
84.5710525513
82.9501037598
83.6376724243
82.6795959473
86.5063018799
82.4884262085
81.1422576904
79.3159790039
79.1076431274
82.0242080688
83.5295562744
86.7655792236
89.8825454712
94.5418472290
91.2666320801
89.1898193359
90.1227645874
91.1185913086
90.9906463623
88.9543304443
86.3136672974
82.9403991699
82.8118820190
81.1310119629
82.1088867188
82.6371078491
91.9099884033
86.5899887085
87.8703155518
85.4950103760
85.5083999634
87.5317077637
83.7468719482
82.1990585327
80.8174743652
81.2139663696
82.9393157959
81.4814453125
80.1937103271
79.0031356812
80.9337539673
82.8873291016
85.7692718506
82.8892974854
86.3676300049
81.3233032227
82.0268020630
77.5357971191
76.8072662354
80.4476013184
78.5039749146
84.2075119019
88.7875061035
90.6860198975
89.1555633545
87.7550506592
88.0136260986
89.0523681641
89.1150665283
92.5431060791
92.6594085693
95.1964263916
96.0246963501
94.5813293457
95.2673873901
91.6253967285
92.9266662598
92.8342285156
95.3112487793
95.9942092896
98.7142486572
98.7779998779
97.4069824219
95.5899658203
95.1069946289
92.0068588257
94.7844085693
92.1968307495
92.7619628906
87.6353378296
87.5143966675
86.9039459229
82.7916870117
83.4830703735
86.9643249512
82.6982269287
76.7762451172
77.6463165283
75.0661315918
76.3092422485
76.3482208252
80.5457763672
79.0660705566
81.3647003174
78.8454132080
81.5612030029
81.7432250977
81.1712341309
79.3510818481
80.5149917603
80.5719757080
82.8205642700
84.8419113159
85.0754394531
85.9986038208
81.6227722168
81.8153915405
79.9217147827
80.2168045044
82.1792755127
88.3324890137
88.8383255005
94.2210998535
91.3540115356
92.5461807251
89.1940307617
85.6680603027
86.0825271606
88.1188201904
86.9708480835
85.1963195801
84.9257507324
86.2837600708
86.2947235107
85.9159698486
85.2351989746
81.5906448364
86.7763977051
87.2376251221
86.2727127075
83.0009613037
82.7424011230
83.6524429321
81.9993591309
88.6699523926
93.6998443604
95.2693252563
95.5579986572
99.0034790039
96.8632965088
96.0963592529
91.0806732178
89.0574493408
88.2379074097
93.3817672729
88.2376785278
84.1410217285
82.0287933350
82.7317352295
86.3132858276
87.8075408936
86.9541702271
88.7453536987
90.0789413452
81.4803543091
82.8937683105
82.4045257568
81.5641860962
80.9147109985
82.2191162109
80.4231109619
84.3651123047
86.9740600586
89.2965545654
90.9074783325
93.6745147705
89.8270874023
91.1553268433
87.6232376099
89.9626235962
88.3269882202
87.8519592285
86.6576385498
83.7171936035
85.2867965698
86.9237670898
88.9924240112
88.5648498535
86.8440322876
84.5290451050
83.6425323486
82.5920104980
80.2196960449
81.4413223267
83.9090423584
86.2294998169
88.0793609619
89.4674835205
86.0525131226
88.1186065674
88.7355270386
89.1364593506
87.9450836182
86.6117553711
87.6197814941
87.0369033813
84.6434097290
84.5553436279
86.4008483887
88.8844680786
92.0238037109
89.8956527710
86.3540039062
83.3535461426
76.9292678833
79.9298171997
80.7600631714
78.6588211060
81.8279418945
79.5143127441
82.7796173096
83.5603485107
86.7603912354
82.2484054565
76.4983215332
75.8726348877
78.6440353394
80.3561401367
84.1983489990
85.0074920654
83.4653854370
88.6755294800
87.1604766846
85.4323806763
88.0518341064
89.1371307373
86.7379684448
85.9329986572
87.0775756836
87.7029190063
83.7110137939
80.8432464600
81.0654754639
83.0670547485
86.9798812866
87.9589462280
82.5702896118
79.5695953369
80.7823104858
86.1045455933
83.1017837524
86.8743515015
85.9723434448
88.0727233887
87.7998199463
84.9836349487
90.3742294312
90.6903533936
93.1889724731
95.1132812500
89.6732711792
87.3341751099
85.2393188477
86.9068756104
84.6454696655
87.7505035400
92.3099517822
92.0289459229
92.2127609253
91.5940933228
95.0014877319
88.2774200439
85.4193115234
86.6419372559
90.6004638672
90.1544647217
88.1719436646
83.0082473755
82.0306549072
84.0257568359
84.2703247070
80.0497055054
76.8014831543
79.7044830322
77.7137451172
80.4254608154
81.8864135742
84.9602966309
85.7699661255
89.8250198364
88.2842483521
90.0627822876
90.2716140747
85.6466217041
85.0594100952
88.7815017700
93.4023971558
89.8722000122
90.3790054321
88.2667465210
88.3739776611
90.9159240723
89.4997863770
84.0258636475
84.8005447388
83.2776565552
88.1751937866
88.8114547729
91.6413650513
89.0826263428
89.9991531372
89.5034255981
88.2669525146
90.1201553345
90.6855163574
89.1030120850
89.2858123779
89.2422409058
91.5070495605
89.7753448486
86.4345550537
85.3380203247
81.6105575562
80.4446563721
81.2470550537
87.9891738892
89.4837722778
91.1032028198
89.5641860962
87.7914657593
84.7857131958
83.5423431396
86.4106903076
84.3302459717
81.2857818604
79.5056533813
76.5127563477
80.8890075684
79.7361221313
80.3184890747
78.5160598755
79.8267211914
82.2927017212
82.1559143066
82.7187423706
82.6819076538
85.2595214844
88.1217422485
83.6876373291
82.8676910400
80.4976043701
79.1979598999
82.9375534058
85.6408462524
85.2157440186
85.2925033569
87.4643630981
89.8279418945
89.2205886841
87.3599853516
90.3210754395
86.6987228394
86.2424774170
85.8783569336
87.9185562134
85.4871826172
85.7310638428
83.4190979004
81.8704681396
84.3766098022
84.9237289429
83.0815658569
86.4425811768
88.2947006226
86.6623687744
91.8060607910
91.5450592041
86.1820831299
82.4170455933
86.2250595093
84.9713439941
89.2276840210
92.3842468262
91.8755340576
82.7915344238
87.3484039307
83.7834320068
82.3855438232
84.0955429077
85.2819519043
85.3202896118
84.0121612549
88.7489929199
89.7748031616
87.9083251953
78.9110488892
80.0607299805
86.6626586914
86.2317962646
90.7116546631
87.3591003418
86.5528945923
82.0667572021
86.5215835571
89.0158691406
91.0728836060
88.3435821533
85.4962081909
81.9922561646
80.3000564575
82.8899612427
86.2415161133
87.8970565796
86.2838134766
87.8259963989
85.0000228882
86.7913208008
84.0124740601
82.5978088379
83.1126861572
83.9528350830
83.4953308105
83.7630081177
84.9186935425
82.4307708740
84.5546417236
87.4097900391
87.4123229980
85.5738143921
81.9162979126
83.1900024414
82.5382080078
81.4549484253
77.8368835449
80.5094146729
82.3326492310
78.4584732056
80.8123397827
83.7200164795
85.4982757568
81.5078201294
82.3817443848
82.7348480225
82.9565582275
86.5744247437
87.9862365723
91.7461776733
86.5402679443
82.6069717407
81.9842834473
78.1025543213
79.8023529053
79.6905593872
81.9943618774
78.9413299561
80.5989685059
80.4189605713
86.2251968384
85.4251174927
87.2879028320
84.5090026855
83.3421325684
80.0820312500
85.0506744385
87.1015243530
90.1821899414
87.1314392090
85.4728851318
85.6999740601
87.2629547119
84.7197113037
72.8771972656
79.9263076782
85.8132400513
87.5464630127
87.9607543945
87.4270095825
83.3136215210
83.8588562012
84.9146575928
85.9998016357
83.9669036865
83.7334518433
84.0745849609
87.5889511108
84.4622421265
84.9168930054
86.0190505981
85.9577407837
84.8296051025
83.3217620850
81.7412567139
81.7600555420
86.5133819580
88.3377609253
84.6022491455
83.4883270264
82.3237457275
86.2550506592
87.4301605225
86.4875183105
84.5323944092
85.9174499512
82.7403945923
83.7719268799
82.7359237671
84.2164306641
85.6419067383
81.0436782837
82.9287948608
83.6876373291
85.0707397461
83.5478210449
84.3066864014
83.4933776855
85.1290893555
86.7426147461
90.5123062134
88.7235336304
87.2603530884
86.8929748535
85.1694030762
81.3109588623
78.7204666138
80.7436218262
83.3750610352
88.1654205322
91.2274551392
91.4136734009
85.6392517090
81.0707321167
83.3280334473
80.6430206299
92.7638473511
93.2630233765
93.2404174805
94.3649673462
90.6299209595
84.9692001343
83.9052200317
78.8881988525
83.7579421997
86.1685333252
86.6278533936
85.9163208008
86.7079086304
87.0427322388
84.2782363892
82.3415908813
81.2564544678
77.1556472778
84.5967941284
86.1532058716
87.8377075195
86.2836685181
88.2915725708
84.5187835693
81.9215316772
79.6387557983
80.8975601196
78.5608367920
75.9430465698
81.5702209473
81.9344100952
85.9354400635
88.9232635498
89.4084014893
86.9956970215
86.5670852661
86.3360290527
85.9198760986
85.2649765015
81.9682617188
76.8917083740
76.3272399902
78.2447967529
79.5884017944
80.6680755615
79.3064804077
83.4959640503
84.5005416870
87.6398620605
83.5822296143
81.4876861572
79.3064346313
78.0712356567
80.5684814453
83.9079742432
86.9506988525
89.0246582031
88.8296508789
88.7800750732
86.6500091553
83.0731201172
78.5716629028
79.0588150024
79.8582458496
86.1958312988
85.4144439697
85.0835342407
81.3099975586
78.8874053955
80.1031265259
83.0032196045
85.0591812134
87.8598632812
88.6133728027
87.0666656494
84.7500534058
82.5612030029
83.4676971436
83.8059616089
84.9098815918
87.7119064331
87.6772613525
83.8127365112
84.4452667236
86.6338272095
90.7018890381
88.1908950806
88.1101379395
87.7153472900
86.4656677246
85.9444427490
85.4411315918
84.5811004639
83.7520141602
85.7046585083
88.7814178467
85.0928573608
83.1882705688
79.7756042480
82.0650939941
79.2880477905
81.4422149658
79.0027694702
78.5812149048
79.1139297485
80.4765319824
82.3557510376
83.9520187378
86.9005203247
88.0446395874
84.0992889404
82.1068572998
85.1846084595
84.7128753662
85.5220794678
80.7501831055
76.2784118652
77.5489501953
79.6771011353
79.7015914917
78.5651245117
79.7225875854
83.2724914551
84.7060241699
85.8799285889
85.4825210571
86.3088531494
85.2985229492
82.7176055908
82.2032165527
83.2513351440
83.3413009644
78.7657775879
78.2732620239
81.3020706177
86.9484329224
88.2047805786
86.8574218750
90.5786590576
88.5181579590
86.9962310791
84.2406158447
84.6975097656
81.0031356812
80.4391174316
81.0497283936
81.5046157837
82.5097427368
80.6740951538
86.2459716797
83.6836318970
79.6407165527
78.4342346191
75.0460815430
76.2598114014
73.5027084351
78.6376266479
80.3810577393
88.3680038452
89.6145553589
85.3604583740
82.7895507812
84.5068359375
84.6195144653
86.0415802002
81.4571380615
82.9215164185
84.1564331055
85.4344863892
86.4244155884
85.0445404053
83.8026123047
80.0412521362
81.9873428345
84.3234634399
85.4377593994
85.8338699341
83.7888259888
89.1846084595
83.1380615234
82.2012786865
80.4949874878
82.8614273071
76.3497619629
77.0866622925
81.5823593140
83.5990066528
83.1078796387
81.6805419922
82.2350082397
82.3539657593
80.7624816895
79.9656448364
76.2303314209
77.1419296265
80.5352706909
82.6731414795
85.7457733154
84.8257064819
82.4771270752
81.0355529785
77.9361724854
84.6105194092
84.7590332031
82.3199386597
80.6160049438
78.6127929688
82.1615447998
80.8501815796
82.1856613159
80.8436203003
83.8570709229
79.0134506226
79.1630554199
80.3577575684
84.6174468994
85.5531845093
82.0352630615
75.9324798584
80.7577590942
81.7999114990
85.7116088867
87.0566711426
88.4863815308
89.7909851074
86.9933929443
86.2777709961
88.7676315308
81.9005661011
79.8750839233
79.1784515381
82.2015151978
86.1060333252
84.1225280762
81.4550704956
77.1046524048
76.6442260742
75.6902999878
75.7668380737
76.6185836792
79.2111892700
80.0507583618
77.1446151733
77.5742340088
80.1635131836
83.3609237671
83.6785736084
81.7113647461
81.1334991455
79.5856933594
77.7218093872
82.5226516724
87.1651458740
85.8543548584
79.2825164795
78.0196075439
86.3249511719
78.8254623413
81.4520339966
82.3837509155
83.9892120361
83.5609207153
83.8390960693
84.1411895752
84.6502075195
81.9359512329
82.4173278809
80.9870986938
80.4011459351
83.4572143555
85.2952194214
86.5656204224
78.9069290161
77.0879058838
75.0439834595
74.6501464844
84.7902755737
82.7653350830
84.9839859009
81.8587570190
82.4248657227
83.3038635254
81.8640975952
84.1978378296
83.2869567871
84.6682434082
82.4153823853
83.4333953857
79.3817672729
77.1545944214
76.6569137573
81.4757919312
83.9483337402
85.7089385986
86.5971755981
87.1866760254
85.6143188477
81.4426574707
75.5205307007
72.5793609619
76.2024078369
80.9437637329
81.4466552734
79.0549011230
81.1699981689
80.3600463867
82.2608566284
81.7890014648
81.9752349854
80.6550750732
80.0011596680
87.9160614014
90.7367706299
84.8603973389
84.4529190063
80.4120712280
83.1715164185
83.2095108032
83.8562011719
81.8927078247
82.4988784790
82.3022232056
83.0566864014
81.1146316528
77.8816070557
78.6387100220
79.5984344482
77.1967315674
76.8195114136
78.6261367798
80.0833435059
82.7858200073
84.6059646606
83.4908142090
80.7371368408
79.1322937012
78.5592041016
77.7862854004
80.6350936890
74.9338836670
77.7576293945
75.5628662109
81.7028121948
81.5734939575
79.1959075928
76.8116531372
80.9734725952
82.9171981812
84.7716751099
84.2878952026
82.9632339478
83.4418106079
81.5392761230
86.2705764771
85.4573135376
87.3723220825
85.0863037109
86.2009735107
82.2493743896
80.7919387817
80.6524200439
75.7311553955
76.4123535156
78.3126525879
79.5426788330
79.0187072754
78.5528411865
81.3681716919
80.8672561646
80.9020004272
82.8486022949
83.7908935547
83.2187423706
81.5404205322
83.5108108521
81.2846450806
77.0138549805
78.5867919922
77.8974609375
79.9417724609
76.5326919556
78.7010803223
79.9540176392
80.9109954834
84.1352157593
87.6358947754
87.4728698730
87.4102401733
84.5993423462
85.6219940186
86.1015319824
86.6528167725
87.6261291504
77.4270324707
77.6708602905
75.7384948730
79.0825729370
79.1215972900
80.2106475830
76.3388442993
77.4339218140
78.1687622070
80.9995651245
82.2196502686
84.6766738892
86.8037033081
92.2143936157
88.0500030518
91.3953781128
89.3372192383
88.1687088013
84.0326156616
82.8393020630
84.3296890259
81.3499679565
80.3873519897
80.5061874390
80.0776824951
82.0694122314
82.9878311157
81.3651885986
84.1435928345
86.3644866943
84.0306320190
80.9564819336
85.0703964233
83.1193542480
85.0908889771
79.2865295410
81.4948883057
84.6429061890
86.0267257690
86.4986648560
81.9769210815
82.7041702271
82.3422317505
81.1973114014
81.6181488037
80.7851791382
78.6783752441
80.1830368042
78.8879699707
79.0557556152
86.1118927002
88.0818710327
87.6197814941
85.1683807373
83.9775161743
82.4107131958
84.7510299683
82.5319976807
82.1890945435
81.1843872070
83.1414566040
82.2315368652
85.5081100464
87.3533630371
85.7763290405
82.8530654907
81.3747253418
78.8980255127
81.8421478271
86.7870025635
84.8015060425
82.0501556396
83.5175628662
85.1994323730
84.8488922119
89.8475341797
94.6850891113
95.2992172241
88.8491439819
94.4952087402
92.9037933350
85.5500946045
83.6120681763
85.1993408203
86.7499389648
89.1237487793
87.3044738770
83.9315185547
85.3386001587
82.6715850830
92.0682525635
90.4684143066
91.3498001099
92.7590408325
91.8591690063
98.8700485229
93.5679473877
90.4839630127
88.3711471558
90.5429458618
90.3091888428
94.9719848633
93.3914718628
93.0897216797
87.9620819092
85.3859634399
84.8124389648
85.9061584473
84.2984313965
81.0601882935
80.2131805420
78.8389434814
79.4799194336
82.0379333496
80.2156677246
82.7824935913
83.6589736938
81.7906188965
78.9523620605
80.4970397949
82.2246322632
85.2535858154
85.8464508057
81.6335449219
76.0088882446
74.2340316772
74.8932342529
79.4949340820
80.3695983887
84.8105545044
87.1843795776
85.8741531372
86.6056976318
83.8784713745
83.3986892700
79.4283676147
75.3649291992
76.7933731079
83.7047729492
86.2873382568
85.7931213379
81.8111419678
81.7747650146
79.4062118530
79.3022918701
80.0892257690
82.5949783325
81.9776687622
81.2909469604
81.1132354736
81.4180908203
78.9390792847
78.7853775024
76.7378692627
79.9731979370
81.4701461792
85.9739456177
85.5668640137
79.1198348999
77.3136367798
77.2912445068
75.6493988037
78.6035842896
80.0293273926
76.4752044678
84.6787338257
78.3702392578
84.4076614380
89.0343933105
83.6873703003
82.8729705811
87.5274200439
80.0718688965
78.1196899414
79.6312866211
83.0589141846
84.1412200928
82.8853912354
79.7187423706
82.7719573975
88.1403427124
90.8137054443
93.3249740601
90.0772323608
91.0974121094
85.9409561157
86.7234497070
86.0235748291
87.1136169434
89.4103927612
85.5985794067
81.1926345825
80.8832778931
80.7729339600
80.5551757812
76.2281799316
87.0257797241
98.1926193237
96.2860260010
95.5066680908
95.2952880859
89.8021240234
93.3080520630
88.9077911377
94.9092864990
90.6505203247
88.9516448975
84.2713928223
81.7074584961
81.4194488525
80.7633743286
74.7390899658
70.9135437012
70.9877471924
79.2799148560
80.8996047974
81.0139236450
82.8713836670
73.9514694214
79.1833953857
82.3480834961
83.7266998291
84.5062103271
86.8850555420
89.2147369385
87.9250488281
84.9908752441
82.8149871826
82.7154846191
81.0108947754
80.6909942627
80.7509841919
80.5827636719
82.1674652100
80.5748672485
80.8738403320
79.3553543091
80.2976608276
80.9740829468
79.0344848633
83.7496261597
81.0740203857
83.8845901489
83.6795806885
85.2467803955
83.7721939087
80.3483581543
77.2259826660
78.4119644165
75.6320648193
78.2698364258
79.3757629395
79.6850738525
80.3784713745
80.0186157227
80.2220153809
79.4631652832
80.6724548340
80.1712265015
84.1860656738
81.5940399170
82.3251953125
77.3755187988
75.7558746338
74.7828521729
73.4743499756
76.5337753296
77.0110168457
81.9240722656
81.1953048706
78.8929901123
78.9659729004
77.5907897949
76.4564437866
79.5823364258
76.0720596313
74.5022048950
70.0959625244
71.4084930420
71.8078918457
76.2399749756
80.2352752686
86.5061340332
85.2099533081
84.9285583496
81.3125534058
81.3488616943
81.8463592529
81.9422607422
79.5354919434
80.2457351685
79.4800872803
80.1996459961
79.5676116943
81.4750747681
80.5358505249
75.3303833008
76.5605545044
77.0986938477
79.0555419922
80.0294265747
80.7023925781
83.4629364014
84.7979736328
86.8414154053
85.4514389038
83.0821685791
78.6206588745
73.5565795898
79.3280792236
83.8584213257
81.3272552490
79.1215209961
78.0194396973
82.5464172363
87.0137863159
90.9587097168
89.3447113037
85.9591827393
80.8984375000
79.6970825195
78.2368392944
80.7553787231
80.5149841309
77.5893783569
82.5612106323
82.3309173584
80.5179138184
82.6358947754
81.4591217041
84.8049087524
82.5371704102
84.1081848145
83.7503967285
79.2077026367
79.6349182129
80.0286254883
80.2344894409
89.4838180542
92.4646148682
88.5156326294
85.0443038940
84.6863632202
82.9666595459
82.9697036743
80.2703628540
82.3720321655
82.6422195435
82.2981719971
80.8088912964
81.8801803589
81.6939697266
81.8125534058
79.2954559326
80.3267822266
83.0719909668
84.0352325439
81.1877517700
79.2968215942
78.1804656982
77.5347595215
79.8683547974
81.5442504883
80.8616714478
75.7424316406
78.2753067017
77.7911911011
79.8947448730
84.4285202026
91.3489990234
87.2904129028
81.8015975952
81.8012771606
80.6234893799
81.3683853149
82.4782867432
85.8365325928
85.3607177734
89.6705322266
99.7793655396
96.2025299072
96.6699218750
89.9806976318
90.2494659424
89.3721542358
85.7644882202
85.4398040771
85.1660842896
88.8346328735
88.7966461182
84.5223083496
81.5410995483
81.6704711914
78.5632553101
81.2280197144
82.3793106079
85.2449645996
80.7668762207
81.1477508545
82.7374801636
80.5220489502
79.8270797729
85.3141403198
88.9698944092
88.5058517456
84.8255310059
80.7624511719
83.7013549805
81.2038421631
84.1553268433
86.7721862793
88.5694122314
84.7737121582
84.0002212524
83.8021697998
87.6442794800
84.0014801025
82.8131637573
79.3068618774
79.5986328125
81.3330230713
81.0340499878
81.5722198486
80.7620925903
80.6519622803
77.6109848022
79.5549850464
80.0121536255
83.1023788452
84.7846374512
84.9208755493
88.4109802246
90.1809539795
87.5561676025
84.4571838379
83.0205917358
83.8102111816
78.9875259399
82.5733718872
82.6727294922
84.9246444702
88.5714111328
92.6631774902
92.7898712158
94.3605804443
91.5747528076
93.2311248779
90.5934143066
86.0268554688
84.8680496216
86.1850280762
83.3811111450
89.2370529175
91.7060089111
88.6527328491
87.0205764771
85.9450225830
85.7717056274
84.2790527344
85.1766052246
88.8830261230
87.1710739136
89.3426971436
86.7144393921
85.4387054443
86.5745697021
85.1050567627
83.8163833618
82.6796035767
82.4063034058
82.1471557617
78.5803833008
76.2663497925
80.5972442627
81.1832885742
84.9758758545
84.7136383057
82.6022338867
83.9424514771
82.5689010620
84.6612548828
86.8140258789
90.5558471680
87.8286895752
84.9118728638
83.0307922363
85.2364883423
80.8715133667
82.6757583618
79.5522766113
81.3078308105
82.6918716431
85.9938125610
82.6019439697
82.5795593262
78.3968582153
80.2344665527
79.1182861328
86.8923492432
79.1368560791
78.3357925415
83.4991836548
89.3884353638
95.1513137817
94.7028503418
90.0012283325
89.9421310425
86.6519775391
83.1577606201
81.9400329590
84.2294769287
87.3924789429
80.7067489624
81.1372146606
77.2788543701
78.3522262573
78.2160949707
81.0579910278
80.3740081787
82.2733535767
83.3017883301
84.0587158203
83.9566421509
83.7085342407
87.2326965332
82.1881790161
78.7592926025
75.4524841309
81.5883102417
81.7774353027
80.9077606201
92.1439056396
99.0556030273
96.5280609131
92.5393447876
90.5717773438
90.5388183594
84.6961288452
83.6095352173
81.7882232666
87.8675003052
89.1331939697
85.9015655518
88.0921859741
85.3974227905
86.6217346191
92.1604309082
97.6405944824
98.0451354980
90.4348297119
86.7785568237
88.7402725220
91.1754302979
89.0449600220
91.0125656128
91.1878662109
95.3744888306
94.6025543213
90.5439910889
86.5258178711
80.2155914307
79.9140472412
78.6324005127
81.4388122559
85.7481384277
86.9518203735
90.2660064697
89.1575775146
91.3358917236
93.3137359619
90.1676177979
87.6982727051
86.4990386963
83.8135757446
86.8153839111
84.8538131714
86.6968917847
86.4917373657
87.9764251709
78.5913772583
78.2236328125
77.9311141968
85.5389251709
89.5412292480
91.2258682251
90.4191589355
82.4071350098
84.2028961182
80.1770401001
83.5589294434
90.0083389282
84.4174423218
87.0175476074
89.7068099976
86.6978607178
83.4692306519
82.4199905396
83.8450012207
85.0473022461
82.8849716187
79.9535217285
85.2108306885
81.2218780518
79.5490264893
79.0638885498
64.5964508057
74.7939834595
74.9678497314
75.3197479248
75.5172424316
77.8264617920
78.0183486938
75.6359100342
78.1276397705
77.9051132202
82.8232955933
86.0019531250
92.6702346802
97.2374572754
99.5081405640
100.7323532104
103.2140731812
103.2658691406
104.9177780151
95.3720626831
87.4334564209
81.1996994019
80.9273681641
84.4437332153
88.3150558472
88.7024002075
85.8136978149
86.7234725952
91.3308105469
91.4030761719
85.9312438965
83.9459762573
83.1570739746
78.8000335693
79.0672912598
79.2027587891
74.5027999878
72.1058197021
85.0806274414
87.9552841187
82.5164031982
88.0348510742
83.3497390747
85.0291595459
82.3604278564
82.7500762939
81.1186447144
82.4590911865
82.8550186157
83.6187438965
84.3956680298
87.3675842285
90.5531005859
87.4502105713
87.1140747070
87.1175079346
83.2141647339
84.4838485718
81.1925125122
81.5007247925
78.6633453369
80.6489486694
80.8524169922
80.0596694946
80.5754623413
78.3558349609
75.2664871216
76.5046005249
81.7626037598
81.6954116821
83.3735809326
85.8551712036
87.9210662842
85.2033920288
88.5698242188
85.4953918457
81.6618652344
81.5987472534
82.0948333740
80.8472061157
81.0613479614
79.2722396851
82.1488800049
83.0704574585
83.0685806274
82.6008148193
79.2947082520
83.6533813477
83.7109909058
76.3593368530
80.8447265625
82.8171691895
87.4810409546
84.6880645752
86.2980804443
87.3635330200
88.0603637695
86.6112747192
85.0819015503
85.2885665894
81.8322601318
87.3433303833
94.2338104248
91.4934539795
87.9457550049
82.5351409912
82.2374114990
84.1973342896
86.2825469971
85.2233810425
84.2696914673
82.8288879395
82.4579696655
75.9245529175
69.6860885620
71.9973449707
76.2929611206
80.6558151245
81.2654953003
78.4118499756
78.2454376221
72.8024826050
72.1903457642
76.3973083496
70.9578628540
70.5369567871
72.8915863037
77.6409759521
78.3795623779
75.7902832031
76.2018432617
79.5463104248
81.2346954346
84.2068099976
81.5883865356
83.4201507568
80.9732437134
85.1301269531
85.8150329590
91.5293655396
86.2186889648
86.6394348145
89.0595016479
89.5832672119
86.8808593750
79.9141540527
74.2057647705
75.6298522949
76.9202575684
78.9021377563
75.6822357178
75.7424392700
69.3699111938
69.9195175171
68.0060424805
72.6279144287
73.5946807861
78.0324554443
77.1449584961
73.6827621460
65.9491806030
66.3962860107
65.4766998291
64.6365509033
65.1603469849
66.3439178467
68.0495834351
73.3110351562
73.8207778931
76.4335174561
78.9218444824
79.1601409912
77.7679672241
76.8740615845
81.6149597168
79.7770462036
77.6166687012
74.8074722290
71.7543182373
70.1871566772
68.8526382446
71.6792755127
75.2179489136
79.4404067993
77.9065322876
75.1677474976
69.0533370972
73.7010726929
67.2475433350
64.9637756348
67.6006774902
72.3474121094
72.4027404785
69.5668182373
66.0443038940
68.3942108154
71.5078582764
71.9570007324
71.6459197998
67.0583343506
66.3466186523
64.0993881226
66.4076614380
73.0363464355
74.5149993896
77.0859375000
76.4970626831
75.3488006592
75.6082077026
74.1945419312
77.4608459473
81.9791259766
79.4071807861
75.9739608765
74.9340286255
73.3861160278
73.8869857788
71.0744705200
71.2942657471
77.0925598145
78.5168914795
73.9169464111
68.6553497314
75.7674026489
81.0695800781
78.4794769287
77.5098190308
74.3258438110
75.2409820557
80.0576019287
80.5874023438
80.5143966675
75.8270645142
74.5306243896
69.8517608643
66.9795989990
61.8143196106
62.1283645630
60.2944831848
65.8513336182
72.8198089600
74.5722656250
76.2066497803
74.2141723633
76.0571975708
74.3343124390
71.2655563354
69.5623550415
67.5890426636
64.1884841919
65.6809082031
66.9831314087
68.0497970581
69.0511322021
68.6889801025
67.4616165161
68.4822006226
66.6415786743
66.9863433838
64.1031646729
63.8102645874
70.0995483398
70.2057723999
77.7416229248
78.3535079956
76.8715972900
77.4445877075
74.1133041382
75.0036697388
74.8774719238
72.4434738159
71.0715332031
70.8649826050
75.6580276489
77.1419372559
78.2112808228
74.4786453247
71.6886672974
72.5132446289
70.9076766968
69.6648483276
71.9295654297
73.2039108276
76.2858963013
77.1431045532
77.1154174805
71.6551208496
69.7545700073
72.3912048340
73.6205596924
73.1336441040
74.4763870239
70.9380798340
71.6569290161
74.3758392334
75.3917160034
73.4882583618
70.3842086792
71.1724166870
68.2280273438
66.6911239624
67.3404235840
72.6407318115
75.3786621094
74.3246078491
67.0813827515
65.4617919922
67.7784881592
78.8104019165
82.3642425537
79.4789810181
71.8006286621
73.5486068726
74.4239654541
78.8222579956
84.8582611084
85.2443084717
82.1846160889
78.0766067505
75.9009628296
76.2465820312
84.5585479736
88.3673095703
87.9914398193
89.9308624268
84.9360580444
82.8541183472
84.9914550781
84.4848785400
83.1381378174
79.6827316284
80.7923507690
77.4947357178
81.0388565063
77.7474365234
79.5847244263
78.2130584717
80.1635818481
77.5906524658
83.6130294800
85.6078033447
91.9320983887
89.3598251343
92.5904388428
90.0811233521
85.8132476807
86.8166961670
82.1362915039
82.8642654419
82.5758056641
85.8485031128
87.6489028931
90.6012878418
82.8821105957
86.8358764648
89.6942901611
91.0183334351
95.0266418457
94.9480438232
89.5136947632
84.6686706543
89.7125930786
86.0591964722
85.2145462036
80.9069137573
82.5607070923
82.7297058105
83.4584274292
86.4272232056
86.8759307861
88.7162170410
88.9659652710
86.2143707275
87.9639358521
91.4394226074
88.5608978271
86.3407592773
80.9599151611
78.6968841553
79.5509872437
81.0187149048
86.5609207153
91.6946563721
91.7889709473
88.4414672852
86.9136276245
88.3993453979
89.6471786499
86.2514953613
83.4192733765
76.7961273193
74.9792861938
76.6106719971
74.8721313477
74.1392135620
75.8917465210
81.2967987061
82.3480834961
79.8720321655
79.9204406738
77.5534820557
79.8397064209
76.3017807007
76.2760925293
74.6329498291
73.4569015503
71.6558380127
73.1368942261
79.3699188232
83.3405838013
83.5310897827
75.4158782959
72.9325485229
74.7524948120
77.9499206543
74.8842315674
72.8310317993
69.1946105957
73.8683166504
63.3783111572
60.4947128296
78.6117019653
75.6587753296
77.9434509277
80.1270751953
79.6887359619
83.0003051758
73.1976623535
70.2630996704
69.5125503540
70.7529525757
78.3173522949
78.9983367920
79.2136383057
81.9926223755
89.0119018555
90.5725555420
86.3892974854
88.5490798950
85.0665054321
88.2557830811
87.0290069580
88.0895309448
91.8787994385
96.0109481812
93.0331726074
90.6675720215
89.2731628418
95.1343154907
93.3328552246
92.2822952271
91.2964935303
90.3945312500
89.3419952393
83.9162445068
82.6371383667
81.0750427246
80.1444320679
82.2657165527
82.8107604980
87.0064392090
86.1005401611
86.3403778076
87.7804183960
87.8881835938
82.9921569824
80.5511779785
83.5415039062
85.6837234497
86.9268188477
87.1013107300
88.1158218384
88.3719406128
86.6845550537
90.9048538208
89.2177276611
87.1182708740
84.8490295410
85.2887649536
86.6710586548
86.0759963989
91.4326782227
88.2111358643
90.3828887939
91.4966430664
101.2536087036
130.8091735840
135.0262145996
136.0070495605
133.9648742676
129.6329040527
127.6919174194
130.5012207031
135.9545593262
133.4413452148
126.8170242310
123.7011642456
118.1022262573
119.5810623169
112.3003616333
116.4042282104
120.7461166382
122.5030899048
125.3821334839
128.8557128906
129.4084167480
135.3003234863
131.8212585449
128.9098510742
128.6488342285
128.7781066895
127.1740188599
131.3277587891
130.5285339355
133.8444213867
130.3900756836
120.7393722534
118.9387893677
118.2505416870
126.9551773071
135.0503540039
131.7881469727
128.1597290039
121.5472183228
126.7407608032
127.0891189575
125.4306106567
121.3539352417
120.5336685181
115.7691268921
119.6993179321
116.0644912720
116.7218856812
118.6774673462
132.4840698242
140.3175354004
139.0097656250
131.0280761719
115.4096298218
115.6274185181
117.2877273560
133.8931579590
139.8150634766
142.1470336914
132.2336730957
126.3917617798
127.4922103882
132.1158752441
128.5317077637
132.8582763672
130.5764160156
126.8557815552
131.6045227051
133.9571228027
139.4680175781
138.8046569824
132.6661071777
128.2677307129
127.7014389038
127.6210403442
128.1036376953
131.3822937012
131.5596008301
127.4885482788
137.3612060547
136.1091003418
136.0857238770
131.9551696777
126.5525894165
118.5422439575
118.7026748657
113.0806045532
111.2045059204
104.8816299438
113.6015701294
117.7448806763
124.4151077271
125.9667129517
124.7513504028
125.1418533325
120.7437820435
118.6232986450
117.1238174438
121.4610977173
125.8979721069
126.4617691040
125.6792984009
128.3325500488
134.9247131348
131.9240417480
126.0260391235
126.8167190552
125.4093551636
129.2303466797
128.2646484375
126.8532791138
129.3640136719
124.3378067017
123.1805343628
124.3813858032
127.1864242554
129.0613708496
130.5314636230
134.5782165527
122.9749526978
122.1641769409
119.0570755005
123.1746902466
122.1561050415
127.3573379517
132.0408935547
133.4653320312
128.5294494629
126.0904312134
121.0632095337
118.6689987183
122.2141494751
123.0501480103
124.8806076050
121.3182296753
118.8293685913
123.3035202026
130.4088745117
127.4299850464
121.3090133667
120.3142166138
120.0067214966
124.2041549683
123.3126907349
125.8596878052
123.3012008667
123.4415664673
124.2212905884
132.1025695801
131.1047973633
135.2479553223
126.1637344360
128.8814697266
133.3945007324
131.1576232910
122.6805801392
114.5516128540
121.5846176147
116.2986221313
117.4548873901
117.6089401245
119.5145950317
129.7482910156
134.3417663574
125.9048233032
121.4942398071
117.1544265747
117.3064498901
121.7796554565
120.1004867554
125.8722915649
131.4076232910
131.7097167969
127.9179153442
121.7485427856
122.9827346802
121.9815139771
121.5376663208
110.4464187622
106.9186172485
113.0314712524
119.1004104614
118.1049880981
117.3184280396
118.2089920044
118.1884536743
126.9765701294
122.8591995239
110.6545486450
108.5610733032
109.2181777954
117.9047012329
119.7713088989
121.9195938110
116.6594619751
115.0290908813
119.4812393188
124.1002273560
123.7044754028
130.5281982422
136.6080322266
138.1484985352
126.1399002075
122.3428726196
122.7675857544
122.4635391235
122.5565567017
119.3293533325
115.7801895142
124.4875564575
126.4630813599
122.9502029419
119.2112503052
119.4950332642
123.4678726196
123.3765640259
123.6466140747
122.8832473755
128.2156982422
121.4569168091
123.6072158813
109.7904129028
111.5789566040
114.3017959595
111.9458389282
119.7662734985
120.1380081177
126.3902359009
126.3273086548
123.7642593384
119.5805435181
119.0050125122
111.4093399048
109.5240554810
107.5050735474
111.3275527954
120.7109146118
125.6266555786
126.7371597290
126.9042739868
119.8649978638
115.0231094360
121.1954116821
125.1780166626
126.0676345825
117.2510757446
122.1992263794
122.7221755981
122.2428054810
120.3141555786
116.1843643188
118.7958755493
119.7400588989
129.0022888184
135.5043640137
138.0637817383
127.7300491333
121.1432571411
119.2603530884
118.5711135864
118.9086380005
120.7381973267
118.1029129028
123.9633865356
118.7117996216
118.5781936646
124.2762374878
126.3653640747
124.3153457642
119.6565017700
118.0439987183
117.3191604614
116.5856094360
121.1647720337
128.1973571777
132.8946228027
136.6287231445
130.9401855469
123.7638473511
119.8280715942
118.8699417114
119.2930679321
115.3261337280
113.7845687866
113.0038833618
110.0829544067
116.0958175659
121.5256271362
124.1426010132
124.1514968872
126.5625228882
129.3820190430
122.2539138794
117.6908645630
120.5481643677
124.1875686646
124.4328536987
126.5954360962
129.4164123535
126.5575942993
129.1322326660
137.6009216309
138.2840270996
129.7729797363
125.2103347778
126.4387435913
132.3230590820
128.7992248535
128.2562255859
134.2507934570
133.8995361328
135.0419921875
128.1756896973
134.4083862305
137.0321350098
134.3174133301
134.7463378906
127.8584365845
131.0943908691
125.5910873413
130.1289062500
126.7304611206
123.7429122925
122.7917404175
121.3271255493
125.1083297729
121.5167007446
124.5914535522
123.8438796997
132.3276367188
131.0528869629
125.8259658813
130.6076965332
120.9837722778
118.6616744995
115.2730178833
122.0217666626
126.9471511841
130.5491027832
128.9292907715
134.2489624023
134.9182434082
132.9711914062
124.3772048950
120.2504653931
114.4558486938
121.0466537476
119.4070968628
119.7818679810
121.3394241333
113.8666152954
125.1574783325
124.2868728638
126.7353286743
116.7088699341
117.6573867798
121.0911788940
124.9456710815
127.9939651489
132.4677734375
131.3098449707
132.4348144531
129.0361938477
125.0954971313
120.6294937134
116.5821914673
112.8973159790
119.4932632446
121.8804092407
120.3568496704
122.4672927856
127.1275558472
131.3099060059
129.7135314941
130.3322448730
130.9328002930
132.1800537109
132.0749511719
133.1047668457
126.0665969849
126.3943099976
130.0572204590
125.6084671021
124.9847793579
127.7048110962
129.6268005371
129.3456115723
125.0090103149
125.3471450806
127.0547561646
126.5138626099
127.6688613892
123.0554275513
117.9130325317
119.9857864380
120.2378616333
120.1307754517
125.4864425659
126.6823806763
121.9878921509
118.9542312622
125.8173904419
126.2184829712
126.7183914185
121.5706558228
126.1244583130
130.1799316406
131.6427001953
131.9238586426
137.2860107422
131.6528015137
136.0768127441
133.0601501465
128.3826599121
121.1703872681
123.7974319458
113.2441787720
110.8989944458
115.6605911255
121.7741775513
121.7254714966
124.0208206177
115.7737197876
112.8133926392
112.4723587036
111.0848159790
120.5396499634
117.1024856567
121.3306655884
125.0458145142
119.7076797485
125.6771011353
119.4372024536
129.0776977539
129.7983398438
122.7345504761
121.2744522095
116.5729751587
122.0720291138
117.5741348267
119.4362258911
116.4732742310
110.0676040649
106.5233230591
112.0525894165
115.8524551392
118.6820755005
114.0193862915
114.4473037720
113.1161575317
118.7014694214
122.8560256958
127.7269821167
131.9407653809
130.0658569336
123.3841018677
125.9341812134
128.2449340820
124.2958145142
123.2378616333
113.8237075806
116.5570144653
116.4303054810
116.7840042114
110.4245681763
109.4367141724
108.5569229126
120.6936111450
120.3393325806
121.5499649048
115.1699905396
120.5191421509
119.6080703735
119.7718887329
119.2220840454
119.6268692017
117.7255325317
113.7570266724
110.9426651001
114.8808364868
115.9343032837
117.6255569458
120.9681777954
123.0015945435
123.0078506470
108.5813369751
116.6758804321
113.3238906860
114.6600112915
108.8457717896
117.0289382935
117.2006607056
116.0470352173
115.8533706665
114.3157730103
116.5418777466
121.7394485474
118.8331375122
114.7864761353
117.6279067993
114.6620254517
124.2962722778
131.0289916992
140.3240661621
141.6282653809
104.5605850220
115.1657180786
109.6974563599
108.4000015259
105.3200149536
105.6375503540
110.5748977661
111.3628616333
112.5108718872
109.9928054810
112.9675979614
111.8559036255
103.6809768677
104.9093093872
106.0643997192
107.9136428833
107.1565628052
108.3772354126
99.0280838013
101.5569534302
104.0801162720
102.8440322876
99.4730911255
99.1196670532
100.9208450317
106.4530105591
109.0763320923
103.7351455688
103.3874282837
106.3003005981
108.3526687622
104.9729385376
102.9232559204
102.8324661255
102.6319351196
107.5470657349
108.6863174438
107.8369827271
104.0940017700
98.4418716431
97.6611709595
94.1019058228
90.8013687134
90.4635086060
93.2786941528
98.2267532349
97.0614700317
96.5640029907
92.9153823853
91.2815017700
86.9965591431
87.2545852661
87.2759475708
92.3821792603
91.3631057739
94.1644058228
92.1645278931
84.5120620728
86.4014968872
88.5782852173
91.6509475708
94.6873855591
93.4178848267
93.7823257446
94.5806350708
94.2318801880
94.3520584106
95.6228103638
96.7072830200
99.3211135864
97.4265518188
97.5235671997
90.7954483032
91.3970413208
93.4699783325
92.4460830688
94.6072463989
90.0801467896
96.9925613403
98.0495986938
96.3280410767
95.1855850220
91.1219863892
90.7499160767
93.7077865601
94.3109054565
90.4271163940
88.2324295044
88.5889816284
90.0716476440
88.9631271362
87.9853897095
90.2852859497
91.7406082153
89.9486007690
93.2754592896
94.4089889526
96.3777694702
92.2606124878
90.9703903198
89.6940689087
86.1078872681
87.1369705200
81.0076217651
85.4753341675
87.1728439331
91.8609542847
92.4315567017
93.3705978394
90.0719375610
91.0562057495
88.9829635620
88.9400711060
90.6319503784
90.4988937378
88.9276046753
86.4680557251
84.7239151001
88.2651596069
90.7276535034
91.2113265991
91.0548782349
92.5654678345
91.5813980103
89.1902084351
88.1935501099
85.9561233521
87.2052688599
88.2093887329
87.5726547241
91.2444381714
88.2131271362
89.6451644897
92.4265060425
95.5214309692
93.8165359497
90.5446243286
85.6737899780
87.1841964722
85.3463516235
86.0133590698
88.4465103149
83.4401321411
88.7268142700
94.8980484009
74.3571166992
73.7925720215
77.1100921631
75.7484817505
76.5906677246
78.1994628906
75.7923660278
74.1363220215
70.8448638916
70.6762847900
71.0105056763
73.4010162354
73.2578125000
73.8639984131
74.7750625610
73.9132919312
78.2603302002
81.0279769897
80.9584274292
77.4915390015
77.8977355957
78.0948181152
81.3637695312
77.3759536743
77.8252944946
72.6095733643
78.0302810669
77.4673461914
76.2903442383
74.2277145386
76.0147552490
80.5186462402
77.3882217407
77.7434921265
75.8286209106
75.4306793213
74.3452758789
74.5249328613
78.1125793457
74.7676849365
73.7184600830
72.0120086670
77.2975616455
77.2047729492
80.1459274292
76.4323883057
81.1413574219
82.7990264893
82.0630493164
79.6371536255
81.8108520508
81.0359191895
81.5125122070
80.4719543457
82.0473022461
77.0153656006
80.1592178345
82.1027069092
78.6064910889
76.5287322998
75.0263671875
79.6474609375
80.7745819092
79.9036102295
77.6357879639
76.6951293945
74.6119461060
73.8052368164
73.2747497559
74.8385314941
76.4224777222
75.5411758423
76.8426513672
78.4825210571
77.5614547729
77.0266113281
78.2474288940
84.7221450806
86.5991668701
84.5829925537
80.7795486450
74.6715469360
74.5696868896
70.7954101562
71.1746673584
72.3133087158
72.9230270386
70.0331039429
69.5273590088
70.7183837891
71.0676651001
71.1854553223
73.1726455688
73.8969650269
74.3043289185
72.1593475342
69.1431655884
69.4959564209
78.0812835693
81.7887268066
85.2146682739
80.5391921997
77.3173675537
72.4894714355
72.4193496704
73.3511505127
74.3468093872
75.3991394043
77.1460113525
76.5589294434
75.7625350952
74.0439910889
73.2946319580
78.0174713135
73.1568603516
78.6898651123
80.5787277222
80.4571533203
74.6225204468
75.0967330933
71.9898529053
72.9733428955
76.1320495605
79.6562194824
82.1502838135
84.4049301147
80.1488800049
80.7656707764
77.7808685303
76.8330230713
77.0872497559
74.3702621460
75.4670791626
72.2183837891
74.5836257935
77.7984924316
74.6258087158
71.9619445801
70.7773666382
74.1670837402
78.7186737061
78.6120605469
78.6459350586
76.1892929077
73.9280624390
76.6997680664
77.7080917358
78.3666305542
74.9916687012
74.0920639038
73.7050781250
71.6657562256
73.3173522949
74.2097167969
78.8250579834
79.6275253296
77.1515045166
75.8230743408
72.5297317505
74.1083068848
76.6981964111
81.8107986450
80.5251922607
81.8244476318
77.1190795898
74.6632843018
76.4020690918
73.7178344727
74.6449432373
74.5563659668
78.1500473022
71.4911193848
73.0655288696
71.2536163330
77.1453399658
72.0422058105
70.2199401855
74.6707077026
74.3237915039
73.4897232056
74.0162963867
70.3201446533
75.5339355469
74.9800338745
76.7150268555
72.8175964355
74.7766571045
74.5170288086
76.5270690918
78.0515670776
76.7754592896
75.6272277832
68.8720932007
72.3195266724
71.9110412598
74.6162033081
73.1482925415
74.0325698853
79.1944122314
77.8545303345
76.0673599243
73.9494323730
76.7937240601
73.5419998169
71.6319580078
70.4981079102
71.1268005371
73.8444671631
72.6697158813
71.2968444824
73.0788879395
72.7353363037
72.9772415161
72.9487609863
72.8981475830
75.6396636963
70.9349441528
78.0075073242
78.2757339478
82.1923980713
80.8221893311
77.9409713745
76.4650344849
76.0573730469
79.3411788940
83.4673461914
88.1005325317
88.0410919189
86.7308349609
73.3047790527
73.6070938110
83.7550735474
75.6593399048
76.9657592773
78.0920257568
76.6608123779
73.2575149536
74.2211685181
76.6287918091
76.9808425903
72.5929183960
76.0137481689
78.8651885986
77.3867645264
79.2496871948
73.9548873901
76.8093872070
82.4971008301
82.9321594238
81.2231292725
73.7912597656
73.7797393799
72.8401412964
73.7218170166
75.7531661987
74.7916107178
72.3992767334
76.5799255371
77.5450515747
72.6014633179
69.7854461670
70.2133941650
71.7423629761
73.5075988770
74.8778533936
74.9542694092
75.5258331299
77.8120269775
77.9380035400
80.7753524780
81.9749603271
82.0538253784
85.7466888428
86.0220413208
82.9118576050
83.5212020874
79.6933822632
77.4319000244
77.2450790405
77.6775131226
75.6038208008
73.4031143188
74.6466217041
75.3858795166
80.5368041992
79.6248855591
79.6973419189
72.5849304199
73.3347549438
70.9461364746
68.5397491455
72.0796508789
72.8791275024
73.6861419678
76.3294601440
79.2619171143
80.3766632080
81.3199234009
81.4432678223
78.2531356812
76.9190216064
72.9119567871
72.9169692993
69.1360931396
71.5731201172
72.7913513184
78.3635025024
81.7109527588
82.9233932495
83.6669921875
77.5171051025
77.6847000122
67.3844757080
71.9740982056
75.0076293945
75.8961791992
77.4941177368
78.7975158691
77.7191925049
74.7429656982
70.6733932495
71.9884490967
72.1461639404
76.5064773560
82.2010498047
82.2521743774
78.3058013916
77.8565979004
76.7646026611
76.6386489868
75.6510925293
75.8720016479
71.5250396729
72.1700439453
72.2957534790
73.2696380615
75.9777603149
74.4900131226
76.5983276367
73.5386505127
73.2349014282
73.3059997559
69.7776489258
72.6276550293
74.9922790527
71.9976730347
73.2998199463
73.7465515137
72.7288665771
75.7355041504
76.6993331909
75.2958145142
70.4044799805
71.0654830933
69.7339782715
68.1179656982
67.9322814941
66.3509292603
67.7158966064
69.9961090088
71.1511764526
72.2660751343
73.1826629639
66.1450042725
69.3406372070
71.9661407471
77.0267562866
77.8340759277
80.8334045410
76.0337066650
71.8973541260
70.9132080078
70.0650177002
73.8609542847
74.7422485352
74.6442718506
72.2763671875
72.4707183838
74.3963165283
79.1511535645
74.8954925537
80.4274063110
78.2011795044
78.6913604736
81.3042602539
85.9147338867
84.9979553223
85.0719909668
85.4304122925
79.5846939087
80.7753067017
81.5743255615
80.9838714600
84.8857727051
88.4932708740
85.6329803467
84.1094894409
82.1146774292
90.9461517334
90.0252685547
89.8640213013
90.3145217896
91.8154144287
94.0072708130
89.9569396973
90.1153259277
88.7194137573
87.1419067383
85.8328475952
88.2793655396
87.9225921631
86.2394714355
84.1566085815
83.3758392334
91.5659790039
91.8994445801
90.5537643433
92.2773742676
91.6150817871
88.3964462280
88.3946838379
84.4996566772
85.5687561035
80.9222183228
80.9142074585
80.4974746704
81.7414398193
80.6391677856
83.2895202637
83.9662857056
86.5133056641
82.0929565430
80.7670745850
80.6515274048
82.7045059204
84.7233581543
89.9221191406
92.6847839355
89.4953308105
87.0247497559
83.7444305420
80.5183563232
78.5339508057
81.9437408447
80.1836395264
82.3608856201
81.9538269043
82.1595916748
77.7788848877
78.7346038818
80.9722824097
82.3600006104
73.8432159424
72.4678649902
73.9602355957
77.6951141357
78.2759780884
80.8260498047
73.4830474854
81.4815139771
74.3448104858
80.2961807251
85.9741058350
85.4029998779
82.5760955811
76.4099044800
71.3864517212
68.3951797485
67.4811477661
69.3120422363
69.7032623291
71.1969070435
75.8738403320
74.7415618896
74.3241577148
71.3235549927
69.0570526123
68.3073883057
67.1570739746
68.1321182251
67.8185882568
69.8211364746
71.5356063843
74.9810485840
75.7737121582
77.5407867432
76.2115097046
76.8533706665
78.1268234253
80.1517028809
82.6968002319
77.2115707397
75.8084869385
72.8844833374
75.4479904175
74.4710464478
75.8138809204
74.0484390259
70.2192077637
68.3099899292
66.8371429443
66.5532073975
65.8815155029
67.3559722900
69.5716857910
66.9872589111
68.0273666382
67.9287109375
70.6498718262
79.6008529663
81.6286621094
80.7966384888
81.2009277344
76.8768615723
81.4776992798
80.4064483643
77.5867309570
71.3124389648
75.8579711914
77.9166107178
76.4817886353
81.4911117554
79.7787475586
82.7605285645
85.9901046753
85.4478378296
82.4704437256
79.7457275391
77.7620239258
76.2139892578
76.3330230713
77.6124038696
73.6942596436
80.1850357056
80.3770980835
75.3428268433
80.8769226074
83.9340744019
81.1941299438
82.1578826904
77.2475738525
77.5197906494
83.4071578979
82.6699676514
80.6837997437
74.4278640747
78.1901092529
74.3453369141
77.8420639038
77.5488281250
77.3509826660
76.4538955688
81.1994247437
76.4935302734
84.0612945557
86.6482849121
93.6956863403
89.8998413086
90.8132019043
89.1279983521
88.5349884033
84.7149810791
81.2056045532
80.7528686523
79.9499816895
84.3046112061
84.0460052490
82.1719207764
83.2679214478
82.9016571045
83.6672286987
80.9699707031
77.8969879150
81.2210083008
80.8628387451
79.0237350464
80.4386138916
80.8488540649
82.6305847168
83.6610107422
80.1604614258
81.6384048462
81.5319213867
81.8301849365
82.0269165039
80.4143981934
82.0582580566
81.3869094849
81.5539169312
79.9749374390
79.3081588745
81.7373809814
80.7005157471
82.0902023315
84.6461563110
87.6502151489
89.2249908447
91.1728973389
85.0875015259
85.5578842163
86.1071014404
90.3212203979
87.4189453125
85.2651672363
83.9465026855
83.1782684326
87.6743087769
86.4309539795
82.2534179688
76.5384902954
77.1484222412
77.4511871338
72.5682983398
74.2424011230
77.0210952759
74.8292617798
80.2899780273
81.3154907227
84.4253768921
82.2410430908
81.1592178345
77.1800689697
79.3497161865
77.9965362549
79.0942077637
81.6970748901
81.5835342407
84.6090164185
83.3233032227
82.4722518921
78.6669158936
81.3416366577
79.6890411377
75.8660659790
77.3950119019
81.3636779785
85.5408325195
89.2149429321
86.2320327759
84.7322540283
87.7657928467
89.8475646973
86.1664123535
82.1154708862
83.2766494751
80.3043289185
82.7935485840
87.3564987183
89.4312820435
87.5815353394
82.5202789307
83.0231933594
86.2705535889
89.0608901978
91.6712493896
93.2236862183
90.3775634766
84.6734085083
81.2879943848
76.4590377808
78.3860931396
73.5265197754
73.3021926880
75.8638534546
76.4976348877
78.0877609253
79.8774261475
79.2857360840
80.2565231323
82.3645477295
81.8214721680
80.4812622070
80.9239044189
84.2081604004
83.2558670044
84.2623977661
82.3665161133
80.6748275757
73.5477294922
72.4837341309
66.9337158203
74.8112335205
75.4854660034
74.8546218872
75.7290496826
75.3899383545
73.8515548706
72.7334213257
71.4469223022
69.7337265015
71.9881134033
72.0679779053
75.0964202881
77.4825210571
76.1674957275
77.5097351074
74.7817611694
72.1909790039
80.0292587280
79.4405517578
82.3097686768
82.5854873657
85.6330261230
93.0170135498
86.7530059814
85.6504821777
82.4906005859
84.1735076904
79.9999694824
78.4381713867
77.1255264282
79.8491821289
80.9431686401
79.5824203491
77.8834228516
76.7283020020
79.1790542603
80.5287628174
81.2791976929
80.6535034180
78.7125396729
79.8220672607
78.5702819824
76.9285202026
71.4973983765
69.1857299805
72.1820678711
76.8232879639
76.0514831543
77.1214294434
76.5622406006
78.2332305908
76.4383392334
70.1559906006
70.6400451660
70.1133193970
71.4414138794
71.4203491211
68.7343521118
65.9971771240
64.4740905762
66.2386627197
65.9732055664
68.5903320312
69.1166305542
69.1162033081
69.5676498413
69.0890960693
72.2040634155
78.7949981689
81.5435409546
83.6040954590
79.0706710815
74.1332931519
76.2793884277
71.3428192139
75.3105697632
73.3353347778
84.4801025391
85.9522399902
80.6708221436
80.8497772217
83.6486740112
81.3216171265
85.7622909546
83.4478225708
81.5168380737
75.4350967407
75.9988708496
78.3736038208
78.7272872925
80.0279998779
78.3844985962
79.1389999390
78.7458190918
76.7061691284
69.9218292236
72.7967376709
73.3795471191
77.3275451660
78.8271636963
73.4424285889
73.7626953125
77.3374938965
75.1977539062
74.1692428589
69.3679580688
70.6758422852
73.3505401611
68.5157165527
66.8346557617
67.3829650879
66.4134674072
67.8116302490
68.6127700806
69.1811752319
69.4531402588
70.9435424805
71.8007965088
71.2967910767
70.8274841309
69.5035171509
71.1838912964
69.1306304932
71.2093887329
70.9776611328
71.7102890015
69.7860107422
69.2449645996
69.6046447754
69.5596389771
70.0863037109
69.7716445923
67.9693374634
66.6639404297
65.2306747437
65.5522689819
65.2051239014
66.7579650879
64.3124618530
64.9393768311
66.2027282715
64.3059921265
65.7175292969
65.9237899780
66.2583618164
65.8411560059
66.1061248779
65.8423919678
64.9987640381
66.3868331909
68.2026748657
67.2573318481
66.0049896240
65.7439193726
67.2032012939
66.6388168335
66.0560150146
66.4819793701
66.9703598022
66.6439514160
64.4360275269
65.0590286255
67.7489776611
67.5763931274
67.0005493164
66.7548751831
67.0417938232
66.6233520508
63.8070373535
64.5765609741
65.2316284180
65.4507827759
64.4317932129
64.2088928223
64.8982696533
67.3191299438
65.7790145874
65.6508789062
63.4789581299
64.5816040039
65.1775360107
65.4377441406
67.2539367676
67.1841430664
65.1182632446
63.0530090332
62.5218963623
65.7049255371
68.4548797607
67.3330459595
65.4630889893
62.0816078186
63.2717781067
64.0653533936
63.5260925293
63.4836311340
64.3561859131
64.8410034180
65.5861816406
64.9891052246
65.8384780884
65.1426696777
65.5301971436
66.0571823120
65.1843795776
65.4790420532
65.1342849731
67.1359176636
65.6825408936
65.8302383423
65.5790939331
63.8234786987
62.5464782715
63.0865058899
64.3614959717
64.5812454224
67.2819366455
66.2736434937
66.7486038208
63.9850082397
64.2710037231
65.4157562256
65.6146011353
65.1919174194
65.6834640503
64.4741821289
63.4450683594
61.4686698914
63.8700599670
65.0804138184
68.2716293335
65.1721343994
65.6339340210
64.0480804443
68.2754516602
68.2650451660
65.8282928467
66.4207534790
64.9017105103
66.4118576050
64.9824142456
63.0784683228
65.0494308472
63.7933006287
64.2459945679
64.6222457886
64.4565734863
65.8025436401
69.0464630127
69.8460998535
69.4254150391
68.4615249634
67.0467071533
66.1066284180
67.6835556030
67.9968109131
66.9649963379
65.6182937622
62.2334632874
62.0096359253
64.9153366089
67.2072982788
66.6831970215
64.6059875488
63.8846321106
64.6394958496
68.1056900024
66.5659179688
65.1733703613
63.2799644470
64.0043945312
64.5457611084
65.2369003296
67.8955993652
69.6383056641
68.8997421265
65.9277572632
66.3736801147
67.2350997925
67.6711349487
69.4843139648
67.2457122803
68.1203155518
65.5813446045
66.3921661377
65.3094482422
66.4070663452
65.7690429688
64.7744522095
65.6908035278
64.5525131226
66.9112625122
64.8320312500
67.4617691040
65.2458496094
65.2236175537
65.2085571289
64.2570495605
63.9560546875
66.1507110596
73.4194030762
71.0224456787
69.0174331665
60.7660942078
61.5363731384
63.3275299072
65.8644866943
68.0802917480
69.7446441650
70.0790557861
69.8319931030
66.2798156738
65.9029998779
65.7819366455
65.6540451050
68.0848999023
67.0438690186
67.9758148193
67.2401580811
67.1731414795
67.5887527466
68.7566375732
67.9798126221
66.6551818848
71.6195755005
69.0443038940
68.2451248169
64.7440872192
65.5107879639
64.6843261719
67.7565536499
73.3170928955
73.2503051758
73.7410278320
66.6941833496
67.6416549683
67.9556884766
68.3447189331
68.0828018188
64.7054367065
66.1401977539
65.2925109863
69.5251464844
70.8088912964
68.5761337280
65.3624420166
62.5798950195
64.5618591309
66.8390502930
71.2581481934
69.9235153198
67.6861114502
64.5749969482
66.0254898071
66.1466064453
66.4013290405
66.5485153198
67.6989669800
65.7501907349
66.0337982178
64.3961715698
66.5614318848
69.1627349854
68.0894470215
68.2202453613
66.5371704102
65.1036682129
65.9253616333
66.4359741211
65.6675872803
66.7393798828
73.6001968384
74.6311035156
77.0506896973
71.1878204346
65.6840362549
63.9801216125
64.4125518799
66.0568695068
70.6799621582
68.9084472656
66.9534912109
65.4723205566
66.8247451782
68.4831924438
67.3088684082
67.1201553345
67.3924942017
72.1942596436
71.2166976929
69.4834136963
64.7713623047
64.0454864502
64.3934631348
65.6289215088
68.7562484741
68.6594238281
67.7071838379
65.5964889526
64.9491424561
66.3827743530
66.5444793701
68.4520568848
71.7984619141
69.5778198242
67.5090408325
63.3099784851
63.0504608154
64.3167037964
65.9254226685
66.3059082031
70.4565582275
69.5891036987
68.3241043091
65.2885589600
64.0661010742
65.0282669067
64.6758346558
66.1695327759
67.3988952637
66.4312591553
65.8945159912
65.7318115234
66.1658630371
68.6183090210
67.4933166504
66.8446273804
63.8014793396
64.5934982300
65.4589767456
65.8966140747
66.8419036865
66.3616790771
66.5689773560
69.6737594604
67.8025512695
70.4736251831
65.1025543213
66.9346771240
66.7231979370
66.7528610229
70.8474960327
71.0117111206
69.0133514404
65.9298477173
61.0409698486
62.8986587524
63.5510292053
65.4085006714
67.3748092651
68.4494705200
67.1574935913
67.6698837280
66.1020660400
65.0041961670
65.0113983154
66.3375091553
66.9492721558
68.3007507324
70.6851959229
69.7690505981
69.2365875244
65.7718658447
65.9123687744
63.9318389893
64.8069915771
65.7669754028
70.7665328979
76.4931793213
78.7076873779
80.7199630737
72.7153701782
65.8811721802
63.4394760132
65.1575088501
65.0368728638
65.2902526855
65.3131332397
66.5145263672
67.5270614624
68.7839279175
71.7339172363
70.4831542969
68.3605957031
65.9880981445
66.9752807617
66.8366470337
66.4338378906
65.4677047729
65.6828308105
66.2566070557
68.6070327759
70.6755142212
69.7400283813
68.5916290283
70.8993759155
69.0467224121
70.0647735596
67.8546752930
69.6609725952
69.0408782959
68.0414733887
68.4333114624
71.6185302734
70.2747192383
70.3223876953
65.1939086914
65.7940979004
66.0216522217
66.7118225098
66.6927261353
66.8416137695
66.2190856934
65.8641357422
68.3605499268
68.8020477295
65.5753631592
64.4075088501
64.1167831421
67.2505111694
69.4848403931
66.9390792847
67.2788391113
66.9627456665
67.5993728638
69.5099029541
67.2297744751
66.4198837280
65.2366485596
65.9220199585
67.3947448730
69.0335083008
69.7211837769
70.0414962769
67.8642272949
66.9599990845
67.1555709839
66.3052139282
67.1824264526
68.3697738647
67.9081802368
68.8672637939
72.4552993774
72.3831481934
69.9364242554
66.9333419800
66.5245971680
69.0080642700
70.1260986328
72.2639617920
71.1564331055
70.8324050903
67.7478713989
67.6249847412
68.1939926147
68.5432281494
65.6628417969
67.4879989624
70.5979003906
69.7714233398
69.4862289429
67.9784393311
66.6821289062
66.7684555054
64.9670562744
66.9557266235
67.4719314575
69.7861633301
72.7360839844
70.6361083984
71.2476577759
65.2767028809
66.1420745850
66.7058868408
66.8938293457
66.5536193848
65.6898803711
70.0379638672
71.1046066284
70.0124206543
69.1538543701
66.4750366211
68.3927307129
68.1614990234
66.7675552368
66.9226608276
68.1853942871
69.4873123169
75.9013824463
73.6551971436
72.6400299072
69.2796249390
67.4398040771
68.2989425659
67.3277664185
65.5125503540
66.1628417969
68.2616958618
66.7207260132
67.5249176025
71.7734375000
71.5283660889
70.8869018555
68.3228759766
68.5535659790
70.6451339722
70.4314117432
69.4332199097
68.0562973022
66.3237304688
66.1328125000
66.9365158081
71.9518890381
69.9576873779
71.0371704102
68.2847824097
68.8365173340
69.1281967163
68.4422836304
68.7333221436
67.9119186401
67.9443054199
68.0252151489
71.5377502441
69.0697021484
68.4353332520
65.9887466431
67.5921020508
70.0460662842
68.4564361572
66.3756332397
65.1170959473
65.6856002808
67.0760726929
72.0510864258
72.1104507446
69.2196884155
64.7637405396
64.4296493530
66.5532150269
68.1344833374
68.8487396240
68.7516708374
69.7259979248
69.8576583862
73.3176116943
71.1256484985
68.8113784790
64.6619262695
66.0416259766
66.1484832764
68.1801834106
68.0836410522
69.6118850708
67.4791870117
70.0772552490
70.6175003052
70.5526123047
67.6874771118
66.6202545166
69.0739212036
70.0825729370
70.3910140991
70.4510650635
69.9534835815
69.4518966675
70.0129776001
73.0424652100
74.3952407837
72.7067337036
72.6464385986
67.1544647217
68.7912826538
68.0493774414
67.6014480591
67.2040328979
69.0631027222
70.8054962158
70.2542648315
68.1693496704
68.1460418701
68.2234497070
72.6580734253
71.2213668823
70.2586441040
68.2683715820
67.2168960571
67.3847732544
67.7019348145
68.3406066895
68.2497329712
68.9168853760
69.4540557861
68.6518402100
68.9209213257
69.6180877686
72.0165634155
73.2516250610
73.8657379150
71.4452667236
69.0449600220
67.6013336182
67.2154922485
66.2791290283
68.5937347412
68.8451614380
67.8850326538
68.5307006836
68.7212219238
70.0461883545
69.2103881836
72.9813461304
70.9961013794
70.6802902222
68.9863433838
69.2678298950
70.0798950195
68.1914825439
69.6216049194
71.2067565918
71.9075241089
71.5746917725
70.3078079224
68.5245513916
69.1331710815
68.4029159546
69.9959487915
70.9624176025
71.1787719727
68.2119445801
67.8435134888
67.6233215332
68.6973495483
69.5736389160
69.4804840088
70.3126449585
70.4776611328
73.2273330688
71.8388671875
70.5138092041
72.2354049683
73.4673767090
74.7104339600
73.1644134521
76.4648895264
76.4402008057
71.5244522095
67.3454284668
66.0113296509
66.8676528931
67.4310531616
69.3858108521
69.5031127930
68.6478118896
66.7817077637
67.6679687500
69.3906555176
69.0629806519
71.9391098022
74.4558868408
73.1783142090
72.0399398804
65.6929550171
69.1752853394
69.1808242798
69.1476287842
69.3160400391
68.1532821655
67.7491378784
67.3647918701
67.6678390503
72.8041000366
70.1809005737
69.5855484009
64.3468246460
65.0459594727
67.2035598755
66.8461456299
67.1385116577
67.6665725708
68.2332153320
69.2192993164
71.7995071411
73.8001861572
70.9875488281
68.9219055176
65.8836898804
67.9536590576
68.5739135742
66.5500335693
68.5406036377
67.6110458374
68.4605255127
69.8753204346
70.4215850830
71.5052642822
70.6341476440
69.2950363159
67.3626174927
68.4050979614
68.2112426758
69.8030319214
69.0274963379
69.1972732544
68.6357650757
68.9967956543
70.1254272461
69.8240127563
72.6130828857
71.5317230225
69.8274688721
66.9228363037
67.1405029297
68.0352020264
67.0888977051
68.2707061768
68.3400802612
68.8253326416
68.8676605225
68.8740081787
69.6582565308
68.6913681030
69.0223770142
67.6157531738
68.2095108032
68.6707458496
70.3777923584
68.9468307495
68.8338546753
69.0538711548
68.3171081543
69.2055740356
69.2261581421
69.4934082031
72.3877944946
71.0670013428
69.2058258057
65.7786178589
67.6476669312
68.0808029175
67.8553314209
67.6324539185
67.9430770874
68.6427001953
69.4753799438
68.9656219482
69.3298645020
72.5227584839
76.1644210815
73.1506118774
71.2608184814
67.8814315796
70.1205520630
70.0426330566
69.6507263184
68.7147674561
67.7012481689
67.7210311890
69.1349411011
68.9454803467
67.4079513550
65.7998352051
65.7197113037
66.3905639648
69.4346847534
68.3075485229
67.1737213135
64.3570938110
67.8187179565
68.2366943359
68.3327484131
66.1512374878
66.3934783936
66.8701477051
66.7183380127
67.8263626099
68.0792922974
67.3510131836
70.8859481812
68.9764556885
68.8815078735
64.4162216187
65.5361022949
65.6143035889
66.6939697266
66.7333984375
67.2595520020
67.8195343018
66.6665573120
66.8083496094
65.5362930298
68.2154235840
70.3037490845
67.8746032715
65.2044143677
64.3192901611
67.0255661011
67.7291717529
66.1238327026
67.0053787231
67.1339263916
67.6509933472
67.3965988159
68.5322875977
66.6565628052
66.9110870361
66.2594299316
67.6559295654
68.1321182251
68.1076583862
68.5586166382
72.9941024780
69.6462097168
67.5441513062
64.1940002441
65.3361968994
66.9963607788
66.4991607666
67.8299179077
66.9666595459
68.7021560669
68.5590362549
68.1620788574
66.7466888428
68.9503402710
74.7022933960
76.5877914429
82.5577163696
82.6743469238
84.2685775757
79.6585235596
81.2029876709
79.5941696167
79.6205902100
75.4121704102
77.3561553955
77.9246215820
78.1101226807
76.3915634155
73.9767532349
74.1055679321
75.3107376099
78.1368865967
80.0548706055
79.6720275879
75.2022247314
71.7321472168
72.4738235474
72.8179168701
75.3428649902
76.7410430908
76.0563201904
76.1809692383
74.3898773193
73.8959121704
73.3859634399
74.6790313721
75.0581207275
74.3399963379
74.5392837524
78.9495239258
78.2746734619
78.6525421143
73.5737686157
73.8419189453
73.9362869263
74.6388092041
76.0436248779
76.3269958496
73.6008605957
73.7657318115
73.1495742798
73.5920867920
77.3639373779
80.4177017212
81.7509307861
81.0492248535
75.0314712524
73.9294204712
74.1857299805
74.3516769409
72.7325744629
72.5138702393
74.4706726074
74.3547744751
75.4162445068
76.8669281006
79.0595779419
79.6779327393
80.5363616943
79.5958862305
79.4105529785
80.1333999634
77.0079193115
76.2802200317
74.0761642456
75.3538970947
74.8345794678
76.5714416504
75.5844879150
74.5828323364
76.7500152588
81.0003509521
80.3430480957
78.7369461060
75.8425445557
75.5075149536
75.5982513428
75.2475357056
75.1482849121
73.5973587036
74.7179641724
78.6608276367
79.4175262451
80.9542770386
78.7613601685
75.0144500732
73.5169906616
74.1979904175
73.9350967407
74.9002838135
76.0887527466
76.3709106445
74.5848846436
73.2216110229
72.6009368896
73.0701141357
74.9612121582
75.5271301270
73.6365585327
76.3733139038
76.1936111450
76.2585144043
77.6506729126
76.8964385986
77.8539886475
75.7859268188
76.9910583496
77.0576858521
77.0223693848
75.1242141724
74.5424118042
75.9235839844
76.4307708740
76.4305648804
75.6968841553
75.3357849121
76.1611557007
76.3129119873
76.8844299316
81.2248382568
80.4917449951
77.5958862305
74.5240707397
75.1811141968
78.6510772705
82.7774963379
80.8187408447
78.5405578613
76.9963836670
77.5429840088
76.6034240723
78.8166961670
77.4991531372
77.8465576172
79.0617065430
78.1264877319
76.3331680298
76.2487030029
74.3317718506
76.1998672485
77.0326995850
80.5265197754
82.2752990723
79.9878082275
74.6618270874
74.1607666016
73.3540954590
75.7800827026
75.7757720947
76.8952102661
78.2496185303
77.6461868286
76.6753158569
75.3282394409
72.7615203857
74.0214996338
74.1804046631
74.8820190430
75.3106460571
77.2163085938
80.2645111084
79.1002807617
74.5399322510
72.5490341187
72.7931594849
73.6033325195
74.9818267822
75.5370254517
75.5964355469
74.6455612183
76.3328552246
79.1587371826
78.1609344482
75.2650146484
75.4435577393
78.4970550537
78.5432586670
76.7529525757
77.2733612061
76.8591995239
80.1062774658
81.7152938843
80.8490600586
77.5047531128
74.5158462524
74.4318695068
74.5338287354
73.5896453857
73.0394668579
74.3957366943
76.4746551514
77.4280014038
77.9729614258
77.8479003906
78.2170257568
81.1684951782
80.6958389282
79.9667053223
76.6542053223
76.9392852783
75.9564590454
76.9953155518
77.7317657471
75.6295623779
75.1637496948
75.0719909668
79.0339965820
80.3392333984
79.3552703857
78.4286499023
81.2938919067
82.0690765381
81.2823791504
77.3615570068
76.6397857666
79.0925064087
82.1323165894
83.7353210449
87.4129638672
85.2298965454
84.6758728027
82.2554168701
83.2353744507
82.7866363525
82.3739318848
84.3175964355
84.1127624512
83.5899200439
81.0745697021
79.1660614014
77.4281463623
79.9563293457
77.6323394775
78.2408599854
80.0587997437
82.6966247559
84.3444519043
84.6105041504
83.7799606323
83.2963562012
80.4287796021
80.7046508789
79.7218933105
82.2615509033
81.0508422852
80.9005737305
80.6932678223
82.8973693848
79.3390121460
76.8658905029
77.9457550049
78.2704010010
79.9562301636
81.4243164062
82.1524505615
82.6239166260
79.3367614746
75.8432922363
74.7932281494
74.6742706299
75.4757537842
75.4995422363
77.9893112183
79.2037506104
80.2386703491
81.6305465698
82.2672882080
81.7591629028
83.9766540527
85.6299743652
86.0158843994
84.8899536133
82.5495758057
82.9977493286
86.8050689697
83.2062759399
80.4250640869
83.3078765869
82.1533737183
78.6286010742
79.5525741577
71.3841400146
71.2276763916
71.2963333130
70.8155212402
69.1314849854
67.7892913818
66.7403869629
67.1802291870
67.7682952881
70.9795989990
68.3496856689
66.6195220947
63.1427078247
65.0197448730
66.9629516602
67.4806289673
70.6668624878
72.6809844971
70.7846298218
67.9658813477
64.2760314941
64.9188537598
67.4504852295
67.0834884644
68.2175598145
70.3974227905
70.3035430908
69.5347671509
67.5545578003
70.1633911133
73.7898483276
74.9941482544
71.4904327393
68.3320693970
66.3325958252
67.8840408325
69.5041503906
68.1434173584
69.1681442261
70.4512329102
70.4636611938
72.8305206299
75.6181182861
76.0426025391
78.0515365601
73.0619964600
74.1328964233
72.6449661255
71.8235702515
68.5120925903
66.0420989990
62.5435714722
63.1224517822
64.2373199463
64.6902847290
66.5287475586
68.3382873535
69.7203979492
68.2085571289
67.0754776001
65.6810150146
65.7220001221
68.5542907715
68.8721237183
72.5966262817
70.0859680176
65.3929214478
62.3739166260
63.7499694824
64.8922576904
64.5370025635
64.2256698608
63.9181289673
64.3590774536
66.7031250000
68.2941665649
66.5279235840
66.4612579346
65.5713958740
67.8721389771
68.1185150146
67.2760543823
67.3167266846
66.5951385498
67.4221954346
66.6783294678
65.6525039673
66.2740325928
65.2407684326
65.0981597900
64.7877120972
65.5136718750
66.4944152832
67.0778427124
67.8676376343
71.6155471802
70.6758499146
68.5479812622
63.1897201538
63.1968612671
64.7975997925
64.3770370483
64.3954162598
64.4470062256
66.3638458252
65.9890136719
65.5688705444
65.9471893311
67.4076232910
67.0845642090
66.3489761353
66.8271713257
67.7627029419
67.5862274170
67.4719467163
66.2221221924
67.5733413696
70.2590179443
73.4350891113
72.4331665039
68.8486785889
67.1149826050
68.1826934814
68.9877014160
67.5585784912
68.6285171509
67.6347808838
67.0765457153
68.0480575562
68.1932449341
66.7696075439
68.8321456909
72.7520904541
75.6796188354
76.4962768555
78.2169952393
70.9906311035
69.4233016968
66.6803741455
63.1391639709
63.4286041260
64.2172241211
71.8092498779
75.1406784058
79.5853958130
80.5769805908
79.8915100098
78.5046310425
73.3885879517
69.4565200806
67.0073699951
62.6689224243
62.0286331177
62.7609062195
63.0685234070
62.6324996948
62.0320091248
63.7808380127
65.0951690674
64.6099395752
65.5281677246
64.0246047974
64.9378280640
65.5267028809
65.9377670288
67.0149154663
66.4024047852
66.3316802979
66.2633972168
65.3884735107
65.5071640015
65.0669784546
64.7116546631
64.3729324341
65.0294494629
64.2934494019
65.3575668335
64.5059814453
64.8219070435
64.6049423218
66.2346115112
66.1291198730
65.1169281006
63.7807350159
64.7207641602
65.2861404419
65.0712127686
63.7302360535
63.9474716187
64.6380844116
64.8389587402
65.7172851562
64.7600479126
65.8949584961
64.3903808594
63.3519783020
64.0599670410
64.5201873779
64.8862762451
65.4573593140
67.1644515991
68.0822296143
65.7598724365
63.9733924866
64.4701843262
67.6724319458
65.7153778076
66.9312820435
65.3795394897
66.5217971802
63.9799270630
65.0629501343
65.2966003418
64.4852447510
63.9616928101
62.9034233093
64.3349380493
64.7862167358
64.8859329224
66.2739257812
64.4431381226
62.8967437744
63.4915618896
64.2735137939
63.5530166626
63.1917228699
62.9648132324
64.0822143555
63.7653503418
63.6636772156
63.5365867615
62.3333129883
62.3936843872
61.7700500488
61.8627243042
62.8465270996
62.7598457336
64.9596862793
65.0301284790
63.6418457031
63.7486763000
62.6276626587
63.4145126343
61.1197738647
60.5186691284
61.1814651489
60.0970916748
62.5906448364
63.7738418579
63.6186752319
63.3810081482
63.2248611450
64.6183242798
63.9963378906
63.6179733276
62.7024078369
61.4133834839
62.1938552856
61.6864929199
61.4545478821
61.1485404968
60.1573219299
60.9714584351
60.7875595093
61.7841987610
60.9825439453
61.5641479492
61.9446678162
62.7105331421
61.9867553711
61.6938171387
62.0769805908
62.4157485962
63.0938186646
62.5833892822
62.0987739563
63.4677124023
63.8309860229
62.9892959595
63.0196456909
63.2882690430
63.7077560425
63.6870231628
65.7061843872
66.7077789307
67.3248519897
64.8990173340
63.2472686768
60.2402191162
60.2277145386
60.5339775085
61.0297546387
61.6984138489
61.5785636902
62.8050727844
62.5389022827
62.8680419922
62.4961471558
61.9789543152
61.6331520081
61.6847991943
62.8633079529
62.9709167480
62.5291748047
62.4321861267
61.0721206665
61.5557785034
60.5560989380
60.5875434875
61.3123168945
61.0795669556
60.9117240906
61.9862442017
63.0623397827
63.7046852112
62.6440124512
61.5662765503
60.4213714600
61.1293411255
62.8857383728
64.1920013428
64.2226104736
63.8521499634
64.1967544556
64.0135879517
64.2724761963
61.9303398132
61.9199295044
60.5828971863
60.4197654724
60.3815536499
61.3375549316
62.2981262207
63.7485122681
65.3199081421
66.3383102417
64.8856506348
66.4519577026
65.6212615967
64.1288833618
65.4332122803
63.4769439697
63.1122665405
61.2512016296
61.6779060364
62.6436767578
64.0412826538
64.7266006470
65.2006149292
65.6793136597
64.1630477905
63.3185119629
65.5870208740
65.2213134766
63.3077011108
64.2063217163
65.0656280518
66.0357818604
65.3933868408
65.3895797729
65.4006195068
63.5329284668
61.8689270020
61.3944473267
62.5573577881
62.5138778687
62.0514984131
62.5459289551
64.9393463135
64.1160812378
64.1669387817
64.1263275146
64.3060989380
64.0233688354
64.7833709717
66.1482849121
67.8127212524
68.9175720215
68.1337203979
66.2686386108
63.3994483948
61.6319618225
61.6593475342
63.4061737061
62.2400588989
63.4877700806
64.2706756592
65.7122039795
64.2832183838
65.8509063721
66.9511795044
67.1859283447
66.6399841309
68.7995605469
68.3302230835
67.0673065186
63.9874572754
62.4802589417
62.5288925171
62.1077346802
61.2182159424
62.3404388428
61.5171508789
63.9287643433
64.4006423950
66.8001632690
68.2184906006
65.8650970459
63.2507781982
63.0719680786
65.6232604980
66.2115020752
65.6349029541
66.8282241821
68.4181060791
68.2747192383
66.4796752930
65.3586120605
65.6801605225
66.3557586670
67.6029663086
67.0335693359
66.6288146973
67.1954803467
68.3263320923
67.9065093994
65.0834045410
65.1624603271
66.6194763184
66.7000122070
66.1612548828
65.6183776855
65.3166885376
65.6677322388
66.0573730469
66.9136962891
65.9723205566
66.4364852905
68.0110549927
73.1755676270
73.3357238770
70.9441528320
68.8156585693
65.4746398926
64.2747039795
63.3576622009
63.9043121338
62.8270111084
62.6093139648
62.8846588135
62.5868148804
62.7979660034
61.9517669678
63.0626640320
63.8682785034
66.4820861816
67.6318817139
69.3956375122
69.6798171997
70.4919357300
68.9538879395
66.2653884888
66.7357330322
66.8400573730
65.9019699097
64.1315002441
64.2134704590
67.5230178833
68.8710708618
69.5392379761
67.8384704590
65.7268524170
66.5496673584
66.3320693970
68.1290893555
69.3475341797
69.7486114502
70.2097930908
69.4323577881
69.4714508057
64.9904479980
64.2715911865
61.8967666626
62.8525238037
62.7747802734
62.7458038330
63.5652770996
63.9036064148
65.7931060791
66.2055053711
67.7941589355
69.5983505249
68.4869537354
70.2537231445
68.0097427368
69.2087631226
68.7205429077
68.3465270996
65.6021270752
67.0145950317
67.8844223022
70.6184997559
70.1304092407
68.0489501953
66.9324874878
67.0419158936
66.5822296143
68.0298385620
69.0878677368
70.0344467163
69.4160614014
67.9664459229
66.4096221924
67.1623687744
67.9891510010
69.9374694824
71.1724395752
70.9370651245
69.1281661987
69.5505371094
69.2137145996
70.3990859985
70.1244354248
71.4718704224
70.9243621826
71.2441101074
70.8527069092
70.0190734863
70.6536712646
68.9595413208
68.4108352661
68.3124237061
68.4614639282
69.3743133545
69.9713973999
70.0612945557
69.1366806030
69.6264495850
69.8565368652
70.5445251465
69.8881835938
69.1124191284
67.3585128784
67.2752838135
67.6464843750
67.5183258057
68.4738616943
67.3202056885
68.9638748169
69.0296020508
70.4872741699
70.7527008057
70.5279922485
69.4436492920
69.0660552979
68.8617858887
74.7191314697
73.7656707764
68.7208251953
63.3100433350
63.2777671814
65.3694534302
66.4884948730
66.8088989258
68.5648803711
67.4316711426
67.1003875732
69.0788497925
70.2356567383
67.4565963745
66.0005569458
66.3731002808
69.0988845825
68.1773071289
66.8056793213
66.0346755981
68.1088562012
68.4579772949
69.8395156860
69.3050994873
68.6334762573
68.3108596802
67.0017700195
68.5156097412
70.0339889526
69.2088623047
69.0270538330
70.1263732910
67.5761718750
67.7952880859
66.3318710327
67.7653503418
69.5066680908
69.0824432373
67.9537429810
68.7635498047
68.1943511963
68.1798324585
67.2164611816
66.8730545044
66.8652191162
67.1196899414
66.6879730225
68.8826904297
69.3753814697
69.5070037842
68.8755722046
69.1372833252
69.7388839722
69.2444229126
68.8117446899
68.1006927490
68.8062591553
69.8169631958
69.1794433594
69.2708282471
68.8162612915
70.9037017822
70.2165832520
69.5447082520
68.6782989502
68.8811721802
68.0345382690
69.5077667236
69.9875106812
71.9836349487
72.0774078369
69.5802993774
70.1845016479
68.1652374268
65.4672088623
65.2300491333
65.8519515991
67.7798767090
69.1369552612
69.2844696045
69.3819046021
69.7489700317
68.7933807373
69.4017791748
69.0809097290
68.8010787964
68.5860977173
69.6499328613
70.5078048706
69.8156585693
68.2909545898
68.3965835571
67.9138336182
68.1358795166
66.9464492798
67.9010086060
68.4612731934
68.0393066406
69.5043182373
70.7948226929
71.7768707275
72.6214447021
71.9292221069
71.5612487793
71.0753250122
71.5941467285
70.1990890503
69.3984451294
67.8645019531
67.6056289673
68.7689437866
69.4919052124
68.7646026611
69.4435501099
67.7312164307
68.4881057739
68.2519531250
66.6091384888
69.1706542969
69.8456649780
69.6483001709
69.9080657959
72.4187088013
74.4859695435
72.6222686768
68.3022537231
68.4835739136
66.7537155151
65.0931320190
63.4036674500
64.7766571045
67.4891815186
66.5866775513
64.7754440308
64.1789550781
65.7985687256
67.0224075317
66.6761627197
68.1512908936
68.3606338501
67.0007019043
68.1451187134
70.0517730713
71.1600952148
69.8870239258
69.3719177246
69.5030822754
68.1114654541
68.5730743408
71.0676193237
69.6214752197
68.9919052124
66.9353942871
66.6403045654
66.1920776367
68.6045913696
69.1401062012
70.0166778564
66.5489654541
67.5666198730
69.1636352539
70.1828689575
70.8636474609
71.2769317627
73.7186737061
71.4722824097
70.0121994019
67.8500213623
65.8230285645
66.6206054688
66.2723922729
66.9932403564
67.3222961426
67.7796020508
67.4401855469
69.2832489014
69.4344024658
69.6993179321
68.4183654785
68.8049087524
69.0512237549
67.8771362305
66.6997528076
66.0516586304
66.5331497192
67.2414627075
68.9891052246
68.8200073242
68.0657043457
68.2378692627
68.2523803711
68.2471618652
69.0804901123
70.8826293945
69.1858520508
68.2942657471
67.2600860596
66.9909820557
67.3885574341
67.1796035767
68.6579666138
69.7381820679
70.3970108032
68.9782867432
70.1283569336
71.3050079346
71.7898483276
69.5441818237
65.9653472900
65.9181594849
65.9091339111
67.7314300537
66.6669006348
68.5274963379
69.1613388062
70.0404205322
68.4872207642
68.7929458618
68.0039215088
68.0886535645
69.9664916992
69.2886810303
69.0562744141
65.9329833984
66.6625137329
67.4277038574
65.2348098755
64.5140914917
66.8314590454
69.1437835693
69.1556396484
71.9535064697
74.7633438110
67.5478439331
65.4768295288
63.7132339478
63.6198768616
62.5233993530
63.6497116089
66.4081115723
65.4339523315
65.3110580444
65.4045333862
69.4212875366
70.8669204712
70.4690399170
68.2222213745
67.1194610596
66.3849105835
67.8203964233
69.0851745605
72.4001388550
74.5719375610
78.3413085938
76.9125823975
77.1323242188
77.8663558960
79.1773071289
81.4329757690
81.8690643311
79.3035507202
76.9491806030
72.8483734131
72.4846191406
70.0387420654
68.4033432007
63.3342819214
61.7832412720
63.1183662415
63.8563995361
67.7308654785
64.2734375000
64.5239257812
59.4644279480
61.1597785950
62.1864318848
62.6506576538
62.5031890869
62.2433967590
62.0412712097
62.7046012878
65.5006256104
71.4166564941
72.6785659790
69.3831863403
62.9189758301
63.9921569824
67.9966201782
67.8659591675
64.7912673950
63.8447837830
67.6623535156
72.1699447632
77.2484436035
78.5482177734
77.2795867920
75.0566482544
71.5721206665
73.2166976929
70.8264999390
71.8811035156
68.3269958496
60.2483024597
62.5477066040
61.5031585693
61.2057647705
58.9789733887
59.1989784241
59.9600563049
59.9671859741
61.6234741211
62.3537406921
63.0011672974
62.9330062866
63.4147186279
65.9986877441
68.5062255859
67.6526565552
64.3690261841
62.4910621643
62.3694915771
67.2752990723
64.3779144287
65.3878936768
60.4031791687
60.3547172546
63.0045738220
63.8336181641
64.7560729980
65.8837890625
65.7753448486
65.4587783813
67.1928253174
67.6881027222
67.0069427490
67.4658050537
68.6411514282
72.4466857910
71.3390808105
69.8273925781
69.4830322266
69.5700607300
69.4385375977
69.6831436157
68.3871536255
67.6226501465
67.3272781372
67.2962493896
65.5813369751
65.8011093140
67.4651718140
69.2266769409
70.2925109863
71.6775817871
70.4276428223
69.5676040649
68.4512939453
69.6202316284
70.5724105835
71.6814270020
71.4130935669
72.3866729736
71.1232299805
71.2971191406
72.1154556274
72.0816574097
69.3355560303
68.7567367554
69.9351501465
69.8928527832
70.6800384521
69.4271774292
68.1582336426
69.5622100830
67.6295547485
67.6175155640
65.9481964111
70.1241149902
71.0785522461
69.8884429932
67.7907104492
68.8065490723
70.5864791870
70.0170059204
69.3922195435
68.3014678955
69.6641998291
69.3655090332
70.3779525757
72.3409729004
73.8044128418
74.5194702148
73.0977020264
71.5147171021
70.4496459961
71.1675262451
71.9847259521
71.5181274414
71.1786575317
69.9129943848
71.0974731445
69.2668685913
68.5313415527
68.4152908325
69.0571975708
69.4554290771
68.6301422119
70.3329162598
70.6340332031
70.5588836670
68.7407989502
69.9893951416
70.7944335938
72.0530624390
71.0559539795
71.1211929321
70.2751388550
69.9432373047
70.0623016357
69.7393188477
69.7446899414
71.6957015991
71.2180023193
69.1611480713
68.5297851562
70.0134277344
71.4040985107
70.9166946411
70.6848297119
71.2371520996
70.4739532471
71.8578567505
73.2406082153
71.9348754883
70.3059692383
70.5821914673
69.7838134766
69.7820434570
69.3623428345
69.7998962402
70.7010803223
70.5002822876
71.5520324707
69.8630218506
70.5586853027
71.0334167480
71.9350662231
72.2124710083
68.5947952271
69.8124389648
71.8098678589
74.0183563232
71.4939041138
71.2745285034
70.5225524902
69.7065811157
70.1568527222
69.4633483887
70.7018966675
69.8912429810
68.9244155884
69.2947692871
69.3537979126
71.0460968018
70.9406280518
71.1197586060
70.7178497314
69.8672027588
70.8888168335
71.3675918579
70.9408187866
70.0464782715
69.7110671997
71.5903549194
71.2218170166
70.1901702881
70.5400543213
72.0294952393
72.7865905762
72.6388244629
71.6920013428
71.1191406250
70.6209411621
71.3321990967
69.9130477905
68.8404846191
69.2515792847
68.5172195435
69.2697677612
68.9871139526
67.7756195068
70.9974212646
71.7576141357
71.7576370239
68.4060440063
66.4646911621
68.0685272217
69.8318176270
70.1733703613
70.2531509399
69.4325866699
68.1045074463
68.7059783936
69.7747421265
71.1208496094
71.8949737549
71.6253509521
71.5053100586
71.7005691528
71.1879653931
69.8713073730
70.2431411743
70.9392395020
71.3496932983
70.4871368408
71.4887084961
70.9754028320
71.2444381714
71.4768981934
70.6815567017
70.2660522461
71.7032775879
71.1789398193
70.9499740601
71.2731170654
72.0039825439
74.5614776611
72.8832855225
70.9678192139
71.2145538330
70.2077255249
69.8080520630
69.7201843262
69.0511932373
68.2615509033
69.0756835938
68.7890014648
70.6631317139
70.8537216187
71.8978042603
72.8831100464
74.8883514404
74.5293731689
72.0518646240
69.2311782837
68.9140090942
69.8933563232
69.2604598999
71.7224121094
72.4528808594
68.9588470459
65.5293884277
65.5127716064
63.4127273560
63.9165725708
65.0820541382
69.5759429932
69.1867218018
69.0430374146
68.3100738525
67.0889282227
67.3881530762
67.0745468140
68.7223129272
68.4667663574
65.5086746216
67.5148696899
69.7652969360
70.4787902832
69.8255615234
68.2405395508
70.3245697021
69.8968353271
70.9573516846
70.7885894775
71.4381561279
68.0881805420
67.2966232300
66.5224838257
68.1377029419
68.7009429932
69.6247940063
69.9771652222
70.4227752686
68.3340835571
68.4538269043
70.1340332031
70.3099365234
69.3648986816
67.0930023193
67.0163345337
67.4342651367
69.3663940430
72.1188507080
69.8702392578
68.4581832886
69.5430221558
70.1812133789
69.2019271851
67.1185379028
68.5069580078
68.5900497437
68.3106536865
67.4754791260
67.6419448853
67.4031982422
68.3423309326
68.8171005249
69.7324829102
68.2794189453
68.0480957031
70.6644287109
71.1441574097
71.4831542969
70.1058807373
69.9548492432
70.8784027100
71.3594207764
70.6495208740
70.6674880981
69.9592208862
70.3328857422
69.7332763672
71.3578567505
70.9928817749
70.9831771851
72.5696563721
72.0538635254
71.7473144531
70.5509948730
67.2643432617
65.4887390137
64.9132232666
67.7544097900
70.7948303223
71.7195510864
74.0056991577
72.1172332764
69.7077331543
69.0399169922
69.1505126953
68.2811965942
69.3079223633
69.4503631592
69.1584091187
67.4407196045
67.8637847900
66.5571212769
69.3266296387
71.0928268433
72.1830062866
72.3454513550
72.9504318237
73.1399688721
72.4678649902
70.9087753296
72.6461257935
74.0220565796
72.7820816040
70.8360214233
68.7076644897
69.3221588135
68.4330291748
68.4365386963
67.7932128906
70.3514404297
69.8087005615
70.5902023315
69.8006973267
69.9056549072
69.4078140259
68.8111267090
69.9939041138
70.3779525757
69.7717895508
68.9710998535
69.4137268066
69.3234481812
69.7423171997
68.6068572998
67.3602600098
66.4813842773
67.2661895752
68.3683090210
68.6277847290
69.0860900879
68.1466827393
67.9747619629
66.5986785889
67.6537094116
74.9596862793
75.2943572998
75.1940078735
79.1816864014
82.7105407715
79.7939834595
66.5640640259
71.7700881958
69.4115676880
73.0395584106
72.3283996582
82.1952743530
76.9617691040
80.7946395874
80.1904678345
77.6053161621
82.0206909180
79.9852523804
69.4273223877
63.0722732544
63.7924537659
63.9166297913
66.2328186035
62.7399253845
62.6889724731
61.0296249390
58.6129341125
61.9689941406
62.2166900635
63.8365859985
63.9048995972
65.1436462402
65.7406387329
65.9192962646
66.8541641235
68.1016235352
69.3494644165
71.8040771484
67.3011779785
65.8252029419
60.9350891113
63.3065605164
63.3426818848
62.6988487244
62.4729194641
62.4441642761
64.2360000610
65.2916641235
64.9455871582
64.5954132080
65.6793594360
65.5241165161
65.7126083374
66.7685775757
66.9140090942
65.4038238525
64.8378906250
65.0102539062
66.5922927856
66.9065093994
66.7741394043
65.7557754517
65.4670486450
63.4658050537
65.1006317139
66.4440231323
64.2692718506
66.5439682007
64.2011260986
64.5332565308
65.3329925537
65.4362030029
66.0746612549
65.7492065430
64.3466262817
66.3371124268
65.0513076782
65.5313796997
66.2338638306
66.1299438477
63.4823760986
64.6441497803
67.3808593750
67.9332427979
64.5464401245
62.1455039978
64.9013824463
64.5054168701
63.4694099426
63.6134986877
66.7617874146
67.0717620850
69.8103942871
67.6338500977
67.2342453003
63.9565315247
63.3912887573
62.6813468933
61.8776779175
63.6794967651
64.5898513794
65.4836273193
62.3816146851
61.5193405151
59.1594581604
60.3609580994
63.8393249512
64.9843063354
64.4012527466
62.9830207825
64.0022277832
63.8230895996
65.0092239380
64.7522735596
64.6320114136
65.6954421997
63.9416198730
65.0035705566
64.7891921997
63.5916519165
64.9870758057
65.3810272217
65.1663055420
66.6035842896
66.3682098389
67.8511581421
68.6859359741
70.7655410767
67.6626358032
68.3629074097
66.4940872192
66.6369476318
67.1221084595
66.1173934937
67.8878021240
75.9279632568
77.8205795288
77.7375946045
74.4234390259
72.3741836548
78.6207962036
80.2756881714
76.7579116821
75.7631835938
74.5056228638
71.2302932739
66.5446319580
65.3517532349
67.4749298096
70.5744705200
72.3031768799
70.2972869873
70.0005340576
69.2542114258
68.6036911011
75.8681259155
69.7354888916
69.7786178589
70.2126464844
72.2890319824
74.4898910522
75.5087890625
74.3015975952
72.0628662109
69.5483551025
66.3322143555
70.5106887817
74.5092697144
76.7719497681
76.8983383179
76.7454147339
76.0217819214
72.3683929443
71.0114822388
73.1755142212
78.2295989990
79.0933303833
77.4593200684
74.8921508789
74.0232925415
75.7916717529
73.3918380737
74.0645446777
73.1738204956
74.1362533569
71.0405731201
67.5217285156
75.8442077637
75.9510192871
74.7629699707
69.8603134155
72.1660842896
71.0984268188
71.7687377930
76.3240127563
72.6544113159
74.8015975952
77.4130020142
74.3879241943
75.6362228394
75.2825851440
74.1689147949
70.8697814941
71.4323883057
71.6754455566
72.1484756470
71.8645401001
76.4620666504
76.8262863159
76.7781753540
74.6416015625
74.3626861572
78.2324981689
76.5928344727
77.4608688354
79.9686126709
81.1426315308
83.5717468262
82.8321990967
83.4295043945
82.4736785889
78.3649368286
77.6754760742
75.0054016113
77.1448364258
78.9364547729
79.2262268066
80.5576858521
84.2633514404
78.9636383057
83.8569183350
78.1294555664
76.6273422241
74.1597137451
69.8666915894
72.0301971436
71.4480438232
67.7562332153
65.1036605835
65.1100540161
65.4789581299
65.3646774292
65.6983261108
65.6462402344
67.0202941895
68.1012649536
67.5819549561
68.7502822876
67.9412536621
69.7602691650
72.7349548340
79.1711730957
80.4728851318
76.7794189453
73.5678939819
68.2042999268
65.4277725220
65.5948333740
68.5308227539
68.5111160278
69.5474777222
67.9660873413
67.6547546387
69.1111450195
71.1006088257
74.7636947632
71.8265838623
66.8003234863
61.9691009521
66.3523178101
67.7277679443
66.9986190796
66.8899917603
64.6270294189
67.2881393433
68.5875320435
69.8253250122
70.0437622070
75.4467163086
70.8424072266
69.5975341797
64.1670227051
66.8871078491
66.5720825195
67.2521820068
68.5754394531
69.0205841064
72.4969253540
71.6868667603
70.8512725830
73.6406784058
73.2867202759
74.2395706177
73.0287170410
75.5277709961
75.9701080322
73.9741287231
73.2991409302
72.3935852051
73.5948638916
72.1958541870
72.2870941162
70.5096740723
72.1967468262
73.0545043945
74.8952407837
73.7147521973
73.1762390137
75.9091262817
75.6608200073
79.1523513794
76.1512451172
69.7227020264
70.3141403198
70.5405044556
75.0413665771
74.8626480103
71.7416381836
72.4608306885
70.1144332886
72.3142623901
70.1260986328
74.7109756470
76.9351501465
76.9367980957
75.6027755737
77.9563674927
77.4629669189
77.1258926392
74.6947021484
76.1501693726
74.2749328613
73.9359741211
74.5108642578
75.7011184692
75.9442977905
78.9507446289
78.8387451172
80.8614196777
78.0810699463
78.7522125244
76.1766967773
73.4601821899
73.4042739868
76.9101715088
80.1022186279
82.2131958008
81.9350128174
80.6991882324
82.1430664062
79.0189590454
80.5325698853
79.1696166992
76.4387359619
75.3625259399
77.0785293579
80.4334411621
82.2932815552
80.3536529541
79.9273910522
79.6704177856
82.5976257324
81.6048812866
81.9451904297
83.2618942261
80.0255889893
82.3615798950
79.3201370239
80.3523712158
79.5380859375
79.2004852295
79.0396423340
75.6374511719
77.7739868164
81.5617904663
84.5006942749
84.6711730957
81.3655090332
85.1829757690
83.8915863037
83.3438186646
82.4870529175
80.2286071777
80.8112182617
78.5738677979
75.0766906738
74.1477050781
76.5958786011
78.8199768066
82.9403533936
82.7847595215
81.6383743286
81.7912673950
78.9000167847
75.8544616699
75.4906539917
77.6099166870
77.9067687988
79.0940170288
79.6395950317
70.6836395264
76.5700759888
76.4184036255
80.4157180786
78.8705291748
77.4004592896
78.2714767456
79.6214675903
79.6576614380
81.3665008545
81.3913421631
78.2899169922
77.6905212402
80.0057678223
80.6299667358
78.0343170166
77.3578262329
79.6409149170
85.4582977295
79.8362426758
81.5156631470
78.9618835449
77.0214157104
75.6741485596
77.2620544434
78.1677703857
82.0202331543
79.7978057861
78.7225418091
76.9697494507
76.3871383667
70.5350036621
68.5630569458
69.6107940674
68.8993911743
67.3488464355
67.5780029297
67.2897338867
69.2740478516
69.4298095703
68.8095016479
63.9106101990
64.6148452759
67.7239456177
68.4083175659
66.1773986816
65.8375091553
65.8797836304
69.4176712036
69.2914276123
71.0648040771
72.8297729492
75.5186843872
75.3380661011
76.7526397705
77.7509765625
77.2271499634
75.4295043945
76.1331481934
84.2071304321
79.5684738159
80.7255172729
78.1411132812
74.8880920410
79.3874206543
78.3179321289
75.0157089233
70.5461425781
68.2438354492
65.1633605957
64.1085205078
63.3315505981
63.4576950073
62.6946334839
61.3787689209
60.9927635193
61.1411972046
67.2261352539
70.5684509277
67.8712844849
63.8002548218
64.7248153687
68.7899169922
72.3133773804
70.2681045532
70.5274353027
70.7705917358
72.9483184814
73.2364883423
73.4867477417
72.0975494385
72.9953002930
74.4903411865
73.8250350952
73.7041397095
74.9944305420
76.9939422607
76.7249145508
74.1057357788
69.3858642578
68.5559387207
64.2648620605
62.4755210876
63.9226074219
67.3734588623
67.5003738403
63.3715744019
62.2732238770
63.9811515808
64.6593017578
66.3130493164
68.9015350342
71.6477050781
72.2049255371
70.1989746094
70.9072723389
68.4636993408
69.2878646851
68.2359924316
71.3408660889
72.6566772461
76.4877777100
74.3047943115
73.8589096069
73.1703491211
72.0211563110
68.8261260986
71.9412155151
70.7974014282
71.2737960815
70.4425811768
69.6880264282
73.6478652954
70.3181762695
72.8786315918
76.9914627075
79.3579101562
78.7076873779
75.0627899170
73.3955535889
77.2008056641
80.2744064331
74.6015472412
69.9116821289
63.6857604980
63.5710945129
63.4768714905
61.7658729553
62.7061462402
62.9270629883
66.2662048340
69.3133544922
66.3739471436
68.8421401978
70.3129119873
71.4373626709
70.5717391968
66.8830871582
67.9144592285
67.7355346680
69.4778137207
68.7532882690
67.7697525024
71.0302124023
68.9101791382
70.1577224731
70.4008407593
69.3840713501
69.3468093872
67.5411834717
70.9603347778
68.0921325684
64.1405563354
60.9844322205
65.9998168945
71.6492843628
72.0157318115
73.9663467407
72.0285034180
74.3826446533
76.6742401123
74.2832412720
73.9335250854
74.8344573975
69.8794479370
70.6235046387
72.4997329712
71.4368286133
70.9234771729
67.6340332031
64.7083663940
65.1886749268
65.7914428711
70.9193496704
73.9111175537
73.1887435913
74.3197937012
74.3737945557
76.9948730469
76.1055831909
73.1270294189
73.6627731323
73.9962005615
75.1292114258
75.1879425049
74.4184570312
71.3382568359
71.9999542236
70.1717834473
75.6096496582
75.9106674194
74.2153930664
72.4302825928
71.5621032715
71.0322494507
68.4426422119
67.6749038696
69.5061950684
70.9380035400
71.4455718994
69.7890090942
68.3839416504
71.6359329224
74.7551040649
75.1050262451
74.9771575928
74.8870697021
75.0035400391
72.8702087402
68.7541809082
67.0796051025
66.6720123291
69.7982635498
73.8019943237
81.1895751953
84.8587799072
82.7240676880
83.1234130859
77.3429107666
82.7641220093
77.8255844116
71.5628967285
58.8442420959
56.0907287598
54.5740127563
53.1354942322
52.4650611877
54.3980560303
57.3998794556
60.8281402588
61.0777664185
58.7174758911
57.7668151855
60.9697494507
64.7624588013
73.8533935547
69.9683380127
68.0920791626
67.0010147095
60.6774749756
57.9454803467
65.6613159180
58.5727958679
59.0129241943
56.7126274109
63.7264213562
57.9420738220
54.2718963623
56.4466018677
57.0340576172
56.6772994995
55.9976806641
60.7124900818
64.1527709961
63.3298416138
63.6048202515
64.3806762695
65.8801269531
66.8421325684
66.0487060547
65.3534240723
67.1297454834
67.7222518921
67.1618270874
66.8520812988
64.7888183594
66.7067489624
66.9742660522
68.8176116943
66.5955505371
68.2148590088
66.5152130127
65.8486785889
62.5393905640
62.8080215454
65.7479324341
65.3786087036
65.9802780151
65.8330993652
66.2367477417
66.3699264526
65.7085571289
65.2919540405
70.3485260010
70.8371658325
71.4026336670
68.5540771484
66.6714477539
67.6850357056
64.2213897705
59.8945274353
60.0443916321
63.8944473267
70.3345336914
71.1190795898
70.5463714600
72.6563034058
70.3253479004
70.5435028076
71.0805053711
70.1068878174
70.0239868164
69.3910751343
67.8593063354
68.5214843750
67.0849227905
71.7959594727
67.7942123413
62.4088287354
59.5450592041
60.4926910400
58.4055519104
57.3129692078
59.3830680847
62.6111412048
63.0629463196
62.8325653076
65.0446929932
69.0549240112
69.0223007202
68.7151184082
67.9112930298
67.7892761230
64.2754516602
66.8731918335
68.0532836914
66.5848541260
66.9658660889
67.6062011719
64.9487075806
59.6723480225
60.2532539368
67.0479278564
68.9994125366
66.8369140625
65.6412811279
67.6003570557
64.3184204102
63.9549713135
64.2152557373
67.7014160156
65.0669326782
64.1057205200
63.4817848206
67.7428054810
60.6660766602
57.3477859497
61.1593818665
67.4037322998
67.1791229248
74.9551925659
83.9549484253
82.6659164429
84.1148986816
79.5630645752
76.2999572754
75.5472869873
79.0055236816
71.6949081421
69.4538497925
62.4788360596
60.3069229126
59.1318664551
60.2607727051
61.1149101257
59.1644020081
57.1515693665
57.1292648315
58.6935844421
57.6325302124
56.5461845398
56.8736495972
59.3333892822
58.7743225098
56.7204246521
56.5914840698
58.4636688232
58.2182006836
56.4193878174
54.2700729370
54.9658355713
54.9907608032
56.1831130981
57.3477096558
58.6805038452
58.7061386108
59.1254272461
61.9374389648
61.9144744873
60.8578987122
58.6752967834
58.3121185303
58.3701477051
57.5504379272
57.1443252563
57.0231628418
59.6612663269
60.0594863892
59.0587959290
57.7747650146
57.0089416504
58.9949264526
62.4751358032
64.1601562500
64.2228698730
65.0926513672
69.6445541382
73.9199829102
81.8625106812
82.7510070801
83.3424072266
79.4778289795
75.3760070801
71.2673492432
65.4882812500
59.3190078735
57.9355888367
55.6982421875
57.8171882629
67.8891754150
73.3504638672
78.8244400024
82.8404998779
86.2761230469
85.7878112793
83.9454193115
80.7876129150
76.8533477783
75.5739288330
70.6491241455
63.2420349121
57.8492279053
54.5359725952
53.9857711792
53.6753387451
53.0089721680
53.8090553284
54.8439102173
57.6790542603
58.5743103027
57.3741226196
56.0749320984
56.9401664734
58.2638511658
57.3586769104
56.6340942383
56.9894218445
58.5599822998
62.1518096924
60.8702926636
58.5931091309
55.2430496216
56.2842903137
58.2783546448
57.6169052124
55.6049308777
54.7771644592
55.9522781372
56.6280288696
56.2208938599
55.5733795166
57.3347854614
56.4724655151
55.6636009216
54.7310485840
56.0773696899
56.6821136475
56.9291267395
56.4714508057
56.4739913940
58.1682586670
58.2792472839
58.0636787415
57.0426864624
57.6184997559
57.9332656860
58.0222816467
57.9303550720
57.2649269104
57.2890625000
57.3440704346
57.5094985962
59.1054611206
60.0653228760
59.0988235474
57.6092338562
56.9824066162
58.0390281677
58.5667266846
58.6761169434
58.4458541870
58.9577484131
58.7904472351
59.3767242432
59.9261283875
60.5303726196
59.0334587097
58.8544082642
57.8211669922
57.2816848755
58.3856277466
58.4745597839
58.6291236877
57.9435729980
57.6803665161
58.0640945435
57.5948715210
57.0077133179
57.2049522400
58.1676063538
58.3707275391
58.5336990356
57.1392860413
57.2832908630
57.5623550415
58.2342300415
57.5477447510
57.4771118164
59.5290908813
60.7599258423
59.2710571289
57.6484107971
57.2358512878
58.3949241638
57.7788772583
56.9608306885
58.3203620911
58.4096374512
58.5323028564
58.1807975769
58.6754684448
59.7880516052
59.3787078857
58.1353111267
57.6489219666
61.1184806824
64.3148956299
64.1265716553
57.9963340759
52.2891845703
52.8964347839
53.8734397888
56.5114822388
57.5752372742
56.1928405762
54.8752403259
54.8247184753
57.3006820679
58.3305053711
58.5527114868
57.4398612976
56.7030868530
56.4562911987
56.3520431519
56.9390258789
56.6909332275
56.4880409241
56.9409713745
56.9034194946
58.1617202759
58.9121971130
59.0043869019
56.2821350098
56.9391021729
57.0265197754
57.4971237183
55.9203414917
56.0286407471
56.0346221924
55.8134460449
56.9684791565
57.3280220032
56.7084960938
56.2725982666
56.0337791443
56.0081825256
56.6410865784
56.6672973633
57.8086814880
58.3517951965
60.7916793823
65.7860260010
64.6694641113
64.9229354858
55.7006034851
53.0516662598
51.0168838501
53.0112991333
54.1013145447
55.8104400635
56.3085594177
56.1382141113
54.4571189880
53.4675979614
55.3557968140
56.0683860779
56.6395683289
56.0788307190
55.6339950562
55.2216033936
55.4871063232
54.9758796692
55.7274742126
56.2338333130
56.5373954773
57.1010131836
57.2090339661
58.9375228882
59.9259567261
59.3484497070
59.6011466980
58.2533645630
58.3674049377
57.7162704468
57.7334785461
56.9941596985
57.1500968933
57.7593994141
58.3525085449
58.3052978516
57.3361053467
62.1150321960
63.4114608765
61.0460891724
53.9448852539
52.4316444397
57.8022613525
60.9137878418
60.6822052002
54.9042587280
50.4287872314
51.6979598999
55.0086212158
58.0685577393
62.1068572998
64.5772476196
61.4834976196
54.6285209656
53.9257354736
52.5279464722
51.9701728821
53.6359519958
55.3927726746
57.5311012268
62.8052558899
66.8875732422
71.1163558960
76.4912261963
74.9552688599
77.8841018677
81.7625732422
80.7289199829
78.1315155029
73.8038101196
72.1948547363
70.8009262085
74.8841705322
75.8521423340
74.1077041626
76.3339614868
75.9381408691
75.7726593018
74.2947463989
73.5512237549
68.3990631104
65.5514831543
65.8095703125
66.0472106934
66.9897537231
64.6535415649
61.8935356140
59.0164566040
59.4209136963
61.4160766602
61.1438369751
61.2359542847
61.7922058105
58.4428443909
58.6550216675
58.4415626526
65.4345855713
63.1086654663
65.5684204102
62.1366920471
64.0896453857
61.0361175537
58.3971977234
60.6194229126
59.3943557739
57.5721473694
57.0679168701
58.3770751953
58.9093284607
59.1887588501
59.1128768921
61.5331039429
62.5935440063
58.5508193970
55.8388633728
55.7737121582
58.8792839050
57.6115531921
58.1631088257
58.6889572144
58.9225540161
56.8472862244
54.1113891602
56.9548797607
57.8862190247
59.8079223633
58.9652786255
58.0072860718
57.7266883850
58.3967819214
58.6180877686
60.3333396912
60.0523414612
58.7607650757
57.4072532654
55.4447631836
55.3537254333
55.2629318237
56.4360580444
62.0029525757
73.0200653076
75.3245315552
76.5241012573
74.6798782349
76.1137161255
69.0340499878
68.2814865112
61.6845474243
58.4983482361
56.7386932373
54.4756240845
55.7820777893
55.2647094727
53.8966979980
55.0246658325
55.8181495667
55.2094688416
55.1633377075
54.9761581421
57.6179504395
61.1232910156
60.1747245789
59.2472801208
61.3397483826
62.9300155640
61.5972824097
62.9505844116
60.0720901489
59.5971908569
56.1675605774
58.7871208191
58.4467239380
56.9179077148
57.5360031128
60.4323272705
65.4318771362
64.1813354492
62.6198272705
62.1808700562
64.6387634277
64.1113281250
63.9294433594
61.5438461304
59.8994827271
58.5501174927
58.8441543579
59.2718276978
59.7595977783
58.4439697266
59.5753326416
57.9974250793
57.5934982300
55.5750656128
58.8489723206
59.1452865601
62.5493087769
59.5902786255
59.2788200378
61.1593132019
64.2614212036
64.5550308228
61.3947868347
60.8076019287
61.6967849731
60.1777801514
58.1372299194
56.9074440002
57.9837608337
57.8358001709
57.1948509216
59.1738891602
61.1870803833
62.2673645020
59.4700012207
57.3777542114
56.8136901855
56.5851211548
55.4056167603
57.8444976807
60.5703964233
62.0872497559
60.1336669922
58.6565208435
60.5717620850
58.2452392578
56.0539321899
56.1970672607
59.3003158569
63.3520545959
61.9864654541
59.3134689331
59.4863586426
59.0851745605
59.3197631836
57.9745750427
58.4497146606
57.6493759155
57.2759017944
59.4225234985
63.2882156372
64.6429214478
60.9914550781
59.2160530090
60.0127563477
62.0804710388
61.2901458740
59.2870254517
60.5185012817
59.2842025757
60.2486495972
61.2997970581
60.7501907349
58.4604339600
58.0491828918
55.2397460938
55.6046409607
55.1682472229
55.3595657349
57.0319213867
57.8858566284
61.0746765137
59.6380767822
58.0950508118
53.5291862488
57.0600128174
62.0295600891
61.2414436340
59.3944854736
59.0384864807
59.9399490356
58.7070503235
57.9061737061
61.6090354919
63.4181060791
61.9918861389
61.2279815674
58.9875297546
56.2935218811
54.4124832153
58.1511001587
57.6251983643
58.5836143494
57.8179283142
56.8022918701
55.8978271484
54.8486824036
55.8226928711
53.5202674866
55.4910659790
60.5807495117
60.3745498657
63.5105209351
64.0880813599
68.1749343872
68.5824966431
63.9345474243
60.6214179993
59.9007911682
57.8709869385
54.1400032043
56.8548889160
55.9440841675
57.9466667175
55.1644515991
54.3766021729
56.3412742615
58.7195739746
61.6069183350
63.1048393250
63.1491851807
58.8233184814
56.8450813293
57.6824645996
57.1326103210
57.2525901794
55.8463096619
56.6193389893
56.7691421509
55.9682197571
58.2117614746
60.6512336731
60.1272354126
59.4374656677
56.8955383301
55.8637466431
55.8047599792
58.4360809326
59.3060226440
54.9182701111
54.4883232117
60.5846328735
67.2042083740
65.2239532471
63.4018859863
60.3036117554
64.6425247192
62.2933425903
59.7965621948
56.0884056091
54.7538795471
56.9755134583
57.8757896423
58.1340217590
54.0074920654
53.2429428101
57.0130691528
57.0992889404
55.3152160645
55.4248695374
54.6281051636
56.2871093750
59.0582008362
72.3912811279
75.1000366211
74.1170654297
73.5591888428
69.9846343994
72.0042190552
74.0115356445
77.0054779053
77.9613342285
74.9050598145
77.5800628662
81.0046081543
81.8636169434
80.3665466309
81.3646392822
80.1839523315
72.7368087769
65.4709930420
61.4916801453
60.1375808716
58.8072204590
56.1154174805
57.1426124573
55.3455123901
57.1481094360
57.9555053711
57.1924819946
57.4138183594
57.8992614746
59.1860961914
59.8973693848
59.5595321655
60.7376899719
62.1048622131
62.3028488159
60.8326568604
59.9943504333
61.1751365662
61.1832580566
60.8696098328
58.6657638550
59.0533599854
59.0811157227
58.2137527466
59.6056442261
60.7676162720
61.6714591980
60.3558540344
59.9786262512
60.6123695374
62.7721900940
61.0793762207
60.1804504395
61.2373657227
61.0584373474
61.2070655823
61.4496383667
62.1131477356
62.6345748901
61.5149230957
61.8011894226
61.4803314209
60.3118247986
57.9699783325
56.1075973511
57.9728088379
59.0785140991
59.8108749390
59.9331817627
61.5141372681
61.8022842407
62.6407928467
61.7852592468
61.1205940247
60.1226119995
60.7483139038
61.4253387451
62.9141998291
61.5810737610
60.1457061768
60.2988090515
62.1844520569
62.5530853271
61.8616752625
61.6397628784
61.5831604004
60.8485260010
59.4972305298
59.7664871216
61.5694274902
63.3311729431
61.5334091187
60.0828857422
60.9677886963
62.8008041382
62.2847061157
62.3451385498
63.1091918945
63.9983062744
61.5176467896
57.2044448853
56.9503440857
57.4035720825
58.4830627441
58.0229187012
58.3893814087
58.6516304016
58.8316650391
58.2201614380
60.0374145508
60.5986328125
60.4481735229
58.8829421997
58.5419273376
58.8353843689
59.2894821167
59.6123809814
59.1440353394
58.9019470215
57.8087768555
58.5092658997
58.3620529175
59.2099456787
57.9277458191
58.4190139771
58.9318656921
59.6957359314
60.2845230103
60.6126174927
61.3184814453
61.1210823059
59.8436241150
60.4376907349
62.4638938904
62.5782699585
62.8108596802
61.3660316467
63.1885795593
62.3986511230
59.7619285583
60.5347366333
60.5874786377
61.7500381470
62.1709518433
63.0582160950
65.6338882446
64.2431030273
63.6813812256
61.5249252319
61.7284469604
61.2144050598
61.6760787964
62.3043327332
62.6409835815
62.4776954651
61.7240257263
62.2208328247
63.1240234375
63.7040328979
63.8829116821
63.1342391968
62.1186180115
62.2506942749
63.2912063599
64.9334106445
63.5984649658
62.4831848145
62.8900604248
64.0990524292
63.3422317505
62.9278640747
61.9457092285
62.4586334229
63.2176132202
62.3830413818
61.3391189575
60.7715225220
62.2908859253
64.3160324097
65.6228027344
65.3734130859
65.1245040894
63.8213272095
64.6988983154
64.4710617065
64.4830551147
64.4436874390
63.8008193970
66.2980575562
67.4993896484
69.4293594360
68.3412246704
62.5187149048
64.0288772583
60.4411277771
58.9430236816
57.6795806885
57.6874580383
56.6651306152
56.7433242798
57.9626007080
58.4244918823
57.7530136108
59.2586441040
59.6007232666
61.5777053833
61.2703704834
62.4335136414
62.8926391602
62.4647369385
61.3000946045
62.3556518555
61.6886672974
61.4309349060
61.0804901123
61.1851654053
61.6536598206
62.3048324585
64.1259231567
64.5660324097
62.7758369446
60.0704803467
56.3610153198
59.3429031372
59.5911102295
60.3855476379
60.2964248657
59.1154403687
60.5036163330
60.6671676636
62.0753097534
62.0934791565
62.1333541870
61.2020416260
60.0821151733
60.5417938232
60.0749778748
61.2395324707
60.6261444092
59.2645111084
58.9045333862
59.4947357178
59.0696411133
59.5002555847
59.3987808228
60.3582496643
61.3795471191
61.6041030884
63.9072723389
71.1582946777
74.5917053223
81.3302154541
85.4813232422
85.9618911743
84.1053009033
76.5018081665
79.0722045898
74.8804855347
71.7516784668
65.2310943604
63.4115142822
58.8276214600
64.9480514526
69.8055419922
72.5433197021
66.1810302734
59.3914451599
56.9237976074
55.1848335266
55.8515319824
56.6567840576
58.0975227356
57.2208786011
56.8113937378
53.5049629211
54.2210922241
54.8920631409
58.0249404907
57.7026863098
57.7159233093
56.7803573608
59.7356910706
60.4377746582
59.6748275757
55.5077095032
55.8840713501
60.9328079224
60.5717163086
61.6515808105
58.7036247253
59.5754318237
60.7572250366
61.0790824890
60.0107498169
59.9263229370
59.7507743835
59.8740463257
59.5384902954
60.0102577209
59.7286071777
61.1960144043
60.8183708191
61.1351737976
60.8407897949
59.3478851318
59.3841476440
59.1331558228
59.1402244568
61.4599761963
60.3836364746
60.6195487976
57.4347000122
57.1035118103
58.6510314941
59.2101631165
59.8420639038
59.0033340454
58.3215866089
58.9597015381
61.0983543396
61.4520874023
62.5859756470
62.6946716309
62.2865791321
61.0535354614
59.3744544983
58.6192741394
60.1261062622
60.8767852783
59.3735694885
57.9243736267
59.0707511902
61.2460021973
61.3237762451
61.1177673340
60.3656463623
61.2660713196
61.6321182251
62.5489654541
62.8535308838
62.1657028198
61.0540924072
60.4824485779
60.5951461792
60.5307235718
60.4390563965
60.1374359131
58.9871139526
60.8511962891
59.4712448120
59.2693099976
58.2499008179
59.2414474487
62.1716804504
61.2150650024
60.1790733337
59.4122467041
59.7914390564
60.3044281006
61.5934066772
62.3848114014
61.7771224976
59.6623878479
58.2604751587
58.9513626099
59.7273712158
59.8488616943
60.9132919312
60.1689910889
59.3375396729
59.0874519348
59.9213409424
61.4215316772
58.9966773987
57.1074447632
56.1615447998
58.1792831421
60.2057876587
59.7021713257
61.2959442139
61.2822799683
60.7016906738
59.4244461060
58.9155960083
59.2143249512
60.5202941895
61.1895751953
60.9741973877
60.8603019714
60.6725769043
59.7394485474
59.7984924316
59.2643127441
59.6374549866
59.6920852661
59.5675201416
61.9565887451
61.4812164307
62.3869857788
62.9039344788
63.1861953735
60.7094268799
59.5986022949
59.6790733337
58.5268096924
56.4612503052
54.7146911621
57.7407264709
59.5604667664
59.6480102539
59.2240142822
59.1880493164
59.9240493774
60.6173934937
61.6619148254
60.2597808838
59.5226783752
58.9888305664
59.9773178101
59.5334129333
58.9711532593
60.5700721741
60.4967498779
60.8155555725
61.1114044189
61.5793075562
60.4225769043
58.8564491272
56.4743270874
57.4184951782
57.1983032227
58.4803314209
58.4041938782
58.2318649292
59.4537773132
58.1660766602
58.0407485962
59.1089324951
58.7125053406
60.2014884949
60.7808456421
60.7178802490
59.7426452637
59.6040039062
59.1587524414
59.2149963379
59.6753845215
57.2920684814
56.4146804810
56.9776611328
60.3201522827
59.1608009338
54.6871986389
51.7883491516
53.4166259766
55.2973480225
54.6387939453
57.1537780762
58.1334915161
57.5882568359
56.5458831787
59.2173156738
63.7171249390
69.1301116943
72.7775878906
76.0289459229
72.5838470459
66.7516632080
59.9638481140
56.8252487183
58.2679748535
57.6385803223
58.5260200500
61.5440063477
66.3916397095
70.1944274902
68.5004043579
69.6101608276
65.8425979614
60.0067214966
54.1838798523
55.1203155518
55.3480148315
55.2511329651
53.5340995789
53.8708839417
54.8676986694
57.8164596558
56.5514221191
58.0463867188
57.1531600952
56.4006576538
58.2743682861
59.0028152466
58.7999038696
58.5008316040
58.2226715088
58.2873001099
58.8433456421
57.2605285645
57.8043289185
59.7593841553
60.3813476562
59.5403137207
58.2067756653
57.9020767212
58.4321136475
58.4746627808
57.2128906250
56.0142784119
56.5307083130
57.2099418640
58.5150146484
58.7275199890
58.2088394165
58.5237884521
57.8996162415
57.4919509888
56.8778724670
57.2884864807
57.7261276245
57.2185745239
56.6077613831
56.1818542480
56.5194091797
57.2701568604
57.0044250488
58.7221145630
59.7955780029
61.3742332458
60.5551033020
58.5147514343
57.9554481506
59.0140304565
60.2359542847
58.8784523010
58.2082290649
56.9642028809
57.1022491455
57.7320480347
58.9285049438
59.7701950073
60.2437973022
60.1367416382
59.7258377075
59.5039672852
58.8298110962
57.9308776855
58.1123504639
57.6119995117
58.6653671265
57.1037902832
58.4189529419
59.7157325745
60.3457107544
60.0769424438
60.9791336060
60.8045196533
59.7598876953
59.3075103760
59.4971237183
59.8635406494
59.6213684082
58.6799316406
58.0044631958
58.1054115295
57.4680099487
57.7016983032
57.9123191833
58.3161621094
57.9588623047
58.9850311279
60.0723648071
60.9578895569
60.0105133057
59.9045372009
59.1055259705
58.5603408813
58.3304061890
59.6699218750
60.2266159058
58.0051574707
57.4223709106
57.3102416992
59.2309455872
59.5330619812
60.2356185913
60.9525070190
59.3990097046
59.3936462402
58.7124938965
59.2583580017
58.7613601685
58.9542922974
59.4533004761
60.8873672485
62.9566802979
62.7702560425
61.3884124756
60.7030639648
59.2739639282
60.1725540161
60.3437423706
60.2473678589
60.4099388123
60.2423858643
61.3890609741
58.6541481018
57.4868698120
54.9485092163
56.4054489136
57.0964660645
58.3949127197
55.9694366455
57.1104278564
57.8037948608
59.1525650024
58.0579414368
58.5548133850
60.0831298828
61.5534591675
57.4827995300
54.3225860596
54.9617118835
55.4208908081
54.5662689209
56.6831665039
56.1691017151
55.6811523438
55.7266082764
54.4540786743
53.3385086060
53.3897857666
54.8741455078
55.8652343750
55.2002410889
56.6476287842
57.9590377808
57.6222610474
56.8403625488
56.6270065308
57.3858375549
58.3234786987
58.5641250610
58.0473632812
57.5636672974
57.0869522095
58.0119018555
57.3988609314
58.1048049927
57.0295524597
56.8689804077
56.7168960571
56.5231819153
55.7757759094
55.8692779541
56.4097137451
56.9527969360
58.5720329285
59.0257949829
59.4244995117
59.1222381592
58.9209976196
59.2926979065
58.3111114502
57.4003143311
57.6411895752
55.9434051514
56.6341247559
57.5323524475
57.0790557861
57.8612899780
58.8075675964
58.1742935181
57.3494720459
56.7643547058
58.1328773499
58.2537536621
57.7710189819
56.8245887756
56.9783630371
57.4634170532
57.5581359863
56.7553405762
56.9874954224
58.3480834961
60.6865310669
60.2505645752
60.3876037598
60.6982116699
60.1037445068
59.5199012756
59.0268707275
58.4561767578
58.2807464600
57.9588623047
59.2436180115
56.9170532227
55.0238075256
54.4250068665
55.9361457825
56.0832901001
54.5815124512
55.8249092102
57.7009315491
57.9875564575
59.2334327698
57.9494934082
59.0804061890
58.3648185730
56.5988693237
55.5387039185
57.3460617065
58.2046051025
59.2497062683
58.3281173706
58.6342926025
58.5011062622
59.0699882507
59.1800155640
58.5610656738
58.0671386719
57.4173431396
58.5786476135
58.5453071594
58.8970947266
58.4418869019
56.9997253418
55.9029312134
55.1271743774
55.5818176270
58.6311302185
60.3624954224
59.8813705444
60.0944290161
59.4681701660
59.4272918701
56.6102600098
54.6809921265
55.7954978943
56.1874313354
57.5622253418
58.1391296387
58.0749893188
58.2227897644
57.9450149536
58.9677810669
59.6731834412
60.3416824341
59.4200515747
58.6151390076
58.4526977539
57.8283920288
58.3093261719
57.6622276306
58.9497222900
58.0963134766
59.2479324341
58.5292663574
57.4610595703
57.3575820923
58.6086044312
60.0444908142
60.4386329651
60.2598533630
59.0379333496
59.5241127014
58.7381134033
58.1313934326
58.4563484192
57.8115615845
59.2808876038
58.3269615173
59.1931190491
61.7236900330
61.9016189575
59.8122482300
58.3384361267
58.2201919556
57.0356559753
54.7617912292
55.2242126465
57.1241493225
58.7246818542
59.5858650208
60.0198745728
60.2093582153
58.7102012634
60.6720504761
61.5037956238
61.3045310974
61.6952476501
71.1286315918
77.6835784912
78.8717498779
77.6628494263
78.6851196289
74.4803085327
70.3277740479
71.7036209106
73.4451217651
73.4906845093
71.8568420410
66.9793395996
61.3088531494
52.7086257935
50.7661094666
52.4624099731
51.8158721924
53.6537628174
53.5823593140
54.1654090881
54.5316696167
54.5908279419
55.0686759949
57.0381774902
57.2864227295
58.4255828857
62.5300865173
69.1346130371
76.8492279053
74.7460784912
68.3454208374
59.9578285217
55.2086410522
53.6831130981
52.4628028870
52.3491020203
51.5910453796
54.1509666443
54.8009262085
53.4706039429
49.1659927368
52.5915031433
54.7661590576
60.3142127991
59.1939849854
57.3147583008
52.1160545349
51.7384490967
54.0667381287
56.2579345703
56.5655136108
53.9371490479
51.7770042419
50.6393547058
52.8294715881
55.0087661743
56.6366424561
55.6022911072
55.8376007080
63.5300674438
74.9950103760
73.4810714722
75.2827148438
74.6423263550
70.1982879639
72.6435012817
79.9130096436
72.2029037476
66.5636367798
58.6766052246
59.3632926941
59.5030441284
57.3957901001
56.5682067871
60.5045776367
63.9320716858
61.9757232666
55.0084152222
53.2147560120
53.4802284241
55.7164230347
57.0394325256
58.8281669617
59.5745086670
59.9930343628
60.3849334717
60.5066719055
58.7104301453
57.1971359253
58.0007324219
59.2299499512
61.1472854614
61.6772537231
62.4922637939
64.2374801636
64.6111831665
63.9900512695
62.0717658997
63.1153373718
62.6793365479
62.1012115479
61.7142944336
60.7148513794
61.0508460999
60.2820739746
60.1126670837
59.3294143677
59.1786651611
60.9074325562
63.2211914062
63.0382270813
59.9985923767
58.7197074890
59.9927406311
62.2927932739
63.4600334167
62.0937118530
61.2423057556
62.5318832397
63.6376419067
62.9601478577
62.9550590515
63.6501541138
65.1020965576
64.5020904541
65.1001586914
63.4215164185
62.7726898193
65.3298110962
66.9785614014
68.5842666626
69.1437301636
73.8341751099
76.0335083008
77.1983718872
79.1566085815
84.8084945679
77.9711074829
77.1952667236
77.6673431396
75.3163146973
77.3963165283
81.8642044067
79.3133239746
79.4850311279
76.7028961182
75.3205642700
71.9154205322
71.2450180054
73.1177902222
76.1817321777
80.7649688721
82.5646972656
78.8570404053
80.0045318604
76.2041931152
75.8631973267
75.9806365967
77.4409484863
79.3925476074
75.6616821289
72.1449127197
65.1835479736
60.0855369568
58.9899749756
57.6575851440
58.0540809631
58.8475456238
60.6964263916
61.0252380371
63.6113281250
70.1228332520
73.0769424438
75.7919845581
75.3745956421
70.0494918823
65.5346221924
62.0251274109
63.3635940552
63.5732879639
64.1691360474
63.4558944702
63.6180763245
71.0780410767
76.4993362427
81.8476333618
77.8420181274
75.3984222412
65.4265518188
62.3895797729
59.6573333740
57.8863563538
57.4641189575
60.9388084412
62.0229873657
60.8263092041
59.0736427307
59.8008193970
57.8301239014
59.6598625183
62.1902351379
62.5264930725
59.5760269165
57.3590774536
59.1919174194
64.4911804199
68.8426513672
68.5113677979
65.1282577515
61.3455200195
61.7540397644
61.9042587280
61.5804862976
58.3820190430
56.4381408691
59.4664192200
60.6584930420
61.8159713745
60.7007865906
60.5348472595
59.1719894409
58.5663604736
59.2334060669
58.2633666992
60.1215133667
61.6797180176
63.9382095337
63.9186973572
61.2935829163
62.7452545166
62.3793144226
61.6206512451
61.3252639771
61.9741287231
66.6172637939
76.9080810547
76.1925277710
79.1632766724
79.2520675659
75.2278594971
73.4322052002
76.5465164185
75.4641876221
75.5432662964
74.2644958496
71.5784301758
73.6819839478
75.0714340210
76.0102920532
79.6381683350
78.1612243652
77.9177322388
76.9835433960
79.6551055908
76.0187911987
75.1378784180
72.1226501465
71.5467834473
70.4343719482
72.5707092285
72.8456573486
73.8115234375
73.5294570923
73.8116378784
72.5151367188
71.3354721069
69.7480621338
71.1772384644
71.4773864746
70.9494323730
72.3247070312
74.1114501953
74.5190277100
73.3044357300
72.8781509399
71.7717971802
71.1726455688
71.9709930420
71.3370132446
69.4972076416
68.4933395386
69.8243713379
71.1379394531
72.1859664917
70.8788986206
71.9252700806
69.8865127563
69.1318740845
68.2476882935
69.6480712891
69.3636245728
76.3090744019
77.2741394043
76.5391082764
76.0162811279
76.5393905640
71.5492782593
71.8336563110
72.9543380737
73.6542205811
74.4961853027
75.5345077515
74.1328506470
73.2824172974
73.5991592407
71.2239379883
71.7984237671
70.6364440918
72.6051177979
72.8712615967
72.3098754883
70.0438385010
69.2378616333
70.8424758911
71.7824325562
74.7279357910
74.7827682495
74.4968490601
72.9839706421
69.9180908203
69.8675155640
69.0925216675
70.5884475708
72.2930297852
73.1019821167
74.0809326172
73.6866607666
73.3690948486
69.1749496460
74.5457077026
73.5455932617
74.2784271240
69.0728454590
69.3012084961
69.2107315063
69.5463104248
69.2413558960
71.1613540649
70.2142944336
70.0871429443
68.7193069458
68.5547103882
69.0954055786
72.0946884155
77.3288955688
76.3613739014
78.7660369873
78.4040222168
77.6603164673
77.9978790283
76.3176879883
75.9035339355
75.0673217773
71.1825866699
74.6424942017
74.6091384888
72.9924468994
74.6644287109
73.4254760742
74.5159454346
73.5839920044
74.0615844727
73.6324615479
75.4397888184
77.1184997559
75.6063613892
74.7822113037
71.7771530151
71.5982971191
72.5326385498
72.3817977905
72.0992736816
74.3198242188
75.3001251221
75.8824539185
74.6985244751
73.4830856323
74.7346649170
79.2707214355
82.9407806396
82.3112487793
78.0215682983
77.8398056030
71.9222259521
76.9124908447
76.9245071411
69.0809173584
61.1670875549
59.8747253418
59.4012756348
61.1669349670
67.7674713135
70.0699462891
69.8505477905
67.4522094727
58.6628036499
56.6688346863
56.4209976196
57.7841720581
59.4799995422
60.8882598877
62.7847518921
63.5636215210
64.0121765137
63.4261627197
62.4540863037
61.6289825439
62.0732116699
62.5740432739
62.9766197205
61.4181900024
59.2476272583
59.8745841980
61.2766685486
62.4799995422
62.4387130737
63.0408477783
62.9217643738
62.1118583679
61.4838180542
61.2234611511
61.4071273804
62.4476013184
63.3316802979
65.9353713989
64.0602035522
63.1794891357
61.1717491150
65.0466842651
66.2193145752
65.6417694092
64.9925994873
64.4747314453
63.7939300537
62.0430450439
62.6867637634
62.9317779541
65.1659317017
67.3908157349
69.8885040283
67.1935119629
65.7330322266
67.6096496582
69.4961090088
68.1038360596
63.5435638428
62.3113212585
61.9562683105
61.9888839722
62.0774002075
61.9394340515
62.2657775879
60.1136054993
61.2721557617
62.7048950195
62.9681320190
63.4192581177
62.4478950500
64.3479232788
64.5170364380
66.8063735962
66.4078826904
62.8796920776
60.1752090454
59.9175567627
61.6833343506
61.8497467041
61.5807991028
59.3168411255
60.3694763184
59.1965942383
61.8144226074
61.8793144226
64.3737487793
63.6589393616
61.1984748840
61.7756538391
63.3125000000
63.1750679016
61.3705062866
59.1945838928
61.7273521423
64.3379745483
63.1585807800
61.5675086975
59.8001785278
60.4918861389
60.8210105896
61.7267608643
63.0546302795
62.9637832642
62.3937911987
62.5059776306
63.2807121277
63.3313789368
62.5893402100
63.3233337402
66.3127670288
67.3204650879
67.1652832031
64.5145111084
65.3306045532
65.1671295166
62.7748336792
61.9068069458
62.6269454956
62.0402526855
62.8308029175
60.0492095947
58.1244506836
57.7215423584
60.5737724304
59.9595527649
60.1174621582
58.4146842957
60.7026405334
61.5680236816
71.3884506226
76.6300659180
83.1349411011
82.3837203979
79.6303176880
71.0708847046
78.6559906006
76.8857803345
74.7729187012
68.4632034302
65.9661178589
62.5766677856
66.0360565186
69.5451431274
69.2614288330
68.6210250854
77.1939315796
74.6335830688
74.6053543091
76.2038116455
60.9270172119
59.7940368652
61.8701019287
65.4605865479
64.7048339844
67.1478500366
66.9033050537
67.1675491333
70.3348693848
66.6790924072
66.8026580811
68.1922302246
65.3659896851
63.6333160400
57.5710144043
57.9456863403
57.8361740112
57.6036987305
58.2300338745
56.7959403992
58.5229187012
59.5440139771
59.1785812378
59.3055877686
57.0084342957
60.0660705566
63.0017051697
65.9954147339
67.8524169922
70.8411483765
72.2791824341
70.4101257324
68.5300521851
66.3377761841
66.5236206055
63.1501121521
64.3751220703
62.7099609375
71.9971237183
68.4590759277
74.3632659912
72.8284454346
72.2372589111
73.2377090454
73.2638015747
74.6084594727
75.1313552856
71.4821548462
67.8396987915
63.1390609741
67.3875427246
65.3688507080
66.3528366089
66.1603775024
68.2881927490
65.8630752563
65.5651321411
65.8553619385
64.8772277832
64.0498275757
66.6177062988
67.2611846924
70.5871810913
68.0418701172
67.6754608154
68.3265380859
71.0309753418
70.1020965576
68.9882202148
67.8734359741
66.6444396973
64.4547729492
64.5185394287
66.5143508911
66.8613967896
67.9161834717
66.0547714233
64.9717941284
64.9384307861
65.3997268677
68.7656097412
69.1873016357
70.4251327515
69.2515106201
68.8103790283
67.8282546997
66.1377182007
67.1800460815
68.9950866699
66.8946990967
68.5743637085
69.7105331421
70.2442474365
75.4332580566
76.9861373901
81.0649719238
80.4616546631
76.0168533325
73.7187271118
74.1869049072
76.8794631958
78.8494338989
77.2722473145
75.7850418091
71.1325607300
73.4009704590
79.3258209229
78.1398391724
77.0510787964
75.6944885254
71.5415344238
73.1053695679
72.9277954102
74.7186889648
71.4284286499
72.6012268066
73.4410858154
72.8656921387
69.7680664062
68.5623703003
70.4901428223
70.1037750244
71.0315475464
69.8248825073
69.5325241089
68.4942092896
67.9112167358
66.9073638916
64.8791656494
64.6398773193
66.4487380981
72.1207809448
71.0961380005
69.3489303589
68.6737670898
69.4424438477
68.3394470215
70.4102630615
72.0477218628
73.3782424927
72.8239212036
72.7065582275
69.0178833008
69.8394775391
68.8911285400
69.9752731323
67.5345230103
72.3611221313
70.3777236938
67.7646713257
66.4584732056
70.8062591553
69.9236297607
67.8891830444
65.0669631958
66.6412658691
66.4530792236
70.0811462402
68.1561889648
67.5273971558
66.8853073120
68.0276260376
70.7832641602
66.2938232422
64.4521636963
62.6965827942
64.5623245239
65.5711822510
66.0685043335
63.4987487793
64.5444030762
67.5168304443
69.1464767456
67.6912765503
69.5674438477
67.4550247192
64.7666473389
62.9284133911
64.8898086548
65.6898651123
70.1753540039
70.2806854248
70.9960403442
69.8902435303
68.7407836914
67.1325531006
67.2806625366
68.0628051758
66.4888992310
62.4646339417
60.9418334961
61.2042922974
61.9711837769
65.2313995361
62.6403732300
66.0112838745
66.9709167480
68.2961425781
67.7648468018
68.2890625000
68.8702239990
65.9366607666
67.0137634277
64.2318725586
66.7272262573
66.6610870361
69.9251480103
67.9565963745
68.1489410400
66.3434829712
66.3744354248
66.7995605469
69.1155853271
68.7645111084
67.8863754272
67.6870880127
66.2203903198
67.6315231323
68.4752120972
66.7489013672
64.5641708374
66.0573959351
68.8224182129
68.6867218018
69.3455047607
68.4031295776
75.0477142334
79.4804382324
78.1802139282
76.3345184326
68.5394897461
72.4357910156
66.9983673096
63.1016387939
62.2130241394
61.7290878296
59.4197120667
60.8050270081
62.9396629333
73.4979095459
71.7019729614
71.9445495605
69.7217483521
67.5284500122
70.7130584717
66.7997665405
67.7424240112
68.4645919800
68.2540588379
67.6949462891
67.3408966064
66.7123489380
64.8464965820
67.0193328857
64.3448867798
62.5828132629
59.7598724365
54.1875877380
57.3134689331
60.1870231628
58.2865409851
58.5653419495
62.2812881470
65.7416458130
63.1827201843
59.4289169312
59.3236656189
62.6618118286
59.8108787537
57.5382614136
54.3321075439
60.8697433472
62.5935020447
63.5186920166
63.3178329468
63.4013633728
64.4162216187
63.7464179993
62.8052062988
62.0474128723
63.2154693604
64.4026489258
63.6350250244
61.1850585938
63.6538429260
65.2924346924
65.4911346436
64.3971023560
59.2894935608
62.9425315857
64.5090942383
68.1723403931
64.5544509888
64.9075775146
64.3260650635
66.0431671143
67.6919250488
67.6342163086
68.1829757690
69.1678085327
67.1877593994
67.8602142334
63.3903236389
63.2256011963
62.9597015381
61.8150100708
60.5164642334
58.4684295654
60.8797950745
62.4092483521
63.9043197632
63.7034950256
65.3105087280
68.2296447754
70.8806838989
72.7898254395
71.9292449951
67.8661727905
64.6828765869
64.2728500366
66.4116210938
65.2213592529
65.9522094727
66.6792144775
66.8293991089
62.0225601196
60.4783859253
61.9165725708
62.3799591064
60.6255149841
60.9644813538
65.9575195312
69.1514282227
68.8586578369
66.0177459717
68.1891021729
70.0149154663
72.2235794067
72.5531311035
67.6896286011
64.9248428345
64.8687286377
63.6909065247
62.5658950806
63.3266067505
65.0946502686
64.7215576172
63.2083816528
66.1723709106
68.8450469971
68.3216857910
66.0130310059
67.7093811035
75.1758346558
73.9792251587
73.0828399658
74.4448242188
71.2500686646
71.2805252075
66.5624847412
64.0352706909
61.5970191956
61.8869781494
60.7793350220
62.3150787354
62.2824020386
63.2196273804
58.8374290466
57.2570953369
56.3792800903
58.2512283325
60.0200424194
59.0102615356
59.6171073914
59.5636520386
59.6001625061
58.7332611084
59.1830711365
58.0953483582
58.9619369507
60.6770553589
59.0000724792
59.8050460815
60.8482131958
61.4785614014
60.9783821106
61.2676620483
61.1669120789
60.7396392822
60.5790557861
60.5848999023
61.0449028015
60.4880104065
61.8053512573
60.9611511230
60.8295211792
59.3082771301
59.3602790833
57.9882431030
59.4686889648
60.2478675842
60.8368759155
59.6703834534
59.0504531860
59.1691551208
59.1174812317
59.9126358032
60.6135520935
61.8543930054
59.3118972778
58.4863052368
59.7683906555
61.3082962036
61.2926483154
62.2040786743
62.1952209473
60.6721649170
59.1295776367
58.9456596375
58.9114952087
60.0146522522
60.3523788452
60.9133644104
61.0077514648
59.2174148560
57.6977691650
58.4483222961
59.3397331238
60.2549057007
61.6927413940
63.1647682190
62.9140739441
62.3420333862
63.1886138916
62.4499130249
63.2568283081
63.6051177979
62.2406654358
61.9356002808
62.4051513672
63.0638008118
63.5479660034
61.4189186096
61.6230278015
61.0493545532
58.4970970154
57.7391967773
58.0200347900
60.9193763733
61.9067840576
61.1291923523
62.3208503723
78.4687805176
77.8032531738
80.8733367920
76.8310699463
75.0965270996
70.0058288574
74.0308227539
73.6350555420
80.8223419189
83.9859085083
87.1361160278
79.2819824219
80.0787506104
74.9919204712
69.0538711548
65.2393798828
58.0703620911
57.7828674316
57.8091278076
58.2241058350
58.6411743164
58.6689147949
60.2874870300
59.4491043091
59.8242263794
59.5224800110
60.9513702393
62.4004592896
61.7452507019
62.5761413574
63.1559829712
61.5706253052
60.2103157043
60.2589836121
60.6868171692
60.2311439514
59.4859504700
59.5178642273
57.7801895142
58.8952941895
59.2578735352
60.2963180542
60.1850624084
59.3457336426
61.6213874817
62.8655967712
62.1972007751
61.0654563904
60.5073394775
60.3599777222
60.7957153320
61.2845306396
62.3633918762
61.6940917969
60.4047317505
60.0334663391
60.3517837524
61.1990127563
61.8682708740
62.2540588379
62.7392349243
61.2735824585
60.6970520020
60.7910232544
60.7885284424
61.1108856201
60.9525146484
61.1196517944
61.4525909424
62.1899795532
61.8071975708
60.9843139648
60.7060432434
60.4289474487
61.4810867310
61.1419830322
59.6048316956
59.0314559937
59.4163131714
59.5240974426
59.8929595947
60.9174232483
61.2837142944
60.8453063965
59.9750900269
59.7294998169
59.1943817139
60.4339408875
60.8466949463
60.5813789368
59.6222648621
59.9775466919
60.9177360535
62.3431167603
62.9984893799
63.2318954468
62.7506980896
61.2635803223
61.0351486206
60.8428802490
60.6974105835
60.0345191956
60.2581520081
59.9070816040
59.8978805542
59.3571090698
59.5919914246
59.9477653503
60.8658218384
61.5964202881
63.1670379639
63.8042182922
64.1759948730
58.5326652527
58.7045326233
61.8872146606
61.9482116699
61.6228675842
61.9249725342
62.7888641357
63.5466804504
62.8049278259
62.4200477600
61.6566238403
62.3450088501
59.0054206848
58.5682563782
58.3203773499
59.1378784180
60.0884094238
60.5387878418
61.6712150574
60.4226837158
64.3660507202
64.6271057129
65.4660491943
64.3689422607
60.9609146118
60.0591659546
59.6647109985
58.7312622070
59.3563079834
61.3776550293
59.8252868652
58.2738075256
57.7134628296
58.4855575562
62.7324371338
62.1689224243
63.6293563843
61.9530944824
59.4318313599
58.8399200439
57.9455184937
58.2010459900
58.3595848083
58.9819908142
59.4723510742
60.8689041138
64.6539916992
64.8177490234
64.1252517700
62.0707511902
63.2449607849
62.5116577148
59.3035507202
58.5379753113
58.6932907104
58.8039817810
59.3242111206
58.7664108276
59.3900451660
59.2232170105
58.9464378357
58.6548423767
59.2698097229
57.6528968811
58.3959579468
60.2254142761
61.1567306519
62.7143974304
59.7539939880
60.0279006958
59.1634521484
61.3900299072
61.4319915771
61.6475982666
63.0278778076
61.9679527283
59.7089881897
58.3059616089
58.5638427734
60.0398979187
60.1525993347
60.2894287109
59.7483825684
59.6984939575
60.4805793762
60.2413253784
60.5267410278
59.6086196899
60.4639282227
61.9934959412
62.6949157715
64.2919692993
60.2795867920
58.1810913086
60.8751754761
61.9311370850
59.4453506470
58.0297203064
58.5489425659
61.3510246277
60.3754234314
60.5259742737
60.4774742126
60.2720642090
62.9854202271
62.0858726501
60.6223793030
60.0608253479
59.6655540466
60.1638870239
59.6002273560
59.6776199341
59.6392135620
59.3651771545
58.9353408813
60.4185791016
60.5262298584
59.8661613464
61.4361648560
59.1130027771
58.7959594727
59.2393112183
61.3506393433
59.3198242188
60.7068595886
59.8890609741
59.8971099854
60.3718910217
61.5386428833
61.9058036804
60.6206054688
61.1215476990
62.3217468262
61.5775108337
60.2839431763
58.9466018677
59.4797515869
59.1257629395
57.0518608093
57.2780838013
57.6246299744
58.7890892029
60.8548965454
61.5914535522
60.2511940002
60.8380737305
61.1915092468
59.4579010010
58.8481941223
59.1263237000
60.4176063538
59.6142272949
60.8259124756
62.3686790466
63.4377708435
63.4132003784
61.7884979248
62.4848022461
62.0931549072
62.2849121094
61.7913513184
62.0850906372
62.0339431763
63.0816650391
63.4965057373
59.2060737610
60.1805419922
61.0511131287
61.0370140076
62.3347549438
60.6220855713
62.7746849060
62.4697723389
62.0000724792
61.3656311035
58.7276268005
61.6694259644
62.5127410889
63.6233062744
60.4672050476
59.9213333130
60.1401443481
60.7203598022
61.4285430908
61.9012985229
63.3107833862
63.0017662048
65.3620147705
64.6127777100
64.6490478516
65.1189956665
62.8484573364
61.0251922607
62.9112281799
63.3991470337
63.1824722290
62.2791213989
60.2880363464
60.1025619507
61.2879562378
62.8632774353
62.3582763672
63.4715080261
61.8405990601
62.6196784973
61.0896720886
62.9158782959
61.6377067566
63.2486495972
63.8479423523
60.2757148743
59.6756629944
56.7006874084
59.0575256348
62.3563613892
63.5195312500
64.0419921875
64.9904098511
64.6324996948
64.9100112915
64.7075119019
63.2394866943
62.0158195496
61.6880340576
63.4210433960
62.1964721680
61.6846313477
61.2999038696
61.6841888428
62.7354278564
60.6689567566
59.4046554565
57.9301147461
59.5276679993
59.9712448120
59.9313888550
59.9745521545
60.7743301392
61.8405456543
62.4455718994
60.8409194946
60.6016159058
61.7401390076
62.6948051453
63.5013351440
62.4288482666
65.1258087158
63.3038711548
64.7101745605
60.2494087219
59.8567123413
58.8153724670
60.2569427490
62.0532226562
63.7445068359
65.6051559448
64.9310760498
64.2886657715
64.5345077515
65.9525680542
65.5024185181
61.8619422913
61.8630104065
62.1283454895
63.1415863037
63.9254989624
63.2564392090
63.3236351013
63.3384971619
64.8917541504
64.0895690918
61.3122177124
59.8077163696
59.6205215454
62.4221343994
61.4995307922
61.3434066772
63.1879920959
64.2140197754
64.5867080688
62.3324203491
61.2499275208
61.5500335693
64.1136016846
63.6022415161
64.9661483765
66.1929168701
66.7442169189
63.3052902222
59.1545867920
55.3813476562
59.3199577332
60.9527130127
61.7105255127
60.8485984802
61.1596794128
61.9979476929
64.5402755737
63.4195251465
64.3013381958
64.8725814819
64.4870910645
63.6013221741
62.4289169312
63.3456878662
65.6935195923
65.6521835327
65.2914657593
62.6079673767
61.8161773682
61.7179908752
62.5474014282
63.9188232422
63.5109786987
63.3027725220
61.5106620789
61.9035987854
63.4780616760
63.9027900696
63.8869743347
62.2618293762
60.8353614807
61.4961738586
62.6326675415
61.1376914978
59.5025482178
59.7573776245
61.1367301941
61.3059883118
61.5130577087
60.5795440674
61.7243041992
61.2349052429
64.0207214355
63.0053749084
63.5958671570
62.0370903015
62.3576049805
61.1943511963
61.3182983398
60.4427986145
62.0725479126
61.8940200806
61.8023300171
62.3723411560
62.2723159790
62.9911651611
63.0074844360
61.9968528748
60.5198173523
60.1152343750
60.4078903198
60.6986541748
61.1554183960
61.7248191833
62.3744354248
61.7523460388
61.4760169983
61.5108528137
62.9523658752
62.5105514526
61.2847518921
60.8664436340
61.7803802490
63.0966758728
62.0551376343
61.4623641968
60.8211135864
61.5239791870
61.5470809937
62.9044914246
62.7277259827
63.1076507568
62.0609092712
61.7095718384
61.6044082642
62.3102798462
62.2340660095
60.5165748596
60.4301605225
60.3156852722
62.5342025757
62.0860671997
61.3363342285
60.6884307861
60.6878776550
62.1253051758
61.0580825806
60.4610671997
60.4680099487
61.3529624939
60.2987442017
60.8247756958
60.1061515808
61.6126213074
60.9426689148
62.5646553040
62.1074981689
62.8048171997
62.2991638184
60.1548271179
62.1870613098
60.7861862183
61.3712577820
61.7372894287
62.4899597168
63.3768501282
61.5578002930
64.2803802490
62.8164291382
61.9626617432
60.5416221619
60.6987571716
59.3354301453
61.2600173950
67.1335220337
69.9869003296
70.3195877075
68.1132659912
64.1677703857
63.9522666931
61.9020156860
61.8870162964
61.2797393799
61.5013351440
61.3503875732
63.3429183960
62.9236145020
61.7410049438
62.4564743042
63.4615631104
65.2595138550
65.5083923340
65.5910415649
64.8080902100
65.5267028809
65.3986892700
63.8041229248
62.7044448853
62.4713211060
63.2477951050
63.0291633606
63.0694198608
63.4156341553
63.0740051270
64.8004608154
64.6525573730
63.9091377258
62.3078765869
63.8658561707
62.0764312744
62.2472152710
62.9963226318
65.6942291260
65.9252090454
65.3667297363
63.4123687744
63.8294868469
62.6405487061
61.1381378174
61.0218658447
64.0745162964
62.3920021057
61.0448875427
60.1277694702
61.5807113647
60.0144042969
57.7480545044
58.3350143433
60.7559356689
62.0156860352
62.4478683472
62.4741744995
63.0032501221
62.6970977783
62.2721099854
61.9683036804
61.6780395508
62.8820343018
63.1433639526
62.9912147522
62.5767745972
63.3002777100
62.7079811096
63.1357612610
62.3174591064
62.3008079529
62.9502716064
62.3927154541
59.8561401367
60.8319549561
62.4092407227
63.6861038208
62.8230209351
63.9173812866
63.7766304016
63.2202453613
62.5199432373
63.4565887451
63.7126998901
63.6928710938
64.8215103149
65.4848022461
64.7396926880
63.5344886780
63.6469879150
64.6171875000
64.9292831421
64.4218750000
63.3994789124
62.2889900208
61.1681671143
61.8415565491
62.7477378845
64.1728668213
62.7468872070
62.6079025269
62.5932044983
63.1318931580
62.7138175964
62.4000473022
62.3618850708
62.6455230713
63.6314926147
63.3104705811
63.3355522156
63.7706756592
65.8226394653
64.2419738770
63.3557662964
63.4540748596
63.9144134521
61.2822799683
59.2860717773
60.4580726624
62.1192321777
62.1723327637
61.9696426392
63.6106185913
62.9296264648
62.0806541443
61.7624359131
61.6813507080
63.1500205994
62.3589439392
61.8075981140
62.0200157166
62.7556991577
63.9792366028
63.2879486084
63.4906425476
63.3355102539
62.8976211548
64.0171356201
63.5238800049
63.9685783386
62.1539802551
62.2526550293
61.3614158630
59.7273063660
62.1782913208
62.1733741760
62.8468284607
62.2680130005
62.5965652466
62.9728126526
63.8111000061
64.5141525269
62.6401748657
62.4717559814
62.1794662476
63.8580017090
63.5593643188
63.7765541077
64.0307769775
63.0911178589
62.5786361694
62.8355903625
62.1477241516
62.6635360718
63.0733566284
63.4944152832
61.1899032593
61.4266891479
61.0682220459
61.3828735352
62.2376518250
62.9041900635
63.6699676514
63.4684829712
64.2627487183
62.2347145081
60.8787155151
61.5912170410
62.1851882935
61.9712409973
61.5434646606
60.6325454712
59.9933967590
60.9588775635
63.2114830017
63.1515312195
63.7911148071
64.5862579346
63.8316040039
64.0751571655
64.8623504639
65.1395263672
64.3918151855
63.4614944458
62.2526245117
61.1385498047
59.9484748840
60.8394546509
61.4953880310
64.7435455322
63.0251922607
62.9317321777
63.5358085632
61.6743774414
60.0020484924
60.2695846558
64.6685791016
62.1551856995
60.0153007507
60.0448608398
63.3928184509
62.5137329102
61.0847778320
59.4795074463
59.3889694214
62.5695037842
61.6570968628
61.3327865601
61.6565933228
61.3647918701
60.7830810547
61.4693603516
62.0863723755
63.1846351624
62.4203186035
62.1211547852
62.1676902771
62.3365097046
60.6498451233
61.0704956055
61.5398788452
63.8600616455
63.3834457397
63.2795867920
62.2163391113
64.2035446167
63.8496170044
61.7856216431
61.9555854797
61.9920730591
62.5790328979
62.1043777466
59.3652343750
60.8642692566
61.8577384949
62.5682907104
64.6971282959
64.0290832520
62.5631217957
59.8141670227
60.6772003174
63.4159698486
63.5211029053
62.9044609070
63.4354705811
62.5106811523
62.9646072388
62.7491569519
63.0198173523
63.6922607422
63.8956069946
63.2391128540
61.6730880737
60.4095535278
61.7979202271
61.3803329468
60.4208908081
58.9628562927
62.1845703125
62.2392768860
62.7965011597
62.6942825317
63.5948562622
63.5643615723
63.0380210876
62.6509971619
63.2633361816
62.6564712524
63.4604110718
61.2583732605
65.1598587036
65.6930389404
63.2697257996
63.2767524719
61.3616104126
61.4567031860
61.1996765137
60.0503044128
60.6214561462
59.2864608765
58.8930130005
60.0113296509
62.0701026917
64.0854568481
63.0031661987
62.2963027954
61.6176185608
62.3635330200
62.6648941040
61.5400543213
61.4532432556
62.8664474487
64.5568618774
63.0119895935
61.6055526733
61.1059417725
62.1050567627
62.4945449829
64.8850708008
64.6352081299
64.0040893555
61.8642272949
62.6472015381
63.3667221069
63.8004837036
63.6262817383
64.3951568604
62.4177894592
61.5359802246
62.5604896545
65.2499542236
63.8379631042
63.6497955322
62.6642074585
61.4693450928
59.3201980591
60.0728988647
62.2560043335
62.9790763855
62.8384513855
61.1911392212
61.7476730347
61.9974594116
64.0885467529
63.9187507629
64.5720443726
65.4742584229
64.6412124634
63.6180267334
62.4373016357
63.4411888123
67.3641662598
67.9987106323
66.4726028442
63.8979835510
61.2419509888
59.7930526733
61.3689346313
64.2602386475
63.8463058472
63.4686965942
62.4940452576
63.5040855408
65.1672668457
65.0883560181
64.6106872559
63.0343246460
62.7483863831
62.2400321960
62.7330169678
62.8575286865
63.5191879272
63.2905807495
63.4812965393
62.4803695679
62.7509994507
62.8803329468
63.6378517151
62.3900604248
62.6394767761
63.1555557251
65.3305511475
65.6121826172
66.0502548218
65.0589447021
66.0137100220
66.1593093872
64.9932479858
64.0419464111
63.8822784424
61.9944610596
61.0638504028
62.2122764587
63.5714645386
64.7895965576
65.0553283691
63.9711380005
63.5258255005
62.5783004761
63.9781913757
64.5340652466
64.5433807373
65.8139038086
62.9814186096
69.3613586426
71.3465270996
76.6534500122
77.2709579468
79.8980102539
76.0088348389
72.9948043823
71.2963409424
72.0218582153
71.5556182861
61.1040649414
66.2945251465
68.6789703369
66.4929962158
58.8494720459
51.2994422913
50.4802856445
51.6368713379
55.7029151917
59.7990760803
58.0174331665
54.8472061157
52.2517433167
51.8443717957
51.0204772949
49.8522529602
51.1705741882
52.5570297241
52.8326606750
55.4313964844
61.5795898438
64.4665832520
66.4393310547
61.4235725403
58.3804855347
55.1435394287
55.5206375122
61.3441619873
57.1428298950
54.8445663452
50.9882354736
53.4454689026
53.8102569580
54.2188186646
54.7780609131
53.5015411377
54.7045135498
54.5033226013
56.4666290283
56.8743057251
56.7866744995
54.9469757080
54.8740081787
56.9538688660
56.4015235901
55.0619964600
53.4621276855
54.9098396301
55.9293251038
57.8292732239
57.2366485596
57.1083793640
55.4625511169
69.6668853760
73.0763397217
82.5631103516
83.0877914429
84.3277740479
79.0401687622
76.5104064941
73.6409606934
68.6320266724
63.0988464355
58.9403915405
54.4652976990
68.3948669434
75.0419464111
77.8395996094
75.7668151855
72.8006134033
61.2894325256
56.7538452148
55.0113410950
54.6771011353
55.9338188171
55.5768928528
53.7983207703
56.5188903809
67.3453369141
73.7813110352
80.9813156128
82.3106689453
82.8792190552
80.8905792236
83.4007110596
81.0803680420
74.6368484497
67.9001007080
62.7037429810
62.6957778931
62.1809082031
60.7300720215
59.5223770142
59.6335296631
59.2709121704
57.7425575256
56.4862556458
61.2292251587
62.3789367676
60.7838516235
55.7658233643
56.0152015686
58.2507019043
60.6898307800
60.2458915710
60.2503890991
58.5126686096
60.0133705139
59.3495597839
59.7679672241
56.6676864624
56.2197456360
59.3931732178
62.8755836487
60.6631431580
59.5983695984
60.8572006226
60.9601440430
59.6464538574
57.8347778320
58.1283187866
60.1052513123
59.5248832703
60.3951454163
60.4169998169
59.9170761108
59.0199966431
58.1339836121
60.6406631470
60.9787940979
58.8238372803
56.4390258789
57.0191497803
59.6723976135
60.3868865967
59.2129745483
58.6489295959
58.8806533813
59.8339614868
59.5268211365
59.0979537964
59.4225387573
60.0562515259
64.2220764160
63.4761505127
63.9170112610
63.3301162720
63.4031105042
62.7729148865
62.4005546570
63.9425277710
64.5453796387
61.5613975525
60.7206420898
60.4076461792
61.7357177734
59.0796012878
58.0968742371
59.9525375366
61.4242286682
62.2399368286
61.7149276733
62.7991371155
63.8153076172
65.5995941162
66.7647094727
67.5455627441
68.9876098633
68.3444442749
67.3104095459
61.8814735413
59.9500045776
60.1965713501
60.4689598083
58.3766250610
55.3892745972
57.8621406555
59.1664314270
63.1645660400
63.1623878479
61.2329292297
58.5779724121
59.0486106873
62.8247680664
65.7878875732
67.1599807739
66.8512191772
65.0121459961
62.9899444580
63.0586090088
63.4765472412
61.5781402588
63.2994079590
63.5368003845
61.9171791077
58.1746788025
57.9087371826
59.1750411987
58.6469001770
58.5559692383
59.0900421143
60.8760070801
63.1648635864
67.3748168945
68.4799194336
67.9109420776
68.4926681519
70.0161590576
69.9396209717
67.0533447266
66.2831344604
65.8947830200
65.0988464355
62.6685676575
62.7907791138
62.7650489807
62.7892074585
63.2413177490
62.9255065918
63.1308174133
59.0724792480
59.1483268738
60.7288055420
62.6750564575
63.7709655762
65.7116317749
71.8470611572
73.2594299316
75.8406906128
77.4034652710
82.3952484131
88.4484024048
90.0904846191
89.1111297607
80.1590652466
79.0077514648
65.0137710571
59.5271492004
57.0671157837
56.4645919800
57.0055084229
57.7611465454
58.4100303650
57.4445266724
57.7575035095
56.2336845398
56.4931983948
57.8375511169
57.9000473022
56.8512725830
54.0492591858
55.1243057251
57.8855819702
59.6363983154
61.6720123291
60.2783775330
58.2785491943
57.8720893860
59.7979888916
61.1955184937
61.2815856934
60.7985992432
60.0828857422
61.4260253906
61.9722366333
62.1062622070
61.6166305542
61.4496040344
61.5994567871
60.6695899963
60.2700500488
61.1656379700
61.7905845642
61.0893859863
61.1016464233
59.2054443359
61.2132186890
61.4555206299
60.9526138306
58.6956939697
58.3503570557
59.1251869202
62.7584724426
65.5037536621
64.3332519531
60.6550750732
54.7897415161
56.3612098694
59.1505889893
58.8477783203
58.0873413086
57.5671310425
58.4675064087
58.4938201904
57.1083526611
55.9371185303
56.6834869385
57.2359771729
58.9121398926
59.6401367188
60.4390411377
60.3774414062
60.9268188477
61.2202224731
60.1049423218
58.9482650757
59.1865539551
59.5506439209
58.7306365967
57.5667343140
62.8832893372
63.3156700134
61.8363380432
59.5045661926
60.7497482300
61.4759902954
60.5944671631
58.2197799683
60.3192977905
61.4594039917
60.4165115356
58.7622337341
58.8132095337
59.9120407104
60.0571174622
60.0002136230
60.6586303711
61.3675422668
64.0072250366
65.0466003418
63.2344894409
62.4878273010
63.6550254822
65.6410217285
67.0086975098
67.9556274414
68.3108367920
66.9005050659
64.6382217407
63.4453697205
65.4549713135
65.7104263306
66.3863220215
65.7050170898
64.8161773682
64.7345352173
64.3768463135
63.4508972168
62.5949020386
62.8864517212
64.0735321045
64.1105651855
64.8455963135
66.0006179810
69.4340515137
73.1056365967
75.7176361084
79.4792098999
79.2645874023
77.6418457031
71.7747955322
71.5382080078
71.0181503296
67.3357086182
56.1575279236
54.4520797729
52.9665679932
53.0413093567
52.8296356201
53.4684829712
54.4971084595
63.3846359253
63.8543663025
64.0615081787
62.0187072754
56.0736274719
55.6953735352
56.8825683594
56.4590339661
56.4071769714
58.0333023071
60.0218505859
60.1941680908
61.2051239014
61.9844894409
61.6296195984
59.4511947632
56.4855461121
56.6483078003
58.9143600464
58.8400611877
58.0488739014
58.8633804321
58.8243026733
59.4426841736
64.0379333496
61.2051048279
60.5199851990
56.3769226074
56.8041419983
56.8835411072
56.2366104126
56.8983612061
56.1157379150
56.7359008789
56.6748390198
57.0121650696
56.7795639038
54.6893005371
53.5842666626
54.0719604492
56.5187721252
56.1508369446
55.6465873718
55.7129898071
55.6696434021
55.6270828247
54.9633750916
55.5238189697
54.9604530334
54.9290657043
54.0636978149
53.9492034912
54.0846328735
54.2773971558
53.6026954651
54.5716247559
58.2276687622
58.5973052979
59.9245986938
60.5687332153
59.2436790466
57.1740798950
57.4528694153
58.0524940491
58.4175033569
62.5134811401
70.4411468506
74.3951263428
74.5868759155
71.3212432861
65.7535400391
61.3054237366
56.7651824951
53.8262214661
53.0013198853
55.3175697327
55.2853393555
55.7826728821
55.4286766052
55.6358451843
55.5742378235
56.7288894653
58.5844535828
57.8692092896
61.4774932861
75.2643203735
80.0875778198
83.6038894653
77.0930709839
73.2150192261
72.5540847778
70.4362335205
63.4163703918
56.1760253906
52.5163955688
51.4381217957
50.3692550659
51.1875457764
53.4803428650
57.2634391785
57.8853302002
57.2228088379
59.4102210999
60.8124160767
57.9071121216
56.6910552979
58.5590591431
61.4774360657
58.9245872498
57.6385421753
57.0218086243
64.2959747314
59.1740989685
56.6418418884
54.0168762207
56.8000831604
55.2383193970
55.8356208801
57.1443176270
61.9720153809
63.9953842163
66.8632049561
66.3502120972
60.6782836914
58.9654312134
62.2321815491
65.9105148315
60.8211402893
57.5841217041
59.0015487671
59.0052490234
55.3386001587
54.8343009949
64.9970550537
67.1312484741
64.7403945923
60.5458221436
56.5158882141
57.5391807556
58.0610618591
61.6081466675
57.7795791626
55.3596115112
59.8504409790
65.9381103516
67.6135940552
65.7077865601
65.4027252197
65.4122390747
70.3765869141
72.1305236816
76.4253692627
74.6999816895
72.2869338989
68.1290283203
69.0796127319
76.4235763550
82.6404266357
77.0142059326
73.8753967285
70.4931564331
71.0668792725
71.2363052368
70.3962173462
69.0981903076
70.5172042847
74.4817123413
73.3605880737
72.9954299927
69.0858078003
72.8424377441
73.8968048096
74.7021942139
71.6374664307
73.0288467407
74.0766067505
74.6337509155
71.7008361816
68.1140899658
67.9052124023
67.3690338135
70.4238281250
70.9952850342
73.5138778687
73.0637741089
70.4035720825
70.0049362183
70.8202590942
72.2130737305
72.7526397705
74.1532745361
72.9804229736
72.4140701294
79.6505050659
78.8736190796
83.3584365845
74.1655120850
70.8482589722
67.9957199097
73.3426132202
73.6836776733
75.6688613892
72.5754241943
73.3612518311
74.3465957642
73.2564773560
72.5344619751
72.7066192627
72.8795547485
74.8066558838
74.8702545166
78.8307342529
71.2661132812
67.5544509888
67.0841369629
69.3041076660
67.8658447266
68.5566482544
65.6643371582
69.2975463867
67.3722610474
68.3269500732
66.3388824463
65.0223007202
66.2708435059
66.4792556763
65.3262481689
64.4651718140
65.0532531738
65.3175430298
65.1528778076
65.2061462402
67.3687133789
68.5888748169
68.0437240601
66.3713073730
65.7226943970
67.4060363770
69.9207382202
68.6777877808
67.5069503784
64.3302383423
65.9766921997
70.5181121826
66.9882278442
66.0304031372
64.8661117554
68.3278503418
66.9638214111
69.6567611694
66.7770996094
63.6125373840
63.3490219116
63.7367248535
66.5233001709
65.6027526855
67.0056991577
65.7359924316
63.9733581543
62.3198165894
60.1588363647
58.9431304932
58.0152664185
58.9749374390
61.3551254272
62.6339950562
64.0221633911
62.0123748779
63.0830307007
62.8772430420
63.6589736938
60.9201507568
59.7046852112
60.4052543640
60.6051483154
57.8508987427
58.1359329224
59.6425399780
61.0300445557
60.6790008545
58.8221359253
65.5900421143
65.5710830688
63.0197067261
59.0196228027
58.1484146118
62.5587997437
61.4548950195
61.9719352722
61.6400451660
62.2019424438
59.0544815063
58.2815551758
59.1921463013
62.8231697083
63.0295867920
63.5787239075
65.6231384277
65.9467620850
67.7637481689
64.0864944458
63.6447067261
63.8558311462
63.0933074951
63.2785034180
63.2902679443
61.5031623840
60.7545585632
57.9749717712
58.4681472778
60.4065589905
60.2917900085
60.1305580139
60.5770454407
62.5558242798
62.5617942810
61.7364845276
60.8357238770
59.1191024780
58.1935882568
57.6322555542
57.2362060547
60.2462310791
59.5476036072
60.7827377319
60.4981117249
61.4241256714
61.9729347229
61.1059875488
59.8251724243
59.2519645691
58.2756576538
59.3323593140
59.6482009888
61.1272926331
60.8263320923
63.0161972046
62.0445861816
61.6793479919
58.6615524292
58.8100662231
60.9714393616
62.5699386597
61.5029602051
62.9562377930
64.6840057373
62.4669914246
60.5118560791
59.0784683228
60.6533279419
62.3637886047
63.8987960815
63.1364440918
60.9889373779
60.6492424011
60.9194869995
60.2025299072
60.4764900208
61.5444450378
61.4675941467
59.0400276184
57.7627563477
59.3477478027
59.9790649414
61.4292526245
59.9196052551
60.4537734985
61.8434829712
61.3682174683
59.3175430298
60.5651626587
58.9449729919
62.1387214661
61.4745597839
60.3774833679
58.6224403381
58.7167358398
61.0603866577
60.0656738281
59.2554321289
62.0781021118
63.6561698914
63.1645812988
61.2069091797
64.8288192749
64.7881851196
63.1740722656
60.7525329590
65.6961669922
71.1455154419
74.4522857666
71.7503967285
66.0374526978
71.5397033691
77.8819351196
72.3343124390
70.2809906006
64.9003601074
60.4487991333
55.1042442322
53.5089225769
56.5121154785
59.4540977478
56.2864418030
50.1339836121
51.4296798706
65.6265563965
71.0494995117
78.3820953369
80.2369613647
75.4863128662
80.9777908325
85.5277633667
85.9390106201
82.0811386108
78.6062927246
81.8212738037
80.9072570801
74.7693862915
71.3809204102
68.1460876465
65.2725143433
63.8992156982
64.5173950195
63.7118301392
64.5676574707
64.6914520264
62.6541824341
64.4426879883
64.3423767090
64.7592086792
64.4539718628
64.7013702393
67.2863845825
66.0745925903
62.4925613403
62.0242118835
64.1212387085
65.5712203979
65.1368713379
63.5998802185
63.0086555481
63.9014205933
64.4354400635
65.6042251587
67.0863342285
67.0143966675
67.4642639160
66.0920639038
66.1804809570
65.4391174316
67.5715332031
68.6092987061
68.8899459839
66.7622680664
65.1035156250
64.6166915894
63.5319976807
67.6292037964
66.9931945801
66.6328964233
65.4728393555
65.8013992310
65.7239608765
64.7534484863
62.0839042664
63.3121871948
66.4074478149
67.4736404419
67.1590499878
67.5477905273
68.0678787231
66.8014984131
64.2098999023
65.6522979736
65.4692764282
64.1882553101
64.3740234375
65.4467315674
66.5763854980
66.4321823120
66.8677291870
67.8032913208
68.4446487427
68.8935470581
68.1692733765
68.3786163330
66.8038711548
67.8639602661
71.7818603516
71.5606384277
71.5883712769
70.4530334473
70.5877380371
71.9790344238
72.7086105347
71.2711105347
72.2135772705
70.2199020386
70.5752410889
69.2291107178
68.4995269775
68.1686935425
68.7920150757
68.2557907104
66.5458755493
65.4583206177
65.8350830078
64.0778427124
63.4756126404
63.6926689148
66.3797836304
66.9600372314
65.5169143677
66.3810958862
67.9362030029
70.1785049438
70.5159988403
68.8622283936
66.4524230957
66.0980834961
68.2665634155
69.1181182861
70.6903457642
69.7240982056
68.7762832642
70.6541900635
78.8417739868
78.6546325684
78.9418487549
75.3737106323
79.9917907715
75.8101882935
75.8007583618
74.4913024902
70.2179107666
68.6714782715
62.0387802124
60.5875205994
63.4556922913
61.4315299988
64.5841674805
63.2008056641
64.8321456909
63.2301330566
61.9393997192
64.2843475342
63.6647834778
65.5977783203
63.8095169067
62.9690895081
62.8875541687
64.6273880005
65.5746536255
65.4805297852
65.5158615112
65.4119186401
65.2166213989
65.3148040771
63.4976692200
64.4833831787
64.6200408936
63.4566879272
64.3307723999
65.1822967529
65.9642410278
64.5056991577
61.8252563477
58.3576698303
59.0565795898
65.0712738037
66.5105361938
66.9369506836
66.5382690430
65.4144897461
65.0251235962
66.0268859863
65.8448333740
66.7153625488
67.6221618652
73.6551742554
76.2331466675
81.0269165039
81.2133483887
74.3319854736
65.0681610107
72.9514007568
78.1887664795
78.1357727051
78.1337814331
71.1996307373
69.1859741211
69.5461730957
71.7568588257
72.8505249023
69.3671493530
64.8133926392
64.4644241333
65.4943542480
66.3008041382
67.3256225586
64.2780380249
62.2162666321
62.7758636475
60.4799308777
63.2179412842
64.3980331421
66.4276046753
64.6829223633
65.9796905518
65.4043960571
64.7895278931
62.3449020386
62.4026298523
64.9642944336
64.8914413452
65.5745086670
64.4369049072
66.6804809570
67.3279953003
71.5101013184
73.1112823486
71.4251174927
71.2873001099
69.4346160889
69.2255172729
65.1998138428
67.1102600098
61.5268287659
61.8874664307
61.6628646851
61.4960517883
57.5152244568
55.7562789917
56.7280960083
60.3435440063
61.2453384399
59.4606094360
56.5576629639
55.5525321960
56.7861480713
54.4180145264
53.4442634583
54.5528335571
53.1355514526
49.7341384888
51.8074531555
53.1614227295
54.8403205872
56.7868194580
60.1891174316
56.6662673950
55.7351570129
57.5346488953
60.1668090820
61.2357788086
62.2916946411
65.7450408936
58.5240287781
55.2063903809
51.7306671143
55.2527503967
53.6455574036
54.1058921814
54.4708480835
53.0794525146
52.0923919678
53.4240875244
56.2040939331
54.1640739441
53.8507728577
56.2461013794
59.7084503174
59.5013465881
56.4716300964
57.1322059631
53.1566085815
54.6385574341
54.6148910522
56.9469375610
68.3945083618
67.7615509033
68.3369750977
69.2082748413
65.3276138306
71.8203659058
70.8564834595
74.8522796631
76.2047042847
79.7495040894
77.6846923828
69.9350738525
61.8808631897
57.1341400146
58.6479187012
58.1794586182
56.7592010498
54.8835067749
55.0590858459
55.5234527588
56.9915161133
57.7632331848
57.5039596558
57.3031158447
55.2016448975
55.6908836365
56.5893554688
56.7887802124
57.8545303345
57.8433876038
60.2114486694
61.1050758362
60.5401763916
62.6660766602
58.0075531006
56.8496093750
56.5891418457
55.2090950012
53.3024444580
55.4598846436
55.9926300049
57.1865653992
56.1734619141
56.3599777222
56.2009048462
57.4888839722
56.6612892151
55.9692611694
57.2438278198
57.5958786011
58.6877593994
57.8700256348
56.9611778259
57.6335525513
59.4337768555
59.6360702515
59.6966247559
58.2064590454
55.4535369873
57.0153121948
59.7069587708
58.8570175171
58.9096984863
57.0804672241
56.3190612793
57.2023200989
57.5241165161
57.3211212158
56.7280235291
57.9803771973
58.7599868774
60.0728187561
55.3510818481
55.8935661316
59.2066497803
56.8423728943
59.0033493042
58.6975555420
58.9781417847
58.8869094849
57.9392318726
57.7860183716
57.8078880310
55.8643569946
58.7264785767
58.7710762024
57.3849487305
55.4495697021
57.9167251587
60.5840835571
60.8755416870
60.2844047546
58.4638366699
59.1762199402
60.4182128906
59.1299743652
57.6811218262
56.0392608643
54.7328643799
57.6909713745
61.2167663574
67.6127395630
68.0609893799
69.5374221802
70.4291458130
73.8064804077
73.0035934448
66.6852111816
64.7505569458
64.8192214966
64.7009201050
61.3923187256
54.7301597595
53.0239257812
58.0357627869
63.5672760010
62.1600418091
58.0426483154
53.1705398560
53.0548629761
54.8958511353
52.2909812927
55.2965011597
52.3234748840
52.0595932007
55.3843841553
56.4809646606
56.0094985962
54.9885482788
53.0241088867
53.3790359497
54.1611709595
55.0210075378
56.0205230713
57.1895980835
57.8700027466
57.0611228943
55.5504837036
53.3576393127
55.1824722290
54.0468750000
58.9308586121
60.3952560425
59.8029937744
56.1706352234
56.4721183777
56.5770797729
58.4034614563
54.9126358032
54.6937942505
52.9954223633
52.6101722717
55.4745597839
54.1713409424
56.8510055542
54.3592948914
54.8987884521
53.3628005981
51.4251518250
54.9947280884
56.6955833435
57.9906883240
59.5873222351
57.5445404053
57.6424942017
59.2538185120
58.4031791687
57.7847213745
56.2145271301
57.2333908081
56.1152038574
58.5005874634
57.7330856323
57.6976852417
58.9292373657
57.2935714722
57.4673309326
56.3105812073
56.4011154175
56.0398368835
58.1484756470
56.8036117554
55.9087142944
57.0267333984
56.3872222900
55.4726219177
53.6105880737
53.4736633301
55.6097259521
57.3868713379
57.5797729492
54.2047309875
56.0906906128
57.6794700623
57.7700729370
57.2704925537
54.8478393555
54.5584716797
55.1699218750
55.1912384033
56.2997131348
56.4198188782
56.5369186401
53.9905242920
54.8572921753
55.4499664307
55.0475540161
53.2070159912
53.0620803833
56.4612503052
57.5551147461
57.8130264282
57.5843963623
56.4311103821
59.2370986938
57.8167724609
57.9301185608
57.5291213989
56.9333343506
56.2378387451
56.1394500732
54.9371643066
56.5867652893
56.3923645020
54.9862556458
53.9620513916
55.3834533691
57.9189682007
57.1298217773
55.9881591797
53.2452468872
52.7315292358
51.5379257202
55.8693809509
57.6507263184
56.4481849670
54.7920875549
56.0586090088
57.3898696899
58.4153976440
54.3977050781
56.2983474731
57.0205917358
59.4765853882
59.6685867310
57.9322128296
56.9123344421
57.4416503906
56.9526824951
57.6651840210
56.1048812866
54.8434143066
53.7879104614
68.4679183960
70.1803283691
73.0825119019
73.1141967773
70.5961151123
74.3126373291
72.1193771362
63.4672622681
55.9667434692
52.7357368469
50.8959541321
50.0802268982
50.1048126221
49.0762939453
51.0161437988
54.1325759888
51.9556732178
52.2911186218
51.1697463989
50.3483123779
50.3325958252
50.2339668274
50.7818069458
51.7072334290
51.8594131470
54.5157508850
53.0611648560
51.8639869690
51.8096122742
52.8922042847
53.4486198425
54.1502380371
57.4260406494
63.9377937317
64.9560546875
61.9937553406
54.9340782166
52.9110794067
51.4845428467
51.4730377197
51.4505157471
48.0842819214
47.1077270508
47.8634605408
46.8459663391
49.7921333313
51.2626495361
53.3877258301
51.9010696411
50.2040328979
50.7990646362
52.1170578003
52.2555160522
52.1734809875
53.5595664978
54.7842712402
52.4421081543
49.7283935547
49.3593978882
49.5073890686
49.6763229370
51.2870597839
49.6735687256
48.7367286682
48.6780586243
50.1389083862
54.0684165955
54.6634674072
51.2133979797
53.2452735901
51.3444938660
53.5261421204
51.3940734863
51.5560340881
52.5714721680
53.7030029297
53.1775321960
53.6716156006
55.5187377930
55.4870567322
53.1305389404
50.1865234375
53.1844596863
55.0809173584
54.6800079346
50.8235626221
52.3312339783
52.1788177490
52.9840087891
53.3913269043
51.4411392212
53.2123184204
53.8846244812
51.2454910278
50.3921127319
50.4618835449
54.6281166077
56.3025550842
54.4142532349
54.6311607361
56.3340911865
55.5002517700
53.1212539673
52.7220153809
51.4149169922
52.4267501831
49.7587509155
50.4959297180
51.3931999207
50.3651428223
53.6334571838
53.1378555298
53.3921356201
51.2784461975
50.8357849121
50.0619850159
52.4363937378
51.9071693420
55.3026428223
57.3249511719
55.2505073547
53.1289901733
52.8712577820
67.4116058350
69.3744583130
77.5770187378
85.6975173950
83.0228118896
86.1210784912
79.2435302734
79.3094863892
77.7893218994
67.4317398071
59.5304260254
51.5509719849
51.7962379456
54.4160003662
57.3001556396
58.7348670959
58.2767105103
61.2191009521
59.3962707520
61.1094474792
62.2496299744
64.1415786743
61.0384521484
58.5631866455
57.7120132446
61.3369598389
63.1153030396
66.0357360840
65.4765701294
64.4439239502
63.5794639587
63.5727920532
60.7559852600
61.8189964294
60.3899993896
62.0680885315
60.9803619385
60.5297126770
62.1262664795
62.4529647827
63.7650375366
58.5026626587
56.5416412354
56.6451339722
56.8091621399
58.0505447388
56.9863815308
60.0249137878
59.5700912476
60.3696250916
60.2247962952
60.9196395874
63.4653778076
61.6920166016
64.6593475342
64.9947891235
63.6012039185
61.8679428101
60.8251037598
60.9954223633
61.3839836121
59.7423439026
60.4319496155
60.6294860840
60.6621780396
62.6680603027
66.8331222534
63.5402107239
59.3033218384
55.1583747864
56.2689590454
55.9499969482
54.7934913635
56.9910278320
59.9842224121
58.5366020203
59.6077575684
58.2649040222
59.9820251465
59.7144737244
58.7981872559
59.5042953491
59.1705017090
58.2380332947
59.1141967773
58.0380249023
60.8120460510
60.2215194702
59.9998016357
59.1002464294
56.0497856140
55.7377624512
58.5587005615
59.3689422607
62.8106307983
62.0264129639
62.9990463257
63.7455139160
62.2314224243
59.7780799866
56.3764801025
58.9325675964
58.4233551025
60.1202239990
58.0379180908
58.4659538269
59.2723007202
57.3921737671
57.5317382812
55.4104461670
57.0335960388
58.6666259766
59.3472061157
62.2096595764
60.4428634644
61.5821037292
64.2181549072
66.3203125000
68.3347549438
61.1635360718
56.3718566895
57.4617691040
59.6049613953
60.0533180237
59.9660835266
58.5392761230
56.8363571167
55.6553421021
62.0607566833
62.3308639526
61.9095954895
57.2888793945
56.7754898071
58.6164817810
58.9873313904
61.1836624146
62.1077308655
60.9602203369
57.4084510803
57.4824066162
56.9012985229
58.3485832214
62.0416870117
58.4162139893
57.7076950073
55.7551803589
59.3256072998
58.8346710205
60.4258728027
58.1105651855
59.4314155579
56.0722618103
59.0674438477
60.5585899353
60.0053291321
59.6542701721
57.3255538940
56.3995056152
55.4575881958
57.0416221619
58.1640663147
58.2624626160
57.6768646240
57.3001823425
56.2109756470
59.4003067017
57.8532524109
56.0665740967
58.1950187683
57.1169166565
58.5325050354
55.8844871521
56.3360900879
56.4947471619
58.8092536926
57.9270553589
58.0816268921
54.8281021118
55.4953994751
54.3889389038
56.6775550842
60.3411178589
62.3630256653
61.8414916992
58.3204689026
56.8682556152
59.6767463684
58.5775260925
57.5970039368
54.3155441284
56.6361999512
59.9743804932
59.0455780029
57.0225028992
54.9985504150
56.2801361084
57.8093261719
60.5793495178
59.7375373840
57.5839729309
58.0518569946
57.5084457397
59.3115997314
59.4763488770
56.7964859009
55.4429931641
55.7294616699
57.4834289551
56.0538940430
56.5790214539
58.2328529358
58.8287239075
58.3309783936
64.5051422119
69.4520645142
72.9039306641
74.6930923462
71.4507293701
73.3965835571
72.4402847290
66.2565612793
60.1717948914
54.5141067505
54.3289947510
54.4340209961
54.9991073608
57.2406845093
59.9946060181
57.4639892578
53.3699188232
51.1897659302
51.1858673096
52.7498741150
53.3099746704
53.6430511475
51.4227638245
53.6203231812
53.8252296448
53.3150100708
53.4112854004
51.7421455383
52.9812965393
52.3276710510
53.4370765686
51.4819793701
51.5924682617
53.0914115906
53.0471000671
52.6065864563
53.0801544189
55.2778396606
58.0487747192
56.9331817627
55.3155403137
51.1972770691
54.0807113647
55.3637962341
54.5327224731
56.0269241333
52.9059867859
53.8202285767
52.3971405029
54.5728111267
53.0756225586
51.7172813416
52.4280471802
51.5282135010
52.7620735168
53.8014755249
54.2419738770
54.4188308716
53.0815048218
53.9249839783
52.7011795044
54.1762504578
52.6522178650
54.0563430786
54.1842041016
52.5687561035
51.0599632263
53.0924148560
52.1763725281
53.2574920654
52.2378082275
51.1437072754
51.7422904968
52.1503601074
52.6307220459
50.9516716003
49.9242706299
51.9923171997
51.5891799927
52.3646240234
53.5963935852
54.1965179443
54.4215888977
52.1731567383
52.4697990417
51.0290641785
52.1938743591
53.6577796936
54.3661117554
53.7244834900
53.4663848877
51.2788009644
54.8605575562
55.8081550598
56.9137649536
53.5390319824
51.9013252258
54.2838211060
54.5407409668
55.8259506226
54.6858825684
53.0991172791
53.1687812805
53.5097198486
54.3856620789
53.5311584473
54.2942504883
54.4348716736
54.5872802734
54.2667655945
53.6919746399
52.5906295776
52.3542289734
53.0205612183
53.6101074219
53.9325637817
54.2965202332
55.3092384338
56.8552017212
56.0144462585
55.8815155029
55.7974243164
54.9839744568
54.4476432800
55.0264091492
55.9694061279
54.7406082153
53.7349243164
54.6129608154
57.9952011108
57.0536689758
57.6029167175
55.7645339966
55.7007865906
54.0687980652
52.9864692688
52.1254806519
54.2548370361
55.3899993896
57.1321372986
53.9274902344
53.6151428223
54.3209991455
55.9505004883
57.3843460083
56.6355972290
55.7418670654
55.5091514587
55.8656387329
56.2013893127
57.1836700439
55.3238830566
54.2790031433
54.2332763672
56.9073677063
60.1377220154
58.2268524170
57.7081451416
67.3680725098
71.9480590820
71.1880569458
66.9068145752
55.9197845459
54.4599838257
57.1711120605
56.6309738159
55.3990859985
54.7845764160
56.9172744751
57.1513404846
56.7839279175
57.4059028625
57.1489906311
56.9037475586
57.8797836304
58.3793106079
59.3943252563
67.1356277466
76.1953964233
73.8577575684
77.5665054321
79.0874633789
81.9424438477
81.8434906006
85.1176376343
81.2707519531
80.3772735596
77.8093643188
73.5721511841
74.0770263672
73.9018249512
77.2844619751
82.1859588623
77.2492599487
74.0957183838
74.5454254150
78.9502868652
79.6914520264
79.2509460449
80.9508972168
81.0002059937
75.7501907349
73.8790283203
74.5060043335
77.5385360718
80.0746688843
75.2879104614
77.9821777344
73.2907028198
82.6766662598
74.8722534180
79.8091583252
78.9877853394
80.0496749878
79.8419647217
82.2777404785
79.9318695068
77.1938476562
81.1180648804
67.0886306763
65.4129714966
63.8512535095
77.8994598389
79.2278594971
76.5534820557
74.7523269653
70.6912994385
72.8146286011
72.2861938477
70.8262786865
67.9236755371
62.8489990234
73.7036895752
74.8311691284
70.6674118042
72.7448959351
71.2925338745
78.7211303711
83.1543807983
82.6633529663
80.1538696289
78.3302078247
74.9621887207
77.3154296875
77.8110733032
78.7300033569
78.6301116943
70.0220947266
69.3182220459
73.5179443359
75.8268203735
78.6652221680
77.7181930542
71.4344024658
67.3649215698
61.5478897095
59.6396179199
59.1055488586
59.3643951416
57.7967872620
60.6588401794
60.6773414612
62.3263168335
60.1998100281
58.2701873779
59.2730369568
59.5203323364
61.0985336304
61.0118064880
60.6886672974
61.5374145508
61.1904182434
61.4692840576
66.6290969849
68.8587951660
68.0381088257
67.0911331177
58.6655693054
60.0763015747
58.7956237793
59.9801940918
60.7684402466
63.6612472534
65.1634063721
61.4207153320
62.1028022766
60.4763641357
59.6278610229
60.6031150818
59.6082344055
59.1042671204
58.1624221802
58.5667114258
59.4745216370
61.4986991882
63.8746147156
67.2267913818
65.7126464844
61.0069656372
57.9804878235
62.7863807678
65.5360870361
65.4856796265
59.0664710999
58.8480529785
62.2116088867
64.1520385742
62.4098587036
57.7944564819
55.0575294495
56.8798828125
57.7574043274
56.5050964355
53.6923446655
54.1486053467
56.0245780945
55.9674148560
56.8984832764
56.8311805725
57.1490745544
58.1642837524
56.6968269348
58.5696182251
56.2597579956
54.6176223755
54.0405845642
55.9323806763
56.9360504150
57.7623176575
58.3650512695
58.5815467834
59.5545005798
57.5497093201
57.7681694031
57.0076293945
57.4105339050
58.4689712524
59.1572036743
60.2826194763
60.6446037292
61.0447845459
61.3018875122
61.5095672607
58.6786384583
58.7948799133
58.3109741211
62.5185317993
60.9844017029
60.2527008057
57.7606697083
59.0816802979
60.0125312805
60.2374343872
59.4137954712
61.5960159302
59.1772308350
60.8558883667
63.4828643799
60.9692916870
60.9306335449
61.3040428162
61.2191734314
66.6627426147
67.3988494873
66.3997955322
65.7903060913
62.0813484192
68.0370864868
71.9747695923
68.1417465210
64.5464324951
56.7816047668
58.7436180115
61.6878623962
66.4950180054
64.1669082642
60.6131744385
56.6814193726
59.0076828003
60.6144752502
61.2969512939
63.0103912354
62.9438247681
66.0429229736
65.7461090088
64.4331283569
63.9510307312
61.8928527832
62.1879348755
62.8693771362
63.2421264648
61.5644149780
61.5484313965
61.1917648315
61.4976387024
62.2841491699
65.2181091309
64.5102539062
62.5200386047
63.2160530090
64.7550354004
61.3096084595
62.7294387817
59.6125030518
60.3680267334
58.3024139404
60.2277908325
60.6796340942
60.2856216431
61.1873779297
62.4470291138
67.5107269287
66.1228103638
64.8793792725
65.0641174316
67.5550994873
64.9153137207
58.3365325928
57.6392097473
61.0021629333
62.4157028198
61.4886512756
60.7510528564
61.0319938660
62.0972251892
62.3902320862
61.5620651245
60.9551773071
60.8451423645
60.5330238342
61.2095298767
62.1297187805
62.5482940674
62.6283073425
61.5421562195
62.8965759277
65.7560653687
67.3572006226
67.0449752808
65.8115310669
63.7680206299
61.7219123840
61.9205169678
63.8245887756
65.7746734619
64.8309020996
64.9695587158
64.7205352783
63.7592010498
63.2751770020
63.2521286011
60.9166107178
61.2883033752
63.6616821289
64.0173492432
62.2042541504
58.2002906799
61.1739501953
67.5876235962
75.0783691406
77.7540664673
72.2718048096
66.3567581177
61.2186965942
63.2585296631
62.5675354004
61.7974700928
61.3460044861
61.8420829773
60.8423690796
60.8489112854
58.3180885315
59.0144882202
58.9211273193
60.8779716492
67.5814590454
70.2299575806
67.3371047974
63.6304016113
65.0355148315
70.2017211914
70.5657577515
65.4886474609
59.2496833801
58.2640762329
60.3892211914
61.4326667786
59.9575424194
59.5991249084
58.9905242920
59.1580886841
59.7363700867
60.7688293457
61.4163627625
61.5003623962
60.2904129028
61.7501335144
61.4722824097
62.4614334106
61.6343917847
61.3918228149
62.5394096375
61.8047142029
61.7840805054
62.6696128845
65.0317459106
63.2928237915
61.8007926941
60.6921844482
62.3191261292
61.8406143188
60.9664764404
60.7451515198
67.9231796265
70.8065261841
67.2100067139
60.0742187500
55.0915145874
58.6835441589
59.7821617126
60.5379180908
60.5250167847
60.8884429932
62.0058250427
61.4380035400
61.8164405823
60.3511352539
60.0137100220
61.0566558838
62.7618522644
63.6542434692
62.9431228638
62.4350166321
63.0278205872
62.8849105835
62.4476623535
62.9740180969
66.2228164673
68.1916580200
69.9034423828
70.9440612793
62.3777656555
67.7355346680
70.3894348145
66.7377548218
62.1326560974
59.7820053101
57.6348648071
55.8267593384
56.3381462097
56.1406364441
56.3566055298
57.9777259827
57.8340682983
58.6528701782
60.4366798401
59.6381912231
59.2047615051
58.0154457092
58.2378349304
58.1996421814
59.2945861816
58.3562850952
58.1765670776
58.7983016968
58.8356857300
60.6408004761
62.2901649475
67.9671630859
69.2157440186
72.1189727783
76.7926330566
76.7979202271
77.3526229858
77.3363265991
74.1291122437
84.2532882690
71.4126739502
63.0394592285
56.9593124390
53.4035568237
53.0364570618
60.4940490723
62.0245513916
59.5624580383
58.3182220459
51.8768539429
51.2385940552
53.0139732361
57.7504882812
54.0766143799
52.3338088989
53.4715919495
53.6381530762
54.6706466675
54.2217674255
54.5403060913
55.2138900757
57.5365867615
58.1088562012
58.6195678711
59.0314025879
59.1060562134
59.4200325012
58.4166450500
55.1150588989
54.1916427612
56.6877822876
57.9544525146
56.6868362427
58.2208099365
62.0243034363
63.5760154724
59.8190116882
58.7515487671
57.5999717712
55.6846923828
54.3339195251
54.8790740967
55.3678512573
55.6987876892
56.0513458252
58.1174392700
57.8271484375
55.9779090881
55.6350517273
57.3097152710
63.1076774597
61.2843017578
60.9341316223
59.9555282593
63.5804595947
64.2390441895
64.8003234863
64.7277145386
65.5632781982
65.5107574463
60.9844818115
56.2054595947
56.2154312134
56.5803375244
54.6585922241
52.8838653564
51.4088554382
51.3344306946
53.0069122314
56.5789413452
58.9087753296
58.8962936401
59.7229995728
58.9443283081
59.9758071899
55.4854698181
54.8110198975
53.2138023376
52.9932250977
54.2830352783
53.5379486084
52.3796539307
52.6814346313
55.0720672607
59.7268524170
59.0466461182
58.7011489868
59.5842094421
61.8168029785
63.2894210815
63.3455123901
62.9888839722
64.8642959595
60.0306625366
57.3238525391
58.6127471924
74.9344482422
78.3584823608
80.3745880127
79.1643066406
76.8184356689
73.1024627686
68.4110107422
64.1785888672
63.9003028870
65.9766387939
65.7313156128
65.8814239502
66.0562133789
64.2891845703
62.4848518372
61.5194473267
62.6229019165
62.7813262939
63.4611434937
64.2516479492
64.4511718750
67.2917480469
67.3488693237
67.0774841309
68.2429046631
66.2859573364
67.1879501343
67.4443969727
65.9804763794
61.5801887512
59.8854904175
59.7587127686
64.8995437622
65.7574234009
66.3396835327
63.9335174561
65.0727844238
66.0759887695
65.7874450684
68.0307846069
75.9006347656
78.0385589600
73.7233810425
68.8679199219
61.2054443359
69.7916412354
66.1170959473
60.1710472107
55.5527725220
52.1968917847
52.2145385742
53.2722854614
54.4733886719
55.3592987061
73.1658935547
74.7264404297
74.1058502197
59.1389160156
55.6652069092
56.4637107849
62.5645637512
69.9469757080
71.7535934448
70.8825073242
66.8345794678
57.2549705505
58.5254478455
57.1069107056
55.7267761230
50.5732612610
55.3399963379
56.5616607666
58.8014526367
55.0753021240
56.0523605347
58.6655158997
56.9314422607
57.6880569458
59.0809936523
59.5047607422
55.8172760010
59.9131546021
65.8115768433
70.6848678589
74.6460876465
68.3293838501
67.8469543457
65.2778167725
61.6018791199
58.4597702026
60.3500061035
57.9945297241
56.5828590393
56.4187965393
59.0792160034
61.3411216736
60.2389221191
57.7807121277
55.2108345032
56.9147720337
60.2308845520
62.9873008728
62.7295913696
58.3472976685
58.1617546082
58.4324111938
58.5556564331
57.6767616272
59.0933532715
59.7071495056
60.1006813049
57.1266937256
58.7838745117
60.9430618286
63.2318572998
70.9751129150
76.5079803467
80.3379211426
83.0797653198
81.2171020508
76.8094558716
78.7069931030
74.9056091309
69.8601455688
62.5063247681
58.6954231262
58.2636375427
58.1208076477
58.6077728271
58.9066467285
57.9195632935
58.5306129456
59.4635238647
62.2554435730
62.8290023804
62.6298370361
63.1662826538
62.0479087830
59.4507408142
58.7807121277
59.6464920044
61.3643875122
61.1814880371
59.9787063599
60.5650100708
61.7663002014
62.1210021973
62.9398345947
63.1010475159
63.7486495972
62.9769897461
62.1704826355
61.4628753662
61.6797409058
61.8924407959
61.0215454102
64.0254364014
64.6220855713
64.7596359253
61.7613372803
61.8638153076
61.8569869995
61.6306838989
61.4772377014
59.6082382202
59.3260269165
58.9889259338
58.9787330627
57.8442420959
57.3144264221
59.2614479065
59.2358169556
57.6542587280
57.7526588440
59.3294448853
60.3392601013
58.9310798645
58.8755264282
58.5858116150
59.4325523376
59.8144798279
59.5962142944
63.6453247070
65.8022918701
67.5655975342
66.7758407593
63.1927261353
58.9094657898
58.6197853088
58.7465515137
57.1568183899
55.2342300415
54.8247756958
53.5963516235
55.1123962402
55.3354187012
57.1873550415
57.4633750916
56.9062614441
54.4648513794
54.1788368225
56.7721633911
63.8769035339
67.1063232422
66.9405746460
67.5650863647
58.9232444763
59.2457199097
59.7359962463
60.2124633789
58.9306831360
60.5303535461
60.4584693909
63.2585868835
63.1129112244
63.9925918579
61.9410629272
60.1154098511
60.4548149109
60.5319976807
61.7282142639
60.4983940125
60.9345245361
61.1499595642
60.7296524048
60.4365348816
60.6468200684
58.8770446777
59.9238891602
60.0785636902
61.3215789795
61.3393554688
60.9978027344
60.1565551758
58.2463989258
57.5120735168
59.5811233521
60.1410217285
58.8501739502
58.1704025269
59.4447784424
60.3987197876
60.3029708862
59.6509017944
60.2076263428
61.5971984863
61.9030265808
59.7961273193
58.9848556519
57.3785095215
58.2275505066
60.5660476685
67.5605926514
68.8850631714
69.0380783081
59.0120010376
56.7276763916
58.9813156128
59.7471313477
58.4826202393
56.9418373108
57.1170730591
57.9533996582
59.3372840881
59.3549118042
57.6841087341
56.6392135620
58.2551879883
61.3034629822
60.6836128235
58.3419837952
55.5553588867
59.0235252380
58.6888809204
59.9211883545
56.7495727539
55.7455482483
55.1833992004
56.6468429565
58.2077026367
60.0415802002
60.8803825378
61.4096527100
62.6933517456
61.2258453369
61.9012069702
61.7610549927
59.7078857422
57.2642631531
58.7289962769
61.7131843567
62.5943069458
60.3003311157
58.9603080750
58.8924827576
57.5942649841
55.9826393127
57.1196517944
58.2837791443
59.1929016113
60.0942344666
58.9714050293
59.2594490051
59.1232452393
59.1858291626
59.4375114441
59.4679641724
61.7958183289
60.9429626465
60.5864906311
59.3836059570
58.6389770508
57.0764389038
56.5197792053
56.2346343994
57.8091506958
57.2023315430
58.5674209595
58.8508605957
61.2238349915
61.3710136414
62.4553070068
61.3451843262
62.3923034668
62.5036048889
62.8352813721
60.9911499023
59.8341560364
59.8023529053
59.2597961426
59.2771148682
59.2270202637
58.7662582397
59.1396179199
61.1640472412
59.1957015991
58.1545486450
56.4526481628
56.6175422668
59.6712799072
57.6835899353
58.4259490967
57.1497497559
58.3389587402
60.2660217285
63.1114883423
63.7055320740
60.8779602051
58.7346038818
57.3367004395
56.4706649780
57.4468269348
57.8345489502
58.5816650391
59.8896560669
58.0239562988
57.7003555298
58.4161148071
57.4054183960
55.6336555481
57.3300056458
60.5391502380
63.8347473145
65.8987884521
61.7746505737
56.5622558594
56.5728263855
58.3505592346
59.7292900085
60.2532844543
59.9168243408
59.4052124023
59.6495018005
59.7180290222
60.2552490234
60.6328506470
59.1921615601
56.7946090698
58.5200767517
61.1880187988
60.8119201660
59.4344711304
59.3945388794
59.3748550415
62.0398559570
59.8561744690
55.2773361206
52.6711730957
58.0456123352
56.3409042358
58.9555206299
55.6747360229
55.5064392090
57.5920906067
56.4676361084
56.7239875793
56.1247177124
55.7464141846
57.1583633423
58.7334480286
59.1524620056
58.4626464844
59.9806213379
61.1570777893
60.4011116028
58.8153343201
59.2665176392
58.6951293945
58.6016540527
57.8270645142
58.0308074951
57.6101608276
59.0858612061
58.7431640625
58.3221855164
57.7813262939
56.7881889343
58.0517501831
59.2558822632
59.4959640503
59.3327026367
58.8603858948
59.9711761475
61.8001060486
64.1712875366
62.8775024414
61.1734542847
59.6080856323
63.6676025391
67.3099899292
65.4133224487
61.6765518188
59.6545257568
59.1401672363
57.2624702454
57.5063095093
56.5436439514
56.5228424072
56.9474792480
55.8120651245
56.4836845398
57.4592514038
58.0155563354
58.6720504761
59.8322715759
59.8363647461
58.8873710632
58.6987190247
57.6411552429
60.1331329346
58.0801544189
58.9293937683
58.5506210327
58.6229553223
57.6381492615
57.2965316772
58.5811004639
58.2673912048
58.0999946594
58.2476196289
59.2601356506
58.9879531860
57.5886993408
59.0252761841
60.7081832886
61.3710861206
62.2108688354
61.6785583496
59.7964935303
61.2020187378
58.3314285278
59.6722946167
57.9635086060
59.3638610840
60.5524673462
60.3460388184
60.2622642517
59.6773872375
60.9010925293
61.5667076111
60.4434585571
58.7306442261
62.2478904724
64.8070373535
62.1015167236
56.4647445679
57.4905471802
58.0011825562
59.6155014038
59.0141639709
59.2690963745
59.2456016541
57.4722671509
55.9234657288
57.7882308960
59.4816741943
59.5259170532
58.5698928833
60.1534385681
60.6794357300
63.4108886719
63.9579696655
65.5005416870
63.6060752869
63.2286682129
59.5123863220
60.9274406433
59.9013824463
60.5205650330
70.6447677612
70.4038085938
71.1383209229
61.0693206787
57.5825538635
57.5194740295
56.1683692932
57.3203430176
56.3761215210
57.2832908630
56.5812835693
56.1123352051
57.9146842957
58.8888931274
60.4509391785
62.4914474487
61.6668167114
60.5950126648
57.8708190918
57.4229393005
59.3016357422
60.8124084473
61.8604469299
59.5607032776
57.6513786316
58.0018157959
57.8618965149
58.2926521301
57.5409088135
60.9227294922
60.7652359009
58.9274749756
59.0306854248
60.7082290649
63.6410598755
62.4143295288
61.1288261414
58.9315109253
58.7377471924
58.8374900818
59.6386451721
59.9323348999
57.9595375061
55.1652908325
55.7284965515
56.4987449646
55.7083892822
57.4087562561
59.1713371277
59.6870994568
61.7356452942
60.8254852295
59.4162368774
59.9829254150
57.4377250671
57.0600662231
59.0143241882
60.7294616699
61.4216003418
59.9488258362
57.4110565186
52.9700546265
56.6589965820
59.0521163940
60.5927772522
61.2999229431
61.2656364441
59.4415893555
59.6556777954
59.2715530396
62.5887374878
62.7793960571
65.3143310547
64.4968338013
65.0553359985
62.9613647461
60.1533317566
58.7212104797
58.8568801880
60.0403366089
59.0563583374
59.0561523438
59.0044326782
59.6369972229
59.2180366516
59.3743171692
58.3315353394
58.3752784729
59.0206527710
58.3108177185
59.1015548706
62.8009681702
64.7959060669
65.8372573853
62.6999626160
62.6611671448
59.7650871277
58.2861404419
56.5222969055
56.8639526367
55.8933334351
57.0911827087
56.6970672607
57.3657722473
57.7571105957
57.6299896240
60.5448989868
60.2644309998
61.0251770020
62.5335655212
63.5467300415
63.9980621338
60.7120704651
57.3496398926
58.0670051575
57.8439025879
58.7846832275
57.0876693726
57.6121139526
58.7054138184
59.5442314148
58.7843475342
58.0972442627
60.4747657776
61.5042495728
62.7032814026
64.1978530884
65.8571548462
66.8578414917
66.3069610596
64.9747543335
62.1878433228
59.5324859619
60.1583175659
62.3353118896
62.2314758301
59.3757629395
58.5764732361
56.8904418945
59.6153182983
59.9772949219
60.4613189697
60.4507217407
59.0512504578
60.8492774963
60.6863708496
62.1366996765
62.5720596313
61.4574699402
60.8879623413
62.7565994263
61.3879241943
59.1651229858
61.2732009888
62.1354293823
62.0513992310
60.3491516113
60.3823127747
61.4975662231
60.9024200439
62.6194000244
61.9961700439
62.8971290588
63.9627227783
63.0402641296
64.0935211182
64.7843627930
66.3798522949
65.2879562378
62.9395256042
62.8736152649
63.8751564026
65.4933471680
63.1999511719
62.2241668701
62.9739074707
61.6368141174
62.0622711182
59.3672637939
60.6233215332
60.0391769409
61.6648368835
61.6155090332
62.7977371216
62.8446960449
63.2789649963
63.2256660461
62.2153625488
59.9889564514
59.5980834961
58.8918800354
61.8894348145
62.4596214294
61.6734848022
60.8815116882
62.4298782349
61.9289207458
61.9035301208
58.5191612244
58.0110778809
59.2958374023
62.8745918274
63.7873916626
64.2623825073
66.3902130127
65.3462066650
64.4412841797
63.7222290039
61.1367378235
60.8311157227
61.0232772827
62.3903732300
63.4036064148
63.2827453613
61.5395622253
61.5130958557
61.2381668091
63.7914009094
63.1004714966
60.9818572998
60.7189826965
63.2335662842
64.9031066895
61.7513961792
61.1732330322
63.3430557251
63.2158432007
61.3211517334
58.8902053833
59.3608207703
59.5664215088
62.7212219238
76.4889297485
79.7006759644
87.0322570801
86.1692810059
83.8150100708
84.2067947388
81.1983642578
81.7067565918
81.0227661133
81.1495056152
85.7261886597
80.3181915283
78.9180908203
76.9663162231
77.1325149536
76.6774291992
75.8547897339
70.2653503418
64.4564132690
72.1458816528
79.0063095093
83.2281875610
85.8326187134
82.2297897339
82.2416381836
78.1533126831
75.2571411133
76.1710128784
77.3221282959
75.6699066162
77.5804367065
75.3277969360
74.4883346558
73.9602050781
72.8028564453
75.8680801392
72.6253738403
73.9829788208
70.4460525513
69.9703826904
65.0272674561
62.3080520630
63.1237182617
63.7971878052
64.3696212769
68.7466430664
72.6041030884
75.0330581665
78.9607315063
72.6725692749
69.4450988770
71.2352676392
70.8075942993
66.7768173218
58.6323089600
62.4452590942
68.1015853882
66.8768539429
59.4307060242
58.5340728760
68.5601806641
73.1037673950
73.8811416626
72.4292449951
68.7110443115
65.7335052490
65.4901428223
67.8053283691
73.4776687622
76.6898193359
78.9313888550
81.2172470093
83.2954025269
84.0129089355
87.3049774170
90.7046813965
89.8369140625
89.5185928345
88.0540390015
87.0939025879
83.7448654175
84.5227127075
82.1102294922
85.0780944824
84.0106506348
83.3675994873
86.2771453857
84.9836883545
84.0555648804
81.5792083740
85.6943740845
90.4948196411
90.0198822021
85.3618316650
83.2812423706
84.6427078247
81.3242187500
79.5870971680
76.4433670044
72.7693634033
72.9026870728
77.6182785034
77.0438919067
81.5974121094
79.1454467773
78.8260955811
75.7074813843
73.7495422363
75.8083877563
75.7391281128
79.1738510132
76.5665664673
78.6944580078
75.9517059326
70.5515060425
67.1432342529
79.3136215210
82.5731430054
83.8862915039
82.1270370483
73.2681045532
65.4537048340
68.3515014648
72.6490859985
77.8055572510
80.2294311523
82.6823959351
87.1172409058
91.4395141602
92.4715423584
89.3820571899
87.1867446899
81.0296249390
80.4917984009
83.4628601074
85.2452926636
88.0301284790
85.7243728638
85.8242568970
86.7374649048
89.7765502930
92.6897964478
89.5782623291
85.9495620728
84.8430175781
83.9757385254
85.3945312500
84.4757919312
84.6436996460
84.0048522949
90.0479736328
89.0978012085
89.3897781372
87.6688079834
85.9147491455
91.1284942627
89.7314453125
87.8950424194
86.0766983032
91.5910873413
86.0669250488
83.7517700195
80.3515396118
82.4762420654
92.5632781982
92.8966751099
89.3601226807
89.7425994873
87.4816970825
87.7458877563
87.0495834351
81.3520355225
81.6237945557
85.9423370361
84.7542495728
84.0366516113
83.0941925049
86.0153808594
87.6235809326
82.6389236450
84.1658477783
81.3698425293
84.4886703491
86.7181777954
90.1595916748
88.5813293457
87.6363754272
84.2343978882
83.4404754639
80.8151855469
83.7202301025
85.3177719116
84.3661727905
83.1943740845
85.3660202026
84.2561645508
88.0844726562
85.8001327515
83.1172790527
80.7256698608
80.4800033569
81.5610504150
81.2803649902
83.8337402344
85.4296722412
87.2142181396
88.4509201050
87.8649597168
84.7549972534
80.0758743286
77.9991073608
75.0940093994
79.2845077515
81.8862991333
84.6105651855
84.0266265869
86.2374877930
87.6236648560
88.1657867432
88.5693206787
82.7228622437
83.9033660889
82.1647033691
85.0688476562
84.3000030518
82.2523651123
80.8347091675
83.2887115479
85.0691986084
88.2862091064
88.4166488647
88.0029144287
83.6977844238
84.8204421997
84.2588348389
87.0032424927
82.1085433960
81.6220550537
79.0806274414
80.5620574951
77.6673660278
81.4974517822
82.6530990601
90.1072006226
88.0058212280
82.7955169678
82.3461303711
81.9815673828
79.8082885742
82.3783645630
82.0343704224
85.0657043457
82.5076904297
82.4450378418
81.6497192383
80.0494003296
81.7499542236
88.1409149170
87.9183273315
87.4156951904
83.2333297729
83.1065597534
83.2400817871
85.3393707275
83.3548889160
80.7183151245
80.2681198120
80.3347854614
79.9141693115
81.9450378418
84.2967300415
85.0936813354
83.0771713257
82.4815826416
79.7074813843
82.1555862427
85.1305923462
86.2418441772
82.8267135620
79.1626205444
80.4313964844
80.6485290527
80.4418258667
78.5610809326
80.8321914673
82.3981933594
82.7499084473
81.6046447754
81.7768707275
82.2839660645
84.6506652832
86.0443649292
86.8751068115
82.1335372925
82.8577499390
81.8149948120
75.7119903564
77.6948394775
77.9448089600
77.7094573975
73.3141555786
73.0274887085
79.5380630493
85.8451690674
85.9364700317
80.9795761108
82.7990188599
80.4803771973
84.2332153320
86.3401489258
86.5853500366
87.7138137817
87.6748123169
88.3980331421
86.6292114258
87.9831695557
86.5650024414
79.7623214722
80.3873825073
80.2131347656
80.3044128418
79.2996749878
80.7998886108
79.0495529175
77.4088134766
75.5125427246
77.8003692627
81.8050689697
82.0043182373
79.0188674927
79.5816116333
77.4845733643
81.2048492432
81.3683395386
80.3311691284
83.3966369629
84.9021224976
86.3833007812
85.3071975708
85.5360565186
83.1743240356
83.9903106689
80.2215728760
81.8527755737
81.0342559814
82.1519851685
88.1688156128
85.7436904907
84.6589355469
78.2023773193
75.6884002686
73.6188201904
74.1258468628
70.8405456543
76.1761322021
77.4403076172
85.6388168335
85.4177703857
86.3744049072
85.5741348267
86.1055145264
84.6571426392
82.7847747803
82.5025177002
81.5274581909
76.3709564209
77.2780227661
78.1041412354
85.1547546387
88.6733169556
87.4785385132
83.6267929077
86.4045486450
86.1297302246
85.4274902344
80.8060913086
77.9575424194
69.6954421997
71.5582504272
76.9386520386
82.9564895630
89.7264480591
85.3215026855
82.1004562378
82.3413467407
82.7511749268
86.5827178955
81.6804046631
81.5301742554
80.6875457764
82.1731262207
83.0680007935
82.0744705200
79.1281280518
77.9694061279
81.7047882080
82.7304611206
82.6952285767
87.1961898804
84.9048690796
83.6001129150
78.8628692627
84.8532867432
88.6993408203
92.0704193115
89.0071334839
83.6081161499
84.4077301025
87.6358795166
87.9991455078
85.4195327759
87.3973770142
84.5610656738
84.6008605957
86.9741592407
85.9512634277
84.5595703125
85.6970825195
82.0128402710
82.2679595947
84.0416183472
85.8823471069
86.3523178101
83.5596466064
80.2496337891
81.3456115723
81.8190841675
82.0354461670
78.2506408691
78.4476547241
80.2518997192
79.7662200928
81.0449676514
80.7768859863
80.5168609619
76.0547790527
75.6421203613
72.3819808960
69.8724060059
70.2594833374
74.7204437256
74.2732086182
74.5049667358
76.5444946289
75.3376388550
76.9124908447
75.7841949463
77.1075973511
77.0940856934
76.5557861328
74.7861785889
76.8733978271
75.6389694214
74.6176147461
72.2378616333
66.7570800781
63.0976181030
60.2271728516
59.7082366943
58.7257385254
67.4922103882
67.7886886597
69.1231842041
67.9048309326
63.8731231689
63.6952133179
63.2141113281
67.0529174805
75.1965713501
77.2115859985
75.0928039551
64.4550933838
62.2693214417
63.1188697815
61.1152076721
60.2931938171
61.2566604614
61.2834281921
61.6419296265
62.4887619019
64.9215316772
67.3341827393
75.2771835327
78.2761077881
79.0489501953
79.9030532837
77.0741119385
76.7512435913
76.8508529663
77.9495697021
76.4371948242
72.3406524658
71.5598297119
69.8730392456
76.2280654907
79.0521240234
79.3359222412
77.6962432861
82.4454498291
78.5996322632
76.1589889526
75.6720733643
74.6276626587
78.8304748535
79.1159896851
79.9496688843
74.6631851196
72.9923629761
77.6387481689
80.4106140137
80.7392425537
78.3721313477
76.5639724731
75.2741699219
71.9259262085
76.7576904297
76.9899673462
78.9946365356
76.9875564575
82.5854187012
83.0133361816
82.5717697144
80.9542312622
77.8675765991
75.5286407471
75.0993499756
75.0092468262
64.7551498413
65.4766159058
66.2739639282
66.1411743164
65.0269241333
64.9453582764
64.9669036865
63.7530021667
64.0511550903
67.6393661499
73.0348205566
74.5774383545
78.6987228394
76.0226745605
76.9438552856
75.9854431152
73.9222869873
74.4688110352
76.3188247681
72.8459167480
72.8563308716
74.1207199097
72.9382095337
73.9991989136
71.3532333374
71.0015792847
71.3717041016
73.1457595825
73.6907958984
71.9954452515
69.7339172363
69.0760345459
67.6215515137
65.1874313354
67.2962493896
76.5801086426
80.4268264771
81.5302505493
77.7633438110
68.2115631104
63.9275741577
65.9217681885
68.3064727783
69.1008300781
70.1133346558
71.2867584229
69.4745864868
68.2501831055
73.3870315552
71.3574981689
73.3313293457
73.0106201172
73.8274230957
78.4398422241
83.6176986694
85.5525512695
85.4877777100
81.5192260742
82.5373535156
77.4486465454
79.0118942261
73.0844879150
72.4018249512
74.4161758423
75.3399047852
78.2026596069
77.2286453247
78.1687927246
80.3967971802
84.9976806641
83.6215744019
80.4537506104
79.4352111816
78.3620758057
82.2034912109
77.2545623779
75.7278747559
71.6434555054
71.8220901489
74.1687927246
75.7512588501
72.3306121826
73.0400314331
73.0683212280
78.8671112061
74.5726013184
69.2253875732
71.8831787109
71.7472534180
74.2719650269
72.6886978149
72.0445327759
74.7940979004
71.3224792480
70.9534683228
76.7135620117
73.6373596191
74.0310134888
75.4423828125
76.7684631348
77.3285064697
74.0179290771
69.2920455933
70.4387664795
75.4011154175
78.7418594360
79.0878448486
73.1606369019
67.5544815063
77.1511840820
78.2256927490
78.3054733276
75.3601150513
77.3909835815
77.7067642212
87.3506240845
88.4083251953
86.8383178711
79.1487274170
76.4351348877
70.8270034790
72.6633682251
73.7742767334
75.3810653687
73.4352264404
74.5665664673
74.0491561890
72.4799499512
68.6041412354
66.7184753418
66.4966049194
66.8311767578
65.3086547852
64.5375518799
64.6880645752
64.9391479492
65.5612182617
67.9767456055
68.1792755127
68.6223373413
67.5015640259
76.5437545776
76.5060043335
78.1185455322
77.6255950928
74.7300338745
72.5983352661
71.7874145508
76.0877990723
77.0978698730
79.7439727783
77.3642883301
75.4698486328
74.6877136230
77.3529968262
73.7087402344
72.7870254517
75.4768447876
78.8557357788
81.9869842529
83.2728424072
80.0350875854
77.0677413940
77.7075576782
74.9951629639
78.5783767700
80.1877136230
80.9796676636
78.6782836914
74.5182647705
79.1730117798
86.2071685791
86.1598129272
89.1623153687
83.2537078857
83.3330459595
82.6357269287
79.3409118652
70.4072341919
57.7440834045
55.8198852539
58.9798469543
67.5630493164
71.7769927979
73.6978530884
75.6603317261
75.8164825439
75.4802398682
75.1245803833
75.2466735840
77.1327590942
78.8460617065
76.6258621216
74.5608978271
72.3005905151
67.7829742432
75.0189819336
75.2806320190
80.4386520386
80.0199432373
78.4492340088
84.5978393555
81.9962158203
82.4020233154
81.0670700073
77.7954788208
76.3277740479
75.7894668579
78.7599792480
82.1102447510
80.3773498535
79.3612594604
75.1853485107
69.4788818359
71.5708618164
68.4859619141
68.0333709717
66.6129837036
64.9000244141
63.0176010132
60.7755699158
62.0907135010
73.4403991699
73.8838577271
76.1650085449
74.8885421753
77.5607452393
77.2444534302
82.3222198486
79.4576568604
82.5427627563
78.7382125854
75.4459762573
77.5240707397
80.7504425049
81.2681427002
83.1160736084
77.5419235229
75.9412612915
75.3293304443
74.4091186523
77.2869873047
80.0318603516
81.3572692871
79.3906555176
79.8668594360
74.4050903320
70.1669616699
68.2372589111
67.9546813965
68.2079696655
69.4567413330
71.8498611450
68.3118362427
69.6860656738
73.2425994873
73.7734375000
68.3802337646
71.1029510498
72.8205261230
80.0558547974
77.3544921875
72.8396301270
69.4283599854
67.3724365234
64.3948669434
63.0552749634
66.8505172729
72.8910522461
76.5924301147
78.7538604736
77.4463577271
82.0331573486
75.8286895752
71.0944137573
69.9659118652
71.4946517944
75.4060821533
73.0160217285
65.8564758301
62.1935997009
62.6932373047
63.0829315186
69.9844589233
76.0319137573
77.5475769043
81.3577499390
80.5994033813
80.8535156250
78.2343978882
74.4444732666
74.7960357666
77.4002532959
81.7414932251
76.7440872192
72.2019424438
71.0849609375
68.8849487305
69.0398712158
68.2799530029
71.0898208618
70.6696166992
70.0024337769
71.3309249878
71.3035736084
74.8753967285
71.0921401978
72.3842163086
70.4191360474
73.0030059814
71.8156356812
67.0588302612
67.4679412842
68.4152908325
69.9577789307
68.4202346802
65.6363143921
67.4593734741
67.5071487427
77.4042510986
79.9114227295
80.5898742676
78.0023422241
74.7184524536
76.1611557007
72.4009170532
70.1374969482
67.9675140381
70.3869934082
73.0270843506
72.1760635376
73.2533416748
72.7029647827
72.8067626953
74.4164199829
71.7938003540
72.8085708618
74.2913970947
73.9141540527
75.4500503540
75.5772628784
76.5607604980
79.8410797119
76.5875854492
79.4152984619
82.8601684570
84.5800170898
87.3765258789
83.3104858398
83.7640075684
78.9815521240
77.0671081543
76.0213470459
75.8645095825
76.6537094116
79.3236160278
75.4826431274
73.7601928711
70.8724288940
77.3431472778
74.3743896484
74.5386199951
79.4885253906
82.5205230713
82.9647521973
73.5942993164
70.4165267944
73.7637557983
77.5410614014
75.2698822021
73.7363739014
72.0426559448
71.0748291016
70.1452331543
68.0023117065
68.1166763306
62.0264816284
64.4920043945
64.7655334473
63.2290687561
66.9572372437
74.2162322998
76.8497467041
79.1191482544
80.5802993774
81.8701324463
83.3673477173
82.9276428223
82.0260467529
80.3313980103
76.7014160156
75.5056304932
73.9796600342
78.0370025635
71.6755218506
71.3532104492
68.6738128662
71.9641571045
69.6492614746
67.4201507568
66.9161987305
67.0590820312
69.0447921753
70.5206604004
72.3569030762
72.0683517456
70.5646209717
79.2806854248
82.1805267334
75.1425781250
75.8828048706
75.6645812988
79.1371917725
74.9858169556
71.0599212646
74.4366607666
71.7238006592
68.9238128662
68.1513977051
70.1257400513
69.8588562012
73.4872207642
77.8075561523
83.0667343140
81.2338562012
76.5999298096
77.1045074463
79.3632659912
77.9204406738
75.9886627197
72.4216461182
62.4490890503
71.7087631226
80.2272491455
78.5565719604
79.1224594116
75.6070709229
80.7789306641
78.7863769531
77.9558410645
75.8470993042
74.8521270752
72.1545867920
66.8452148438
67.7402954102
67.7169113159
67.1271057129
63.1251258850
65.0676422119
65.0581665039
69.6828308105
67.4303207397
69.4724426270
68.2689971924
70.2883911133
62.7136001587
62.8299293518
65.3126831055
65.7101287842
67.0109024048
67.4705886841
66.6319198608
65.8894653320
64.5901336670
63.6634597778
63.5589675903
62.9012565613
63.5216674805
63.1980514526
65.8410034180
67.2387847900
71.8320846558
76.9034729004
77.4142608643
81.6144180298
81.5500411987
82.9198455811
82.0182800293
72.6260604858
65.4753341675
66.5177154541
69.2285690308
68.9419708252
68.9618911743
67.7497940063
70.9128112793
76.9049758911
82.2962722778
83.5402679443
85.7569885254
86.8828659058
87.6468658447
78.6651000977
80.8919296265
77.1087188721
76.9609451294
67.4714813232
61.8872413635
60.5990524292
62.2073745728
64.1054153442
63.5464591980
61.4946708679
61.5998306274
60.8687744141
61.7578430176
61.4005508423
64.2321014404
64.5817413330
64.8656158447
64.6440887451
64.2036972046
63.7385749817
61.5258674622
68.1182556152
68.3584747314
69.2659759521
69.9155273438
65.9817428589
64.3136825562
63.2142066956
63.8664245605
61.4534034729
66.1026916504
70.6110992432
71.0186996460
69.0466232300
65.4493484497
63.6882095337
67.1490173340
65.9394531250
64.3830108643
69.5762710571
73.7561340332
75.3475189209
75.3502502441
71.0802612305
67.6870269775
70.0738220215
74.5067138672
75.2874298096
75.2339630127
71.6540603638
79.5892562866
82.3134536743
85.6396026611
87.1823501587
82.3680877686
81.7446975708
76.9072647095
77.5816421509
80.3294219971
83.2770309448
83.6326904297
82.7404098511
77.4321365356
72.3680953979
69.6789398193
70.6712112427
76.2380523682
77.4782028198
75.8018569946
67.9962539673
64.0187606812
66.5281524658
67.5132369995
64.0722961426
69.2521820068
71.8455734253
76.8578796387
84.1491394043
80.7716217041
74.0811538696
71.5728302002
72.2315750122
71.7476654053
69.9388809204
62.7523689270
70.0225372314
73.5371398926
74.3095397949
71.2687377930
69.8227920532
69.5485076904
68.5109863281
65.5865631104
65.2149505615
71.4724121094
71.6570510864
71.9635162354
66.6298446655
66.4404296875
76.6287078857
77.3687133789
79.5333404541
74.6046600342
70.3804702759
68.6931610107
73.4334106445
82.2520751953
79.5720062256
79.7216873169
80.7576751709
80.9348220825
82.6376495361
84.3983612061
86.0896148682
83.5577697754
85.6712417603
84.9684677124
86.4358367920
85.8006210327
82.8345947266
78.7251510620
75.4268875122
75.7689514160
78.5125885010
83.0209732056
86.5856246948
79.8795623779
79.1685791016
73.5901718140
76.9522552490
78.2314987183
77.6461639404
77.6140060425
81.2643585205
86.8504028320
80.7589492798
79.4887084961
75.1333007812
75.0037078857
77.7119827271
78.7962799072
80.3520584106
79.1298599243
84.8660736084
82.4174194336
80.4335556030
75.6571350098
77.7710037231
80.6151885986
83.0362472534
80.7658615112
88.8246536255
88.2196655273
85.3685684204
80.7445144653
78.0673980713
74.5561294556
80.0206451416
76.6199798584
79.2909317017
78.5192184448
77.4107818604
85.8791198730
89.1698837280
89.9968719482
77.3937225342
77.6970291138
81.8219375610
84.2356643677
83.4640960693
81.8544769287
79.4620132446
79.3587341309
82.1900482178
78.6721343994
79.9758758545
78.5505752563
82.1653671265
81.7707214355
87.7111511230
85.9816894531
84.8259735107
81.7502899170
79.8990783691
80.6975250244
75.2399291992
80.6420898438
78.2515411377
79.7725219727
82.0325927734
86.6805725098
83.2345581055
87.1278228760
84.7476654053
82.2910232544
79.7808456421
80.5396270752
80.6361999512
82.4266815186
81.7374267578
78.0784912109
77.4356689453
75.8051147461
77.9957427979
80.9695816040
82.2264938354
87.4514312744
83.2130966187
77.6112976074
75.2331619263
78.6265716553
81.4141082764
79.8865051270
78.2311477661
75.5128555298
73.2782974243
78.7930679321
66.1107940674
65.2653045654
64.7619400024
61.4216499329
61.0776214600
74.4840469360
78.3371887207
81.9880828857
85.3193969727
86.9249038696
75.6635208130
71.7714996338
75.6763153076
76.9663696289
82.5748596191
84.0175628662
84.2261276245
81.6884613037
76.6675415039
83.2507324219
82.4698104858
86.0320053101
82.9836349487
84.3653945923
86.3874359131
86.0660629272
83.8567199707
84.0134124756
84.1517791748
83.7091522217
80.8312759399
77.1799392700
74.8420410156
78.2080688477
80.1370239258
85.5985336304
86.5694961548
83.5440750122
80.4431533813
82.6158370972
81.6335449219
86.9283447266
81.6383285522
83.4797286987
86.5214385986
94.3882522583
89.2162857056
85.3881072998
85.8561706543
85.3654708862
84.7371444702
84.1818695068
82.5849685669
79.4502182007
78.2789916992
75.7407226562
81.1705093384
79.9499893188
83.7996749878
84.3284912109
79.1989746094
76.0421981812
77.4400787354
77.7092132568
75.4289016724
75.7891464233
75.8271942139
77.8632278442
84.1017990112
85.8029937744
83.3408355713
80.9955139160
78.6532135010
77.3211364746
80.8280868530
80.8706817627
80.7136993408
77.8441314697
80.8523254395
85.5876007080
73.9255828857
69.0570526123
65.7710952759
66.3923721313
65.5616836548
71.8760070801
76.1287460327
76.0525360107
76.9736480713
71.5903930664
77.8428726196
80.6704101562
84.8241119385
82.0620880127
81.4157562256
80.0768203735
78.7751159668
81.9427185059
80.6818466187
79.5541076660
81.6204681396
79.7975540161
78.4162902832
78.6467132568
70.9829559326
70.4744033813
74.3838272095
74.9902877808
74.4946594238
73.8420562744
76.0040206909
76.6612548828
83.0956497192
79.4129943848
76.6860427856
69.5579147339
72.5787963867
75.3914031982
75.7228317261
77.2575225830
75.5236053467
77.6897811890
78.5928497314
85.8236007690
84.4926605225
81.7705459595
83.3184509277
87.5266494751
81.0350341797
83.5369338989
85.4704895020
80.8040847778
79.4069747925
80.3037261963
75.8385543823
76.5954666138
77.9584503174
75.9294128418
73.2726058960
63.3372497559
57.0993728638
60.3429031372
74.1850051880
76.3816680908
80.7928466797
81.5560455322
80.5288848877
73.6776123047
71.5471343994
71.5347747803
77.1723937988
78.9088287354
79.5251846313
76.4825973511
76.2988281250
71.6282958984
76.3773956299
76.3485107422
75.9724655151
73.2020034790
72.0160064697
74.5345687866
74.7701110840
74.6030883789
77.6950073242
81.7689361572
81.2615127563
81.7093124390
76.2994384766
71.7484512329
73.1751022339
76.8112258911
78.5089874268
85.1076660156
81.9325866699
78.2447128296
73.5350646973
69.9938201904
69.9387817383
72.1506958008
74.6112213135
81.6946945190
78.6847305298
78.0996856689
76.0800933838
75.8335876465
73.0843276978
69.9031295776
75.2385864258
77.3432769775
82.4125213623
78.1068115234
76.6362533569
77.5517120361
77.9934234619
83.3534240723
80.5036697388
78.1908264160
75.4592895508
76.2064743042
79.9594345093
78.9215011597
80.3641891479
69.8624725342
70.9304046631
70.8189697266
74.9312210083
74.5605239868
77.3570938110
81.2601623535
84.8158416748
81.2806777954
76.2958221436
75.7400360107
75.8396148682
75.1634597778
70.0323410034
68.4393463135
68.3388977051
71.5097503662
68.0752029419
61.9733963013
65.4164810181
68.5485687256
68.8334045410
69.5662307739
61.0491828918
57.9090690613
59.9736366272
61.7738113403
64.1848144531
72.1360778809
77.6394653320
77.7679214478
78.6181640625
75.7532043457
80.8039627075
80.9831314087
78.7577896118
71.2137527466
71.0741424561
67.7037582397
69.6810073853
68.3927154541
67.3377227783
65.6641845703
71.1337585449
70.5285949707
69.8681335449
65.9963531494
71.9230957031
73.5444030762
74.9451446533
76.8072967529
79.0745697021
73.1553192139
74.0284729004
76.3806152344
82.3239135742
78.5034713745
79.2315444946
72.8726882935
70.8986206055
70.2700271606
67.9042663574
63.9487991333
65.6824569702
67.0770339966
64.1368637085
70.2744064331
72.5017700195
76.2252578735
78.6302032471
73.0368652344
67.0105514526
68.4283218384
65.0160064697
63.8259506226
69.9521026611
73.7477264404
85.0938568115
88.8481750488
85.4480895996
80.7931442261
75.1633758545
74.9607849121
72.6445693970
67.8863677979
72.1806411743
76.2741699219
80.5949783325
83.2476272583
80.5922012329
74.9675292969
65.3905258179
63.5116462708
63.6990432739
63.4391899109
63.2949180603
65.8234252930
68.3241729736
70.6601791382
68.0583648682
69.2680282593
68.7217788696
74.0857849121
73.4295501709
78.5571975708
81.5498428345
85.2042694092
82.9223785400
79.7111282349
77.6781387329
76.8773269653
72.0641632080
72.6604461670
70.1551818848
75.2597503662
78.6590957642
81.0259552002
80.1438293457
77.9945297241
77.7828216553
75.4135513306
80.8220825195
81.7127151489
80.4382629395
77.9089965820
75.3760452271
72.3506011963
77.8294677734
79.5050964355
78.0449295044
77.7680130005
76.0923919678
73.0334472656
70.9040756226
75.9196166992
80.4215469360
85.8849792480
78.6042938232
79.7280807495
79.2732772827
80.6020050049
80.8975830078
75.8017196655
75.5289840698
75.2319030762
75.1969909668
69.3243255615
76.5825119019
78.3213882446
81.3829345703
80.8921890259
78.9471130371
74.3815612793
80.4315032959
84.7712707520
82.4637908936
76.3812332153
74.1887893677
71.5930480957
71.2514343262
72.7661972046
71.7047424316
75.2704162598
78.4430999756
84.9392471313
91.7441177368
88.8437118530
90.0379714966
84.9868774414
78.5031433105
66.7747497559
69.0790100098
68.9193954468
68.3962249756
71.9102630615
71.6910400391
74.1139984131
77.3316497803
80.4916610718
85.7359237671
83.4364929199
87.2126770020
85.5212020874
82.7069244385
77.1382064819
69.3985824585
76.3290023804
80.4236602783
82.6147766113
85.9976425171
90.5183563232
89.3846359253
84.1594848633
80.5696411133
79.5681762695
79.4144439697
75.6453323364
70.3748245239
63.6931915283
73.8969497681
77.1965103149
78.3147735596
79.5138626099
76.1879043579
75.5868453979
74.8084182739
76.0878982544
74.9532852173
73.8177642822
66.0611877441
64.5275878906
70.4626159668
73.8901672363
72.0210037231
67.4156723022
67.5867919922
65.4406204224
69.0814208984
69.1865844727
69.8812103271
68.6296310425
71.6535339355
73.9986267090
74.3370132446
79.6728134155
80.6193923950
80.0265274048
72.2482528687
74.1930999756
78.2945632935
82.8556137085
85.5679550171
82.4455032349
82.2756195068
81.5088958740
80.2552261353
78.4741439819
76.1118469238
75.2444152832
78.7059555054
79.6254272461
75.4555587769
78.3434906006
76.8826675415
76.9713897705
72.4781417847
66.2902908325
64.3184432983
65.2151641846
73.1785659790
78.8767700195
73.5328979492
67.8921508789
62.8671913147
63.5504302979
63.4292831421
66.3980941772
75.0342559814
73.1783447266
72.6570129395
73.4227142334
77.1178054810
74.5653152466
66.8828277588
63.8366508484
70.0324325562
71.1100692749
73.3054428101
69.8129425049
70.2869186401
69.4503326416
67.5876922607
70.5222473145
77.2247390747
83.6915740967
86.3526763916
78.0702896118
75.8321228027
79.0054168701
81.3025817871
87.7725524902
82.8737335205
87.9386062622
83.2818756104
82.9892196655
78.1790695190
79.7211380005
80.5450897217
78.8306961060
81.4831542969
83.1999435425
86.6297988892
81.4032211304
80.4935302734
74.4941482544
74.2002029419
71.2183990479
70.1858901978
75.4018325806
84.4820480347
87.7715606689
89.6315689087
81.7795257568
79.8237152100
75.8006515503
78.1651611328
83.3451232910
84.0036239624
81.6730270386
80.5173110962
76.2137145996
72.4678344727
75.0977020264
77.8021087646
78.0780258179
77.3187408447
77.5514984131
82.8784484863
86.8626327515
86.6270141602
81.8559112549
80.7150115967
78.6576843262
75.2435150146
82.2210540771
76.6737442017
74.8306503296
77.1561889648
78.8534164429
79.8412933350
80.8805923462
75.2243194580
74.0958023071
69.1780853271
70.5063858032
71.3970031738
70.8815002441
71.6691665649
75.8169479370
76.6573333740
80.1944732666
79.2052154541
81.3531646729
80.6656951904
78.3597869873
79.7388153076
77.8186569214
75.7884826660
79.0261688232
81.0113220215
80.5515823364
81.4009246826
82.7847290039
84.7186431885
81.9919967651
82.5981979370
83.9649581909
83.9584121704
83.3261718750
84.9494323730
86.7835311890
86.7204895020
79.3101043701
75.2423629761
74.8056793213
77.4772338867
77.3276214600
78.2562255859
78.2338867188
79.5711135864
75.1344909668
77.7174530029
76.4938812256
79.0295257568
76.0843048096
78.0497665405
79.7399444580
82.7460556030
80.1517333984
73.8230514526
75.7927322388
78.7600936890
80.0832901001
80.8013534546
80.3134460449
79.7113189697
78.6687316895
75.7865066528
70.7389755249
66.2804107666
68.5983428955
70.0867385864
71.0911102295
66.5360794067
63.1161804199
64.9087600708
66.3660507202
66.0700378418
67.4906768799
69.9629974365
75.2857589722
71.8554382324
73.9623184204
67.7088394165
72.8693389893
73.4569015503
76.6692810059
72.7247009277
72.3204116821
73.6049270630
72.6734085083
78.4133529663
80.2340621948
84.6786956787
84.4569702148
82.7379608154
84.2023162842
83.4186782837
80.2757873535
79.6067123413
76.8943786621
78.9640960693
77.1209716797
76.1328353882
74.2549438477
80.5800018311
80.0142593384
77.5161972046
81.3914031982
80.5924606323
81.3236541748
75.5626754761
77.7230529785
76.1902618408
78.9551010132
80.7235336304
76.0976562500
72.0242614746
65.8844146729
68.2176208496
66.8265991211
65.1088409424
60.9426383972
69.7929077148
72.8050460815
72.0268249512
67.1615295410
68.0273437500
67.8073501587
73.6865234375
73.1174926758
72.2216949463
73.7196731567
74.5479507446
72.6262512207
72.4275970459
70.5201110840
76.5691223145
70.1309432983
70.9162521362
71.3989334106
75.8078079224
78.9234161377
80.5033035278
74.6413116455
66.4857482910
62.7980575562
64.0507431030
66.0176010132
66.2738876343
61.7852172852
61.8283348083
66.7839965820
71.4777450562
79.8893432617
74.8085021973
73.4554290771
69.7727890015
75.5031661987
67.2959289551
71.5329895020
80.3388900757
79.2862014771
77.0845184326
71.1411285400
74.1919860840
80.7692031860
81.6171569824
87.2256774902
88.3340225220
89.1209411621
81.4325256348
81.9477996826
81.3549652100
83.5429840088
84.9445343018
83.7018051147
84.3763046265
83.5935745239
82.9508666992
82.0560455322
81.6016845703
83.0027923584
84.1116790771
84.6454315186
81.9693298340
83.3514709473
81.3897552490
79.3996124268
77.5360412598
72.5646820068
77.6290740967
75.3542480469
83.4007034302
83.4248428345
83.8412017822
76.4206771851
71.5868377686
77.6710205078
76.4754257202
78.1606521606
77.8651275635
77.6548538208
76.8885345459
75.9895935059
76.2285079956
76.4926376343
86.1923370361
91.2575302124
93.7823944092
89.4421310425
88.5457229614
84.9789505005
87.8461227417
86.4643249512
82.4491500854
83.7132644653
81.6999969482
84.5524063110
85.5099945068
92.5744781494
96.3310089111
93.4176483154
91.8851470947
91.3827667236
88.4802322388
88.6557159424
88.3224716187
87.9597778320
84.1544876099
83.9456787109
84.7529067993
84.4135131836
84.6398239136
84.1471252441
92.3925170898
91.6013183594
91.1211853027
88.4707489014
79.2645111084
79.8502883911
76.4080734253
78.8344268799
79.0686340332
82.8281250000
81.8704223633
79.5418395996
77.6275634766
74.7021484375
73.5360412598
73.8126602173
73.9918594360
79.0036697388
82.2287597656
80.1835250854
80.6177597046
81.0647735596
78.0139236450
76.9147720337
75.1649246216
71.5840072632
74.7928695679
74.3075637817
69.4638977051
71.0737152100
73.7848663330
78.6797332764
79.5800476074
78.4830551147
72.6443252563
76.4149551392
80.1098785400
85.9367675781
84.3303833008
83.4429550171
85.5427093506
83.6281890869
78.0206146240
73.0694580078
71.9564132690
73.5685348511
74.3642501831
72.8114395142
72.9260864258
79.1488952637
79.8387069702
79.5715026855
78.2158279419
71.0625457764
74.7661437988
76.9658737183
80.6237258911
90.6698455811
86.4800338745
83.2810821533
85.4302749634
85.7689819336
90.1421890259
92.2157287598
85.5285110474
80.8188476562
86.0941009521
79.9672775269
73.0475006104
64.9232254028
61.0903396606
63.7409782410
65.3956832886
68.6889190674
72.3497467041
78.1835861206
78.9589614868
74.0755310059
77.1620559692
77.2717285156
83.0824508667
81.9079589844
72.5428619385
71.5613479614
75.9089126587
83.0622787476
76.7014923096
81.6234893799
79.3442611694
89.8913192749
90.4194641113
89.9590530396
81.4433517456
82.7732162476
88.5382080078
85.5942306519
86.5409851074
84.5757141113
85.6212844849
82.1886291504
78.4322967529
75.8604736328
77.8059997559
75.3028182983
73.7342453003
73.9567565918
73.6018218994
75.9510955811
69.6402435303
67.3523178101
71.6235885620
75.6023712158
74.8214797974
79.1951599121
81.8125686646
81.8002700806
86.7104797363
84.4248886108
86.8325424194
87.1746368408
87.1493759155
82.8734588623
76.5606994629
72.0729980469
65.2805404663
65.2858047485
63.3766098022
70.0923995972
64.1741104126
70.7928924561
74.5309677124
83.8728637695
90.0863189697
90.9420318604
87.6920623779
83.6256027222
78.9750061035
75.1988143921
71.5868911743
70.2745208740
81.5205001831
81.5595703125
81.0324554443
77.4921264648
71.3865585327
79.7523345947
78.3241653442
80.1364135742
82.5077514648
84.3622894287
88.0658569336
86.0249938965
83.4710006714
77.7870254517
74.2125701904
74.9486770630
74.4835815430
79.1739959717
85.4972229004
83.1915740967
83.8227005005
78.2807006836
75.7941207886
72.4730300903
69.8056640625
63.5953140259
62.2242279053
62.1078414917
71.2093505859
71.1624450684
70.9900131226
66.3987960815
74.5261383057
70.0937728882
66.3406600952
74.8129425049
72.4139328003
74.9843521118
75.4207992554
69.7460021973
65.2437896729
65.2836227417
76.8927917480
80.5253372192
86.2260437012
89.1443099976
90.0472183228
89.0808029175
86.7695922852
85.7622604370
86.6599960327
82.9851455688
83.5493621826
79.1667480469
77.1143188477
71.6513366699
77.1765060425
76.5294876099
79.5908584595
80.9566955566
80.1787719727
89.5415191650
85.1304092407
86.8124542236
82.2365264893
81.0963363647
84.1358108521
81.6922760010
80.6326370239
81.6977920532
84.1228179932
87.7204895020
89.2302551270
85.6826324463
85.2954788208
87.9714279175
91.0036468506
88.6499176025
86.8103713989
85.5977172852
84.3957290649
85.4702606201
87.0178451538
83.7084045410
80.0874099731
77.6619567871
78.6619033813
76.4297103882
73.0882568359
64.9071350098
63.4371032715
62.1923141479
60.9204483032
57.7016563416
65.9946899414
73.6856842041
76.0355987549
77.3879318237
85.2251586914
71.5089111328
74.0004730225
81.9314346313
84.5020599365
84.0355682373
80.9052352905
82.4275817871
82.3509674072
87.5287399292
86.7864990234
82.0600738525
81.0136947632
84.8462677002
84.0900955200
84.7253952026
84.1560134888
84.8438949585
83.1376953125
80.1393585205
80.5365371704
77.9757080078
76.7774505615
73.0701446533
74.3400802612
76.1065597534
71.5564270020
80.2230300903
83.6199417114
84.0146026611
85.0510177612
85.2513351440
74.4033279419
78.0000305176
79.2837829590
75.3079299927
75.4396438599
73.8696670532
76.8185195923
72.0453948975
72.5615539551
73.5557250977
77.0124740601
78.3989639282
87.0717620850
84.9819641113
85.3476181030
79.3871612549
76.9980697632
76.3795242310
75.4283676147
80.2936096191
79.8077621460
78.7632293701
84.6104431152
86.8670196533
88.5645904541
86.4229202271
70.7425765991
64.8338165283
76.2254409790
70.8429107666
74.3411331177
76.7138671875
82.9692993164
81.5064620972
76.6361007690
71.3127136230
74.7979202271
73.2975616455
76.2947692871
80.5769119263
84.8105773926
80.7707824707
76.8994293213
80.5943145752
81.5267868042
76.3024902344
80.0330505371
82.9781036377
85.1090393066
75.9353866577
76.3777770996
87.9220886230
85.3053741455
81.2146606445
85.3097381592
88.6770782471
88.2352371216
85.1322784424
76.5991973877
69.5333175659
72.6958923340
74.3596954346
74.9243774414
74.8342895508
79.7721176147
84.7641906738
84.8594818115
82.6824722290
77.6015319824
76.7425537109
76.5845794678
77.0095520020
73.5388183594
82.7243499756
79.5484390259
85.4681472778
82.7049179077
84.9363708496
89.2894210815
89.3516540527
83.6988525391
88.0084838867
90.1974716187
92.4253692627
88.2469558716
88.2877349854
91.5698547363
94.8813552856
90.8320617676
88.9913635254
91.9614181519
87.7976303101
88.5088424683
85.8923339844
83.6580657959
76.6271514893
76.2303771973
85.9479522705
85.0187454224
81.8922271729
79.1759872437
79.9321365356
77.6223754883
78.3934249878
83.3752212524
85.7276763916
84.4667663574
83.8726959229
80.7546539307
78.3911972046
77.4083328247
77.1122589111
80.4373626709
79.5632095337
75.5616607666
76.5449371338
74.9375839233
78.7517623901
77.5105667114
78.5170898438
81.7436676025
82.2799301147
85.7937240601
82.4059066772
84.4707489014
82.6808471680
82.5741043091
83.1336822510
82.3175964355
78.4902572632
79.9030990601
78.0571060181
75.9290237427
81.5339584351
78.1565246582
77.6556091309
75.8887634277
77.1734695435
80.5007400513
82.9147186279
82.2822418213
81.2213287354
80.7581253052
77.5394592285
77.6839294434
76.4309005737
72.6574096680
75.5343093872
77.7004394531
74.8951950073
69.7498397827
70.1740570068
71.7794036865
74.7787322998
80.6895446777
78.1801986694
77.4703369141
81.5742950439
86.8158798218
86.9045944214
84.6491699219
88.4176559448
91.4994735718
90.0764846802
87.9904327393
91.3796920776
95.4370346069
94.4508285522
95.3809967041
93.9810104370
95.2528839111
88.4169998169
84.7120361328
87.5364913940
88.2030639648
85.6994094849
87.5898132324
85.7191772461
86.2356414795
86.2451095581
86.5311660767
87.7458572388
89.1088562012
86.4614257812
82.3443069458
83.0495681763
84.3204421997
85.1758728027
81.9240875244
79.3751983643
76.4164581299
76.6591644287
81.4686355591
82.5212097168
78.6405563354
86.8712005615
88.8544616699
90.2185211182
90.5008392334
86.7978515625
86.6930236816
89.6342468262
86.7584762573
81.2883529663
84.3574600220
92.4799728394
93.5248413086
96.6655731201
90.4178237915
89.1394653320
90.5467605591
86.2996368408
85.0015792847
86.8223953247
86.8972091675
86.9262619019
89.9376296997
89.0207977295
87.5072631836
87.3310394287
85.4837722778
78.5184707642
79.1654434204
85.4714355469
81.1497421265
86.5016784668
85.8640899658
90.0113754272
86.5312423706
85.0377197266
83.8248519897
84.2929000854
80.7887115479
82.3158493042
82.0013656616
80.7554473877
77.8901824951
73.3955917358
67.0332183838
66.3156204224
70.5774993896
72.5663146973
71.9805450439
75.9316940308
74.9142074585
81.3487472534
82.2336120605
86.8669281006
86.1536102295
91.0033645630
91.1624908447
85.3586883545
81.4611816406
82.0808105469
79.4745254517
80.7617340088
75.2114334106
76.2651901245
76.3226776123
83.0130310059
90.8691864014
90.9605865479
92.2016143799
92.9542007446
93.0604324341
91.2369232178
91.4564971924
93.1940765381
95.0594329834
94.9942016602
90.3381805420
85.4342575073
82.7158584595
79.3789215088
84.4850997925
85.1634979248
90.5617980957
86.7575836182
86.5946044922
81.4724731445
76.0126724243
80.7566833496
76.3711624146
81.0275421143
79.2599182129
77.7819671631
82.3671722412
80.1995544434
80.9155960083
73.9005279541
76.8232040405
79.5621490479
75.3548889160
77.4049530029
79.4796371460
69.5347595215
76.9425888062
78.0821990967
78.0247192383
77.8996124268
78.0075302124
83.2234115601
81.5023345947
78.8262786865
76.8994445801
75.5465087891
71.3558807373
66.3752746582
64.7687911987
72.2082443237
70.9343185425
79.3636093140
74.4422225952
76.8917236328
77.2169570923
83.3685836792
86.1145095825
87.6310501099
89.0157928467
94.0326232910
94.7035903931
89.6846084595
85.8835296631
80.1309890747
78.6273651123
81.6354293823
81.2822570801
80.8921356201
78.2810516357
74.5308837891
71.5763092041
69.6506652832
68.9438934326
70.7823791504
78.2798767090
78.9557266235
78.8102188110
79.2155761719
83.3422164917
85.0923385620
87.0103073120
85.6264266968
80.8488464355
80.2780761719
85.2061157227
86.2431182861
86.3908843994
82.6953735352
79.0133361816
87.4498214722
77.7283172607
76.2689819336
77.7147750854
79.0557937622
80.6734695435
78.4192428589
77.7578277588
86.1402664185
80.7037963867
79.1599731445
74.3061370850
84.9772491455
75.0599822998
77.0270767212
80.0751037598
81.6380691528
85.9542846680
83.8232574463
83.1243133545
82.4528808594
78.7674255371
80.8253631592
72.8633346558
74.7160034180
76.7843399048
80.0915527344
79.0941772461
79.6932067871
76.1766052246
72.3052215576
70.8578796387
73.1634216309
78.4592895508
76.9975509644
72.8490371704
74.8707046509
72.1724395752
72.8741912842
73.4291839600
73.9525680542
74.9698867798
79.5887222290
79.1753234863
80.3576126099
82.5385513306
83.3307723999
85.9546737671
81.8520965576
86.7882080078
86.7862625122
88.2969207764
85.9046783447
82.5858688354
81.1782073975
79.2353515625
80.0412979126
71.8390808105
64.4321060181
62.7934341431
65.1969070435
67.1517257690
72.6490783691
74.7577743530
81.0545578003
84.3703689575
80.5100097656
84.1286621094
83.5604705811
84.5175476074
88.1964950562
85.9051132202
90.2094650269
86.0879592896
82.2872924805
80.9915618896
90.6089172363
84.2301940918
81.1966400146
76.8934097290
78.4268188477
81.8577270508
85.8950958252
82.1612930298
77.2432022095
72.4776763916
79.5463867188
82.5422973633
88.4088897705
92.9028320312
85.6748199463
84.2296676636
85.4952468872
84.4313125610
83.7425079346
83.6307983398
75.6815948486
81.4899139404
79.0995330811
82.8436584473
88.1403274536
92.0486602783
93.7753829956
92.1096115112
91.1441726685
87.5504837036
88.1172866821
89.6604080200
93.0293884277
89.1224822998
86.6432113647
87.1213912964
84.4792251587
82.1281127930
81.9664230347
84.6409301758
87.6850051880
89.7068328857
83.1971588135
84.5381698608
81.6434020996
82.2491073608
74.6276321411
71.3242416382
72.2406234741
76.4545898438
81.3140869141
82.8119049072
84.2790451050
81.0872039795
78.3359756470
72.7823028564
74.0490646362
73.8338775635
75.4891128540
78.5147933960
83.9300384521
85.3398284912
87.0832595825
82.7544403076
80.5476608276
79.6668090820
76.5802154541
76.9898223877
80.4084091187
84.7160568237
86.6233444214
82.1303405762
79.2026824951
76.5825729370
76.3543777466
79.8224105835
82.3686370850
78.1171646118
78.3567352295
81.3147201538
81.4045715332
73.7488708496
79.0209960938
77.5024871826
77.7079162598
76.0020751953
74.8835983276
74.5011672974
74.9021148682
82.7774581909
79.0376358032
81.7218170166
85.5582275391
86.8544616699
84.2671661377
81.0400543213
81.5531616211
82.3938522339
80.8714599609
77.7793731689
79.8093414307
81.3881378174
83.8707504272
83.3146591187
74.5813522339
73.6100540161
73.4664230347
78.5647964478
81.0759887695
81.2039489746
83.4036788940
83.0418472290
82.1148986816
76.6818695068
76.9721298218
80.3552627563
82.8154449463
83.2548522949
83.1594619751
80.9990615845
80.1540832520
82.7019500732
81.6995315552
78.0106582642
74.8590545654
79.2084808350
80.0269393921
79.1515197754
82.3484115601
75.6794357300
77.2596206665
76.9872894287
78.3513717651
76.3209457397
79.9494705200
79.0851974487
77.0505371094
79.3801269531
76.2242813110
76.9802246094
78.1324539185
87.1936569214
78.7066497803
79.2864837646
81.4045410156
82.8509368896
84.8402633667
85.8421630859
85.4255676270
80.1589813232
76.5995025635
75.7064590454
79.9708938599
82.2490463257
81.5795593262
80.3237152100
80.2014541626
79.8161163330
76.6602478027
76.2607345581
77.8377532959
82.4514846802
74.6128540039
75.7140579224
77.1802444458
74.4943008423
78.4231109619
79.8059997559
78.0144653320
78.8392639160
77.6674575806
77.5296859741
80.2291870117
83.2508316040
82.7749481201
81.2015151978
79.0613708496
83.8769302368
88.3096466064
86.5172653198
87.2831268311
85.7861022949
84.7763824463
83.6859588623
89.1453781128
85.2134170532
83.6298065186
84.1478652954
84.5284423828
78.2214431763
75.3744354248
78.7545471191
82.3246307373
80.3422241211
74.8063964844
78.7196960449
79.5296783447
80.5833053589
76.4843978882
71.7195968628
71.3170089722
73.0002517700
79.1683197021
80.4026794434
76.7059783936
71.9057312012
71.3585510254
77.7217788696
78.2177429199
82.1441116333
84.8073654175
87.2247390747
82.3130264282
82.4478759766
87.7553558350
91.7198104858
90.8841476440
89.2693252563
87.3660125732
88.3907012939
86.4199829102
89.7242202759
96.5195922852
97.3356933594
94.2578887939
90.1359558105
88.6674423218
89.7393188477
89.0217590332
84.8874359131
84.2529754639
83.9271011353
77.0076599121
78.7512359619
80.6938552856
80.9646377563
87.2484130859
89.2996292114
80.8612976074
78.8531494141
77.2091369629
83.4993133545
81.4827041626
77.2550125122
76.2950820923
75.8643264771
77.5328445435
81.5900192261
77.2543334961
80.7980957031
86.7905273438
82.1583709717
84.7551879883
84.8321380615
84.6027908325
83.8044128418
82.8074188232
83.8712921143
83.4928588867
80.6753311157
75.0308532715
67.7564468384
68.2923889160
69.7958679199
73.9326934814
75.4414520264
72.1074371338
70.5861434937
69.2206115723
69.5920791626
73.8347396851
74.3255996704
78.5833358765
77.9082183838
77.4585037231
74.6310424805
75.6089324951
74.1082305908
76.4126358032
80.9157028198
73.6070709229
79.7479782104
81.8370742798
88.2655563354
83.4664077759
83.8084182739
87.5184555054
86.1542358398
87.5301055908
83.8378448486
81.6165542603
80.9287338257
75.0945510864
73.4906387329
72.4046478271
76.1093978882
79.8303298950
79.6986236572
72.9412841797
72.9581375122
74.7568130493
80.7897949219
84.1059722900
75.0003585815
77.4706649780
79.7247848511
82.6227035522
84.3514862061
81.8671264648
79.0811309814
82.8698348999
85.0798034668
79.7721405029
81.5883026123
76.7960510254
77.7587738037
77.5456466675
76.4610748291
77.0384216309
74.7348251343
74.0253982544
75.1832885742
78.9396209717
79.8198776245
82.3689270020
81.2207946777
79.2924194336
79.3008651733
73.9414520264
78.1128692627
80.2634201050
82.7368850708
79.1586608887
75.7354507446
78.8012161255
81.1060180664
84.4514617920
87.4957733154
82.8460388184
83.0556716919
88.9208450317
89.2240066528
88.6985321045
82.9679107666
78.2072982788
79.5438385010
73.4108123779
80.3255844116
82.0601501465
79.0699462891
77.7231369019
83.2739715576
84.3969421387
83.9293365479
75.8853683472
77.2011260986
78.0824661255
88.3521423340
86.0163421631
85.9908065796
83.5794372559
87.4450149536
83.2433547974
84.0032577515
78.2943954468
74.1450119019
78.5223846436
81.1135406494
81.4390563965
79.3565673828
77.4082489014
75.1935043335
81.4897842407
80.3977661133
83.0839538574
78.4338760376
79.9814834595
77.8250961304
81.2958068848
80.9408035278
78.5235900879
75.0846099854
74.7331466675
74.0923004150
74.3753356934
78.2950057983
77.7782745361
78.5577468872
80.9384155273
81.3737335205
82.2744598389
86.7446517944
81.9900512695
83.1405715942
84.3741455078
85.0303192139
85.5289611816
87.0496139526
86.0533065796
84.2037506104
80.0012283325
78.3522644043
80.6644973755
81.1387329102
79.8400421143
85.9153213501
80.2606201172
80.6432571411
80.0833511353
75.4432983398
69.0493011475
72.3357009888
65.2966842651
65.7324752808
69.6259613037
79.6681900024
81.8273620605
79.4242248535
78.5346298218
82.3279342651
83.3689651489
85.0104522705
80.2781829834
69.5081710815
72.4848403931
73.0523529053
74.9605941772
76.5742111206
81.3793411255
82.6896362305
85.8618240356
87.7567291260
87.2550354004
78.7672729492
75.9057617188
74.5379257202
76.8341827393
76.2905426025
82.4032974243
83.8062820435
81.0077514648
77.8302154541
76.2573852539
80.1447677612
74.1193618774
78.3917388916
73.4563369751
74.7553939819
77.4046707153
80.1361160278
80.6172180176
85.2892761230
79.7472534180
83.7048034668
82.0334777832
81.8227462769
82.1741180420
71.6009902954
73.5748291016
76.6321792603
76.6040115356
80.4598541260
79.7806091309
86.8419876099
90.3449935913
85.6182022095
79.9938049316
78.4581298828
79.3254241943
80.6940536499
82.0916061401
79.3892898560
78.6869812012
75.5221405029
77.5451431274
81.4986267090
78.0944290161
78.1907196045
74.4563903809
77.8841857910
85.3030090332
80.8465728760
81.5316009521
79.4046783447
79.4510650635
83.0595169067
80.2569656372
80.8062896729
77.6238250732
78.6753997803
83.9748382568
84.0090637207
81.8874893188
80.8836975098
78.5113601685
81.6464996338
81.9710922241
83.7466964722
86.4243621826
86.7802810669
86.4688720703
78.7628631592
83.6324462891
84.3515319824
81.4046325684
72.8278121948
70.2155761719
77.1446304321
79.0799331665
81.4905395508
80.5158309937
79.4553070068
74.1406097412
78.7781143188
72.8393554688
77.0707550049
76.3029174805
75.7787017822
73.8861770630
75.3646163940
79.5694046021
72.9551239014
73.9786224365
70.0710754395
70.3694152832
76.1181335449
70.2762222290
63.8820762634
64.6470489502
71.0697937012
81.0380096436
80.2216033936
85.8392257690
81.4667053223
85.7986984253
79.5243835449
77.2840042114
71.0516738892
75.5485610962
78.6483001709
83.2643966675
82.8801040649
82.1359329224
81.3298873901
80.7955245972
76.6060485840
73.1278991699
76.0237274170
77.3314285278
72.3568496704
75.7373046875
76.3108520508
83.3582687378
83.3669052124
85.5737915039
81.5017547607
78.3104782104
71.7118072510
76.1083984375
79.4147796631
78.6265945435
74.7919311523
83.3654632568
79.8746871948
82.6149597168
85.7436828613
83.0434417725
72.8446121216
73.6669235229
73.9572372437
73.8278579712
69.4426803589
66.9475021362
69.4935913086
81.0155563354
83.9773483276
87.0258865356
76.4276733398
76.7532119751
71.4687957764
71.7977294922
79.6861495972
80.4352645874
78.0639648438
76.0585174561
78.8865280151
85.1817398071
83.0668182373
82.9092102051
79.1476135254
82.0989532471
83.3936843872
88.1014633179
82.6731185913
80.7041091919
84.2357711792
84.8812103271
84.7866897583
84.5183944702
85.4737701416
88.4909057617
86.9026412964
83.9617996216
85.6949768066
85.1404418945
82.2502517700
77.4659500122
83.3897552490
83.2730178833
83.3223342896
80.5256729126
82.6020660400
77.8691558838
83.9955444336
85.6880874634
87.4316558838
81.4051818848
79.6385726929
79.8176269531
83.6046295166
84.3037261963
84.3790969849
86.5454864502
81.3389739990
80.5638046265
80.2716827393
79.5314025879
80.9026412964
77.9004669189
74.2718505859
81.7453002930
82.8058471680
82.7814178467
81.1399459839
82.1235351562
79.3750000000
75.7512969971
73.7609786987
73.7135696411
74.9188079834
73.4781494141
78.6602020264
79.5527877808
78.4112319946
80.1650772095
77.2144927979
80.8919448853
77.9374847412
76.9206237793
73.6432189941
70.3145675659
73.8240661621
76.6130676270
75.8682785034
81.8638305664
77.8014831543
73.4759826660
73.1090316772
73.1365585327
77.9163513184
76.1363067627
79.7958526611
83.2650070190
88.4472808838
77.9850692749
79.3417282104
80.2045211792
82.2806854248
78.2799606323
77.4118957520
82.1021347046
81.9110717773
80.0279159546
77.5925979614
82.9391784668
82.7792663574
86.8562316895
86.7921752930
86.3340301514
78.8233032227
82.8470077515
85.9631958008
83.8502883911
87.3925704956
87.3402099609
89.1092605591
85.8332443237
80.8451156616
78.4726791382
78.8747482300
79.9245300293
82.0031814575
81.4770278931
83.6705856323
80.9608917236
82.8239059448
81.5463180542
81.7872314453
87.0848999023
90.8173065186
90.4239425659
89.3970489502
90.9373474121
88.2754592896
93.2288055420
94.8686065674
92.5874176025
92.7130126953
89.4869232178
88.5527954102
86.4118270874
85.9501419067
86.0823593140
85.3707351685
85.5090484619
86.6465835571
91.1425247192
90.6160507202
89.6223754883
87.5591888428
89.8261718750
87.0756683350
82.8040771484
84.0869293213
89.6663742065
93.3330154419
94.1944961548
93.3566513062
86.9979476929
85.5020217896
86.8126525879
90.2435684204
88.7749023438
89.9440917969
87.2858047485
84.7480773926
87.2499389648
87.6455688477
85.8402633667
84.4076309204
80.4354705811
83.6840133667
89.7743530273
89.2807464600
87.4952926636
85.6817855835
83.6910171509
87.4464340210
87.5369567871
90.2872314453
84.8723068237
84.7937240601
85.1269683838
90.1191940308
93.7624359131
96.5066986084
94.1394271851
88.5958938599
82.7151947021
88.3825454712
87.3184585571
96.2007446289
92.5019302368
91.5368270874
87.4699096680
93.3576965332
92.7017517090
92.0439758301
91.9498291016
88.4879074097
88.8941116333
89.1940231323
84.7223205566
85.6712493896
82.1341781616
87.1676788330
88.1573638916
89.3083419800
87.6424179077
85.3544845581
82.3224792480
85.6892013550
86.2792663574
89.7775421143
87.7695922852
86.3494110107
86.5030517578
86.9081954956
83.8757400513
83.1390991211
84.9863739014
89.2536849976
90.7198333740
89.2312774658
89.3841629028
89.0610198975
88.2900009155
87.9085998535
88.6947555542
89.4674682617
88.7473983765
83.7313842773
84.9188385010
88.0798110962
87.2865142822
89.9426422119
91.5936889648
93.2182083130
92.2126770020
90.1179962158
91.0162429810
84.1921997070
88.0029754639
83.0009384155
87.6474151611
82.4442749023
84.0789871216
87.7183380127
91.0588455200
88.5314483643
88.5935821533
86.1756744385
89.8228607178
93.4766921997
95.5498199463
91.7789382935
88.2532577515
86.5206604004
88.0755615234
86.0716400146
87.1655731201
87.4560699463
82.4943389893
81.3384399414
80.5791931152
81.6540222168
82.8294525146
83.3715667725
82.4144897461
82.8671722412
79.9884338379
78.9955444336
80.7997894287
85.4808578491
87.2214584351
89.5686645508
89.3238983154
90.7793655396
88.7713165283
93.4259948730
92.2506561279
93.2755584717
89.8009643555
88.6698150635
87.0781250000
89.7880630493
89.1480102539
89.4936752319
88.9978637695
87.9312896729
84.1267242432
82.9272766113
87.2769470215
88.2713088989
92.5347747803
96.3492660522
93.6692428589
92.0113983154
94.5575027466
91.0911407471
92.3397293091
89.6431884766
88.4106597900
89.9254302979
91.2393264771
92.8488006592
88.6733856201
87.9867477417
83.7019500732
83.5611267090
84.3656539917
82.5416793823
85.5508956909
83.9741973877
90.2684097290
92.1782531738
93.4584426880
93.8365936279
93.6592102051
94.2099304199
93.2371215820
91.8382186890
91.5472869873
88.8587036133
86.4107666016
85.2497177124
90.0522232056
93.7240447998
93.3380432129
92.1433410645
86.4872207642
90.2146453857
86.9710693359
87.7467727661
84.7156677246
87.9780197144
88.7988128662
93.3813476562
90.0976333618
91.3668975830
88.3978881836
91.0532913208
88.4902496338
88.3274612427
86.7134094238
86.2919235229
88.0180664062
85.8237457275
85.8330154419
82.4226531982
81.6455764771
78.6925659180
84.1046676636
87.9761276245
88.7679290771
89.3200912476
88.2070770264
86.6980514526
89.3208847046
83.6629562378
83.7812423706
85.0586242676
87.1692428589
90.3911437988
92.3456726074
91.1966323853
87.4931945801
90.7935485840
93.0064392090
91.3079605103
90.0164260864
84.1727294922
81.5154571533
80.0243759155
80.7844619751
79.2007675171
89.5960464478
89.6897430420
90.5210418701
86.9813003540
82.2502212524
83.5649108887
85.6185226440
90.9838485718
89.3213119507
85.2448730469
85.5366516113
84.9310607910
88.9872894287
90.1186218262
89.3923339844
88.5047607422
87.9819107056
87.1515579224
87.9589691162
87.1396026611
87.8055953979
84.5136566162
86.0612106323
85.7025299072
87.5345535278
87.1495742798
89.4899749756
90.3905944824
94.7384490967
91.7233886719
90.4160690308
93.5006179810
94.6094818115
92.6636886597
89.0363388062
87.6575775146
86.7568511963
91.2117004395
88.1251144409
90.1527557373
90.9161605835
88.2139282227
85.0544204712
84.8873519897
84.8115158081
88.6089248657
89.6936492920
94.5296173096
96.0340728760
92.0922546387
87.9683303833
87.2191009521
84.0691604614
89.1036834717
88.8382263184
86.9798126221
81.2651367188
80.6697921753
84.1470718384
87.6751708984
91.4373168945
87.5870666504
83.8702468872
86.0339889526
84.4371337891
89.2543640137
90.5907211304
93.6574401855
85.8859100342
88.6047363281
89.6568984985
92.7073211670
88.2219390869
86.9514923096
87.4124984741
92.6028289795
95.2784500122
91.8993225098
92.4329986572
90.4362640381
94.9446258545
88.8289794922
90.3985290527
86.9372863770
86.1426391602
85.5981903076
87.6791076660
88.4472427368
92.3444290161
95.2941665649
91.7132873535
89.5289993286
88.8302383423
88.8106689453
94.4877014160
90.1506347656
89.3876800537
87.5005950928
88.0746536255
88.8647994995
90.4408111572
87.6740417480
85.2469100952
85.1303024292
88.0054550171
90.9611663818
85.7408370972
86.4953918457
85.6867828369
88.5477676392
88.4369430542
88.3453674316
93.5148925781
89.6648254395
87.9544525146
90.1195755005
87.9007415771
86.4420242310
89.2949295044
91.7582168579
92.7770767212
96.9859924316
94.6782226562
87.1181182861
81.0888214111
83.3214111328
87.1943435669
88.3033828735
87.5140762329
90.1844024658
88.4242019653
88.7081146240
86.5786437988
85.5196838379
80.9377593994
79.9785461426
83.9183197021
84.3722076416
81.6673431396
78.4222259521
76.7654571533
78.7003707886
77.1136779785
81.0998382568
64.6672592163
63.1051979065
64.3142318726
68.0619354248
66.4786834717
62.7519912720
62.0869331360
69.1256103516
66.9058761597
64.7242507935
60.2331275940
56.0808448792
57.3473625183
62.9243698120
69.4180374146
72.6704635620
78.1675720215
86.8859863281
76.4609832764
74.9851837158
69.2470932007
74.4493713379
75.2877960205
76.1428070068
85.1642227173
77.3052062988
78.4820327759
84.6382369995
81.5354080200
77.8940124512
76.2194519043
80.6165847778
81.2530593872
83.2753906250
87.6538848877
71.8099136353
71.8802947998
73.9834823608
75.9234924316
63.5952606201
54.9664916992
73.9374771118
75.6942901611
79.1682052612
83.1635742188
85.7442398071
83.0973815918
83.4755630493
83.5093612671
78.5200500488
78.5831909180
80.1533813477
82.0827636719
78.5453948975
71.4021072388
60.7894363403
60.4699935913
61.5902900696
63.9879417419
62.9888839722
66.9443740845
65.5148773193
73.4160690308
75.5875549316
76.2711944580
78.6894302368
75.6149520874
76.0786743164
77.7730026245
72.6124649048
69.9065856934
65.7079467773
63.0706062317
70.4132308960
70.6826324463
72.7779541016
76.0849380493
79.1922225952
83.9189147949
86.3918914795
83.5191497803
82.9959106445
78.2393951416
80.6556015015
81.2627487183
72.3819580078
76.0973587036
77.4803237915
77.5234451294
72.7058105469
74.4274749756
71.0077056885
77.5869293213
87.0009536743
84.3202972412
83.5273132324
77.4054183960
77.8726501465
80.1427001953
87.3507385254
83.8200531006
82.1312103271
79.1369094849
82.4772796631
83.4047546387
82.3927536011
80.4200286865
76.6804962158
70.0226745605
66.9790954590
64.4089736938
71.1734695435
75.6421661377
81.0539398193
84.5470275879
84.2432632446
83.6218566895
78.3619842529
80.5271377563
73.4820022583
76.0497665405
74.0915069580
74.7275161743
81.0893020630
82.5793533325
89.0956497192
84.0765151978
88.4102249146
89.2126617432
86.7338104248
82.5466156006
81.4919738770
83.4351425171
82.8283691406
85.5297317505
83.7964019775
81.1684341431
79.1964797974
78.4858398438
79.6317672729
81.2139968872
77.3884735107
82.7931823730
75.7012710571
74.0892791748
77.5052413940
78.6232147217
81.9062271118
78.9147033691
79.7224578857
79.5573120117
81.9760131836
82.6157989502
82.4783401489
80.6832199097
77.9281311035
81.3278732300
78.8447494507
79.3509597778
80.1958389282
79.0360260010
82.3959732056
81.7240142822
82.0589904785
80.2591171265
77.5076675415
77.7863235474
74.2056350708
72.7027511597
71.0623397827
73.9774169922
72.5982971191
75.8309478760
77.2291259766
75.2113800049
79.0970001221
77.3622055054
80.3767776489
79.4739456177
80.3627853394
80.6726455688
78.5601348877
79.8956146240
77.4189453125
78.6938781738
76.0874481201
74.7314453125
70.6710586548
77.4254455566
78.8778076172
80.3652114868
79.0190505981
78.4035720825
72.9652252197
66.1754074097
60.3146972656
76.4639358521
76.3801727295
76.0408096313
64.3133773804
58.5403366089
66.1203002930
71.0050888062
72.4908599854
77.5516052246
80.0182647705
78.5456314087
74.4216918945
75.2241516113
76.4065933228
81.6599502563
83.5013732910
84.3205413818
83.0169754028
79.4547576904
78.2006759644
83.5413131714
83.8268585205
82.2777404785
81.1238327026
78.7713775635
77.5926055908
79.6507949829
84.2325973511
78.1849822998
79.2011718750
78.9591445923
82.2059402466
85.4391784668
83.0240325928
85.0234756470
86.2864685059
85.5402755737
76.5788574219
78.0684509277
83.7229309082
85.2930374146
86.2209548950
82.8312225342
77.1229171753
82.6452484131
80.3856353760
78.9168853760
77.3023223877
74.4322280884
76.9060516357
79.7239685059
82.0032653809
80.3048782349
79.5302734375
79.9360122681
80.9900360107
78.4326629639
78.6368560791
78.5383224487
76.5501174927
78.3309631348
81.6957244873
82.9156875610
85.9317550659
81.8916473389
86.1950225830
84.7759780884
85.8720626831
84.3769226074
82.3998336792
83.5939025879
84.3593063354
79.2152404785
76.9879226685
79.3830032349
77.5232543945
78.9089202881
80.4346771240
80.6481018066
80.4456787109
78.6531524658
77.2562026978
70.8467254639
78.1203308105
76.3244781494
80.5172958374
80.7438659668
81.4394607544
79.4936523438
78.0663299561
77.9142379761
79.2489776611
79.3616485596
78.2734909058
78.7500305176
78.2737274170
84.6141967773
86.2843780518
83.2664642334
80.8872070312
81.9682006836
79.3144989014
81.2884902954
78.9748001099
77.1908569336
77.3444061279
74.8222274780
75.4145431519
71.7721557617
73.0571823120
76.1188278198
76.1851425171
74.0922393799
72.0781326294
73.4347763062
76.6998291016
77.2180328369
79.8355484009
79.0770187378
81.9859619141
76.5186386108
80.0308227539
77.8277282715
79.7099151611
79.0127868652
78.4310684204
80.3276138306
79.8027496338
80.4838714600
80.2583389282
79.1998901367
82.1616363525
82.9111480713
82.9398422241
81.0275421143
79.6299591064
76.6352691650
78.4596481323
77.8100509644
84.4394073486
80.7181243896
84.3723297119
83.8955535889
87.8552932739
83.3939361572
79.9896392822
80.4055328369
80.4468612671
79.1438293457
86.7247619629
88.0465850830
88.8885345459
85.3451385498
78.6706695557
91.9646224976
96.0780029297
85.8416671753
87.4889297485
85.5943527222
84.3313446045
83.8422698975
79.7299423218
83.4864349365
88.2582778931
91.8339080811
94.5135955811
94.9563903809
95.0167312622
90.6879577637
90.2426452637
91.6699981689
90.1370620728
78.0996398926
77.4712219238
72.6496429443
78.1761016846
77.2976150513
79.3601303101
74.4188003540
74.2140502930
72.6985549927
73.6132049561
75.3359756470
77.1866302490
73.8036346436
70.9639282227
70.1618041992
56.0277404785
55.2188987732
58.5742378235
62.4663124084
65.6863861084
73.4941787720
78.3930587769
78.3808212280
81.0187377930
88.5813446045
70.8309783936
64.4994735718
65.0755462646
71.1179351807
73.6834945679
78.7666015625
83.7215423584
81.4605865479
78.9428100586
75.9663619995
74.6912918091
76.6684341431
77.3277587891
79.3867416382
73.1192245483
74.2861175537
74.6005630493
76.8329620361
71.9778060913
76.1901092529
76.4391784668
77.8534317017
76.2788238525
80.8563690186
81.3622436523
78.1024856567
71.1655578613
72.3032760620
73.6177673340
76.7775497437
72.5768508911
70.1143493652
78.5477294922
80.1111831665
82.2083282471
81.6895446777
80.2178421021
79.4914932251
83.5879364014
84.6035232544
80.0439758301
83.4048995972
82.0778350830
83.0160522461
85.1111602783
82.5772857666
80.1463699341
82.6239929199
83.6630859375
83.4999618530
87.8515243530
84.6521530151
84.4149551392
77.3531951904
74.7608642578
77.4826812744
76.0096588135
75.6102600098
74.7013168335
77.5357894897
83.2541275024
80.3210830688
78.3290710449
78.4051666260
78.5050888062
78.9113159180
80.0156097412
77.3152923584
78.6858520508
73.5778884888
76.3055877686
79.7721252441
80.9001388550
80.8898162842
80.4893798828
83.6728363037
83.4621429443
81.3161468506
76.9039306641
74.6151351929
69.7624053955
69.5455398560
74.8097686768
75.5347366333
76.4198150635
69.2793045044
69.5643539429
74.1207199097
76.9621429443
74.0627441406
82.0675811768
79.3587188721
77.8590393066
80.1172256470
79.0146865845
82.1660308838
83.3422393799
83.5880050659
80.3024215698
81.9517364502
80.5733947754
76.7038650513
74.7538757324
72.1574935913
72.8885726929
68.2804336548
68.5942001343
70.2437896729
69.6918029785
74.7919387817
72.5870513916
71.9503631592
72.6415176392
71.9864349365
68.7497253418
67.7585449219
72.4236679077
76.4671325684
73.8686828613
78.0096740723
79.8360443115
80.5004882812
85.1571121216
87.7501068115
88.7022018433
74.9939270020
73.8188323975
78.4439392090
79.3880920410
87.6379394531
88.1229476929
85.6449279785
82.6644287109
81.4894638062
84.6093902588
85.3014907837
83.3201293945
79.5033035278
79.8289489746
81.8548431396
79.4489059448
75.5660858154
73.0460510254
71.9401550293
73.0468521118
85.2046432495
82.1567459106
82.5684280396
80.7875823975
77.0568008423
76.9049453735
74.6836013794
79.4493484497
79.9141998291
84.2188262939
82.5437240601
80.4537353516
79.4119186401
75.5541915894
79.0000228882
76.0554046631
72.5050506592
70.2813491821
69.3552703857
68.4300689697
70.1693344116
71.7281570435
73.6886367798
72.5124588013
72.9328613281
71.4403762817
73.8458862305
72.0647888184
71.8942337036
69.2526016235
71.1889190674
72.0148620605
69.9310760498
69.7201080322
71.7976989746
77.8084716797
76.6860046387
76.7074737549
74.8349838257
80.8682098389
80.6277236938
81.7651672363
78.9257583618
79.6492309570
82.1113891602
79.1652069092
86.8443603516
85.5867233276
79.8980865479
74.9847640991
69.4609222412
71.4949798584
78.0946731567
83.4206390381
84.3060150146
82.7596130371
78.1989364624
74.4182128906
72.5792846680
74.1979370117
73.8344497681
79.2210540771
79.9185867310
80.4758605957
78.1278228760
81.2277297974
79.8448562622
82.3939056396
82.1337432861
83.6701889038
80.7188262939
75.7496261597
72.2036972046
66.9009246826
64.8813934326
66.6561279297
73.1763610840
76.2051696777
80.7864532471
82.9073562622
81.1971359253
76.6874084473
72.0112457275
76.6138992310
76.4780502319
79.2645797729
78.0083694458
79.3381652832
74.7259216309
80.1374053955
77.8838272095
76.5494995117
81.7703933716
81.6104507446
78.6126403809
79.0466766357
79.1976165771
83.7337112427
79.8145217896
82.0783386230
79.1497497559
80.5795745850
82.2691497803
83.2572174072
79.1674804688
81.6719284058
83.1609115601
78.5874099731
78.1399002075
79.4829254150
78.7517929077
75.5672836304
73.3215103149
73.5082626343
72.8187789917
64.5975799561
57.1304054260
55.6859855652
61.2407722473
63.4131050110
66.1842956543
61.3629188538
59.1882400513
64.1737899780
65.9404296875
68.5421981812
67.8224411011
73.0625686646
80.9528656006
83.6613006592
87.2431945801
79.5138549805
77.4188537598
77.0832672119
75.4486999512
76.7004776001
74.1994857788
73.8046875000
74.8905868530
74.7424774170
75.3041229248
76.7290039062
80.4672012329
74.1126327515
76.2159118652
78.2750320435
84.3911285400
80.0317687988
78.8973388672
80.0244293213
79.2656860352
81.1579666138
77.4298477173
71.2422180176
66.8413314819
73.9881286621
75.9216766357
78.1051177979
76.3569641113
78.1573028564
78.8195343018
83.1332092285
87.6264266968
86.2288665771
85.5189056396
84.8192672729
87.8854370117
85.9141693115
85.9270095825
81.8712921143
79.1314163208
76.8400497437
78.4906005859
79.9382171631
78.2821273804
81.1863937378
83.2112426758
86.1932296753
85.3157196045
80.7065124512
80.3527145386
81.2760086060
79.7548370361
81.2894515991
77.8431854248
76.9081573486
79.1871032715
83.7296981812
84.1678237915
82.1138916016
82.1864166260
81.0956954956
78.9830780029
80.6247329712
82.8131256104
82.2776565552
76.6448669434
74.4497985840
75.4006500244
79.3045349121
72.6490249634
78.3843231201
80.9201889038
81.9858856201
83.0183105469
82.8682861328
84.0877227783
82.9825057983
85.0728073120
84.3057785034
83.4046707153
85.8785858154
79.0911178589
59.6465759277
73.8978881836
71.4233322144
75.9659271240
76.8729019165
80.5870666504
77.3779067993
77.4701385498
81.1370620728
85.4483184814
85.5680541992
81.4627532959
70.7513122559
71.9358444214
70.7699813843
72.4709396362
69.0879669189
74.8969726562
80.9519577026
81.5762863159
82.0897521973
71.1997909546
75.9439620972
79.1498641968
81.1054306030
81.4785308838
84.5766448975
82.3864135742
81.1739196777
83.0895080566
83.8787384033
81.0025177002
87.2575912476
87.6951751709
89.0516052246
84.8796539307
80.0879211426
85.6376495361
86.9913330078
87.2035140991
89.9719390869
87.8174667358
83.1966247559
80.3421401978
77.2753829956
81.3203353882
82.1596527100
81.2444152832
82.7092590332
79.1712188721
72.0374984741
78.0780105591
75.4509506226
79.1778106689
79.7291717529
84.3099365234
85.0136337280
83.7246856689
84.1047363281
83.6010437012
85.6559371948
80.1087875366
80.8900833130
78.0853729248
82.6761627197
84.1607284546
81.8910522461
84.0992126465
81.9114456177
82.5543975830
85.0254821777
81.1992492676
82.9289398193
81.8336181641
80.0586242676
81.7880706787
83.0208129883
86.3622283936
82.4792022705
84.6210021973
84.2199707031
84.4416885376
82.4869689941
82.5490722656
81.7374954224
82.4756469727
82.7556228638
79.1268005371
78.5301361084
78.5530242920
81.0618286133
80.6428833008
80.2082443237
78.7966461182
78.7692031860
81.1667098999
83.4829711914
86.4248046875
86.3497695923
81.5421905518
74.6015319824
76.0824050903
78.3904876709
80.2110748291
76.9733963013
76.6931228638
79.1697692871
81.9641418457
82.7040328979
81.5105438232
81.0341873169
82.2781753540
83.6126480103
81.2206954956
83.4896545410
83.8919219971
86.9655227661
83.8451080322
90.0146560669
89.5844039917
90.7046813965
88.9061584473
88.3393630981
86.5746154785
83.0403518677
76.4621887207
77.5568771362
78.9493408203
78.0872650146
76.5901947021
76.8184127808
76.2676696777
74.9358673096
72.8014526367
75.0074462891
74.4856109619
74.9822769165
67.7247772217
69.7764205933
75.6509704590
76.3611602783
77.7620620728
79.8346786499
80.8021011353
82.5044403076
72.2472991943
68.8679351807
74.8079681396
76.4407348633
77.2494354248
75.0795288086
78.3914566040
81.0154495239
81.0478668213
82.3732376099
82.9652099609
84.1578292847
87.1354904175
85.5138092041
86.9476318359
84.1264495850
82.4512863159
83.6371231079
83.4317550659
84.2943038940
82.0166397095
80.6046905518
77.8447723389
80.2246475220
80.4732666016
85.2854309082
86.3675765991
83.4397048950
87.5034942627
86.4578475952
85.1252212524
83.9241638184
83.0580368042
86.4950790405
79.1144027710
81.9655761719
83.6579055786
89.9938278198
89.1100006104
88.7750244141
86.2865142822
85.7493057251
83.0582733154
81.3993988037
85.9699707031
84.8439636230
81.0240783691
81.8629684448
84.4013137817
82.8241271973
81.1369781494
83.0414733887
83.5410156250
83.4618072510
80.2752609253
80.9023513794
81.0064010620
83.3676757812
85.3120346069
87.0441741943
81.5525512695
78.0753860474
78.2436141968
80.4019088745
81.2561874390
81.0080413818
82.4021301270
82.9072113037
81.3173828125
83.5450363159
81.0197448730
83.4308090210
83.5719757080
84.1158447266
81.4668579102
80.9966735840
77.4927978516
76.1708831787
76.9761962891
82.2466125488
85.4076919556
85.0918502808
81.5952072144
81.8714904785
78.5487289429
91.7537841797
86.7241744995
86.5221252441
82.7850875854
83.3472442627
83.3309402466
83.1236419678
84.7831497192
83.4419097900
83.8881759644
81.2565460205
81.4346847534
79.5565872192
79.0519104004
81.5506973267
83.6668548584
82.9406127930
82.1740722656
82.0676956177
78.3329238892
78.5005950928
82.9485626221
85.0550079346
84.3768768311
81.3049011230
84.4822006226
80.7237243652
84.2617492676
74.4898147583
76.0538635254
81.3665466309
83.6254653931
84.3387527466
82.0572052002
74.5083389282
73.1619720459
72.1461944580
73.3162536621
72.6092681885
72.1472473145
75.2774505615
71.9802398682
73.5016174316
74.8223953247
81.6471710205
77.3717575073
76.2773895264
75.1594772339
74.2741470337
74.0541763306
76.7248992920
73.9766006470
80.5560073853
73.3262786865
80.3253784180
84.8550872803
88.0957717896
87.7212371826
84.1488800049
83.7102203369
84.4690628052
82.5425872803
81.2730331421
75.8452835083
79.9947204590
80.4186935425
87.3826446533
81.5583801270
82.1835479736
81.9913482666
86.3965835571
86.7960128784
83.7842636108
77.2783813477
70.2596511841
65.5340423584
77.3436050415
75.5177383423
80.3796920776
82.7051010132
84.7601089478
83.9816284180
86.7526397705
86.8663787842
85.9816894531
82.5538177490
81.0936508179
83.2740478516
83.4602355957
81.1656265259
80.7859268188
71.3018875122
70.4122467041
73.9555130005
79.4417648315
81.9075469971
81.6305160522
84.5617980957
88.0901565552
87.0708694458
83.3674926758
81.1501083374
80.5078659058
81.1017074585
83.3268432617
79.5617218018
79.8630218506
79.1672744751
83.5649414062
79.3148193359
79.3212432861
83.3009490967
85.8246307373
80.6184082031
79.1193618774
78.4745864868
80.0660247803
77.8047027588
79.4643478394
81.9844512939
83.4438323975
80.5847930908
77.9915390015
75.2596588135
82.0782089233
85.0280685425
85.3864212036
84.0606079102
86.4921722412
84.5914382935
83.5693511963
79.6397705078
81.0070495605
80.3163146973
85.6398544312
85.8086395264
87.9764175415
86.8153991699
84.7589187622
82.1673583984
83.1854629517
85.0367813110
88.1515655518
85.5540924072
83.7261428833
83.3636856079
78.3486022949
82.7001266479
89.0761566162
84.3583679199
83.8099212646
90.4640502930
88.0688629150
84.3794479370
86.3403778076
87.4346008301
88.4194641113
89.7593994141
90.0462722778
89.2559356689
85.4567031860
83.5989303589
84.1131362915
85.8560943604
87.8398590088
90.6293640137
86.7843170166
86.3629760742
85.2603073120
88.0245666504
87.0260162354
89.5448455811
97.5859832764
98.1446685791
92.5801391602
92.6873016357
85.7121200562
85.3851165771
86.1786270142
81.7516937256
80.9999465942
81.9295654297
77.2114791870
79.2595825195
80.5056915283
82.4031829834
82.8607254028
85.9031982422
84.3512573242
81.9709320068
79.8348999023
81.6459197998
88.6312789917
90.6009521484
88.6534042358
83.3148498535
81.1759490967
83.3636016846
83.4162750244
80.1071319580
80.9744873047
81.5143585205
79.9722442627
86.7316741943
90.2503280640
90.8248596191
85.2885131836
84.4953002930
81.4319305420
81.3208389282
81.9223480225
85.8635711670
84.5857467651
83.2095642090
83.8834609985
86.1632232666
86.4078216553
87.7423706055
86.1791381836
88.0397338867
86.8857879639
85.9447479248
88.4152526855
85.6119842529
89.1193847656
87.3197326660
84.9136199951
83.8481979370
85.7351989746
87.3715667725
86.3208465576
87.0378112793
86.4680480957
85.3296661377
81.7330017090
85.4323425293
83.1627044678
82.8605499268
85.0350265503
84.9755325317
87.4632186890
91.6031036377
93.2109680176
88.3082351685
83.7469635010
78.4194183350
82.1695556641
79.1859741211
80.3471069336
76.8171691895
82.0096511841
80.4341201782
80.7662124634
79.4578094482
81.0384521484
84.5079498291
83.5004882812
79.1549987793
78.1613235474
76.9502105713
78.7925949097
78.3339920044
82.3951873779
85.3562011719
80.8751525879
85.0232696533
81.3548049927
90.3027877808
90.7933883667
89.2555923462
88.9914855957
85.4979858398
82.7091445923
84.1114807129
85.1904983521
84.4314880371
83.5614624023
80.4990081787
81.7198791504
79.6821975708
82.0701980591
86.9010238647
89.6995544434
90.0651397705
84.2316513062
84.4895019531
86.6009674072
85.4731979370
80.5765075684
82.9459762573
83.6318588257
82.7181625366
87.9808197021
88.0444488525
91.4501647949
92.9082260132
90.7900772095
88.6365356445
88.8589401245
85.0130996704
83.9485168457
79.8842391968
79.3257369995
79.8322677612
84.8581085205
88.2684173584
88.4994277954
86.5996322632
83.6878814697
85.7307510376
86.3126220703
87.4960784912
90.9334487915
87.9302749634
87.7520217896
86.4462661743
86.4369277954
89.2994155884
86.0146789551
86.4810485840
87.0993041992
85.9474563599
86.1922988892
89.6928787231
87.4712677002
87.9600067139
87.5737304688
85.0599288940
82.9503326416
86.2790298462
87.3068084717
89.4508285522
87.6046524048
85.2085037231
84.6231765747
82.9618148804
80.4565658569
82.2462997437
81.1958389282
87.2027511597
84.0708312988
77.4811248779
78.9034042358
79.4305114746
82.2926330566
81.7389526367
82.0279083252
86.0005950928
86.5236358643
85.9284820557
84.9214630127
84.8069763184
81.2087707520
82.4164886475
84.0290451050
85.2315444946
88.8397064209
85.0857162476
85.1504211426
81.3168487549
84.6171112061
84.2255630493
83.0052871704
79.8195800781
81.0006713867
82.7658920288
84.4421463013
82.3726425171
79.8431625366
79.7359848022
83.2012786865
82.1983489990
81.4445800781
83.5178985596
80.5081329346
77.0147094727
79.9918975830
78.7510986328
82.7316589355
85.3837127686
87.7052078247
85.0919494629
85.8050537109
81.6966094971
81.4517211914
79.3139495850
79.8284606934
77.9639358521
86.0755920410
84.4226913452
86.9727935791
83.0431518555
84.6318588257
86.2692718506
84.4393920898
85.5284118652
81.9043579102
84.0543899536
81.5173187256
81.7797088623
80.9535598755
82.3076019287
84.7763748169
84.5877532959
82.2475204468
84.2329559326
79.1557159424
79.2042541504
79.8573608398
82.8469390869
83.3419647217
83.5694274902
82.6905212402
82.9185180664
84.2495269775
81.0775604248
83.3195495605
82.5588912964
79.6793975830
80.9069519043
80.8576126099
81.5308837891
82.1545715332
79.5231018066
83.3891601562
81.5250625610
84.6216125488
81.7001190186
78.8164672852
78.3439331055
80.7379837036
76.7495803833
85.4826507568
83.9182128906
86.8280181885
80.6324768066
85.6646041870
87.9351501465
87.8840789795
89.8965606689
79.8686218262
73.5173721313
74.8311691284
73.6466827393
76.6255111694
81.7675323486
79.3297805786
78.2252578735
76.7858352661
75.9022598267
77.7651290894
78.0662460327
72.5093383789
71.5648345947
69.4931945801
70.5508346558
68.2572250366
66.3862991333
66.4991455078
65.0616149902
62.2957077026
63.8596267700
69.1302337646
67.9812545776
69.2473526001
66.4986038208
72.4120941162
77.8630447388
84.2826919556
85.1391754150
86.4095306396
87.5457153320
84.6772842407
84.4506835938
82.3905181885
83.3414306641
80.3067016602
79.7393188477
78.1549377441
82.4239883423
86.2740554810
83.9424209595
80.9722366333
80.3769760132
83.3889007568
88.1801223755
86.6067199707
89.6414871216
87.3839187622
86.6120147705
82.2789459229
80.9448699951
83.6813812256
83.1219635010
80.1998062134
77.7888565063
78.3628463745
82.1719436646
78.9505767822
80.3774261475
77.0727539062
81.4528121948
82.4965820312
78.3616485596
75.3959274292
76.8552169800
81.1646041870
84.1898193359
82.7502136230
84.0199661255
83.3552474976
85.0838088989
84.6588745117
89.6276245117
92.1187210083
88.9480972290
85.0438003540
81.9576568604
85.0806350708
81.4787521362
80.3027801514
81.8153457642
80.0675048828
83.0014190674
84.8178100586
83.0176086426
83.0195770264
81.7290039062
89.2158966064
88.0308685303
80.3662948608
81.7529067993
83.7727355957
85.4951553345
86.9863815308
84.6413726807
80.6121063232
82.0533599854
85.0291595459
88.1481170654
87.9858779907
87.4158096313
87.4336853027
88.6773071289
85.6975784302
83.2421188354
82.7747650146
87.1791534424
89.2522277832
86.1564788818
79.1461029053
79.3518066406
78.5978698730
78.4137802124
82.0049285889
82.6928253174
80.3190612793
79.3591766357
83.3996963501
84.2121582031
84.7407684326
86.2927093506
88.2321929932
85.4892578125
72.6433029175
70.8522186279
73.3070526123
77.8357543945
77.5195922852
83.5513916016
83.4651794434
82.3458633423
81.7252807617
82.9950103760
79.9913177490
79.0615463257
82.9678497314
89.4663772583
87.8744430542
83.4614334106
83.8938140869
82.6891021729
89.7067031860
88.3850021362
86.5985870361
79.7377395630
76.2329101562
78.5798797607
79.6524276733
79.9478454590
80.2511825562
84.0583190918
90.2597274780
90.4079132080
88.2870025635
84.9615325928
84.1893920898
87.2270965576
85.5144424438
87.1016159058
85.8647003174
84.7528991699
78.8246917725
84.8937377930
87.8658752441
88.0225906372
87.7894058228
87.5124053955
90.6783523560
90.9365615845
86.7804641724
80.4202575684
80.4668121338
81.4526138306
84.5836639404
84.2637710571
80.9439773560
83.5198287964
87.4550247192
83.4141845703
84.5820617676
81.2460327148
82.9287567139
83.4860992432
88.2175521851
89.2398071289
83.5583343506
84.4832611084
80.9281158447
82.6814041138
85.7190475464
87.1414337158
89.6565322876
87.4039154053
89.8303070068
89.3988571167
88.5849533081
87.1426467896
84.4171676636
80.2295989990
84.0066223145
84.6477127075
82.6258850098
84.3519821167
86.9713973999
87.8832473755
84.6703338623
77.9540328979
79.6405181885
82.2843017578
81.5232086182
81.2929077148
80.3447799683
83.7770004272
83.5597686768
88.4891738892
81.8414077759
79.2039184570
80.4245986938
85.5237121582
83.5040817261
84.8654479980
87.5564422607
90.7416687012
86.0418777466
84.1343841553
84.4716796875
79.9462280273
78.6226654053
78.0315856934
79.5042877197
84.8447418213
88.0876770020
88.5060806274
91.1198577881
91.1789855957
88.3976135254
84.1164093018
86.2087249756
86.8767242432
87.4518051147
87.1373825073
83.5833282471
82.2817153931
78.8720779419
76.8186645508
78.3553466797
76.2293777466
78.9399414062
75.4329986572
76.6104049683
74.9810485840
74.8823394775
84.0265045166
85.9596405029
90.2773132324
83.8580932617
78.6029968262
81.7185363770
87.0662307739
88.3899765015
92.1338882446
87.9304809570
88.2835006714
83.4550781250
85.6071853638
85.9400177002
82.0938796997
81.0792083740
81.0866088867
83.1428146362
82.0010986328
82.2083587646
81.5594253540
83.2176895142
80.8189010620
78.5416336060
73.9764251709
75.2727508545
77.0528793335
75.6121139526
75.5348663330
74.8765106201
76.9840545654
77.8079681396
78.4449920654
77.3726043701
77.7715530396
77.7456207275
79.6063842773
76.3823547363
80.3315200806
86.9212036133
87.9773406982
89.7903900146
86.1606826782
81.4383163452
80.6207733154
80.0061645508
86.1464462280
83.5728912354
84.0011978149
86.0412902832
81.3199157715
80.0437011719
77.8804702759
78.3682098389
82.1572113037
77.9653472900
81.6579132080
79.9985809326
78.4136352539
78.0553359985
77.7297821045
79.7904052734
80.9402160645
84.1720581055
84.0014266968
84.1574478149
82.1240692139
81.7338256836
80.9798812866
83.3792495728
83.8601150513
83.0751495361
81.2968902588
77.5177307129
75.9608459473
79.2572174072
79.0028305054
79.6830291748
80.2499542236
77.9062957764
75.1595306396
72.1764984131
73.3353805542
73.6900405884
76.9206314087
79.1005859375
78.8629455566
77.3211669922
78.6900558472
79.8287353516
77.9278640747
84.5473098755
84.4171142578
83.1946105957
78.0311279297
78.3634338379
80.2873382568
82.7568435669
83.3461456299
86.5849990845
82.5075073242
85.1770095825
83.1504211426
85.4162902832
82.8401412964
83.7953567505
83.5301818848
85.1154632568
85.9701232910
89.9323425293
91.8021926880
90.4649810791
83.1452102661
83.1722564697
84.8489837646
86.7382431030
88.0128479004
88.9342346191
84.0483093262
83.3100585938
84.3482437134
84.8906936646
87.1758880615
85.8549728394
85.7930450439
83.4792327881
81.2346649170
78.5406723022
83.4506988525
82.3649368286
87.6705017090
89.8089447021
88.6835098267
88.1891174316
91.0434265137
94.1577301025
86.7060089111
82.4237289429
83.1427154541
86.1699752808
84.5032806396
82.2270202637
83.3836517334
75.9590606689
75.3542785645
75.7252731323
78.5649261475
82.7374191284
78.6935958862
77.6820831299
81.9791717529
79.7156524658
82.3025588989
84.4651336670
83.3773040771
86.7217330933
87.6014099121
86.6127395630
86.7546691895
87.2224426270
82.7909698486
78.1328964233
78.7304611206
81.5173263550
83.1418762207
76.3799514771
74.9971237183
72.3108596802
75.0033569336
78.1019592285
79.6622009277
84.0781402588
83.2867965698
81.3525848389
81.2453231812
80.5574493408
80.0400238037
82.4545364380
86.6010589600
83.2538299561
86.0444946289
81.1890106201
83.4429244995
83.5937118530
81.8112487793
79.8791503906
80.3614120483
80.0034942627
81.2707595825
80.3707046509
80.8289031982
81.9370498657
81.2217864990
77.9391555786
80.8004913330
83.3782958984
82.0199966431
81.1506423950
84.2708740234
87.2984771729
92.0965728760
92.0506362915
89.9933013916
88.4910507202
88.6353149414
88.5852508545
85.4092788696
81.6293334961
79.7699966431
80.8927536011
82.1251296997
86.3055648804
83.9860763550
83.1057891846
83.6342926025
83.3133544922
87.3382110596
84.0427932739
83.9798583984
90.1629333496
89.4983978271
93.4412231445
92.1631927490
84.0133209229
85.4386520386
84.1439361572
90.7844619751
92.4953689575
86.6766586304
85.5417861938
84.8571777344
79.5949325562
77.6862869263
77.9037322998
81.0229339600
79.6263885498
79.5055847168
76.2453308105
76.2866744995
81.1682510376
79.1105194092
78.7428817749
78.4359588623
80.4333038330
80.4182739258
82.7643051147
87.8757629395
78.1340484619
79.0289764404
82.6957550049
83.2213973999
83.2188873291
79.8532791138
79.8987808228
77.9721221924
81.5187072754
80.9162750244
79.0261764526
77.5808258057
89.8425979614
87.8565826416
88.8175201416
85.3456573486
86.0444717407
83.9342956543
86.2100982666
81.3929443359
80.9945678711
76.6134796143
75.9750823975
78.5065536499
79.0883178711
82.4082031250
81.4781570435
83.0392913818
74.5111236572
75.9839401245
75.3714447021
79.1732254028
79.1570205688
82.4537506104
80.8010635376
91.6844787598
87.6511154175
84.8555908203
82.6841583252
79.9344329834
79.6991348267
77.8626861572
74.5134963989
76.2622833252
70.7003021240
71.4565811157
75.9630279541
81.9254226685
85.2593383789
84.2965850830
80.7103424072
81.3934631348
79.9781646729
78.9015960693
78.0496902466
74.7874984741
78.1419372559
71.6487884521
73.4169387817
77.1593399048
75.9834365845
73.1157684326
62.7006988525
68.1694793701
75.5293502808
77.8567886353
77.5631713867
77.1638107300
81.0675048828
82.3995056152
87.5771179199
81.7848663330
71.4281692505
70.1343002319
65.9751510620
66.0112533569
66.5632705688
65.6026763916
59.6040611267
59.1184692383
59.4523773193
71.0338134766
80.1920852661
82.7223281860
81.4583892822
71.8621520996
65.4037094116
62.9509963989
60.2529449463
59.9691734314
63.8276176453
64.8732528687
65.1311492920
61.2512016296
61.5432891846
62.6513519287
65.5429840088
66.6320953369
68.9133300781
80.5957412720
76.5622482300
78.6743240356
88.4481964111
91.4477920532
92.0647277832
94.1047668457
91.0896759033
81.9793548584
74.1379013062
75.4411392212
82.3885726929
82.8644256592
80.8067703247
79.9885406494
81.2282409668
83.6515731812
84.1440582275
85.4495391846
80.6544494629
79.2876739502
76.0717620850
80.2109985352
75.3964309692
77.5035552979
80.4371109009
82.3967361450
86.6910705566
83.3646697998
81.0680694580
81.5267868042
82.2628021240
81.3615722656
80.3981704712
77.6057281494
85.2967910767
86.7969512939
87.5830993652
84.3461990356
77.8452529907
77.6280517578
80.8158721924
79.8345642090
75.4730834961
70.1863861084
76.5202636719
75.4977340698
76.4197463989
79.8555603027
82.2263336182
82.9552764893
80.5098800659
74.6191711426
77.2079696655
83.0753021240
82.4467926025
81.4221267700
76.1498565674
77.5111160278
78.4605636597
77.0786361694
78.0862121582
76.8223571777
82.9042816162
80.4807357788
75.6444778442
80.3160476685
72.9940719604
72.3324508667
74.2658843994
72.1689376831
73.3930892944
72.5711669922
73.0579528809
74.2412643433
71.0415573120
72.5174942017
71.3053359985
76.4094314575
76.4883728027
84.3246078491
80.0871887207
83.7660675049
81.7898941040
84.2264328003
88.0253524780
86.0492858887
84.5754318237
82.4486694336
84.0404663086
85.8419418335
84.9324798584
87.3724822998
92.2998657227
101.2933502197
94.3567886353
101.1483993530
103.9461898804
96.2952270508
91.3036499023
79.8383712769
80.7397766113
79.6866531372
82.5079727173
85.3508682251
81.1900634766
81.8183670044
79.6031494141
76.1439056396
80.9223175049
84.1448745728
79.4189987183
79.2178878784
82.4845199585
80.9056549072
83.3634490967
79.2420654297
81.8936309814
81.5297470093
81.6744308472
82.5001907349
81.7397689819
84.5151977539
83.2898559570
84.3350219727
88.7903213501
86.1105804443
82.6435928345
78.0742950439
74.4333190918
68.7425308228
64.4367675781
71.3850555420
71.9625320435
79.2056884766
85.9845581055
82.3318176270
83.3908081055
83.2588043213
86.5470886230
84.8671264648
85.4614562988
84.5126342773
82.7916641235
76.9716415405
77.8918914795
80.1583709717
80.0633468628
81.9026184082
84.1865921021
81.7325134277
83.7453918457
81.4004745483
84.0347137451
78.7136001587
80.7867965698
82.4550552368
84.0624465942
88.4466094971
83.5093536377
82.1898422241
78.1699218750
78.7885513306
74.0193557739
78.5913314819
79.5321731567
83.1704254150
81.7776184082
77.9117126465
73.4957504272
75.9246597290
76.7835235596
82.2882766724
76.6428146362
79.0702209473
79.4648208618
79.7625198364
76.4846267700
73.4134140015
76.1012573242
81.0037078857
75.4841232300
75.1858444214
73.3090438843
78.3683624268
82.3405990601
87.0751190186
85.0180206299
82.1183624268
79.5547943115
80.3322448730
79.4603576660
78.0046386719
78.0483551025
73.9068603516
81.5089874268
77.1647109985
74.2273406982
73.4899597168
75.3520584106
79.9776382446
78.3448104858
79.2604446411
74.6680603027
73.3655166626
73.7275695801
74.8706054688
76.1537094116
76.0039367676
74.8640823364
79.0016860962
80.6393661499
80.6819610596
85.2620468140
81.0645751953
81.2071990967
79.9774780273
81.8115005493
79.2834701538
80.1685180664
73.8121643066
75.5044174194
75.4391632080
79.1657409668
77.8786163330
77.8827972412
77.2278976440
81.3572769165
74.4498901367
75.8497924805
74.2376022339
76.1669769287
77.0238037109
74.4934539795
71.4129028320
65.3143157959
66.0256729126
69.9449996948
72.9318237305
69.0125732422
70.7571182251
71.3911590576
79.8640136719
78.5806350708
80.2875823975
80.8300247192
84.8631134033
82.9097976685
85.2394256592
84.9425125122
83.3380508423
88.0619964600
86.5207519531
83.3037567139
81.3090667725
79.9743957520
83.8016052246
84.3095626831
87.4131546021
83.0277252197
88.6029663086
92.1609039307
90.7609558105
86.7024612427
85.0224609375
87.2142333984
85.4024047852
85.3437652588
77.9975662231
80.2147903442
80.2298049927
85.5133666992
88.2781524658
86.5940170288
86.6966781616
83.2961273193
87.6389923096
89.9212799072
83.8585968018
82.7064208984
82.9580688477
80.4028930664
83.7093658447
85.8189239502
86.7610321045
86.8398971558
87.0139770508
85.8168029785
83.8102645874
78.7129364014
78.7840728760
77.7535476685
82.5186386108
81.2300872803
82.9704971313
80.6692504883
85.2501983643
82.5670776367
82.7039260864
74.0241775513
68.3337936401
69.4965820312
73.7384033203
75.1439361572
73.4910812378
73.8247451782
62.2434692383
60.4554672241
67.5152435303
68.1018676758
66.7749176025
69.8450698853
70.2258758545
76.7706451416
76.9136505127
63.9517288208
62.6362228394
76.1413955688
80.3935089111
76.4798126221
80.9021835327
76.4329452515
75.6051025391
72.7218475342
75.1375503540
72.7846374512
73.8446502686
73.8305358887
68.3088302612
73.2854919434
78.1606750488
78.9430847168
81.1967391968
78.8415603638
79.2177886963
80.2482452393
83.9151992798
83.9463119507
80.1097106934
78.1194458008
75.4269027710
82.2608642578
81.8541488647
80.3089065552
70.6876525879
73.4926452637
79.3604125977
79.7647247314
81.1031951904
78.2369689941
76.0407562256
75.8399658203
75.6638488770
72.5518417358
75.7068786621
71.0781326294
83.2824401855
78.5091705322
84.3335113525
83.0801849365
86.4339904785
84.4180526733
75.7192916870
72.1645812988
67.4856109619
68.1161727905
71.9687423706
77.0140762329
73.8368301392
69.4787826538
70.3582077026
70.5701370239
74.7513504028
78.7873001099
71.9163742065
68.5381774902
66.0864486694
67.5527496338
79.1085739136
79.8496398926
81.6475372314
75.2581710815
71.9955520630
65.3942184448
70.9859542847
70.4574966431
74.0765533447
77.1173019409
80.0034103394
77.6186065674
72.1746520996
82.1363754272
77.8917694092
77.3047943115
76.1902618408
79.8631439209
80.6824493408
78.2888488770
75.0623703003
75.7025451660
72.1905975342
73.1119842529
73.7339859009
68.3513183594
68.8945159912
67.0588226318
74.6992950439
75.2093505859
75.9980926514
72.7631912231
71.0443344116
70.3235473633
65.5265960693
60.4611892700
68.2845153809
71.5106658936
73.6211242676
75.0866088867
73.4808273315
70.9607467651
71.1190490723
67.9585876465
69.1827774048
71.7198944092
74.9970245361
69.9661254883
68.7497406006
67.7688674927
74.6228866577
82.0996551514
84.1975479126
83.2022399902
85.2610092163
82.6816711426
80.9480209351
77.9872131348
77.6486053467
76.8283767700
77.1008224487
75.3765716553
76.3397827148
76.2706756592
77.5340881348
77.3670043945
78.7628250122
86.9136810303
86.8408660889
85.4959335327
84.0416564941
86.9105529785
88.8965682983
89.0770721436
89.1818313599
88.5678253174
82.3003158569
81.1408691406
82.7447662354
82.8384704590
86.7028503418
87.3394012451
85.4842071533
88.6398239136
84.0523681641
84.4566192627
83.4146423340
84.3704910278
82.6698837280
81.0673980713
79.2101287842
78.0217285156
81.3329467773
81.8680877686
80.7489013672
82.2736206055
78.3975067139
80.7368850708
78.8595581055
80.3042297363
80.8113327026
80.2765121460
84.0509567261
80.7818069458
83.1179733276
84.2856369019
80.2153244019
75.0640182495
75.5225982666
77.9438400269
78.6301269531
81.7857360840
83.1490631104
89.0485382080
86.2619476318
87.8421859741
86.7601699829
86.5728683472
87.6156158447
88.3483200073
80.3250579834
79.8928375244
80.0506820679
84.8716812134
87.9743194580
84.7688217163
82.3233261108
72.6907958984
77.7834091187
82.7959365845
84.6450653076
87.1322860718
85.4644775391
81.7076339722
82.0265350342
81.2874603271
77.1686935425
76.9693756104
76.9039840698
76.2142944336
75.4352722168
73.2135848999
72.3037338257
67.8656921387
69.6718215942
71.2190399170
74.6353912354
73.8943862915
73.3691787720
70.6209793091
73.4180450439
78.4488754272
81.1898269653
84.0388870239
79.6679840088
79.5254440308
79.2560729980
82.4027252197
90.1654815674
90.2517242432
86.1362609863
78.9703292847
81.0757369995
77.2154846191
76.9162826538
79.7747802734
83.7832183838
85.6166534424
87.8781280518
89.2185668945
84.9108200073
82.6072463989
82.7493438721
82.5948104858
84.2609939575
83.8641815186
81.7059860229
70.8570938110
75.0382843018
79.6017684937
86.2447128296
86.6752014160
86.7759552002
84.6339492798
82.4935073853
84.4355926514
85.3238143921
82.9147491455
80.2455215454
76.9057693481
77.3917312622
75.6555328369
79.3879241943
74.7697143555
75.8719329834
82.3986206055
80.8649673462
79.4787445068
82.3530349731
86.1918792725
84.2413406372
81.5212860107
76.1024703979
81.0520172119
82.8464660645
87.7526550293
83.4479522705
80.0108337402
78.9810638428
84.3518371582
80.5066528320
79.0568542480
78.4122009277
69.8486251831
66.0551147461
69.8930358887
73.7674865723
75.5751113892
75.9994888306
76.2591705322
77.4049301147
79.9184875488
81.3625183105
82.3531188965
79.8184814453
81.6452484131
78.2294998169
83.7148971558
82.1856536865
80.9479370117
81.7725677490
84.2125167847
85.1128005981
84.0381317139
80.9292678833
79.5510253906
84.1427841187
83.9872055054
85.4067687988
83.9846572876
80.9394760132
77.0401229858
74.4726333618
77.2213439941
80.2510223389
81.5153656006
81.3313827515
83.4593124390
83.2424163818
82.3500747681
79.6849517822
78.1186981201
81.3051986694
80.9790878296
84.5868759155
85.4176635742
87.2341079712
88.0477981567
85.5858764648
83.0210342407
84.3923187256
78.3250656128
77.3759613037
78.6707458496
81.7104110718
90.7512054443
93.8575363159
88.2007598877
82.9123687744
80.8435058594
82.2404632568
87.6909179688
88.1087188721
88.4755096436
89.8740081787
90.1453170776
91.0476226807
84.7881546021
80.2627792358
82.8546371460
84.9258117676
82.7310104370
80.1870880127
81.4027709961
86.2798919678
86.4623336792
91.8753814697
90.8436279297
89.1482162476
86.7455520630
86.0208129883
87.5455703735
82.5536041260
81.8353576660
82.2919921875
82.7465972900
85.3516082764
87.1297760010
86.5636749268
88.9039382935
88.8781280518
86.6317138672
89.1971817017
91.7703933716
92.0751876831
94.9984436035
85.7279586792
82.5950851440
81.2638320923
86.4972991943
85.4753112793
83.1602325439
81.3885726929
85.6031036377
95.1490936279
96.3260955811
92.8643341064
90.2721481323
92.7651062012
95.3202056885
95.7700653076
88.5921020508
82.0173187256
83.7047042847
86.0112838745
90.0014266968
94.1688613892
93.8457717896
89.4484558105
80.7037658691
78.9721755981
79.6627960205
83.9755859375
84.6056671143
78.7062149048
83.2998046875
85.5971374512
89.5532150269
93.7337112427
89.7570114136
87.2402877808
81.5358200073
90.7400512695
83.7044372559
82.8847961426
88.4168624878
91.7143478394
94.7946472168
94.7209777832
89.9013290405
85.8163299561
83.3054580688
81.3729324341
83.2307510376
92.7732391357
94.8139419556
95.5032348633
93.9277496338
91.5751876831
93.0144042969
89.6090621948
88.2970428467
86.9979400635
88.4732894897
94.0584106445
89.4695434570
89.3501281738
87.5270004272
86.8052520752
87.3817825317
91.1745452881
86.9106521606
85.6751556396
90.9044418335
92.3339385986
93.4189605713
90.6290664673
89.6574554443
85.8312759399
88.4047851562
89.5154876709
92.2500000000
94.0314025879
93.5936050415
91.0865554810
94.8269805908
93.6930694580
92.3034515381
85.4075241089
84.5191116333
84.5584640503
88.9900436401
91.0892486572
91.9092559814
87.9201507568
90.5848693848
94.6284866333
89.1383819580
87.1295623779
85.8059616089
87.4964065552
87.9465560913
88.1117858887
87.6472549438
86.7982940674
90.1446075439
93.5159606934
95.7961654663
95.9407119751
89.3050231934
88.0145111084
89.0687789917
88.6800918579
88.5314865112
90.3187026978
91.8548583984
86.4149093628
84.4792633057
80.9428405762
82.1284332275
83.4050903320
79.6901016235
84.1783676147
84.8374557495
91.3838272095
89.3549423218
87.7374267578
84.7084045410
83.8568649292
81.7883605957
83.8309478760
83.7151641846
86.5213928223
89.0362854004
88.6098556519
91.5619735718
95.6694641113
91.3525619507
90.5556182861
88.7405395508
86.3340454102
92.2614135742
91.7738189697
90.7588882446
95.7006607056
96.1164474487
96.8228683472
96.2274780273
94.7855529785
96.7580261230
95.9313812256
100.0491485596
102.2090148926
107.7928619385
102.7510147095
96.0087356567
92.6195144653
93.1225585938
92.1169281006
88.5107116699
97.1805343628
93.3498992920
99.3485870361
94.9786911011
94.6812057495
96.7542495728
94.1560363770
93.4657287598
92.1120605469
93.2472686768
101.3027191162
103.6401596069
109.2853317261
105.4400939941
101.0497436523
98.7921447754
96.8383941650
96.8119659424
98.7944335938
100.7044448853
101.4241638184
99.5813140869
100.1967620850
96.4574737549
92.2268981934
94.4953536987
93.4855194092
90.5578231812
90.7600708008
91.8300094604
98.7389221191
101.5360031128
100.0472335815
97.7195434570
95.6040344238
108.2983627319
108.1320800781
110.1023712158
112.8541336060
106.9319915771
101.2564163208
95.9694671631
97.4793395996
101.7051467896
105.9336624146
103.2693176270
107.0068206787
105.1125717163
99.9872589111
96.3294830322
95.7086715698
100.1129760742
108.8783416748
107.4298248291
105.5808105469
103.6470870972
98.1441192627
96.7199401855
104.1825103760
104.7935409546
108.1518325806
110.0063400269
96.4267044067
98.4935073853
95.9631347656
95.5196228027
94.7278289795
96.9876785278
97.2379989624
96.7943572998
92.2736663818
98.1108169556
99.6079940796
101.1365661621
100.9686737061
101.5870666504
96.7349243164
94.7496109009
94.7913284302
94.8218841553
97.9198913574
100.0289154053
99.8268814087
95.5450134277
96.9333038330
97.3418807983
96.2094879150
90.8955993652
92.2866363525
93.7095413208
95.2051544189
92.7346496582
94.8643569946
95.9978179932
97.9214553833
92.8456420898
90.2169494629
89.5299530029
90.9501113892
94.1143264771
95.4768905640
95.2256317139
98.6923980713
100.6101379395
100.4664154053
98.4040679932
105.3645324707
98.7203063965
99.1444091797
96.9432983398
98.7428741455
100.4778442383
102.1123123169
101.5930252075
97.5151672363
97.5541839600
98.5437164307
103.9946746826
101.0714569092
102.8089447021
100.2096023560
99.3296356201
96.7720489502
100.3527679443
98.8291473389
102.6764221191
96.5480651855
98.4177703857
96.4205169678
97.7581787109
95.4346618652
95.0776214600
96.5482025146
98.0384216309
100.8606109619
101.6522369385
101.4247436523
97.1861801147
93.4549102783
96.3835906982
94.5672912598
91.2418975830
91.3510437012
92.5261230469
95.0323104858
95.1748352051
100.2479171753
99.9751892090
98.8519897461
93.9211273193
91.7249374390
90.5929260254
90.5215454102
91.3224868774
92.7079849243
97.6392517090
97.9679870605
107.6032562256
105.0604324341
103.1751174927
103.8602981567
100.1813354492
95.0305404663
96.2607345581
91.9789352417
92.4367294312
93.3970336914
94.9181594849
105.3695678711
110.4968185425
105.2463150024
100.2628555298
93.2040634155
95.4663619995
96.4559020996
100.2540817261
100.1264648438
97.6464538574
93.1954803467
85.4136199951
90.4862976074
88.9521026611
96.6102142334
94.2344055176
95.9198074341
90.0457458496
93.0767059326
96.1424407959
95.8647766113
95.3369827271
90.7563400269
97.0360107422
94.7091751099
94.4274597168
95.4215164185
97.5882492065
105.7997741699
107.8312759399
110.0596160889
109.0423736572
109.3347244263
109.9144134521
110.5972061157
109.6070709229
110.2392272949
117.8313827515
116.6298141479
121.1383438110
109.9288864136
112.2193069458
103.1419067383
99.3578262329
99.7543029785
96.0367126465
100.7528686523
105.0940628052
103.1545867920
103.5212783813
102.9692764282
102.6990890503
97.4698410034
99.5892105103
100.2511672974
105.2931137085
109.4844207764
97.8789443970
102.1662521362
98.3027267456
101.6480789185
98.9214706421
96.6363525391
98.7391815186
99.0191421509
98.9306716919
97.4065551758
96.6698150635
98.8340835571
100.7544860840
96.6467437744
95.4966049194
92.8021545410
95.1970672607
95.0420837402
93.1748809814
91.8606338501
96.1445693970
100.6778030396
99.0121307373
95.8209915161
93.4887695312
92.4909057617
95.2152252197
96.8980636597
94.7079849243
98.9441757202
95.5560226440
94.0905303955
95.9071731567
95.1650466919
95.4111099243
93.7837448120
93.0111999512
95.3356628418
101.5134963989
101.2395858765
104.5653305054
101.6489562988
99.6410980225
102.6208038330
104.5078582764
101.2775878906
99.3963241577
91.4669113159
89.5460586548
90.1046447754
94.0960845947
95.3625869751
93.2987442017
94.5891342163
94.8704147339
98.9634552002
96.0329818726
94.6351318359
90.7057876587
92.9242248535
96.1101608276
92.8223342896
90.7756347656
89.9915542603
94.8131332397
93.2129898071
92.2399368286
93.1707763672
94.8574981689
89.9333419800
91.3006439209
89.7082672119
93.2007293701
90.5331268311
91.4114837646
92.2962799072
89.1269454956
86.4190597534
92.2380523682
92.6588516235
95.7143707275
92.3684539795
94.0006027222
92.2184524536
87.7596664429
89.1879959106
89.6557693481
94.0667572021
95.2873229980
92.4063262939
90.5134658813
86.1894454956
84.4677734375
84.0905303955
79.5479278564
81.4352951050
82.8603820801
85.5268096924
83.3572540283
80.8641052246
80.1190032959
77.2117080688
76.2206573486
75.7326736450
81.7721405029
87.1352767944
81.0896377563
78.0603408813
81.3102340698
81.0013198853
82.7301864624
85.3205566406
84.5879898071
80.8425674438
76.5406799316
75.1803970337
77.6378326416
75.7459487915
76.4763107300
77.2151947021
77.2425003052
77.3123245239
77.9641647339
80.0800476074
77.1119766235
80.3153915405
83.5699615479
84.9885406494
85.8994140625
89.1692047119
87.5109863281
83.9244842529
90.7558212280
76.9239959717
76.0589752197
84.9291381836
82.4747390747
81.4970932007
81.4405212402
82.1911697388
83.5005493164
78.8005599976
81.9388198853
78.9904098511
78.0525817871
78.4460296631
81.1016921997
81.1112594604
76.6429748535
79.9545974731
82.5149154663
84.7634201050
83.1185455322
80.8922119141
73.9254226685
75.0739822388
77.2368545532
82.8423690796
77.5388412476
78.8194274902
78.9304351807
75.3751983643
76.6462631226
76.2763519287
77.6107330322
78.5255966187
82.1198730469
83.1585693359
82.0192565918
77.2596130371
78.0381774902
78.5631103516
83.0792694092
83.4523086548
81.4803848267
82.1656646729
78.2184906006
78.6424407959
79.1482849121
79.7494735718
79.8253173828
78.6443023682
78.2479019165
80.7346725464
80.8678207397
77.2687530518
78.4654846191
81.6916046143
81.7487792969
83.4515151978
80.3284301758
85.8237304688
82.4787368774
83.1542205811
82.5220184326
83.9612045288
80.5605392456
76.0223770142
74.5153427124
74.5845794678
80.9375457764
83.2391357422
81.5668869019
75.5392303467
72.9878921509
76.7371749878
79.7713470459
81.4258346558
82.8276901245
82.3385391235
80.8414077759
79.4533691406
81.7111358643
77.8550643921
81.1944885254
81.1469039917
80.1301803589
77.7924194336
81.6091995239
88.4223175049
89.5459594727
84.3530654907
87.4196166992
78.4012985229
74.4779052734
69.6559906006
75.6176910400
75.7779769897
78.4760055542
80.0005950928
78.6192626953
79.7012329102
75.4658126831
75.1394119263
74.9218826294
79.7880401611
80.2052459717
81.3523025513
76.2336044312
79.6150436401
79.4746856689
81.9131698608
78.3811187744
77.7425537109
76.0614852905
76.9323272705
74.7299728394
77.4056396484
78.7370758057
80.5027084351
81.8215560913
83.1929931641
80.2937545776
81.1226959229
83.2530136108
83.6600646973
84.6718292236
86.2474822998
85.7889480591
83.9659729004
84.9411315918
81.2052307129
78.0558776855
79.2097930908
78.9743957520
80.0396270752
81.9913711548
81.7938385010
82.5055847168
82.3203201294
81.9688720703
83.7378311157
84.7080078125
85.8446350098
84.2649536133
76.4585494995
77.0668792725
77.8815383911
86.4542465210
90.1375656128
87.0412826538
83.8521575928
82.3551712036
82.9066619873
85.0798950195
81.0353393555
82.1409149170
81.8033981323
80.8078765869
82.9121704102
82.6207733154
82.3224258423
78.9848251343
78.0209350586
76.6355133057
79.1368637085
78.0889358521
78.5043029785
84.2263259888
80.7336120605
81.4334106445
85.2673873901
91.0763244629
92.6875305176
89.4043426514
84.2126770020
81.1671981812
78.3625411987
75.7237091064
70.1144943237
73.1215133667
77.5728454590
78.6005935669
80.7260971069
81.7041778564
82.1483688354
82.2983398438
80.9646148682
77.2151870728
75.4070129395
79.0742340088
83.8951110840
85.4584121704
84.4134445190
85.1997299194
91.8048553467
92.1803512573
90.5358428955
84.0573577881
81.0608139038
79.8227081299
84.8530654907
87.4312057495
86.4843521118
83.1921463013
85.4388427734
85.6968841553
86.0709075928
82.6388320923
87.0659027100
90.8295135498
88.5770492554
90.2954711914
88.0284118652
83.7671585083
82.6812057495
82.5067749023
82.0740966797
84.2605438232
80.8209381104
83.1735992432
84.0693893433
87.8253097534
86.9384689331
87.4111175537
79.7197341919
84.7282104492
81.5940475464
80.3331298828
80.0233230591
79.9393768311
81.9916076660
81.8534774780
80.3165588379
82.3271484375
87.5792617798
81.0312194824
79.7535552979
79.9683761597
79.3778305054
81.1772994995
84.9953384399
83.6851501465
83.2008438110
84.2177658081
88.5121307373
81.9264678955
80.8924331665
81.9184341431
80.2326660156
81.6065826416
81.0956878662
77.4223098755
78.7654724121
74.2858734131
74.6584930420
73.7304763794
74.5025939941
77.4662399292
82.9447097778
80.6871490479
79.0241546631
80.4875564575
80.6446304321
79.9135665894
81.0034866333
78.9916687012
83.4728164673
79.7269134521
80.1106491089
77.0410766602
83.3297271729
83.8861160278
86.2917175293
80.3031082153
75.0891036987
72.2863464355
79.0228881836
78.9542083740
77.3763046265
76.4622497559
82.6910858154
82.2737426758
81.2817153931
85.0771484375
80.6471252441
80.8876495361
81.4671859741
76.5088500977
74.4128952026
75.3537750244
73.2422485352
72.9586563110
69.9476242065
71.2286529541
73.6567459106
74.7874069214
84.9991683960
84.4934158325
80.9539031982
82.6071319580
83.4363632202
84.4716949463
86.2346878052
82.5847473145
77.5349807739
72.2217330933
80.8233261108
81.0795440674
83.7990417480
81.3101501465
80.0842132568
80.0881729126
82.7463607788
86.5406112671
87.2603607178
84.3698120117
82.3394012451
81.9916229248
76.4966659546
79.0578689575
77.6187896729
79.4532623291
81.7062606812
84.7226715088
83.6158218384
82.9419784546
81.4165115356
82.4404373169
87.6041488647
82.6996383667
86.8346405029
80.8767471313
81.9667282104
80.6055145264
78.6807098389
78.2282714844
71.9457550049
71.6266708374
70.1328735352
72.5607528687
77.4020843506
80.9724121094
81.3727569580
83.1704101562
82.1123123169
83.2095184326
82.7109603882
71.5400085449
71.2283172607
73.2146987915
78.2037200928
82.4942626953
82.3823318481
82.9493637085
82.2537994385
80.8951416016
78.2671813965
76.7350387573
79.9659347534
79.9884567261
84.6809692383
78.7837753296
79.8897171021
76.0774154663
76.9906692505
80.5755233765
79.9278793335
80.1867675781
83.8321838379
75.9370346069
77.4252929688
78.4248657227
83.1443786621
86.6053314209
90.1919708252
77.5822525024
75.1518020630
79.2702331543
81.1391677856
79.8492126465
77.1026763916
80.7243957520
81.7597274780
81.3531341553
83.6974563599
77.8502044678
78.8544311523
80.9767837524
78.9450073242
80.2114639282
81.0523910522
85.1023330688
80.7738189697
85.1442489624
87.2918777466
83.7364578247
84.6112670898
84.0211334229
80.6636734009
83.7918701172
82.1339950562
84.3595886230
85.5847091675
82.8313140869
81.6564559937
76.5916290283
77.0252456665
79.7845382690
82.7427291870
87.6215820312
85.8116149902
87.9102630615
86.1689605713
78.4191741943
84.1747283936
80.6784820557
79.7520446777
79.3642349243
78.3843460083
77.1966934204
78.0534439087
79.9397811890
82.4008331299
82.2135620117
82.2406158447
86.2637557983
81.2708892822
82.5902481079
84.3573455811
77.6953125000
82.8615646362
84.4408874512
84.2743225098
84.4846649170
79.3533859253
79.1959075928
82.0618896484
80.1488647461
76.8593444824
76.7678375244
77.7153167725
77.4437942505
77.5583801270
83.4232788086
78.5824279785
77.4668045044
77.7231216431
79.6460418701
79.7296829224
81.2430038452
79.1799926758
81.2947845459
82.3369445801
80.4514541626
81.4330520630
84.1769180298
84.0681076050
82.5894241333
81.3486404419
87.9715957642
84.6590499878
77.3635330200
76.6806640625
75.4756317139
77.3915557861
75.7561340332
77.8500595093
77.6859207153
76.2052764893
76.0331115723
75.1205291748
78.2649993896
78.4253387451
81.1803207397
82.1613540649
82.8989639282
81.9506835938
81.8300399780
82.0548782349
79.4993972778
78.5129394531
78.2334442139
80.8843078613
81.9749221802
83.4153671265
81.1791458130
80.0123367310
77.4609985352
79.5296554565
83.1431884766
77.7136764526
77.0740737915
75.6457977295
74.0601196289
73.7096939087
76.2921142578
76.6166381836
75.0002288818
72.8434219360
72.5908813477
74.5572052002
78.4828872681
79.3898925781
84.1619033813
83.9515380859
84.9032516479
79.3191986084
77.9219131470
75.2334365845
78.1024017334
77.9915618896
83.1197738647
78.0612258911
77.4623870850
77.8317871094
78.3458709717
76.7314758301
76.0810089111
77.9222717285
77.7847290039
78.0515518188
77.6867218018
74.9935302734
73.1239471436
72.4735488892
74.7170639038
77.8192825317
78.6840515137
80.8075866699
83.7182617188
83.9942474365
82.5389099121
79.4949111938
74.1713027954
75.0478363037
75.3967590332
80.1308898926
78.7027969360
83.2382049561
82.1418380737
83.8645019531
82.1303863525
81.9937591553
86.7587356567
86.8103408813
86.3483581543
79.3385391235
79.1104431152
80.0087356567
83.6444473267
78.5650787354
81.1676940918
76.5768585205
75.5783233643
76.6876373291
74.4749298096
77.0771102905
72.4128570557
75.7339019775
75.0816650391
77.3487396240
79.6694488525
82.2594757080
80.6129608154
78.8194351196
81.3161621094
77.4191513062
70.1591873169
71.8836364746
74.6309814453
82.1522064209
82.7347564697
79.4590759277
79.8821563721
78.0428161621
80.9192123413
82.4714126587
82.7808761597
83.8033752441
85.8450317383
84.4415359497
87.6577835083
87.5532760620
90.0016403198
85.4222259521
84.1417465210
84.0001525879
84.4219665527
81.5686264038
81.6295471191
83.3218154907
85.2762298584
83.8522491455
87.5506668091
83.6019897461
84.8921203613
89.1106262207
89.4063720703
89.4662551880
85.0603408813
79.5948791504
84.1555023193
85.6405029297
83.3427276611
78.3720855713
80.0403747559
77.6883850098
83.0184631348
83.3443679810
86.3932800293
87.9605102539
90.0320510864
90.8635406494
87.0183334351
79.1940536499
76.0664215088
77.9384460449
82.0622482300
81.2480926514
80.1351699829
80.6379165649
80.6264495850
83.1713027954
86.1738586426
86.3598175049
80.8448333740
87.5947418213
88.7350234985
85.0048980713
81.8199844360
87.4986648560
92.4641036987
96.2487106323
94.7360382080
91.3348541260
94.5350036621
91.3899993896
90.0856857300
92.6524658203
93.6986236572
96.9715576172
93.4648742676
90.9500732422
90.7411880493
90.9588165283
89.5190811157
87.4919128418
88.0399017334
92.1210327148
88.6615982056
90.3276138306
86.8902740479
88.5740356445
89.3590011597
93.4185714722
91.1379165649
87.8073272705
85.0610809326
87.2998657227
85.9925613403
78.8399505615
82.2232513428
78.0198669434
81.3904953003
81.1859283447
83.1352005005
79.5238342285
82.1459121704
76.1573944092
78.3344879150
74.0873107910
79.4761962891
78.4959335327
80.5325927734
76.0696716309
76.7847213745
75.1097106934
72.8324737549
76.1547927856
75.7881546021
75.2635803223
73.4980010986
75.3183517456
78.5240936279
74.7611007690
72.8473205566
73.4402008057
74.1247253418
75.7795333862
73.3617095947
76.8259277344
73.3722534180
73.7144088745
71.6656570435
73.9479217529
74.7023620605
74.4354324341
74.5795135498
74.4105148315
78.3674774170
79.8396530151
79.9122085571
73.6595916748
69.9948348999
70.1560363770
73.0729827881
78.2499923706
81.6397552490
85.4472579956
84.8809967041
80.1964569092
79.3593063354
79.2676086426
81.5078659058
79.7986984253
71.3646545410
69.9868164062
68.0167617798
74.8564605713
77.5647811890
74.5046310425
74.0197219849
75.2634887695
71.0580062866
69.0137023926
69.3379821777
70.2321166992
72.3850708008
76.1976394653
77.7035369873
74.6795959473
72.5090026855
74.9104232788
78.8926467896
85.0542526245
84.5399780273
78.0170440674
85.1031188965
90.5972518921
93.3327713013
88.5734405518
90.9886322021
90.7689208984
88.8770980835
83.2579193115
82.5417022705
86.8776550293
86.7328796387
85.9182739258
86.9016799927
86.6038818359
83.6497192383
85.5061111450
84.7865371704
86.8106613159
86.9045715332
78.0971603394
80.7205810547
77.5313415527
84.2574920654
85.6360626221
90.6435241699
88.0356140137
92.0178070068
87.0681152344
82.4106216431
78.1111831665
77.5095291138
79.2336730957
82.4983367920
84.0683441162
87.9287338257
89.4651641846
89.1230316162
87.0379791260
85.7607650757
77.0524597168
76.5152282715
77.4625167847
82.1028213501
75.5526123047
72.1470565796
67.2324218750
67.1130752563
72.0545120239
81.7696609497
79.5422821045
84.1706161499
83.5993194580
83.2890396118
76.6570358276
74.6099777222
76.0708236694
74.2054519653
77.3007583618
80.7596130371
83.2331314087
84.1991119385
81.3236083984
77.6843490601
77.0003662109
77.0406417847
79.2905426025
78.6649169922
73.6571121216
70.1858749390
67.3781280518
67.2952575684
69.3054428101
68.0796890259
69.8975219727
72.8265151978
74.8512496948
74.8850708008
76.5989608765
80.2914810181
81.3166732788
83.0044097900
83.5567321777
82.4476089478
78.8969268799
73.4327468872
74.1564788818
71.0830993652
72.3447647095
70.4260482788
70.8016204834
71.8550491333
72.0173568726
69.8615112305
67.9100189209
68.5935287476
74.7053833008
77.5842361450
75.9574737549
75.1973953247
74.5305328369
77.2130661011
76.1618576050
75.1188125610
75.4515533447
77.0015563965
76.5455627441
77.2597885132
77.9391098022
80.0431518555
73.9352111816
73.2260437012
78.6503372192
80.3370742798
79.6447525024
70.9270324707
68.7724151611
72.9117355347
74.4661560059
73.3276977539
70.5160827637
69.5261001587
71.7442398071
72.8321151733
70.4187622070
69.1141738892
69.1071624756
71.0810470581
72.8765258789
69.2946929932
67.5322418213
65.4786148071
65.8694610596
66.6903152466
66.7725601196
66.7993545532
68.4383468628
68.0414657593
68.4367523193
68.6122894287
69.4512329102
70.5927124023
67.8265457153
64.9292602539
63.5796928406
65.7479782104
66.2497100830
71.6082305908
72.6074218750
79.5215911865
74.0512313843
75.9324035645
78.4187469482
81.4629364014
83.1620941162
84.4520721436
79.6363677979
81.1180572510
78.1421203613
77.7999725342
81.5036621094
82.5841903687
84.0905227661
82.6890487671
81.3073883057
77.4670104980
82.7481079102
85.0967483521
81.8883514404
75.1280822754
71.4287872314
75.4916992188
74.4044113159
72.4807281494
73.7787551880
75.8645935059
80.6340332031
80.9169235229
77.4019622803
75.6190414429
75.7754974365
76.7931442261
78.1725692749
80.7495803833
76.5357589722
73.6302032471
70.8074874878
72.6343765259
74.0076522827
75.0017929077
73.2598114014
72.7581787109
75.7696762085
73.0559387207
72.3626403809
71.7435150146
72.2585372925
72.5783920288
77.1720428467
79.4350051880
81.4934692383
80.7485733032
77.9217681885
76.6222839355
73.5441284180
68.6672286987
68.2001495361
70.8143310547
71.3349914551
73.2013244629
72.1819915771
75.3401794434
77.2912750244
76.6752090454
80.9115676880
80.8011093140
90.9955749512
79.1966247559
79.6384506226
74.1358642578
76.0634918213
73.0191955566
72.1608200073
72.7214431763
68.5071411133
69.2057418823
69.8990783691
70.9703063965
71.5657348633
77.9026260376
73.7024307251
72.6413726807
78.0589828491
82.1613082886
85.8245239258
81.0898132324
80.1158370972
74.3690185547
71.6610107422
72.2939453125
77.6921081543
74.3373413086
68.2189025879
65.1828536987
63.8607559204
71.6936035156
68.1909790039
70.0125732422
71.3337326050
75.2764434814
77.7798385620
77.3135223389
78.1800537109
71.0739212036
75.3627319336
72.8480758667
73.6387176514
75.0114135742
70.9913558960
75.0885696411
71.7633590698
71.2393951416
72.8727111816
70.0413055420
66.3250503540
74.4466171265
79.0297317505
82.8388900757
84.7111816406
81.1147613525
77.0016860962
73.4022521973
71.9808197021
70.9527282715
70.5694198608
73.6452331543
73.0136871338
72.3723907471
71.8390121460
70.9117279053
70.6102981567
71.4852523804
72.2477722168
74.7235412598
73.5520935059
74.1921997070
68.5485382080
69.4477081299
70.1138000488
71.8785476685
72.6862792969
71.0801849365
67.0904693604
69.1780319214
70.1416091919
72.1786193848
75.4292526245
76.8538589478
82.2742919922
84.7882843018
85.1650390625
82.2576904297
73.9201660156
68.8178710938
68.2064208984
72.9055328369
79.4397430420
83.7822113037
90.3327636719
89.8358078003
82.6107559204
82.7158966064
76.9916992188
81.5966720581
82.3601379395
84.2785949707
75.2876815796
79.0992279053
79.5642242432
84.7531509399
82.6018981934
81.7793579102
87.6165313721
88.4952087402
82.1903305054
79.4089431763
79.7385864258
80.8457183838
80.5221710205
79.8165588379
85.6078948975
82.8630065918
82.6676025391
85.8328552246
85.6121978760
85.3148040771
81.2455902100
76.6554336548
70.0654144287
74.6274185181
77.7095642090
81.2598876953
80.8568267822
81.2736663818
83.1669845581
86.5404205322
83.4622955322
82.8229141235
86.9809875488
88.6801757812
87.5547943115
83.7000732422
83.2916641235
84.2302398682
86.5868072510
83.6108093262
78.3870925903
76.5291442871
77.4596481323
83.2250976562
84.7786636353
87.1248703003
82.9750823975
81.7894592285
84.2801971436
81.5323028564
77.1947708130
79.2791824341
81.1634902954
85.3450469971
85.0451202393
82.5964279175
83.4502716064
84.2422637939
83.2591552734
85.8906478882
84.8099670410
83.0012130737
88.6511535645
78.0952911377
75.4006347656
71.9183731079
71.7238769531
75.3042144775
74.6720199585
76.6260528564
76.5735626221
77.8273773193
74.9906616211
76.4149169922
78.4977569580
79.9525909424
79.6244354248
78.0164260864
77.4354019165
74.9994964600
72.4556427002
73.8515090942
75.2024459839
75.8640060425
78.5281677246
78.9162521362
78.9757843018
74.2019119263
74.4069671631
75.1225204468
76.6691131592
77.8841400146
76.2729187012
74.6865768433
72.6531372070
73.0159454346
72.3806152344
75.7230529785
78.6770172119
79.0646286011
75.0511016846
73.5709915161
75.3616409302
75.7761764526
74.4747161865
71.5947723389
71.9304809570
72.6723556519
78.8834533691
79.5856323242
84.4821853638
87.0829315186
94.0291061401
92.2614288330
85.6543350220
83.9787139893
85.4363250732
89.9076004028
93.6944503784
91.7724914551
87.3603897095
86.0109558105
83.3080902100
80.1508865356
73.2161865234
74.2244415283
80.0996246338
82.0746154785
81.7084808350
79.6520614624
76.3664703369
79.7297973633
82.4111938477
80.5171508789
76.8507919312
77.9630966187
76.0175628662
76.4897079468
78.4687728882
76.9557571411
75.4015274048
72.1483306885
74.0177917480
76.9578247070
83.1119537354
84.0171508789
86.5405502319
82.3991088867
79.8147277832
77.7025527954
77.3600845337
78.1182708740
79.4810333252
80.0056762695
77.1191482544
69.7196502686
70.5451736450
74.4874877930
78.5953979492
81.8508911133
79.0414733887
78.0255584717
76.4732589722
79.3111648560
80.4207382202
78.9992980957
78.0177917480
76.6071319580
80.0030822754
80.1259384155
87.9974060059
87.3788146973
88.2780685425
82.2799606323
83.2244796753
79.7602005005
83.6373291016
81.7903747559
79.5339889526
76.6780242920
79.0728607178
82.5116043091
85.0165176392
88.3552703857
90.9196624756
93.3694458008
91.3119430542
94.0232696533
96.1324157715
94.8284149170
87.5611572266
88.4565200806
90.4730911255
89.4285278320
90.4307556152
89.8101119995
90.0022277832
94.0116882324
94.3332214355
92.6552200317
92.7553558350
93.6185302734
93.5368652344
91.3589935303
84.9086761475
84.1355743408
84.2010345459
83.9978179932
84.1940383911
78.9221115112
80.2290649414
81.9240188599
79.8031768799
82.2034759521
77.5442886353
83.9768981934
77.7993698120
77.0477371216
72.4410705566
78.0047607422
74.9553451538
77.1224899292
79.9722061157
81.6642761230
81.3947982788
80.8042449951
80.6862335205
81.2319641113
76.2331542969
70.6534729004
72.9148635864
71.3680038452
74.8424682617
78.8119735718
82.7971115112
88.3504867554
91.0803070068
92.5447235107
91.7579498291
85.9986572266
86.2334442139
81.7209472656
81.6987762451
78.4552383423
75.6709671021
76.3913574219
80.0069427490
86.9276657104
85.3634872437
89.5302505493
79.3578796387
82.4242019653
82.9728927612
86.0537948608
86.8257369995
92.5178527832
90.2773818970
87.3281097412
81.4482879639
78.0512161255
77.4231567383
77.3129196167
83.1280288696
79.8180007935
80.2550811768
82.4921875000
82.6787109375
88.1667556763
88.2196960449
87.9957580566
79.2605743408
77.0853347778
75.4982604980
79.7006912231
81.7140121460
80.4821395874
83.3733825684
81.0655593872
81.3718032837
85.7805175781
86.7942810059
86.2792510986
78.7738037109
70.2366485596
71.3321380615
68.4290084839
77.5071792603
80.3710098267
81.5428924561
80.1734924316
79.5364151001
77.6248092651
75.3053741455
76.8007659912
72.5790939331
72.5224914551
71.2758102417
69.5196609497
72.2436294556
73.9186553955
77.0754089355
82.3553009033
85.9177246094
94.4326782227
94.0131530762
87.4724731445
85.9007415771
83.2994842529
85.3772506714
83.2377395630
83.5586242676
81.3305206299
83.3105926514
83.7265319824
86.1950378418
85.7944793701
86.7934036255
88.1453933716
84.5103530884
82.0622024536
79.6770477295
82.1845550537
85.8256072998
89.7831802368
89.2655792236
85.1800308228
84.7994079590
83.7809143066
78.0844345093
83.9300689697
82.5446090698
85.0055923462
88.6438140869
91.8759002686
92.2158508301
88.5762557983
88.0574340820
82.9300537109
84.2571640015
85.5457992554
83.6847686768
83.4280700684
84.9667053223
87.3523864746
89.6591033936
89.5146789551
90.4996719360
84.5796279907
86.0982971191
86.5638427734
85.5195770264
88.4137039185
89.2029418945
92.4398498535
91.7866134644
90.3342437744
88.7181015015
85.2969970703
85.3584213257
86.1782073975
88.1503372192
84.4467315674
84.0108261108
86.4676208496
87.1004257202
86.3802719116
80.0326614380
85.1438446045
81.6333847046
83.4084548950
79.8378906250
80.2030181885
82.8920440674
79.5664672852
76.3362121582
75.0497817993
72.9652252197
75.1535797119
77.4656829834
85.5418243408
80.3751525879
77.1918487549
74.4938049316
90.5088424683
79.7042083740
80.5685348511
79.6021194458
80.5672760010
75.3549499512
71.2668762207
72.9582061768
75.8311614990
85.7183990479
88.8802947998
88.3542175293
84.5748672485
79.7210540771
76.3237609863
78.2463607788
80.9077758789
82.4571228027
84.6564636230
86.6384429932
86.7204513550
86.8691101074
88.7032546997
86.8571701050
85.3821716309
81.4749450684
84.1038742065
86.7830734253
84.3511199951
79.7576446533
76.9677200317
78.3298187256
71.7376708984
77.0270309448
78.9632797241
86.8401336670
87.7155303955
91.5539169312
88.0267486572
84.8924484253
81.2429275513
79.9449386597
77.6299133301
74.1904067993
74.1378631592
73.0523986816
73.5558853149
76.8660659790
76.2003097534
85.7599258423
85.8770370483
87.9199218750
90.9865951538
90.7248153687
87.2464218140
84.1512680054
82.6312408447
85.6371994019
83.0260086060
84.9071731567
85.2454910278
85.7364425659
86.1029129028
86.3395614624
87.1283340454
88.2711334229
92.5969543457
93.4396057129
87.9717941284
87.8481140137
84.7438278198
88.6144027710
85.1200332642
85.4774017334
87.0809860229
90.3051605225
87.0306625366
87.0843200684
85.5708160400
81.8860244751
83.1032180786
85.7029418945
82.6777648926
72.9227066040
74.2108840942
69.2002792358
70.1470031738
72.9560470581
79.6738815308
79.2655792236
79.7887420654
78.7996215820
83.1241760254
85.2419815063
78.4500350952
86.5137481689
71.1871032715
79.8689575195
79.9266281128
85.9599304199
86.6121520996
88.7637481689
87.9214324951
82.8144912720
83.8544464111
79.5656356812
88.9398574829
88.2809066772
88.2674789429
86.7678833008
77.1045532227
73.1740112305
76.5966033936
75.5254592896
76.8722152710
78.0341873169
75.7612991333
78.4354324341
72.8048248291
72.1585922241
74.5956497192
74.9549102783
73.7035980225
76.3377990723
77.7331237793
77.5810317993
78.0504150391
80.1150054932
85.9601898193
87.8031539917
88.9389495850
85.4918594360
85.0676422119
85.9016723633
82.1298446655
90.0119934082
89.1049957275
89.4445343018
89.3291931152
87.3488769531
85.1411514282
83.3915939331
80.8123550415
76.9522552490
82.6280899048
83.2864990234
79.5563125610
79.5606842041
79.1886215210
83.2529067993
83.4124603271
81.5222778320
83.8071441650
84.1204833984
82.9960250854
85.5056076050
81.3971099854
84.7089920044
83.7591171265
85.4104614258
86.6188125610
87.4458923340
87.5008316040
87.7868270874
87.9824295044
88.1435699463
87.9893188477
88.2465286255
90.3125534058
89.5056838989
88.1314544678
90.6400527954
85.1969070435
84.6942672729
87.5837173462
79.3297576904
84.3682632446
81.8554458618
85.5730667114
86.3432312012
87.6983413696
85.8819885254
83.3411026001
79.9564971924
80.6112976074
80.9240951538
79.8085937500
82.7686614990
79.6090850830
81.6622695923
75.2895889282
75.0536956787
73.9716339111
76.8315200806
78.2271041870
82.2733459473
80.7318115234
83.3046112061
86.5373382568
84.3459777832
83.7915954590
83.2039184570
85.5061492920
87.4879074097
88.3263397217
86.0727691650
85.1452178955
86.3116455078
80.9362030029
81.5467376709
79.0172271729
82.1945877075
82.9664077759
83.1260681152
80.2913208008
81.5967788696
84.1154937744
85.0120620728
85.2037048340
84.2363281250
82.1556320190
82.1641006470
78.5502777100
78.8563537598
85.3092117310
87.0025787354
87.5371322632
81.0967864990
77.3265304565
72.6640853882
73.2700653076
71.0644836426
70.5921173096
72.6747207642
76.7824172974
78.3978881836
75.8891754150
80.8391952515
82.0472564697
83.2546386719
84.7784194946
79.3534622192
77.6677398682
79.5542984009
80.0137329102
80.0573425293
79.3899688721
75.4193420410
70.9160995483
71.3375854492
75.2307434082
76.6460113525
76.1017913818
75.0949783325
77.4084930420
80.1525115967
75.3427658081
74.2004852295
71.8329238892
73.6365127563
78.1284942627
78.2614974976
80.7569198608
81.9717254639
86.8273620605
85.7362747192
82.0124511719
83.5454330444
77.9163818359
80.9663772583
80.1567993164
78.9895095825
75.6221466064
77.9271392822
81.6313858032
86.1596527100
92.8519134521
88.2274246216
90.8327178955
89.8079452515
87.2692108154
91.1214675903
88.5288925171
86.6112823486
86.5286026001
87.2622680664
83.8999023438
80.6212844849
80.7588424683
83.8724365234
81.0447692871
82.0882720947
81.9216079712
83.6656036377
85.3194961548
85.2110061646
85.4676208496
83.4320678711
80.3178710938
80.3071975708
84.2882766724
81.5203018188
79.3561401367
78.3857574463
76.1443939209
77.3039932251
74.8145446777
79.4970779419
80.1724319458
82.1438674927
81.7212219238
82.8702011108
88.0521774292
88.0125503540
93.0012207031
94.7917556763
91.8521270752
89.8782119751
85.8545837402
86.4251785278
86.1459808350
87.9337692261
86.6308898926
89.4127349854
89.4193725586
88.3336639404
83.3388366699
89.6196823120
90.7994232178
85.2033233643
89.3137207031
88.1048889160
91.0003967285
90.8831481934
89.0218048096
81.3797531128
83.6440963745
87.3371429443
86.4203720093
85.1969451904
86.9220275879
87.6722183228
87.4141464233
80.5926895142
74.6100006104
77.6916503906
80.4706954956
84.9385681152
85.9913711548
83.5975799561
83.4471130371
81.8204421997
85.7380676270
88.2810440063
90.8071289062
91.1609802246
92.9320449829
87.9248428345
84.7609634399
83.4769134521
81.9779281616
78.2077484131
82.8204803467
82.0924377441
80.0858612061
81.7377777100
86.1949386597
88.5010528564
89.5574493408
91.4747695923
87.4671173096
90.3765487671
86.0238342285
86.9008865356
85.6496887207
89.9723663330
87.3662261963
88.2692108154
82.2258758545
81.3311767578
80.8043212891
80.7166519165
77.0064544678
79.0829315186
80.4050827026
83.5737991333
80.7494277954
79.8018646240
72.9915161133
75.4628906250
81.9084548950
83.3812713623
85.0205612183
83.7293243408
86.0015716553
82.3725509644
82.8576049805
82.1126632690
84.2299575806
84.8020782471
80.5832443237
79.5317993164
87.3556518555
87.0328216553
86.7962188721
82.8962326050
82.3094329834
83.0279083252
88.2335128784
87.9773330688
85.5503845215
88.1480941772
86.8853149414
84.8344268799
83.8334655762
82.6592330933
85.4044113159
84.0143814087
84.3199310303
82.5649414062
83.7460784912
81.0433349609
83.7482528687
83.3690338135
86.2290039062
88.4249420166
84.7909927368
84.2529602051
83.8156127930
80.4024505615
78.6341094971
77.3374633789
77.8898315430
78.8210906982
79.6411056519
88.0609207153
84.9700622559
92.8160934448
83.5555648804
83.8989105225
83.3682174683
85.1770706177
85.8602447510
89.9623413086
91.7521057129
91.3079376221
86.3507461548
81.6774597168
81.9694442749
84.5793609619
81.9086608887
80.0486907959
80.6711044312
86.8878326416
90.8899078369
91.9187850952
92.0555114746
83.4204101562
77.5138244629
85.6579284668
84.9379501343
83.9854736328
81.5985260010
82.5793151855
83.6913604736
82.8281631470
78.9613876343
77.7292785645
75.3969726562
77.0531387329
71.8399810791
72.2960586548
73.4415664673
71.8679275513
73.9817810059
77.9597625732
76.0680313110
81.6566162109
84.0863571167
85.0917663574
82.4430389404
80.8486175537
82.5692825317
86.4252243042
88.5277252197
87.2168960571
85.2385330200
86.7223815918
86.3930053711
88.3465270996
86.0746078491
82.1895217896
83.8061981201
82.7606964111
85.9092407227
83.4929275513
84.9825592041
86.4480972290
89.0128402710
89.3225784302
90.2500000000
86.0460205078
91.0982894897
84.2473602295
82.9725341797
82.2497940063
79.3829193115
81.0316085815
82.0333938599
82.2996673584
86.3584823608
89.4834213257
90.1556701660
87.8026885986
86.9859848022
83.3023910522
81.4355850220
82.5775527954
82.0651245117
79.4942474365
79.9611968994
77.1485061646
82.8630371094
85.5677337646
89.2391510010
83.7250213623
80.8688583374
80.9038238525
83.2816085815
84.6572341919
82.0715484619
77.8543548584
82.0444869995
86.2265625000
84.2114105225
78.2135696411
74.6638717651
74.5667419434
77.5165710449
84.4485015869
88.7650146484
86.2865905762
83.7629547119
83.9352722168
86.8648223877
90.4562530518
83.8190460205
77.5984115601
77.7544860840
82.5125885010
83.1657257080
83.9472122192
80.7386856079
78.8345642090
78.3933181763
77.9814529419
80.7097930908
83.9745941162
83.7721862793
88.4329299927
91.1812286377
95.0789642334
97.6222686768
89.6779785156
85.9608917236
80.8996505737
78.9619674683
81.4639205933
81.5008239746
80.7772674561
81.1682968140
81.5985641479
81.6798400879
76.9069519043
81.0623626709
82.7363128662
84.5237350464
78.5882110596
85.2749710083
89.6941452026
90.6350860596
87.0058593750
83.5331802368
86.6952590942
79.8930358887
78.1663208008
76.5733413696
76.9109497070
77.2800216675
74.7999267578
73.9147872925
75.2446975708
74.9998168945
76.5673980713
79.1662368774
80.0074234009
82.1622009277
82.3271560669
79.6903839111
78.8014373779
81.4200897217
85.8627777100
85.8908615112
86.5610809326
86.2956619263
87.5276947021
86.2188873291
85.3062744141
85.9218826294
86.4032211304
82.2747039795
80.3477020264
82.5190658569
85.6571350098
81.8867874146
84.2344589233
81.1039581299
85.4109497070
91.3172302246
91.1986846924
88.0807342529
81.9951782227
85.8738555908
82.7624664307
77.9895935059
77.7196350098
79.6232910156
79.1563720703
79.5282363892
79.0036544800
82.0161209106
82.4993438721
81.7879943848
77.8545150757
76.8214187622
82.6641311646
82.9097671509
82.2426071167
80.2412643433
81.5670166016
75.4871139526
76.0797042847
76.4017639160
81.1660766602
88.0723953247
89.8724517822
92.0465698242
89.0153198242
88.6535491943
80.1525268555
83.5202026367
79.9256439209
76.0573959351
81.5007171631
91.1235504150
88.5440673828
88.9677429199
86.7465667725
82.2627944946
78.1356201172
77.4635620117
77.8164672852
78.0708236694
81.1507949829
80.4298858643
76.7609786987
73.1761474609
74.4563064575
78.3701705933
83.5477600098
83.1420288086
85.3838653564
84.3458404541
82.4979171753
80.0016784668
82.9025192261
78.0649108887
81.3652343750
80.3384094238
84.0056915283
81.5252075195
84.8447113037
82.1452560425
82.5426635742
80.7428512573
78.5485458374
78.2026596069
77.9385452271
77.1604309082
77.0206527710
76.0187149048
75.3165206909
78.2455749512
80.7470550537
79.8275222778
78.8594207764
73.2939071655
73.9138183594
79.2576751709
76.6709518433
81.2107696533
83.8009948730
86.2776336670
85.1076126099
84.5681152344
88.0819549561
89.9971313477
90.9399795532
86.9828796387
86.9968109131
79.2300949097
76.8020324707
79.5699996948
74.6405715942
81.1597442627
82.8097991943
88.2457122803
88.9795150757
90.2366027832
86.2970886230
83.4400100708
80.7267608643
76.8671264648
79.9287796021
80.1459350586
77.2936477661
81.5270690918
85.0920867920
87.4861145020
87.1275024414
77.2972259521
79.6309509277
79.3854217529
81.6422424316
83.3997497559
89.0280609131
90.3903274536
86.0534820557
83.2417907715
81.3044433594
78.9451904297
83.1404724121
84.2061080933
82.0334930420
83.6246719360
81.5364074707
84.5231552124
84.2002334595
86.5264434814
86.6715621948
87.4333801270
86.3751068115
85.0527801514
86.1501846313
84.9883728027
86.1247253418
86.2849426270
85.6370239258
80.4408493042
76.7998275757
81.5474243164
79.3374862671
82.0803527832
82.2369232178
81.3726654053
81.8583221436
82.8574295044
84.3841857910
86.0211563110
87.8886337280
90.1751708984
93.0372772217
93.1120147705
84.7454910278
77.2144470215
73.4622879028
79.9696350098
81.3809509277
83.0812911987
84.2708969116
78.7125320435
76.2828140259
80.7090148926
78.5116577148
83.5049591064
88.6791687012
90.9935607910
85.7501831055
77.1162338257
82.7713317871
83.6558151245
81.8654861450
77.1639480591
78.1535873413
75.3472518921
76.0781478882
75.5048904419
71.7312316895
71.8700714111
75.1415481567
75.9284057617
75.3437576294
70.4376144409
71.6836700439
71.5291442871
69.5366363525
72.9608078003
77.8640441895
83.1757583618
81.2356109619
82.5881652832
79.4529495239
75.5199127197
77.5690765381
75.9703674316
73.8100280762
72.4965667725
73.9873275757
75.6192092896
79.4720764160
78.3782348633
79.1444625854
77.6187667847
80.3538284302
75.4342041016
69.6201019287
80.1922988892
82.2793426514
87.8711547852
88.5979843140
86.2709350586
86.1767501831
84.1530227661
83.2779541016
84.0566864014
84.5068054199
82.9057540894
80.4645156860
84.3541183472
82.7138900757
81.7519378662
78.0298156738
75.3049774170
78.7028961182
78.3487854004
80.6903610229
77.4681396484
76.1723785400
78.5392684937
75.0813293457
76.0399169922
70.7043914795
65.4407653809
60.3063125610
64.2667922974
70.6254425049
73.9692230225
71.4105072021
72.2898025513
71.4583892822
76.4832077026
73.2926940918
73.3440017700
77.3180236816
80.9299011230
81.9981536865
82.0810394287
75.9914703369
71.3411636353
73.6919479370
74.1437759399
80.3551559448
76.9145050049
78.2750091553
78.7974548340
75.7346649170
80.0596618652
80.1052627563
81.4393081665
77.2018661499
72.9314346313
67.5592117310
65.4376296997
65.1541442871
64.7281341553
69.6439285278
69.9171218872
70.5689239502
64.9892044067
64.0890960693
67.1958541870
70.7691268921
72.3189392090
72.0221328735
67.6500167847
67.2917480469
67.0157470703
68.5568237305
66.0813980103
70.7509994507
81.3951721191
83.6559600830
84.4778594971
84.4442520142
86.1743316650
85.5295562744
84.7700653076
86.3339080811
86.0599441528
83.3495559692
83.4696502686
81.2249298096
80.9435348511
79.7800521851
79.0599441528
77.7084732056
79.8426132202
74.9458541870
79.6213150024
83.6350326538
87.5287780762
82.4457092285
78.6313858032
78.7554321289
78.8754196167
79.3058166504
79.3709030151
80.2145233154
81.1054534912
84.8366699219
84.0121383667
86.2606658936
85.9578704834
84.3423767090
83.0850906372
81.9638748169
81.3327255249
75.7497329712
74.5381393433
76.6430282593
75.4170532227
76.6829528809
79.3911895752
79.7164001465
76.5126419067
73.6262283325
78.4743576050
80.6141967773
80.1612396240
79.5843963623
76.2168350220
74.6731872559
74.0344924927
71.8795623779
79.6032714844
76.9435958862
78.9792175293
77.5668945312
78.4976272583
79.4239425659
79.2597198486
82.2737884521
84.6091766357
87.0220336914
85.6872177124
83.0426635742
85.8391494751
82.3061141968
83.7675247192
74.5991210938
77.6459121704
75.1348800659
77.6503982544
83.4941864014
80.2475128174
81.9447860718
80.5337524414
79.6961822510
83.3585968018
83.5417022705
85.6437377930
79.4656372070
80.0483856201
77.9729995728
74.0052642822
75.4284591675
79.3175582886
83.9821319580
83.5130538940
84.0623168945
83.6078491211
80.6114425659
80.0913848877
80.4220733643
81.7645874023
78.8104019165
76.2375869751
79.2180023193
78.7296447754
75.7387924194
79.0108337402
81.2699050903
82.1238250732
88.7215576172
90.5867919922
92.3721618652
86.4640731812
82.6189575195
80.5902328491
82.2758865356
84.5884170532
86.9300994873
88.6488647461
88.3153228760
86.6957931519
79.1590957642
81.5888137817
86.3247756958
86.0968322754
84.1445541382
86.0313796997
87.0969696045
88.1793136597
90.8643417358
88.3401947021
79.1159362793
74.2984771729
72.0366668701
70.9653778076
69.2798843384
70.2432174683
71.9018020630
75.5936584473
78.6568298340
78.2878112793
78.8418121338
76.3044128418
76.1742324829
74.3258972168
73.6696243286
70.6570129395
77.2182388306
78.4530868530
81.4392242432
85.3297576904
83.6233062744
80.4803543091
75.6835632324
79.3303985596
80.9296569824
86.0134811401
81.9920806885
79.4071731567
73.7061996460
74.9748229980
75.0099868774
77.4251556396
75.9574279785
79.0086212158
75.1818389893
79.4609222412
74.4101333618
76.1408996582
78.2798004150
79.1875000000
80.9062881470
83.1790695190
81.7543182373
82.5414123535
80.4666748047
77.9524078369
74.8850402832
72.6645889282
74.1621398926
71.6723022461
69.5700531006
76.0777053833
79.9215087891
83.5550994873
81.6254043579
79.8717880249
84.5533370972
86.8604049683
85.5591659546
81.0988235474
82.9198913574
81.6131134033
81.0532226562
75.3870315552
78.8422851562
80.5982894897
84.3504180908
80.4772720337
87.4718017578
84.2203979492
83.1064300537
82.0486602783
81.0127639771
78.4065399170
85.0447235107
82.2194366455
84.0985412598
83.0763549805
81.3130569458
83.0323486328
83.2564392090
83.0078964233
85.3228073120
81.6074371338
79.7722930908
76.2727355957
77.7662658691
80.8836441040
80.9899749756
80.2856521606
81.2621307373
83.4729690552
83.7318572998
89.2762908936
91.3430633545
91.2522583008
89.8943405151
83.1089401245
83.7839431763
88.0487442017
86.1243972778
82.1141433716
78.3738479614
74.7371597290
75.2472991943
75.8846054077
82.4515075684
81.2487182617
84.8231735229
84.3331832886
84.2915115356
80.8919296265
78.7598876953
77.8450698853
77.7258453369
77.9022827148
79.1439437866
76.0272216797
72.0371170044
68.1328811646
70.4213409424
76.0812149048
78.8436508179
79.3013839722
81.7909851074
78.3842239380
77.2746658325
78.8670043945
85.7157135010
85.9156494141
84.9808959961
84.0563659668
80.7267990112
77.1844024658
82.3162612915
83.0967864990
81.0596237183
77.6286849976
75.6030883789
73.6915206909
76.4728393555
73.7431106567
81.7613220215
83.3363952637
85.3863677979
84.0744781494
85.1826248169
87.6064910889
85.1294631958
86.9357376099
91.8622055054
92.4682159424
86.5469818115
87.3060836792
81.2074127197
79.8069839478
74.6262893677
72.2288360596
78.2955932617
81.6844482422
87.3876571655
86.0594024658
80.5676956177
79.8980407715
75.7003326416
76.2953643799
79.1572647095
83.4534530640
84.0335845947
83.3274765015
82.8913345337
85.0147552490
86.3851470947
84.3145370483
76.6639480591
64.5680847168
63.1482276917
62.4983901978
67.6810913086
69.5701675415
69.9227752686
74.6538314819
69.4456710815
76.5352630615
76.9543380737
80.9414978027
84.7895965576
86.0273284912
85.5563583374
84.7157516479
88.4613723755
84.5176239014
77.5931549072
76.5984954834
77.2378692627
80.1753921509
79.8554306030
75.1072769165
70.7353286743
77.5327835083
82.3633651733
86.2162322998
83.2402038574
77.6489181519
77.4150238037
80.9397888184
83.7109527588
81.8829879761
79.9554214478
76.3913345337
76.0282974243
75.6105575562
75.3617630005
70.6969070435
69.6599273682
65.2451019287
65.8646621704
74.0330886841
73.2267684937
74.6916122437
72.4174346924
70.6459732056
73.2630996704
74.5453872681
69.4960479736
67.0841903687
65.6485137939
72.6751174927
79.1209030151
81.9570999146
81.6804504395
85.7332305908
86.9284973145
90.1921691895
90.5563659668
88.1079788208
82.1098632812
82.9869842529
83.7199707031
81.7038040161
83.8575897217
81.3086013794
82.3820571899
83.4441223145
81.2375030518
80.8412017822
81.8593444824
80.0641708374
81.2017059326
80.0334777832
80.9169158936
79.7142639160
86.7428512573
79.1792068481
82.0940170288
80.7546844482
81.3929061890
80.4483337402
80.7735290527
79.6243057251
79.9620742798
80.9246978760
80.2171783447
83.1980972290
81.5269470215
82.4963302612
81.0985031128
80.8650436401
82.8357009888
80.3430938721
81.7231674194
80.9299621582
79.0251922607
79.5946655273
77.1793060303
78.7689361572
82.9911727905
82.9408569336
85.2054061890
74.0280914307
79.4781265259
79.2193527222
82.6219940186
78.7001876831
73.4725646973
74.5499191284
78.1234359741
80.2296295166
77.2886734009
74.4013290405
72.5933914185
71.8919754028
71.9021911621
74.2864456177
78.4497909546
80.7053527832
80.0012893677
75.8420333862
70.7577972412
72.5097045898
79.8554687500
80.5312194824
85.9193496704
84.0002593994
84.3969116211
85.0583496094
79.6346740723
75.5141067505
75.9422531128
70.4866867065
75.6407470703
81.0552825928
81.0931167603
78.7741165161
75.0218582153
75.1290359497
70.9478759766
72.0128097534
77.0267639160
80.9599838257
81.7613906860
77.4021301270
76.3940505981
77.7093734741
83.5271682739
84.4389648438
81.6034698486
80.7135925293
81.5607376099
81.9847564697
86.7245254517
86.2623825073
86.2347030640
85.7574081421
82.2130584717
84.9492797852
82.7047271729
78.2664108276
79.3991012573
79.5540161133
78.2491912842
75.8160247803
74.4343948364
74.5326004028
78.1540069580
81.3226470947
78.8735656738
76.5718917847
64.4275970459
70.5929565430
77.4646301270
82.6988601685
81.6890411377
81.8557662964
76.2476425171
80.8408737183
84.7460098267
84.0379562378
80.5983200073
82.7426757812
86.7238693237
84.7505645752
83.0295333862
80.0784530640
77.6380844116
73.3407745361
73.0855941772
81.0316696167
81.5724334717
83.9698715210
84.3501586914
87.0410232544
89.6224975586
94.4619293213
89.2690658569
86.6803894043
86.3270263672
86.4339981079
84.0857238770
82.4874801636
79.7001647949
78.5881576538
79.2904052734
76.1140594482
73.1947174072
69.3535156250
70.8663101196
70.3015823364
63.6744117737
66.4576263428
67.0839996338
64.7827911377
67.0646972656
68.7694854736
71.5056610107
71.1592864990
69.4180145264
67.0139694214
68.3900680542
72.3966751099
73.5564346313
73.1039962769
80.3803100586
76.9337387085
80.6495971680
83.2981109619
86.9478759766
87.4032745361
80.9895172119
76.6455535889
78.7935638428
77.1169509888
80.8276443481
81.7995605469
83.3878631592
85.0917282104
85.2380981445
85.0649414062
81.2654647827
76.4947280884
76.6385879517
74.1597442627
82.1814651489
81.7647628784
87.7495651245
84.5219650269
83.4731674194
82.7553634644
81.5570983887
75.5726776123
79.4638214111
77.0156250000
82.4260177612
87.0902404785
87.9677429199
85.7695617676
84.3987426758
84.3768081665
86.8606567383
89.2770004272
84.6116638184
84.5484924316
80.2196273804
83.3335952759
82.0200347900
80.4101257324
80.2641677856
80.3320465088
76.8502731323
76.7825012207
75.3675384521
75.4944915771
76.3133392334
75.0279693604
74.7553100586
72.9374542236
80.9856338501
82.4753494263
86.3840408325
85.1842193604
81.6472930908
77.9132614136
73.5370864868
71.9639739990
75.7042083740
79.3285675049
79.5589447021
76.7095718384
76.5600967407
75.6136169434
72.6489715576
73.9016265869
78.2011718750
79.5377502441
79.7171936035
79.9219894409
81.4847335815
80.5273513794
81.5210266113
80.0240020752
83.6999130249
81.0298156738
88.3588714600
86.3109893799
86.7975234985
81.6901321411
79.6195297241
80.2206268311
76.1373062134
80.4444961548
84.0691375732
87.1962280273
89.5355529785
82.7715988159
86.8943481445
79.6741943359
81.1869354248
80.0316390991
80.9675216675
77.6169433594
77.5896453857
77.4312362671
77.5007858276
79.1267929077
70.9184951782
74.9833526611
79.2387695312
82.6849060059
85.3388214111
89.2261199951
89.2881927490
88.0255584717
85.0450363159
81.2115173340
84.2224884033
86.2446746826
82.5073776245
76.1213760376
66.2906646729
73.8640441895
75.1070327759
68.5342636108
68.8830566406
73.1646347046
77.2488250732
77.9103775024
78.8985137939
82.9885025024
86.2399597168
82.0995025635
78.6099700928
75.3416290283
75.1755752563
76.5436706543
75.7124404907
74.6236572266
79.0090942383
82.1748657227
81.2514038086
84.9721221924
78.7536697388
80.1377563477
80.6895675659
83.0457305908
84.5366973877
88.1146240234
86.8260040283
87.4904861450
79.5603637695
77.1056671143
74.2110519409
74.4869461060
87.3128738403
84.1475753784
85.4671249390
86.2844543457
88.2785415649
90.4952697754
90.0575866699
90.0742492676
90.1308593750
90.7962036133
91.6153488159
89.4588851929
94.4167938232
86.3051300049
84.0146942139
86.0734100342
82.7170410156
83.6784973145
80.0244293213
81.9676513672
80.0255432129
73.9952239990
72.3893890381
80.0666427612
81.2468566895
87.0936508179
85.9535217285
87.5401382446
89.5138626099
86.1228332520
81.6266555786
84.3976058960
83.9379577637
84.9142379761
86.9860382080
90.2424621582
87.8329620361
85.8408050537
84.7663269043
79.0699920654
76.2113418579
78.2876434326
76.4954910278
74.7835235596
73.1561584473
71.8593673706
70.4189605713
68.9309844971
75.3278198242
81.2291259766
79.9497833252
83.0865859985
86.2675247192
86.0408859253
87.1502227783
82.8706741333
84.0183486938
72.5925827026
72.4362564087
77.2690353394
79.3939590454
81.3816528320
79.4817123413
78.6458511353
77.6344909668
80.3949279785
79.7376098633
77.8862152100
80.0017776489
80.0686874390
79.8553314209
81.7354354858
82.3657608032
83.3612213135
80.4214172363
79.6641311646
80.5937805176
81.7025680542
83.2685317993
84.2432022095
85.9307098389
85.7752914429
84.8386917114
77.8524017334
73.2146530151
78.4298553467
80.6367340088
77.8717041016
80.5994720459
80.1650924683
83.3917846680
78.1980590820
77.3482666016
80.0697860718
82.4843597412
86.5596466064
86.5544357300
88.5437927246
85.9745559692
88.3611755371
85.4530181885
85.8659210205
86.0757904053
84.1581878662
81.2425308228
79.7180938721
83.9031677246
81.8365020752
77.0130538940
73.9516525269
74.1994018555
73.2162246704
76.7688522339
76.7139968872
77.6353302002
81.3283386230
84.1633758545
82.8488082886
78.7090377808
77.7049331665
76.9817810059
76.8332443237
77.0616378784
79.9839172363
75.0202560425
74.6165008545
75.3828277588
74.6542663574
72.7040863037
72.9691162109
75.4376220703
78.5632171631
78.5056533813
79.0790939331
77.4008636475
75.1726303101
76.1968536377
84.9750366211
84.4548110962
83.7327117920
85.4253311157
89.3147430420
91.5257263184
87.7956085205
84.1673355103
80.8855590820
78.7429733276
79.6571197510
81.9798965454
82.6650695801
76.4733810425
73.8217697144
73.8459167480
76.0098648071
84.0596466064
83.8240814209
83.8748474121
80.7597732544
80.8218917847
80.4520950317
79.3658752441
82.9485321045
82.3017501831
80.4376983643
82.6824798584
77.6467590332
81.2729339600
79.1310119629
79.6949386597
78.4421157837
78.4861602783
78.5740585327
79.1397705078
77.5145492554
79.5656967163
79.8674774170
83.0358352661
80.8089523315
83.1903839111
82.8495712280
83.2272415161
86.1048202515
83.5244979858
85.9450607300
80.2759628296
77.7722320557
80.1197967529
85.2149658203
84.6932525635
82.2207412720
78.0714645386
74.9991226196
83.6983108521
83.7278289795
72.7134170532
83.5445709229
81.7004623413
83.2100753784
79.6757659912
78.6909942627
80.0749511719
82.9505996704
88.9806671143
93.1672363281
89.0793838501
87.6670837402
86.6903305054
87.7277603149
91.2068557739
89.1786422729
85.0898437500
85.6363067627
84.9418945312
87.2798461914
90.1330108643
88.2419891357
88.9491424561
84.1241607666
84.4809799194
86.6139068604
89.7093811035
87.1811370850
87.5085067749
85.5008850098
86.4225234985
86.3520584106
84.6666183472
78.4543304443
76.0531616211
75.6605987549
74.4434051514
71.5752716064
73.2521209717
73.5562210083
73.6947784424
76.8768539429
73.5349121094
72.8992080688
77.1761245728
83.3016586304
89.8889999390
94.8469772339
90.8489837646
89.0616149902
85.5719528198
83.0582962036
85.6259613037
84.8486175537
86.2443313599
92.3690948486
90.1015625000
85.8418502808
87.4750213623
90.5081481934
91.9681777954
95.0109863281
89.7879028320
88.4941406250
89.1039733887
85.7183227539
84.2132873535
81.2431793213
84.8311462402
90.1021347046
88.8347167969
87.0546569824
83.3016052246
78.1055145264
83.6901245117
81.1760025024
83.3171463013
82.2222747803
78.9821243286
77.7156906128
80.7930603027
84.7981948853
86.7537765503
92.3593750000
92.4637603760
89.8111877441
90.9871444702
89.4742126465
92.0839080811
90.9055480957
88.1853790283
86.5348434448
88.9951934814
89.6079406738
88.4614562988
86.8314361572
83.4844894409
84.4758224487
81.7509231567
83.5576629639
82.0639343262
81.7665176392
83.4552154541
82.8993072510
87.2697143555
86.5866241455
82.5573272705
76.6409606934
76.9925994873
83.5999526978
86.2558212280
86.3822097778
90.2852554321
89.6383895874
91.0428009033
86.6131744385
79.2047805786
78.2607040405
79.7229766846
85.1057662964
86.1815643311
90.0771484375
96.6021270752
100.2663650513
106.3649597168
107.4518585205
102.1170043945
97.8245773315
98.4097137451
100.8246459961
99.6613311768
97.0554046631
97.7340240479
97.3983993530
91.1697692871
93.5942687988
91.9916687012
93.4338836670
94.0374679565
92.6739196777
94.1241836548
86.8331604004
84.5062255859
84.7567291260
88.8173904419
94.1550292969
90.5328826904
91.7590026855
93.0496597290
94.6225891113
91.5478820801
94.8049621582
96.6221847534
100.0471954346
97.1331481934
97.3939971924
94.0152130127
92.4481277466
86.7170410156
90.8809432983
95.8644409180
94.4278182983
91.3057937622
90.9452362061
91.9818038940
92.4354629517
89.9649734497
90.6210708618
83.7290344238
87.2675933838
90.4329299927
93.7061614990
92.5091400146
95.4940414429
88.5352172852
88.6568298340
91.0652999878
91.7143554688
90.3268280029
88.7276306152
85.3798828125
91.0990142822
93.5098800659
94.5445480347
92.7373199463
96.4015808105
99.3247222900
101.1495666504
102.3097763062
98.7402648926
91.6668243408
91.3825607300
88.1957626343
89.3255691528
92.5885162354
91.1471405029
93.0606384277
91.0116348267
93.7232360840
95.6961746216
95.0043182373
92.0758819580
86.7897338867
86.8354263306
86.5468902588
93.7622909546
96.6656036377
101.7619018555
95.5895996094
94.0169982910
89.2298736572
87.3778076172
88.0080108643
90.9405059814
96.8044891357
102.5053482056
96.0897750854
97.3204193115
95.5870285034
100.9505004883
99.6246185303
98.0898513794
93.3696670532
92.2020111084
96.1096954346
96.6380462646
98.3086395264
94.6790466309
97.9647064209
100.4292984009
106.8429183960
111.0850677490
109.2598266602
106.8750152588
99.2546691895
96.6977005005
100.4411315918
99.2144241333
96.5867919922
97.6045684814
94.2566757202
97.2814407349
99.1807327271
99.0743408203
95.8949356079
102.8226013184
97.6875686646
97.3806076050
94.3659591675
93.4350738525
94.8904876709
97.8107910156
99.7042541504
98.7308502197
92.3944702148
87.0045623779
84.7503738403
86.7915191650
92.8646697998
93.3989486694
94.8714981079
95.5224151611
92.4840774536
95.4794692993
97.4816131592
98.8325195312
104.0153198242
101.6038131714
101.1698760986
96.5891113281
94.7372131348
94.1428756714
95.7784500122
91.5959320068
93.2225036621
96.1007156372
95.4043121338
97.7238845825
96.1939392090
96.4548263550
98.3299026489
98.3942108154
98.9416961670
93.6847991943
95.7700042725
96.2255859375
100.2747192383
93.7808685303
97.2040710449
99.6112518311
95.9319305420
95.0329513550
95.1021041870
98.7596130371
99.6081619263
98.9714355469
95.1088333130
97.4160079956
92.9712982178
96.2305297852
94.5802841187
97.7908782959
94.4511260986
92.3641510010
91.4428558350
93.2829971313
92.5679321289
91.8290634155
88.7496109009
89.6958160400
93.8772506714
90.2939453125
92.0848693848
91.5190582275
99.2527008057
102.9500274658
106.7328491211
100.9671020508
99.6159667969
101.4763259888
98.0171279907
97.0527725220
91.0042648315
90.5745544434
89.5963668823
97.7035980225
99.1425704956
100.6296386719
90.2809524536
92.9813537598
95.1624526978
97.1156845093
100.7171630859
104.2597351074
98.6005096436
101.6273727417
99.3914794922
95.4759445190
96.1713562012
91.7634582520
94.1414031982
94.3042449951
95.0028686523
99.7715530396
100.8584671021
104.9420013428
102.2070922852
100.5591506958
97.5334320068
93.1422500610
92.9566955566
96.1848449707
101.5885620117
99.2567367554
99.4081268311
96.0571136475
98.7099990845
100.3480987549
100.0775299072
98.2969207764
96.5015411377
97.2544937134
97.4646453857
93.7422561646
92.1614608765
92.8374481201
92.1132507324
92.8474960327
96.9930877686
95.2734146118
93.0924682617
90.4229278564
91.5849227905
92.0898056030
100.7825927734
104.5241699219
102.4460906982
98.3750076294
93.7811431885
90.6028289795
88.8798446655
90.2915115356
93.2633666992
92.7699203491
92.9725494385
96.1452026367
96.5268402100
97.7159729004
96.6470642090
97.5998306274
98.2447433472
99.6127014160
99.0235824585
100.9445800781
100.9727401733
100.4582366943
96.9475021362
93.6728057861
96.7258148193
96.3908309937
98.2904968262
99.7150115967
97.6637954712
102.1836776733
101.4385986328
100.1509857178
96.9729156494
99.3932342529
99.1136398315
105.2949371338
101.0347213745
97.5103912354
93.5300674438
90.5899276733
100.8571472168
104.6367340088
100.6069412231
95.9253768921
88.3206024170
92.6928863525
94.4429931641
95.0318603516
95.8476409912
92.8860626221
96.6810989380
91.7671051025
92.9485778809
92.4166488647
94.0964889526
98.2868957520
101.2975311279
100.8952178955
98.9146804810
97.5780487061
96.3035507202
93.4109573364
94.0055236816
92.3543472290
90.9668121338
90.5236282349
86.2560119629
91.8145294189
92.9557418823
96.7926330566
100.3331985474
97.0168991089
94.7106628418
95.0893096924
96.4058532715
98.1973419189
96.6945114136
99.2914581299
97.6454925537
93.8316802979
88.7503051758
83.9794464111
86.7712936401
89.6565856934
85.6054229736
86.5768966675
85.6666564941
92.5115661621
102.1656570435
99.2042541504
99.9845886230
96.1347885132
94.8034591675
97.3611450195
96.3016204834
99.3133392334
99.3818893433
101.1327056885
94.2286834717
93.3887176514
92.8966064453
97.5994720459
100.5167846680
100.2616577148
99.5451507568
97.0241699219
95.5460662842
95.0860366821
96.4375152588
103.6925659180
102.0684280396
105.5528488159
104.0742492676
98.6281509399
94.8724822998
92.5411529541
99.2260513306
102.4897689819
109.9119110107
106.6415405273
106.1546173096
100.9897155762
101.0766830444
99.5291748047
100.5446319580
97.9246063232
99.3540954590
94.5238265991
92.1003570557
90.6203918457
95.8889541626
100.6386489868
102.6070785522
101.2063598633
103.7946548462
99.4799270630
98.4288940430
97.3729171753
105.3944778442
102.8663940430
96.1668472290
95.0723724365
93.9352798462
94.1314773560
90.1422119141
91.8736038208
86.4743576050
86.3571853638
86.9002914429
92.9475021362
95.3820343018
94.2695846558
95.6778869629
94.9195175171
96.6719665527
96.9218444824
97.0224151611
94.4949340820
90.9266815186
92.4817123413
90.9614562988
95.4881362915
95.2279586792
95.8740692139
97.2114868164
93.1958465576
88.4264831543
84.7219238281
90.1619033813
95.0979003906
102.8455581665
99.3290328979
99.4331817627
100.2383117676
101.1267395020
97.6256408691
92.9370880127
90.8540573120
91.9416732788
90.6129913330
87.6572570801
87.1053771973
89.8951797485
87.0718154907
91.8991699219
94.8040466309
98.7992782593
101.0811462402
98.6751327515
93.7087554932
91.7942047119
93.0291442871
94.7456054688
92.1094970703
93.1266708374
94.4903869629
99.4890136719
100.3460464478
104.0759277344
97.7937088013
98.3420562744
96.3915405273
101.7489929199
103.6701812744
100.0140380859
98.0894088745
92.8639450073
95.3512725830
95.6949157715
95.4096679688
95.0769653320
98.4874877930
91.9783401489
91.4282531738
93.8768234253
93.5439224243
94.5718231201
87.2651596069
87.5167312622
94.0954208374
95.4656066895
99.6368484497
101.6355743408
95.8323516846
96.4792480469
98.3391571045
98.2517776489
99.2493057251
93.6885299683
91.0572128296
87.2576141357
81.7674636841
82.2766342163
85.0004577637
88.2633514404
92.3764801025
87.9638442993
84.5079650879
90.0063247681
87.2714157104
87.5284652710
87.0802459717
88.4594573975
87.0670776367
86.8803024292
84.9024505615
83.9993591309
87.8786544800
86.3587951660
82.3205642700
79.4421920776
80.2398529053
85.0322036743
84.8834228516
83.6937255859
81.6180038452
83.0060348511
82.3426208496
79.2931747437
84.1691665649
84.9447326660
84.5435638428
84.2731933594
83.1147994995
82.4388656616
76.9954605103
77.8711090088
80.2831573486
84.2693557739
81.7323837280
74.2158050537
68.0715560913
68.8016357422
75.6862335205
75.5444793701
79.3423767090
79.7919158936
76.8211898804
78.6670837402
75.9540939331
77.3457489014
83.8088302612
82.8492279053
82.0176696777
84.0309295654
81.4976501465
73.1503143311
72.0793304443
71.6416015625
75.5662536621
73.1025924683
70.8621292114
71.8699417114
79.3518142700
79.0187072754
78.3690795898
79.0591583252
74.4021759033
74.5748672485
69.7189636230
64.4144287109
66.3154067993
72.4450607300
75.0215148926
73.6305007935
74.5968399048
72.3819656372
74.4794616699
74.9145812988
74.2917709351
69.7536773682
64.3773803711
63.0952186584
70.9104919434
71.5809326172
67.4851226807
65.6315383911
69.0042190552
71.7353973389
73.0564651489
74.1387634277
77.8784408569
75.1585693359
73.5024185181
69.6820144653
69.4038162231
71.4974670410
72.1227569580
71.0669631958
78.2802810669
81.2550430298
86.4496612549
85.5616531372
89.1739349365
94.7234954834
96.1642456055
96.3429489136
90.1126708984
88.8837432861
87.0398254395
87.4941406250
87.8576583862
88.4668197632
91.1832199097
92.0020446777
90.1265716553
86.5571670532
83.0073928833
82.7341003418
87.3774642944
89.2278518677
88.7734375000
84.6052246094
78.4831848145
84.0741653442
80.6356811523
79.4900970459
78.1652374268
76.9742431641
76.1967315674
72.9646072388
76.0440521240
84.1071548462
88.4528732300
88.5524368286
87.6746063232
92.1948165894
91.6600494385
90.9243316650
87.6505508423
88.8318862915
90.1526031494
94.8486328125
98.0623550415
92.0070877075
84.4804000854
87.6143875122
89.4745864868
92.5561141968
90.8902359009
89.6152648926
87.2439193726
85.4255828857
83.8694229126
88.6982192993
89.9369659424
91.1745529175
93.3945693970
89.7837219238
92.2224121094
86.0206527710
90.9543609619
89.2884368896
90.6764755249
87.6158599854
88.9432144165
82.8877716064
86.3608245850
87.1002044678
91.7309646606
88.1883087158
84.8425521851
81.3505020142
84.0421524048
87.2299041748
89.6296234131
93.8075866699
96.7606811523
96.6607971191
93.6001586914
89.5389556885
88.1271286011
93.3040161133
92.4841079712
93.0757446289
94.0830688477
91.3158416748
90.6215362549
89.2434539795
83.8404769897
79.3576278687
84.7247390747
76.7085647583
82.9544982910
84.6846237183
86.2958145142
83.7963409424
84.0194778442
83.8883895874
79.3129119873
79.0581741333
80.4398651123
87.5934448242
90.2527847290
93.0133514404
91.7941589355
89.5891571045
95.3944091797
98.8129577637
99.9120635986
97.5327835083
133.7815856934
126.8144454956
128.1102294922
137.0228576660
135.5608520508
130.0038146973
122.4681167603
120.4218826294
121.4237442017
128.2316894531
124.0039443970
124.4473037720
127.9677505493
131.2028503418
134.3951110840
137.7398681641
140.2947692871
141.4034118652
142.1252136230
144.5173950195
130.2280883789
128.5060119629
125.7873153687
126.0275344849
129.2315979004
128.5273437500
132.5849609375
136.3189392090
129.6124572754
125.1525344849
127.2159347534
122.6644363403
130.4644775391
133.4841003418
133.8235473633
140.7059631348
138.4328918457
142.8856201172
137.8455200195
143.3236694336
148.3883056641
144.8766479492
139.2017822266
141.4447326660
131.0395507812
142.0996093750
138.1261596680
143.2380981445
139.8127746582
134.6816406250
134.8480224609
133.6654052734
137.6379699707
135.3895263672
140.9228515625
135.6265869141
137.8087463379
136.4192199707
142.4830017090
145.0303649902
145.6893615723
136.3451232910
133.0780944824
129.6844787598
131.1006469727
132.5587768555
133.6950073242
135.5791320801
138.0028076172
132.5675048828
133.2408752441
141.5728454590
146.9359130859
138.5759277344
139.6478271484
134.6946716309
130.9513244629
134.1738586426
137.0729064941
138.5209655762
134.9300537109
136.6682739258
128.5718078613
130.4801330566
130.1528625488
129.1783142090
129.5728759766
134.5205993652
127.4272994995
126.6053390503
127.1797103882
129.5747070312
126.6823196411
123.7004318237
124.5859451294
129.9030456543
129.9886474609
136.7906188965
127.7923812866
131.8489379883
130.0616760254
149.1435546875
149.7533874512
145.6661682129
138.5632629395
135.4445495605
119.1620254517
99.4172134399
101.6784744263
102.7372283936
100.7908096313
103.4155349731
107.5634155273
93.8730545044
137.3157348633
136.9732055664
139.6538085938
128.4988098145
126.6989822388
135.7388916016
135.5240783691
138.7740478516
136.0299682617
135.3628845215
138.0897521973
134.0514221191
131.7279968262
138.5910644531
141.2951354980
144.4713439941
145.6794128418
144.2603454590
147.5619812012
150.6608886719
153.2972106934
143.1788330078
145.1869201660
138.8457946777
143.9387207031
143.1557922363
141.1540832520
141.2196960449
141.8080139160
148.9651489258
145.3697204590
145.7369079590
139.2445373535
138.9804077148
136.6905517578
142.2882690430
144.2554016113
144.4674987793
148.2821350098
146.1486816406
139.2704772949
136.6930541992
141.0497741699
140.6367187500
145.7981262207
145.0346679688
138.5431823730
143.3713989258
145.2780761719
144.1229553223
148.8273620605
147.5701293945
146.0605468750
141.0516357422
136.8722229004
132.2942504883
130.8832702637
133.5785522461
143.7908935547
142.6360168457
140.9204101562
137.4036254883
139.5008544922
149.0180969238
145.9537353516
147.2019653320
141.6017456055
139.7991943359
139.7109375000
137.9651794434
142.0119018555
142.6252441406
142.0573120117
142.1599121094
139.8523864746
134.7388610840
142.3397216797
148.3381347656
149.8792724609
146.9034729004
137.1242065430
135.4075927734
133.4824218750
136.6271667480
140.7796020508
143.8791809082
142.0518493652
138.7369995117
134.8041687012
136.9534912109
131.8027648926
128.3395690918
120.9116592407
132.5769348145
141.5861511230
142.0602416992
143.1386718750
143.0177612305
138.8838500977
138.4094848633
134.3898315430
138.5816040039
140.0349426270
137.2583312988
144.9702148438
143.3882141113
144.4273376465
134.3013916016
130.6918029785
131.5187072754
139.6491699219
133.5051879883
135.2534790039
131.7581176758
133.9563293457
133.5346069336
132.8380432129
141.2475280762
147.2219848633
142.0104980469
130.6410827637
130.4119873047
130.8137207031
135.7342224121
137.7388916016
135.0976562500
137.6517639160
134.2059326172
135.3356933594
134.1436462402
136.4700012207
142.0705261230
137.4879150391
142.1942138672
141.0130920410
149.9146423340
145.5622863770
145.0411682129
139.1584167480
138.7680053711
142.5123291016
144.4365844727
151.1354980469
156.1317443848
150.4639587402
150.2329101562
151.2009582520
146.1732177734
150.3759765625
143.1934204102
138.5306396484
136.0672302246
136.0693969727
142.3047790527
141.6122741699
139.1564025879
140.8668823242
143.1018066406
141.8804321289
147.4010314941
148.6062011719
142.2181396484
144.2211608887
146.0979003906
146.9273071289
147.0573730469
141.6379394531
139.1236572266
134.0166015625
137.1166992188
135.6859741211
137.3391418457
137.4755859375
137.0079650879
140.2355957031
140.1266784668
141.8413085938
136.6970520020
137.5555725098
133.7657775879
139.4986877441
138.2313842773
131.8632812500
129.1952514648
127.2158584595
130.9515991211
137.4508666992
139.0034484863
138.9737548828
138.2782287598
131.7571716309
127.6271133423
129.9487609863
132.7324829102
128.6844177246
132.5474548340
132.6119689941
130.5167846680
132.6797180176
133.0456542969
137.8721008301
144.4149780273
151.2204284668
146.2446289062
143.1526489258
141.5187988281
139.3180541992
137.6153869629
134.1014709473
139.3931579590
142.2535400391
142.8126831055
146.1099853516
146.2312011719
138.0574951172
123.5146560669
115.2750320435
120.3591384888
125.0034866333
143.5186157227
134.6147460938
135.5510864258
132.8228759766
129.6531066895
127.0827713013
127.7611160278
128.5203552246
131.7367553711
125.5317459106
133.7109985352
131.3099060059
129.9365844727
127.7020645142
131.1065673828
131.4071350098
134.4692687988
135.9049377441
137.3501586914
136.9728088379
124.6912918091
127.8987197876
124.3807144165
128.9847412109
127.8046340942
136.5011291504
135.7449951172
130.2591247559
126.1132278442
128.8056030273
131.2050781250
129.5726318359
124.6993484497
124.0726699829
126.7429580688
133.6817932129
132.3975524902
127.3735122681
125.0014724731
122.8874282837
120.4128494263
124.4922866821
120.5086746216
121.4711685181
124.7300186157
125.7913284302
132.8668212891
132.2942199707
130.7957763672
134.4427490234
128.6356811523
123.2790908813
129.1993713379
131.4783630371
139.9581909180
144.5541381836
141.2041320801
135.1055908203
126.8041152954
124.8184890747
125.9475479126
123.8799209595
127.2517776489
132.4982910156
130.1785278320
130.1570434570
133.7042541504
145.5164794922
142.0538635254
139.7029724121
134.7417907715
125.5658340454
124.5054397583
132.2101745605
128.6763610840
126.2160415649
126.4108352661
128.6369628906
128.9294738770
129.2104797363
130.1236572266
135.2365417480
137.5397949219
144.0189514160
129.9072265625
134.6751098633
141.4982604980
146.0380859375
144.5023193359
136.0669860840
132.1978149414
135.1776123047
136.9193115234
135.7082824707
138.4644775391
130.9830017090
122.0294265747
113.0069961548
127.7308425903
131.2230224609
129.6616210938
123.8124160767
131.3231201172
129.7420349121
132.0693359375
115.4749832153
115.9983596802
116.2414016724
119.9629898071
125.1678543091
127.5096817017
130.5096130371
130.6303100586
132.2475891113
135.6105346680
131.7001342773
129.6482849121
126.4707412720
128.1658630371
127.7679519653
125.9227676392
125.3927993774
115.2678909302
117.7690811157
118.0516128540
126.9834060669
133.1778259277
130.8158569336
129.6651916504
126.4608535767
131.0111694336
131.0673217773
137.9281311035
137.6996459961
134.8414306641
134.8821411133
136.3592224121
133.2984924316
127.6474380493
128.3684387207
136.1441955566
137.5048217773
132.5317993164
122.1263809204
119.2795486450
126.8344192505
142.1921997070
146.4974975586
143.8334045410
138.3354187012
125.8201370239
130.2552185059
123.9221572876
124.4300765991
126.4617843628
123.8797836304
125.5379257202
126.6549606323
125.0778884888
123.9150772095
122.0933456421
122.7815780640
124.8699569702
122.8212356567
123.4180526733
118.6664810181
115.2404556274
116.4044723511
129.0679321289
138.6787719727
143.6545257568
141.7541351318
147.5422363281
144.6330261230
140.0388488770
139.0626983643
135.7117614746
135.0987548828
136.8972778320
133.5116882324
129.8529052734
124.6642837524
126.1999282837
125.2186660767
128.6318969727
128.3025207520
128.9726867676
127.3604354858
132.0322875977
134.9050292969
134.5875854492
138.9825744629
134.3598937988
136.9199218750
135.4264221191
123.9884262085
124.0096054077
124.4560317993
125.9562301636
123.7593460083
120.1154251099
118.2408370972
123.1592483521
127.6327896118
132.7418212891
132.9922790527
129.2835693359
132.3258361816
130.1466674805
126.9693984985
123.9724960327
118.5520095825
121.4109115601
122.6347885132
125.2182693481
127.9013290405
127.8364639282
124.3340072632
126.8526229858
117.5034866333
110.2720718384
106.9734725952
109.6799087524
122.7876815796
131.3108825684
129.9417419434
134.7281799316
125.8449935913
125.2411422729
122.0169143677
124.8633956909
125.8578262329
129.5536499023
123.5848312378
127.7990798950
123.4236068726
123.3386459351
127.2600021362
123.3107376099
123.9377517700
123.1024551392
124.6445846558
130.7515563965
123.4472579956
94.6577911377
96.1084442139
92.9205474854
91.3439331055
89.5680541992
93.4200439453
96.4005050659
98.1518402100
95.2302017212
90.9456787109
92.3463287354
92.4233474731
89.8387374878
92.5894775391
92.0759582520
91.1816177368
89.1072998047
88.5662307739
89.1180877686
88.7678909302
90.0640335083
90.9582672119
92.4983215332
92.5152435303
88.1713790894
88.0517730713
87.6531066895
91.4302139282
89.5755081177
88.5104522705
87.8263168335
89.4818344116
92.1737823486
91.2089157104
88.2469253540
91.9204864502
92.3722381592
90.2407836914
93.1290588379
89.0108413696
85.8608779907
91.4489898682
90.7647247314
94.8436889648
93.7697753906
96.5928344727
93.3169097900
94.0887908936
91.6324081421
92.5884323120
89.7059173584
91.1531295776
90.4587783813
90.1120529175
91.2223663330
86.2019195557
87.5555419922
85.0112380981
86.9467773438
87.8774642944
87.1412353516
86.7538681030
87.1094512939
90.8154907227
92.3984069824
87.0646514893
88.1966171265
86.4757537842
85.3123855591
83.8905639648
87.9217300415
85.4498901367
93.2429885864
93.4437408447
96.2456207275
90.0537719727
86.5460968018
86.9045104980
89.0789642334
93.5466918945
94.6362533569
91.4608840942
89.9404830933
93.1673278809
92.5907821655
96.0862808228
98.3645706177
102.6781921387
102.3147659302
100.2250442505
102.2219619751
103.2687454224
94.0156173706
88.1131973267
84.7206649780
84.0248413086
83.8181381226
87.5929183960
86.8028640747
91.0485000610
89.0368576050
89.7641601562
88.3588409424
89.8660049438
86.8612670898
85.7955017090
86.0956039429
86.2331695557
84.7465438843
85.1750793457
86.9281921387
89.2776489258
85.1066970825
83.2020263672
79.8657989502
85.4944839478
84.7704772949
88.9240417480
88.7953491211
89.3352355957
86.7952194214
85.9994201660
82.4085464478
80.5556259155
81.6845932007
83.7185821533
86.8369064331
88.5710525513
91.9143524170
86.2515335083
83.3322677612
89.1354904175
94.9603042603
98.6433792114
95.3865737915
91.6443557739
98.9532241821
100.4935379028
103.9320297241
98.0148391724
92.7534561157
90.9897994995
92.9626235962
97.1714324951
96.3721313477
95.7322006226
96.2913742065
97.5262985229
95.0918807983
96.5498123169
93.6802291870
95.8952407837
89.6429977417
92.7527694702
95.6846389771
94.9394454956
90.5542297363
89.6416549683
90.0575637817
88.7697219849
93.7438430786
89.2567901611
85.7531585693
84.4149398804
85.4145660400
85.7906341553
86.5677032471
81.3673706055
80.6461486816
81.9949722290
87.2970046997
87.9357147217
87.5848388672
85.7187042236
85.7754364014
85.5014953613
85.8494110107
85.2752227783
85.6151428223
82.8714447021
86.0445098877
82.9673538208
85.4487533569
84.8865737915
84.9939270020
82.6138534546
83.9162139893
85.1222991943
87.6255645752
86.7586441040
85.2262725830
83.6394424438
85.4517135620
86.2740554810
84.7342834473
84.0924301147
85.1568222046
85.7450637817
87.3148727417
87.5827255249
87.2525863647
84.8435134888
84.2910385132
85.1943664551
87.1012420654
85.1932144165
81.3699722290
81.4945068359
84.1529464722
88.3073806763
92.1921157837
88.7327346802
89.3052673340
86.9652023315
86.5675125122
86.6707916260
83.9026565552
81.6751022339
84.4770202637
89.8267288208
87.3701095581
86.3994293213
81.9223861694
85.1082153320
85.4401550293
88.0077972412
87.4926147461
85.2352676392
84.9023284912
85.6204299927
86.2803726196
84.8669509888
83.0991897583
79.9662399292
81.0512008667
82.7110900879
85.4906234741
87.7056427002
87.0988159180
86.2194747925
82.2858581543
80.4351501465
79.8112335205
84.6102142334
83.7354507446
83.1804504395
83.4105224609
83.8000946045
83.9936370850
84.2005462646
87.3446350098
86.6481781006
86.1265563965
86.8093261719
85.3326187134
82.1077270508
82.7991638184
85.0918731689
84.3904190063
82.5541152954
79.2983245850
75.4498977661
76.5944747925
78.8423995972
81.0121307373
84.4690780640
86.9870147705
84.2661514282
83.9833374023
84.4998550415
84.0856018066
84.7466888428
86.5322341919
85.5323944092
85.0683517456
80.7879180908
79.0895462036
81.5304031372
80.7930679321
82.7894134521
84.9364089966
85.4927749634
87.7696151733
89.7167205811
88.9415206909
86.5530319214
89.0247879028
95.8885421753
93.7039566040
89.8681869507
86.9081192017
90.9672164917
91.5684890747
89.7318191528
89.5512313843
89.6658248901
90.1626205444
88.3737716675
89.7034072876
95.2686386108
92.5885086060
91.8957748413
84.4520568848
81.9979705811
83.0119247437
88.2103958130
91.8602294922
93.9780120850
95.1362380981
93.9069900513
91.4809646606
91.5023727417
87.0728607178
86.2807464600
85.2859954834
86.8650436401
86.5119476318
83.2067413330
85.5587158203
81.7439804077
83.8730545044
81.8745880127
80.3345336914
84.9715652466
85.7581634521
85.9551315308
85.4788055420
83.9002532959
84.2523193359
83.6090393066
84.2677459717
91.6873321533
92.9503250122
97.5608215332
94.8124694824
91.3490524292
85.6026840210
83.2851409912
87.2959823608
86.0008316040
85.0280609131
83.7603225708
87.4384841919
96.2043991089
98.5123062134
93.5647125244
90.3970413208
87.2897872925
92.2284469604
91.9630889893
90.7125854492
83.0755233765
82.1871795654
78.2110290527
78.2616577148
76.3404083252
81.4903793335
80.9307708740
79.0546035767
79.9775924683
77.2079772949
80.8559417725
81.8831939697
86.5576553345
88.7103729248
87.0552978516
82.6874389648
80.7775268555
80.5637207031
81.6858749390
80.9825592041
82.2006683350
84.3061065674
86.4914855957
90.6860656738
90.5538558960
89.1685409546
82.1691436768
76.1944046021
79.4456481934
81.9246520996
87.0850219727
84.8706054688
88.8362655640
85.1054306030
84.4951629639
84.6045608521
83.4927902222
85.4405899048
82.6416320801
84.4334411621
88.5877532959
88.0901565552
86.9263610840
81.2903900146
87.1231155396
91.4310913086
94.6236572266
92.8650512695
90.2033920288
91.2469100952
91.7058639526
86.5699691772
84.0858001709
82.0850067139
84.0483627319
82.2324905396
87.2030181885
88.7707366943
87.8999710083
86.5933685303
87.6981735229
89.2017593384
91.0466613770
87.3268814087
81.5518112183
78.3347396851
79.4500885010
83.4758300781
85.5861816406
87.8392562866
88.2913055420
82.9858245850
81.9374771118
81.7401580811
84.9958877563
85.8805389404
86.6107025146
89.2940216064
86.8049850464
84.0575561523
85.0526580811
80.8993530273
80.1386260986
83.0488204956
81.4241180420
85.5232086182
88.8726806641
86.9244995117
86.5412139893
86.8244400024
87.9364166260
86.0146484375
84.7940063477
85.7766571045
86.9471588135
87.6764984131
89.7273254395
85.2255477905
82.2239990234
83.7151336670
84.2128906250
80.1589355469
79.6024780273
80.8607711792
78.4849853516
83.5498657227
85.2840499878
79.2872314453
78.0447387695
80.2824630737
79.2400817871
79.9420394897
78.4958038330
80.5557250977
83.4958801270
80.9877471924
84.7098846436
89.2784805298
88.8699798584
84.7394256592
79.6870574951
77.5578994751
74.9967269897
78.6740722656
80.8801345825
79.0514450073
76.5942687988
78.1901779175
77.8161315918
79.3573760986
80.6974639893
81.5950241089
82.1888885498
81.7505187988
77.4826431274
77.1358795166
79.2300415039
84.1481857300
82.8533172607
83.7302703857
82.4053497314
80.9712982178
81.6098632812
78.9179229736
83.6559143066
83.7982940674
88.3744506836
85.5001678467
85.2915649414
84.1832733154
86.4201965332
83.2937469482
79.1671981812
75.6320037842
75.6024703979
77.6658630371
79.8613052368
80.2222213745
87.8535690308
88.8576049805
89.0067672729
82.2549438477
82.9753952026
85.6803054810
84.5881042480
85.9463806152
85.2713394165
87.8516845703
88.5585098267
87.0958404541
91.9050979614
93.0686340332
96.3597640991
93.6847152710
91.3175582886
88.2644042969
84.1600799561
82.9823379517
85.7993927002
89.8704071045
88.5529861450
91.0216522217
87.3408432007
92.8371200562
93.8124084473
93.6656494141
90.9845581055
93.6108093262
89.9093093872
93.9218215942
78.0751953125
81.0047225952
84.4915161133
88.9258804321
89.6402816772
86.9493255615
88.1440429688
86.0555725098
86.4791488647
88.4879608154
89.5305099487
89.0412979126
88.9202804565
87.1596298218
88.0824508667
88.5298080444
88.6416778564
90.3795318604
93.0335617065
91.9594879150
90.8087921143
80.0311126709
77.5511474609
79.8313827515
83.0086593628
89.2226409912
86.2011642456
81.8361816406
78.4047470093
79.2354278564
81.2491912842
76.8558425903
76.3542785645
77.6082305908
78.8461303711
78.6712722778
77.9654693604
77.5547637939
81.6563644409
83.0609283447
79.1672363281
81.4153442383
83.9262084961
92.7831115723
93.0187530518
91.2022094727
87.7213287354
84.2331161499
88.2649230957
92.8797454834
91.1784133911
91.1675720215
90.0462799072
88.9442443848
84.4814376831
80.5473403931
79.9808578491
80.0874481201
83.4834747314
82.5896301270
78.3056640625
81.4598693848
81.3560943604
80.3966674805
76.3995666504
77.8787384033
81.5322723389
85.7418899536
92.2467346191
90.8611755371
93.4670944214
92.0698394775
92.1594772339
89.0312881470
89.5423889160
88.6617584229
88.4210968018
86.3851928711
89.1951065063
85.5714874268
83.8603057861
84.7280197144
86.7085723877
91.6039352417
93.0931930542
91.6300430298
87.9542770386
86.0797348022
84.7949371338
85.5557632446
84.1643371582
84.9401016235
87.4489440918
90.4968795776
90.4470977783
89.8817977905
88.2625732422
85.3666152954
83.6232147217
76.1167526245
79.3659286499
79.6330490112
83.1881561279
84.8427658081
87.0334625244
84.6170806885
84.0799255371
84.5399475098
85.8493194580
89.9687957764
86.9615783691
86.7558746338
86.6742401123
90.2201538086
91.1253051758
87.5297164917
86.1747512817
86.9120330811
89.4958648682
89.5153503418
87.2550354004
87.0825424194
88.1216125488
90.9299087524
88.9859161377
88.2129287720
92.2536544800
89.7510604858
87.9218215942
83.4290542603
81.4187088013
80.3153533936
83.3447036743
93.0862655640
93.0864639282
91.1512908936
89.1250228882
80.9064102173
82.3076400757
81.9758605957
85.6058349609
83.9975738525
83.7776260376
84.1098632812
89.0403823853
86.9830474854
88.4587707520
93.3405609131
85.1415786743
79.1065750122
77.7196807861
79.9322586060
81.9986495972
86.9262390137
84.9151687622
84.5288391113
74.7178344727
82.4391632080
80.8137741089
82.5730590820
84.0812377930
84.9310150146
84.7629318237
85.1276016235
82.8465042114
84.5576019287
82.7932586670
83.6909332275
81.5356903076
86.4153671265
90.3203582764
91.7221679688
95.9095153809
92.4889831543
92.4997940063
87.5650329590
90.1236572266
87.4359588623
89.1220092773
91.2094345093
83.5530700684
80.8013610840
79.8420867920
84.2937164307
83.3921813965
84.1895065308
82.9697189331
82.1118774414
81.1954803467
74.1486053467
75.8412094116
81.0069351196
81.8567047119
79.7985076904
78.5114669800
81.2735519409
80.4006042480
82.8885498047
79.1927108765
80.7402877808
81.6668090820
79.9617919922
76.2398605347
75.5535583496
75.7504119873
77.0852355957
76.8874053955
75.8929214478
79.6593551636
70.2977600098
70.4534759521
71.6899719238
78.8287353516
83.0977630615
85.9608078003
85.3821105957
79.6871032715
78.7219543457
72.8390502930
75.2613601685
73.0334930420
70.3868484497
68.9799728394
70.0821990967
66.8166961670
73.8474273682
76.4176254272
76.9195251465
77.5422058105
74.5709152222
75.2110137939
72.7268524170
74.1484298706
73.2429351807
77.7343139648
82.2406082153
79.8602752686
79.2886047363
76.4389343262
71.7114868164
68.5004119873
70.9776687622
76.1515808105
78.7961578369
79.1472244263
76.9364624023
74.9646301270
74.5061035156
75.9904251099
75.0675811768
74.8159255981
78.7161636353
78.3359375000
74.1091156006
69.6960678101
68.0227127075
75.0118103027
76.1037521362
74.8621520996
73.4163513184
70.1489562988
70.6745147705
70.9436492920
71.4046020508
72.9804534912
74.5962524414
71.6026382446
70.7634201050
68.2114715576
68.8733367920
75.3516464233
74.8490982056
79.5009536743
79.2554779053
82.4037475586
82.2253112793
80.8225555420
77.5287322998
70.5277175903
71.7493133545
69.5828552246
68.2264099121
64.4568481445
64.1814346313
64.5048980713
64.8259582520
65.1008300781
67.8280715942
69.5907363892
71.7888870239
70.9254913330
70.7908172607
70.0074081421
69.7509155273
70.8273162842
71.9359893799
73.4903793335
77.1319122314
79.6670150757
80.7380752563
79.4490814209
77.7152404785
74.0582885742
73.4287872314
75.3208312988
72.4966354370
69.2537765503
68.0049514771
67.6182861328
67.7533721924
66.4903335571
67.8309173584
67.7167968750
70.9292984009
69.3239746094
69.0949249268
66.8387298584
66.3671569824
67.2511215210
70.3774414062
69.9903259277
70.4917907715
67.2332534790
66.7211074829
65.8789215088
66.0484161377
65.8044967651
65.7891921997
66.6859130859
66.9339904785
67.1772460938
66.8633728027
65.8647842407
65.9410781860
65.2841720581
66.0298461914
65.6757278442
65.4675521851
63.9881057739
64.2088928223
64.1135711670
65.0115661621
65.3885192871
67.0346984863
72.5667800903
75.1652221680
75.3392868042
70.6887207031
71.1031875610
79.1351776123
77.2553100586
76.9020843506
74.0271072388
70.9249114990
69.9925994873
71.1482772827
73.3881759644
78.0243606567
78.4841690063
79.4469757080
76.0730438232
76.2662429810
72.9533081055
72.0856704712
69.9531631470
71.1481018066
70.0647125244
69.3093643188
71.4189376831
71.3061370850
74.5076675415
79.4458847046
79.8694076538
80.8990783691
75.8548355103
75.0291290283
74.4918136597
73.7083435059
72.6847763062
75.0425643921
73.9233703613
74.7875595093
74.4459533691
75.1346588135
74.4519348145
74.0851135254
74.7468261719
73.7465133667
74.9376068115
73.6922073364
72.2514190674
73.6761627197
75.1872482300
75.4707870483
75.3387451172
75.9845962524
74.5525054932
75.1589050293
77.8414459229
76.6780700684
75.3109741211
73.4208908081
75.5464401245
75.2656402588
75.2505722046
72.5317535400
74.2135848999
74.1195068359
76.7105865479
76.5530242920
76.3160324097
74.0629882812
74.3820495605
74.6764068604
76.1535644531
75.2427520752
74.3821945190
70.8948440552
70.4523696899
71.7826614380
73.3793334961
75.4130249023
73.4941177368
73.9450531006
74.1808624268
76.4025573730
76.1318206787
75.3736343384
75.1457595825
76.3350524902
78.0973510742
78.2302551270
76.2015228271
75.5910263062
75.4724197388
75.4240722656
77.0785980225
75.5797805786
74.4111328125
73.3832168579
75.1368331909
75.2276000977
76.3781433105
75.6981887817
75.7480316162
73.9046249390
75.2808609009
74.9452362061
75.0601272583
74.1920242310
73.9352111816
75.0761642456
76.4290237427
74.0801696777
72.3215866089
70.8702011108
70.0198516846
73.4433593750
76.3208312988
76.5629043579
73.4190368652
72.8895874023
74.4096069336
74.0291137695
73.7674865723
73.7690887451
75.5592269897
76.4041137695
78.2503662109
76.1301116943
76.8475341797
78.2579498291
78.9635009766
76.2630462646
73.8852539062
73.4130859375
73.7185821533
73.7347717285
73.0754089355
73.9526519775
71.8042755127
70.1885223389
69.4168090820
72.5763397217
76.1290893555
73.0008850098
73.3715133667
72.9525680542
76.4927825928
77.3489456177
78.1280364990
76.1366500854
73.4762802124
73.0301513672
72.0998840332
73.3610000610
73.1022033691
75.4691925049
72.5875167847
73.6098632812
75.0619735718
74.8899993896
74.1540069580
74.0316238403
73.2565765381
75.3766326904
76.2416687012
75.0387802124
73.0251159668
74.0731811523
72.9942779541
71.9612655640
72.4867553711
72.2454681396
75.3796157837
72.6870498657
69.6032867432
67.9046401978
68.4319915771
69.3740844727
71.7975692749
72.8321533203
73.1263961792
72.2272949219
71.2817001343
69.6696166992
70.9173431396
69.9637527466
74.3258514404
73.4630126953
73.5312042236
73.5382690430
74.6058807373
73.6143112183
74.7639160156
74.9078521729
76.0322875977
72.7161254883
72.8009185791
68.4863662720
68.6283645630
69.2311019897
71.7131118774
75.5762481689
73.7903442383
76.6268005371
76.7415313721
76.0185394287
77.0008087158
78.6706771851
77.0670242310
78.6182479858
80.0230865479
76.1342315674
71.0447158813
70.8579101562
74.7853927612
82.4579925537
85.2031250000
83.7418975830
78.0495071411
78.1525802612
80.1569442749
79.6821365356
75.6879272461
79.0101470947
81.6460723877
83.1894683838
79.5675125122
81.6539840698
77.6098175049
80.3154449463
80.3208618164
77.7459793091
76.2469940186
71.9328613281
67.7038345337
65.4494018555
64.8471603394
66.1909866333
69.0804672241
72.4178314209
75.0552520752
74.2451705933
70.1299057007
67.0488433838
65.5418395996
63.9166221619
63.6133003235
63.4635620117
62.5239906311
63.6960678101
65.3410186768
66.3128204346
66.1529693604
63.5422515869
63.3932418823
63.7601089478
64.7903213501
64.6530609131
65.1417999268
64.7773132324
64.0449600220
66.7433166504
68.3646621704
70.2968750000
68.3294601440
66.1303939819
64.3040618896
63.6928710938
64.1928710938
65.8508758545
68.7106704712
68.2532501221
72.6232833862
71.6247558594
77.5494079590
78.8659973145
72.6949768066
71.3643341064
77.8979797363
79.1449203491
84.2396697998
85.3607635498
85.5240249634
88.4402618408
87.4921875000
84.9760131836
79.1380157471
70.8970108032
74.8454208374
80.4425964355
75.1531219482
79.3428497314
81.9206695557
80.7645874023
77.8308105469
78.3040695190
73.7536773682
68.7786483765
67.6189422607
67.6893920898
67.7461853027
67.5481567383
66.9744110107
66.5383529663
66.1262893677
65.3612365723
66.5772552490
68.0039291382
68.8400726318
68.2886199951
67.3663253784
66.9259490967
66.9600982666
67.6441497803
66.5818939209
66.0563278198
65.6989059448
65.8614807129
65.4043960571
66.7419586182
68.1373596191
68.5073852539
67.2878952026
66.8159027100
65.9430465698
65.6725311279
64.7072601318
65.8148803711
65.7137451172
66.4682006836
66.7781600952
67.0250167847
65.7200775146
65.6551895142
65.6864166260
65.6264648438
64.7796249390
65.1211166382
65.3342361450
64.9085845947
64.6761779785
64.8228607178
64.8917083740
65.0872802734
64.8515472412
66.5338821411
66.3731079102
65.9791641235
64.8189086914
64.5947189331
67.4208145142
68.8065185547
68.5245971680
68.7109069824
66.7878341675
65.7675399780
65.2734756470
64.2989807129
63.9824371338
63.5138282776
63.1387252808
63.4713554382
63.8225402832
64.1727905273
65.2681045532
64.2766036987
64.5583572388
66.3915634155
66.3281402588
66.1475677490
65.5477828979
66.5069961548
67.2496490479
67.2648620605
66.1132888794
66.2184295654
65.5568237305
65.8047485352
65.9917907715
65.1611557007
64.6620712280
64.6960830688
65.2843627930
65.7659454346
65.6624984741
64.9827651978
63.9212837219
64.1765899658
64.6860122681
65.0890808105
64.7897796631
64.8337554932
64.9670715332
66.1127243042
65.3944549561
65.3107528687
65.0292358398
66.1237564087
65.4189453125
64.9162979126
64.9133682251
66.1102294922
66.3141937256
69.2545547485
69.1461944580
67.0959320068
63.4732322693
60.4740676880
61.1076965332
63.6944122314
64.8950042725
64.3697052002
63.3955688477
62.7516632080
63.0234794617
63.8334579468
64.4982376099
65.6071243286
66.3628692627
66.4637756348
63.8406829834
63.0114135742
63.1183357239
65.4357757568
65.5869293213
66.2033309937
65.9262695312
66.0579071045
63.5452690125
62.4384574890
62.4245033264
64.1145935059
64.8264770508
65.6926498413
65.3900070190
65.8479843140
66.9831237793
67.4198913574
68.0833892822
64.0497741699
62.1654167175
64.1227798462
67.3749160767
67.3182220459
66.1869201660
63.1667251587
63.2468719482
64.9256820679
65.7089462280
75.1993255615
76.5314178467
75.5757522583
70.7710113525
66.6347274780
63.1967620850
60.0987205505
59.9329452515
61.0077247620
62.8267593384
63.8425407410
65.4141998291
65.4712829590
65.0446624756
63.1451416016
63.3396606445
64.8632049561
64.5469131470
65.1569442749
65.7760772705
65.8067855835
65.0907897949
63.6499366760
62.9454689026
62.9522781372
62.5020751953
62.9386367798
65.1280212402
63.3115921021
62.0500221252
57.8944320679
58.5937538147
59.4633560181
61.0771789551
63.5199661255
64.3530883789
65.4435348511
65.8261260986
66.2679138184
65.8146591187
63.3760070801
61.5955543518
63.0476379395
64.2984619141
65.8849029541
64.5199661255
63.1897964478
63.2618904114
62.2543716431
62.7177124023
63.6788063049
63.6241073608
64.4947509766
66.1271667480
64.5177230835
63.8888626099
63.4222564697
64.4492111206
63.7163047791
62.8314361572
63.1202545166
63.0646438599
65.4196014404
65.8219070435
66.7865524292
65.2979507446
63.4976272583
61.6639823914
63.8372383118
64.0567398071
62.9844589233
64.2367935181
65.5260620117
65.9018936157
64.2107086182
62.5772819519
63.4293441772
63.8110504150
65.3907470703
65.3909912109
68.0204772949
67.3602600098
67.3575439453
67.2481384277
66.9449157715
65.4219818115
65.4458236694
64.1306152344
63.8470764160
64.8226089478
64.0998687744
64.9603424072
64.4415664673
64.2284545898
65.6799621582
66.2297592163
66.2291030884
61.7640075684
60.9251060486
62.6000976562
63.9645233154
64.1346206665
63.9557876587
65.3236923218
66.0212554932
66.6140899658
66.9283294678
66.7436828613
64.9542236328
66.3999633789
66.7162780762
67.5675201416
67.5287780762
67.9610824585
67.5903854370
67.8192291260
68.0434570312
67.9164733887
66.1668701172
65.1345214844
64.5568542480
64.8979263306
65.3440170288
65.3906250000
67.5552749634
67.2292175293
66.5806732178
63.4173812866
59.8329505920
61.4027557373
62.1033058167
65.3722381592
65.6247177124
67.0206375122
65.4185180664
65.6931457520
65.8158035278
66.7240905762
65.7312316895
66.0311203003
65.9081344604
66.7321701050
64.2150573730
65.3720169067
65.8906097412
66.4454879761
67.0673522949
63.2458992004
61.7279014587
63.6220321655
65.0715637207
65.9629974365
65.5951538086
66.0773925781
67.8017730713
69.3207778931
66.1979598999
63.2270393372
61.1696014404
63.5145797729
65.5323333740
66.3564605713
66.9774780273
66.8676757812
66.1391296387
66.6709136963
67.6778564453
68.1964721680
65.5284576416
62.9726715088
62.6453361511
63.5281906128
65.1475677490
67.1195602417
68.7804718018
69.6068115234
67.8463821411
64.8217544556
62.4383506775
62.7559280396
64.5804595947
66.0691757202
66.4424667358
66.7246093750
66.4024734497
67.4316787720
66.6411132812
68.0652389526
67.8292846680
68.3846130371
67.8728179932
72.2983398438
72.6744384766
77.3944549561
82.2970504761
83.0303955078
80.4961929321
73.6612701416
72.8738479614
70.0223846436
63.8056488037
63.1797943115
61.8855018616
59.2886810303
59.9717369080
59.6267433167
60.3462333679
60.9860076904
61.5325775146
64.6758422852
64.0095520020
63.9850349426
58.5162811279
57.1714591980
58.4086418152
60.2350006104
60.2523727417
60.8080673218
60.4882812500
61.7738342285
62.4001159668
63.3627319336
60.7984771729
58.8053970337
57.5454635620
59.2751007080
61.4945907593
63.2341537476
63.2833023071
63.7785301208
63.3211097717
64.3904495239
65.3731460571
63.3001289368
59.7777671814
57.1510772705
56.4627685547
59.2728652954
60.6806106567
62.2073287964
66.5128631592
69.6006011963
69.0668945312
65.5078277588
58.6813926697
58.5442237854
57.7780342102
59.7412948608
59.8044471741
60.2063941956
62.4258270264
62.6959457397
64.0266571045
59.3479919434
59.5786819458
60.9488067627
63.1923751831
63.6439323425
62.8803520203
62.7599678040
75.1447296143
75.9415359497
83.1298980713
80.7952499390
78.7693176270
79.1877822876
76.9131622314
72.5982055664
64.9701538086
63.3027496338
63.8480796814
64.8782043457
65.0101242065
64.2945175171
63.0195388794
62.5472106934
63.5186920166
64.3689270020
66.6394653320
67.4358901978
66.4411315918
62.8357734680
60.2887496948
59.4541015625
61.7073707581
63.1474723816
66.1274795532
65.3518218994
68.9741897583
67.7475891113
66.1655731201
63.8657150269
62.4638557434
63.4540405273
63.1082572937
63.5422554016
66.3240127563
65.7630920410
65.9414978027
62.1701622009
59.2959403992
59.9151382446
61.6664962769
63.3902969360
64.2277679443
64.3712081909
64.4395675659
64.0142898560
67.1487045288
66.5517654419
69.1109771729
65.8683013916
61.3241004944
59.1062088013
59.7596511841
61.3683776855
64.1793670654
65.3151855469
64.5959930420
66.9440002441
67.8018646240
67.2901840210
62.5917816162
62.4307556152
62.9016418457
75.0169677734
76.5514984131
80.5559463501
85.1610565186
85.0010681152
85.4291076660
85.4027862549
80.4678955078
75.6399078369
67.7214965820
63.0075073242
61.1387481689
62.8438796997
62.2414550781
59.8841476440
58.9914398193
62.6424026489
66.9015579224
64.7346649170
60.1167716980
54.9458694458
56.2135009766
58.4791221619
60.9097213745
62.3839874268
63.9163551331
62.9714736938
60.3831253052
57.6162071228
57.8663063049
59.8124160767
62.3613319397
65.3960266113
65.2754974365
61.5693473816
57.8495101929
57.8446922302
59.0949554443
61.1059150696
62.1911544800
64.0552597046
62.4083671570
65.7700271606
62.8003616333
63.7302703857
63.8644180298
61.1888732910
61.9398231506
64.1818466187
64.4890670776
63.0464172363
58.3069000244
57.8087654114
59.1214179993
61.2077178955
61.3436088562
60.2522888184
61.9965667725
64.0982437134
62.4583892822
59.1024703979
55.8903312683
57.6166915894
60.6636886597
62.1014671326
62.9805984497
63.7427711487
64.7775344849
63.7058715820
64.1882934570
62.7626113892
61.3453903198
59.9391784668
61.5822563171
59.8401947021
57.5598068237
54.2358207703
57.8711814880
60.0058097839
61.8394088745
60.1282043457
59.9408683777
60.5284614563
62.1139106750
64.4942245483
65.5855407715
66.7013244629
64.4651031494
63.0916252136
61.0857391357
59.8985061646
61.0264701843
61.5492744446
61.9789505005
59.8707923889
59.5923461914
60.2034149170
61.4973564148
63.4807434082
63.7918243408
65.0140914917
61.9740180969
59.2632369995
56.7828140259
58.0057487488
59.4866638184
60.3525543213
60.4602661133
60.5941200256
61.6517562866
62.1422958374
63.2165374756
65.5916442871
65.2268981934
62.9447631836
59.0065460205
57.8731765747
58.9774703979
61.2811050415
61.6530036926
62.0760498047
62.4900360107
62.6781806946
62.2776794434
61.7147560120
63.7371749878
63.8903198242
63.5138473511
59.9215774536
61.3791503906
61.3935127258
59.9832611084
56.8237571716
55.7365684509
59.0363006592
61.1271514893
59.5473327637
57.1300659180
56.6378593445
59.2457008362
60.7622184753
61.5433692932
62.2059288025
62.3679504395
65.1571807861
66.6858062744
66.1170043945
63.9397735596
57.7281570435
55.8886871338
57.1086082458
58.9585380554
60.3477592468
61.2413024902
61.4452438354
61.4076995850
61.2090225220
61.3630905151
61.9744186401
62.3973045349
61.8574523926
60.1913528442
60.7390708923
61.5410270691
62.3649826050
61.3743362427
61.9423561096
62.5600547791
62.2511940002
61.6930923462
60.9816360474
61.9951667786
63.6695747375
62.1682586670
61.5438079834
61.4702987671
61.8209991455
61.8008766174
61.5309982300
62.0357360840
62.3051223755
63.6123504639
63.6549148560
62.5835380554
59.4929351807
57.6471557617
57.8050498962
58.6343688965
64.8908538818
66.3240661621
66.5924911499
66.9005813599
61.8199043274
64.3838272095
63.3343696594
63.9925842285
62.1341934204
60.6436958313
59.6818618774
61.2737045288
61.8143844604
61.6889648438
61.6216278076
61.7541275024
61.9671783447
61.7043342590
61.6197280884
61.6818389893
62.9898834229
65.7272949219
66.4655227661
66.7305297852
68.0084686279
65.6667556763
63.7387008667
62.7780838013
63.8042907715
64.1318054199
63.9327850342
62.3655776978
62.6424369812
62.7667198181
63.0152969360
62.6951026917
62.6895065308
63.1819152832
63.1696662903
63.1599006653
62.7026977539
62.4455108643
62.0495491028
61.8689155579
61.2676887512
68.8604125977
71.1347045898
72.1802749634
71.8376693726
64.6105880737
65.1921768188
65.4356307983
66.8523559570
67.0507965088
67.0472564697
67.2899017334
67.0228805542
66.8202972412
67.4885940552
64.8107147217
63.7281799316
62.6948776245
64.1712265015
64.8784484863
64.9223480225
65.1267318726
65.5396881104
66.4625701904
66.4384994507
67.1676177979
66.5411453247
67.9114913940
67.9656906128
68.4964828491
66.6418609619
66.8258590698
65.9624786377
66.8467254639
65.8012008667
65.3183364868
65.4815063477
66.2724914551
65.1683044434
65.3256072998
65.6888504028
65.3255615234
65.2065734863
64.7647399902
66.0159301758
66.8207397461
68.1997222900
67.6959762573
64.7531433105
63.1312484741
62.9823913574
63.5295486450
64.4275741577
63.9540061951
64.8543395996
65.5900573730
66.5986862183
66.4806365967
65.4974136353
64.7003555298
65.0469360352
65.1803588867
65.5610961914
65.5817871094
65.7995147705
66.1783752441
66.6122665405
66.2883758545
65.6634597778
63.6469993591
64.5043334961
64.9758911133
67.0616683960
66.6527557373
65.1045074463
62.8541717529
63.7774467468
63.8920631409
64.8544235229
65.9655838013
66.5975189209
66.3963317871
66.2978668213
65.8395462036
65.2294692993
64.6626586914
66.0118637085
66.4996948242
64.9141998291
61.6124229431
59.9214782715
60.9150924683
62.8814849854
64.3042984009
65.0157928467
65.3135986328
64.3643646240
65.3160171509
66.3687667847
67.7150268555
66.7096176147
64.4058761597
63.0513000488
63.7980880737
64.9766235352
65.9128112793
64.6256179810
64.3691482544
64.5843734741
64.8316726685
67.7922058105
67.1212921143
66.3017349243
64.2330017090
63.0756759644
63.4297332764
63.8655548096
64.2159729004
65.0924148560
66.0268325806
66.6970062256
67.1103591919
64.9611663818
63.3941421509
62.0924453735
63.0352706909
64.3734741211
63.9836654663
64.0059432983
64.3272018433
65.0125579834
64.7655639648
65.3023223877
64.4870452881
62.6016197205
60.0374374390
59.5939254761
61.9195709229
63.6482543945
64.6506500244
64.8706283569
64.6011276245
66.6898803711
65.6562194824
64.6636810303
63.1356735229
62.9905242920
62.2375755310
62.2122230530
62.7371101379
63.4832687378
64.3688812256
65.9546356201
64.8904266357
62.7242279053
64.0268554688
69.2732009888
76.9821548462
79.5115966797
78.6409606934
75.1578521729
73.9336624146
73.2130050659
68.3760986328
62.2134933472
55.9514236450
53.1997604370
52.2763671875
51.2520904541
50.7571792603
52.4743041992
57.3627319336
60.2010650635
56.9972229004
54.3508300781
52.9300842285
52.5996398926
53.3015213013
52.3436813354
51.6733169556
51.8771514893
55.1469802856
55.6068954468
55.9053649902
54.1510238647
54.5547027588
55.2674331665
55.7471694946
55.3527107239
55.8742065430
55.3992156982
59.3364143372
62.4803161621
60.0887680054
56.0843925476
52.8720474243
53.4082679749
56.1651992798
54.7516136169
53.4363479614
51.0907897949
53.0210266113
54.2125053406
54.6803092957
53.4362869263
52.6108093262
53.8894500732
53.2329940796
54.0241889954
58.5408554077
61.4914703369
60.0494995117
57.2923736572
54.2219161987
55.9041213989
55.9659576416
54.8543243408
53.4133529663
54.8413696289
54.8697738647
51.7991867065
50.6506118774
52.0229339600
52.8889923096
52.5893554688
52.2623367310
54.4358863831
53.9655227661
54.4500274658
59.5431327820
56.9166641235
54.9205627441
51.9496841431
55.4322891235
55.8020553589
55.0595550537
53.3700408936
55.8569335938
55.8394546509
54.4095230103
55.3599166870
58.0752067566
57.8752365112
54.7193603516
52.1329269409
53.2871932983
54.8319435120
53.9911651611
54.0668869019
54.3852157593
55.2324295044
56.6402778625
57.2472457886
60.6091995239
57.5196762085
55.0309753418
51.8065986633
52.7114486694
54.4739532471
54.7050895691
54.4947052002
56.5571899414
57.2239074707
60.3880958557
58.8935928345
57.9561004639
56.4689064026
57.2374114990
57.9075698853
56.8943939209
57.1544685364
57.1312255859
56.8765563965
56.1787185669
56.1613235474
56.3726882935
57.3594970703
55.7616043091
56.0198287964
56.9203567505
56.8573570251
59.1560211182
64.0174560547
66.6424713135
65.7336273193
60.1227111816
54.6689376831
52.9932022095
54.7138366699
55.4876785278
55.5649909973
56.8001556396
59.6029968262
60.9017181396
58.3992996216
56.6678810120
56.8215408325
60.2296371460
61.1010818481
58.9736404419
58.1946411133
59.3380546570
59.6269989014
59.1578674316
56.4936370850
56.8327102661
56.6323280334
55.4960136414
54.2511940002
52.9461517334
53.7011795044
56.2146377563
58.7375602722
57.5055541992
56.9776954651
59.5875549316
57.6264762878
55.0639114380
52.3891677856
55.5136413574
58.2952079773
59.6259689331
62.9981384277
61.0809822083
58.7763366699
55.4044036865
55.9194641113
59.2098464966
60.5412559509
61.3549957275
62.2881126404
61.2356719971
62.5374755859
62.6560516357
62.9880409241
63.0448989868
63.8430404663
65.2590332031
65.6121978760
63.9897155762
62.5877838135
62.9898376465
64.4813461304
65.2899627686
62.4933853149
60.1435089111
59.3989830017
62.0471267700
60.9451484680
58.9843978882
59.2334213257
60.3629760742
62.4067802429
61.3930816650
58.7448425293
57.7966995239
59.7212142944
60.7882232666
58.8759536743
58.1459808350
60.8235893250
60.2554702759
57.3136634827
56.6893386841
59.6313247681
61.6898307800
63.3604125977
61.6521530151
60.7974166870
59.6110458374
61.6283874512
63.3992919922
64.9579315186
64.0119171143
61.6178779602
60.2686920166
62.1362152100
64.2245788574
59.8640136719
56.9409675598
56.4920578003
58.8317260742
59.4680252075
58.0329399109
60.8462142944
60.7051086426
58.3107299805
54.4648971558
55.0102844238
60.7843551636
58.4342498779
58.2333602905
57.1220207214
60.4754104614
63.5640792847
64.9055480957
64.2056045532
64.7927551270
64.7251586914
64.7043228149
64.3485565186
62.0335731506
59.8995704651
58.8111763000
60.7121429443
62.1052322388
62.1209259033
60.9230690002
62.2206344604
62.4379425049
62.7474060059
61.8421554565
60.8366622925
61.5361251831
61.9924926758
62.6998214722
61.6197929382
61.6890563965
60.7559280396
60.4135704041
60.3064231873
60.8461799622
61.9504013062
63.3461303711
68.1408996582
67.6797027588
63.0257797241
58.3078193665
54.5353469849
59.6510772705
62.3457717896
63.6732940674
62.7518539429
62.6537780762
64.2929992676
67.7987136841
65.9847488403
61.8025054932
54.4721260071
52.0548095703
52.0961456299
53.9609451294
54.3555526733
55.2257232666
58.7432823181
65.3059692383
65.5517196655
63.0493850708
56.5565872192
55.6255416870
58.7587738037
61.0291290283
61.2787551880
61.4638557434
62.0337905884
61.6780319214
57.0429153442
53.7089538574
53.5741462708
57.5169525146
60.0639266968
61.5834121704
61.4106903076
61.8664016724
61.4385986328
61.2245788574
59.8604049683
58.7907180786
60.8172378540
59.4832305908
60.4531250000
59.6261291504
60.6092414856
58.1470336914
57.5906600952
59.6903686523
58.4309043884
55.9848403931
56.9945793152
59.5484695435
61.3965301514
60.3590698242
60.6114273071
62.4366683960
63.1582221985
64.7120056152
65.9998016357
66.7222900391
65.5434570312
65.8625411987
65.9217224121
66.1538619995
66.1614456177
76.6774978638
77.7221679688
78.5796661377
75.4970703125
72.2337493896
69.3091049194
74.5453948975
81.2500915527
80.9956130981
77.1362762451
71.1614151001
66.6305618286
65.4818496704
66.7512054443
67.9228057861
67.1287384033
64.8343963623
63.4515037537
63.4701576233
67.4375610352
68.2096939087
72.2147293091
71.9011383057
73.2055740356
70.9483413696
70.9054336548
70.8241958618
70.7623977661
73.5716171265
73.6658096313
74.9352569580
73.6246337891
71.0856246948
68.3286819458
69.5407638550
69.9136352539
69.3809204102
67.2061767578
65.4905471802
64.3243560791
63.8143157959
65.4859390259
66.0533905029
71.1671142578
74.2637786865
78.3639984131
78.3274765015
73.5918350220
69.8427200317
71.6436996460
76.2303619385
77.0753479004
76.4110031128
74.0335693359
73.1722869873
75.7921371460
73.3436584473
74.0996093750
74.6821289062
77.0856399536
75.8675155640
74.0702133179
74.3209609985
73.1127395630
75.6115570068
73.3259277344
71.9852905273
74.2478866577
75.1310958862
75.2952880859
76.4839782715
73.8779220581
77.4496841431
82.6025924683
78.9429168701
81.0303421021
76.0976715088
75.5753707886
75.8287048340
73.2204437256
72.9547042847
70.8014221191
71.9909133911
72.6627960205
81.4737167358
78.6726913452
78.8187713623
71.4388656616
69.7412948608
67.6720733643
72.2900543213
75.4821624756
72.2708740234
70.5321197510
71.7050476074
72.1742935181
71.6032714844
71.7668685913
73.8195877075
73.0696105957
68.9488067627
67.4229202271
69.7811813354
71.5421752930
67.3680953979
68.5264358521
67.3804321289
71.9488754272
72.5026397705
72.7289047241
72.7491149902
74.2893753052
73.8781433105
73.2297668457
73.8243713379
73.3581619263
72.6361541748
73.4354705811
70.9355010986
69.9410247803
70.2435150146
71.5990447998
69.9405059814
70.3848953247
73.6553421021
71.7424240112
71.3786163330
73.3805999756
77.8343276978
79.6117553711
75.2027206421
71.7019577026
69.1787033081
68.7826156616
67.5721054077
68.7951507568
70.0336761475
71.5865097046
72.0743103027
69.5495681763
71.2823486328
71.3413925171
70.4657363892
71.5163192749
72.3051605225
74.0805282593
73.0350952148
75.0493621826
74.1357421875
73.9112167358
69.5548400879
68.9279861450
66.1951522827
67.5781860352
67.8917465210
75.7154998779
75.6209716797
75.9653778076
73.1464767456
72.7749862671
75.8736419678
75.5765151978
74.0095901489
67.0184707642
68.2803192139
69.2499008179
67.0047454834
68.7532653809
69.8303070068
74.6520614624
74.8671340942
73.7364654541
73.1233978271
76.0149688721
72.8809738159
73.2578735352
73.7851638794
78.7572174072
78.4501495361
75.6780700684
77.8417816162
79.7911300659
81.6043701172
76.2464065552
77.8749847412
75.4431304932
70.2826538086
65.6103134155
63.4781646729
61.0406837463
59.5789031982
58.0746383667
60.6140441895
61.2695159912
62.6436653137
62.2079391479
62.7113189697
64.6869812012
64.8185119629
62.4188308716
65.0240097046
65.5696563721
69.5519561768
69.1718597412
64.6016082764
64.9776306152
65.3518829346
69.6725234985
69.9970016479
67.7238082886
65.8034057617
66.6239547729
68.2120666504
67.3350219727
68.5698242188
70.1329727173
71.4142456055
68.3404922485
67.6470489502
66.7881622314
67.1671066284
70.3003997803
74.9663848877
79.6796569824
76.0912551880
76.0856857300
71.2728576660
76.2569808960
79.2892913818
76.3750457764
77.2936706543
76.4494628906
73.5378112793
74.9418792725
76.2371826172
75.6743392944
76.9863128662
75.8668289185
75.3946685791
76.2839584351
76.8235168457
76.6593170166
79.2211227417
78.3679580688
78.7033996582
74.3792877197
75.7699584961
79.1170043945
78.6506195068
79.2514648438
78.1312408447
80.8766860962
81.0877532959
81.2131958008
78.1455001831
77.8279342651
77.1087417603
74.2641983032
75.5900802612
73.9326858521
76.2843551636
79.3201446533
82.1108551025
82.6619567871
80.5930709839
78.7346267700
80.8117752075
81.3201980591
83.1339874268
84.8070831299
81.6086349487
81.2423782349
80.6219711304
80.8325042725
79.7962646484
80.3649444580
81.3139648438
82.7292938232
81.4109039307
78.1277618408
81.4506835938
81.5019989014
85.0651779175
81.5668106079
79.9624481201
77.0896148682
77.1614532471
77.0884170532
79.8972015381
81.7931823730
81.5670318604
81.9171676636
82.1103363037
86.4066467285
83.9252166748
83.9092178345
79.9152374268
80.7669296265
83.0389709473
82.8227310181
83.6311798096
80.4785537720
78.6568298340
77.3838882446
79.2242507935
77.1425476074
81.2563552856
78.0912857056
79.0290679932
77.8144836426
76.8691253662
82.6866683960
87.2376480103
88.4301910400
85.0561065674
86.9653625488
85.9433441162
88.0207443237
83.3371963501
82.1647872925
80.7975158691
83.7057342529
83.8448028564
84.4484252930
80.6594009399
81.5537490845
80.0188446045
81.7383041382
80.7232818604
81.3081665039
83.4287567139
84.1646270752
85.6478347778
85.0387420654
82.4623565674
85.8888168335
85.0319747925
82.5892562866
84.0429382324
85.1699447632
86.6936645508
87.3032073975
85.5124664307
87.0725250244
88.4108886719
90.8819503784
89.8498687744
88.8119964600
84.1136169434
85.0123672485
78.9513320923
80.4630737305
78.9858856201
77.8327255249
77.6285400391
80.4005355835
80.8873367310
81.3757553101
79.6074371338
81.5109558105
80.0026168823
83.9124069214
81.1378860474
85.6733779907
87.1000137329
89.5383834839
88.3134384155
88.7802276611
89.1058654785
87.5741958618
87.0928878784
81.6662902832
84.4109268188
83.1268615723
87.5758895874
85.9111404419
80.6265335083
82.3868560791
82.2125473022
85.9313659668
85.9989852905
84.7048416138
84.2955932617
82.3923873901
82.0491714478
83.9479446411
86.9694671631
85.1711196899
84.5663604736
83.8276214600
85.1980133057
84.5344009399
81.5243682861
80.3049850464
80.5277404785
80.2708282471
86.7635040283
85.5854797363
88.5832901001
84.6192398071
82.5359344482
82.5602340698
84.3706130981
86.1887512207
86.1721115112
85.3576278687
87.4729919434
87.6836547852
93.7535400391
91.9104614258
88.6466293335
83.7934570312
83.8994750977
85.0917205811
85.4571685791
84.2851409912
81.0219345093
77.7556838989
80.4783020020
81.8832092285
87.6821670532
87.2398376465
88.7840118408
80.9909439087
82.5056304932
82.9079513550
83.9694900513
86.3962097168
83.9344940186
83.7080154419
78.8026428223
78.8242111206
76.1449279785
83.3722152710
84.3387756348
84.7586975098
85.4680099487
82.2491455078
84.8273544312
88.1408233643
86.9980621338
86.0459823608
82.5644989014
83.3555755615
86.5970611572
86.2186126709
88.4981613159
84.2467269897
83.7199020386
81.6468811035
82.1009445190
84.2945098877
89.2011871338
88.8112487793
84.5563125610
82.9907989502
82.2717437744
85.7981262207
84.5745239258
84.2913360596
82.2101440430
85.3437042236
83.6221389771
83.9541397095
79.9160919189
82.6707992554
80.5821990967
85.2342147827
87.7822036743
85.8147430420
81.9830322266
81.5155868530
82.5388412476
88.7039871216
87.2230148315
86.3787231445
82.5011367798
83.2467269897
82.7308654785
85.9756774902
87.5364837646
90.5307312012
89.5219726562
87.9990692139
84.7497100830
81.6355590820
85.6902465820
85.7288513184
88.9071197510
87.8445587158
90.7179794312
92.3423995972
92.5893630981
88.0166015625
83.4004821777
81.7575759888
83.3151397705
85.9168167114
86.0622863770
84.2163925171
81.6131057739
79.4865875244
78.3550796509
82.0721664429
83.9253082275
84.7648620605
85.0665054321
84.1183242798
84.7141418457
84.2657775879
83.8965606689
85.8003387451
88.9393997192
87.5087509155
87.1363601685
85.5924835205
84.1096191406
83.1953277588
81.8759002686
82.2028045654
81.4512023926
82.5055923462
85.6391448975
85.1936035156
83.5525207520
80.5522155762
80.8457412720
84.5009689331
85.1620178223
85.5069808960
86.8861160278
85.9820251465
85.1549453735
85.3203735352
83.7449722290
87.6389923096
86.0101242065
87.4329147339
86.9158477783
90.1278762817
90.9088745117
90.8803710938
90.5288162231
86.8523559570
84.6639022827
84.7327499390
80.4668960571
84.6562423706
82.4409484863
81.9070968628
82.6174774170
84.5058441162
84.6776428223
83.7210464478
83.6394042969
85.2266082764
83.0614166260
85.7548675537
85.0949096680
88.2081756592
86.4374389648
83.8345870972
84.2454071045
84.6444168091
80.8227539062
83.8055953979
81.9527587891
82.0415725708
81.6013336182
80.4334487915
83.0572204590
85.6757125854
88.7301940918
88.5709304810
86.1426925659
83.4561538696
80.3941879272
79.8036880493
79.2390136719
80.2423706055
78.9501037598
84.3770523071
86.2437820435
88.5259628296
86.1155014038
88.5849914551
85.6181793213
86.8140182495
83.4833297729
85.5076446533
87.9813842773
85.6558837891
82.8695983887
82.6641311646
85.8985061646
87.8120727539
84.1070098877
83.7266845703
81.6905364990
82.2222061157
80.4388427734
78.7504425049
81.4497756958
82.4432983398
84.1490173340
83.7665786743
83.9272155762
85.3551254272
84.7656478882
86.7416610718
86.4619598389
86.9794998169
83.3560104370
83.8783645630
80.3705902100
82.9912796021
83.4025726318
88.0295028687
86.7295455933
84.5920562744
88.0960311890
86.4547805786
87.5708312988
84.5650711060
83.6545715332
81.9401092529
83.5669479370
87.7894744873
88.0326156616
86.0934524536
86.2427215576
86.6248550415
84.4622497559
81.7580108643
83.5305709839
83.2275390625
88.0409698486
85.8580017090
86.4411087036
84.6009063721
85.8197326660
86.3024597168
86.2695693970
86.6218414307
85.4976425171
86.7451095581
86.2447662354
84.3338623047
84.2349090576
86.7867889404
88.7807922363
91.6193695068
88.3645172119
83.4876098633
80.4857330322
82.8049850464
81.3286437988
82.5615539551
83.4484405518
86.0431060791
90.5134124756
88.3055648804
86.1409149170
89.1331787109
89.0699310303
96.1367492676
91.5827713013
90.6846923828
84.9433212280
86.1230850220
84.6925582886
82.0221099854
81.5663681030
84.5567092896
86.4477310181
86.8818435669
83.5684051514
83.0686874390
85.8926467896
85.8950881958
84.0952301025
81.8423004150
80.4694213867
82.2511596680
84.5276260376
84.2811203003
83.4147262573
82.2025527954
86.2881622314
90.1594848633
88.9680252075
86.3219299316
82.1040115356
80.1099395752
84.2686920166
83.7816543579
87.4653015137
89.2044143677
85.8529663086
87.6597671509
83.8960037231
87.1704254150
88.4754562378
87.6131439209
84.6306076050
83.5546875000
85.1469955444
84.4948577881
86.1990432739
85.1251525879
86.9284973145
89.0989685059
86.4057388306
87.5643844604
86.6702423096
88.0827713013
88.2531433105
83.8706970215
85.1571960449
85.5062789917
88.3175582886
85.3445816040
86.2310714722
83.9581298828
88.3193740845
91.4550628662
91.0591812134
90.0346832275
88.4187927246
88.7833862305
86.3081817627
85.8040771484
81.6763000488
83.9616622925
82.4644622803
83.3803100586
82.4099426270
87.3491668701
90.2515258789
93.1498260498
87.4781188965
85.6172180176
87.8182830811
88.0297546387
92.5644226074
89.0074005127
86.8440704346
83.0769958496
84.2636032104
83.4721527100
86.3761062622
82.7952804565
82.7896347046
82.5837860107
81.2968597412
85.3524780273
86.8521575928
87.7401962280
88.2486877441
86.5505371094
87.1515960693
85.8917236328
85.6906814575
82.8166885376
81.0849456787
80.8493881226
83.8389816284
83.9100494385
82.7968444824
84.4138183594
83.9002075195
88.7916793823
89.0319290161
89.1281127930
83.6665802002
81.2446899414
79.5029067993
82.9436035156
81.9984512329
84.2110443115
84.3497772217
86.4796447754
86.1141815186
85.6213073730
88.7840347290
88.7181396484
90.4378814697
87.3086242676
86.4942855835
89.5674209595
90.3832931519
91.9353332520
89.0107269287
85.0851135254
82.5183486938
87.0085830688
89.0447540283
86.3895034790
84.5203475952
80.7533187866
81.8505630493
83.8978652954
82.2275619507
80.5386199951
79.6809997559
79.0929107666
80.7003021240
82.8812866211
83.7199096680
81.0153427124
83.2487335205
80.7257385254
83.8977355957
83.3563842773
83.1736984253
85.8332672119
87.9881744385
87.7383728027
85.8658294678
86.6529464722
88.7486724854
85.7367553711
82.7228698730
83.2698898315
81.2900466919
84.3196411133
87.3168106079
86.4398651123
89.0303039551
88.1673507690
90.9382171631
88.9224166870
86.5151824951
81.1506729126
84.3106842041
84.2279129028
87.3663253784
88.8780212402
86.5901870728
87.5839004517
92.8254776001
91.8884887695
93.5785140991
88.5717544556
87.8170776367
86.1569595337
85.4093933105
85.4029464722
84.5312194824
83.9573593140
82.3339614868
82.2425384521
85.6059417725
82.1320800781
84.0923156738
85.3373565674
83.6695709229
88.1481933594
86.0751190186
88.9551010132
87.9714889526
87.2940292358
85.6599502563
88.6135406494
85.0680084229
87.8009185791
89.6827316284
88.6266632080
88.1531524658
86.4173278809
89.6125259399
91.4582138062
88.6852798462
83.3062973022
76.7772674561
79.7954254150
83.8095703125
85.6732177734
86.3010635376
85.0198440552
84.5139389038
81.8213500977
81.0756378174
81.5605697632
86.3429641724
83.8787994385
82.7863998413
81.9779663086
86.1036529541
88.9254302979
91.6953125000
88.1702575684
85.2485351562
81.8199844360
87.0115966797
83.2875061035
81.0424499512
80.1636199951
81.5282897949
82.6332702637
82.6523971558
84.1667175293
85.8277511597
88.1020889282
86.2646713257
87.2132492065
86.5403442383
87.0336608887
87.5851974487
87.2140808105
86.7687835693
83.2805786133
87.6898727417
86.3732223511
89.6410064697
86.7156524658
88.1156234741
88.5851669312
85.2031097412
86.8675765991
84.8504028320
87.1179885864
86.6625747681
85.0592422485
83.1563568115
82.8563308716
82.5339431763
80.2568130493
83.0206680298
84.2772674561
85.7165222168
82.4556655884
81.4069900513
84.1470870972
89.1204528809
86.7468261719
83.1680221558
82.5024337769
85.9156723022
91.0460815430
92.2600936890
88.3227081299
85.0604171753
88.3706207275
87.0764541626
87.9241867065
85.4312973022
88.1900558472
89.4355468750
91.2735061646
85.2913970947
84.7063140869
88.1525650024
92.3216857910
92.4857177734
89.9551239014
85.1777877808
83.7266769409
82.4805984497
87.4781570435
89.0523910522
90.6410369873
88.2973785400
85.2718811035
82.0936431885
80.8801956177
83.5492706299
83.1350326538
88.3960113525
88.8611068726
88.6489486694
84.7867584229
85.4758682251
84.7345657349
86.6126480103
87.3637390137
92.2309875488
91.8815994263
90.8607940674
88.2374725342
87.3787536621
86.7537536621
85.4432373047
85.8676376343
88.8330841064
92.7065658569
91.2598800659
88.9527435303
90.4195632935
88.4456329346
87.9193267822
86.3752822876
87.7970581055
88.3026275635
87.4693984985
88.4614868164
85.5256576538
85.1240539551
85.3255538940
85.7804260254
85.0420379639
86.2762832642
86.4160079956
86.1011123657
86.0298614502
82.4188995361
80.4282150269
82.7369384766
82.7429351807
87.7311172485
85.3705749512
85.9239501953
83.5074081421
87.2667236328
86.3455123901
86.1060638428
84.0721282959
87.9619598389
86.5667343140
89.2575073242
88.3506088257
86.3148345947
89.5438232422
88.5581970215
87.8087615967
86.3439483643
83.9185943604
85.6975631714
86.0884170532
90.3553848267
87.8619232178
84.1398162842
84.4376983643
83.1492385864
85.7371597290
86.8233795166
83.8751831055
84.8643264771
83.2611846924
84.1154327393
84.8569641113
84.3680648804
84.7874374390
83.4188537598
85.8368606567
84.2418670654
84.4868240356
82.8247451782
87.0952072144
87.6443252563
84.5071792603
85.7310256958
86.2295761108
85.8577499390
83.5538940430
84.5696258545
83.7235488892
80.3628387451
78.1604003906
79.6877136230
81.8379898071
80.9075775146
86.1049194336
87.5757980347
91.7481536865
93.1227569580
87.7259521484
85.9210968018
85.3498535156
88.6601333618
89.3960723877
88.9707183838
89.7898178101
88.0918655396
85.7441635132
86.1981582642
85.8124237061
87.6670532227
85.6163711548
86.4634552002
89.3152999878
91.6083221436
90.2632751465
89.6191253662
87.0651550293
88.8869628906
88.3141403198
85.0309066772
85.6548995972
87.0929946899
88.3964767456
88.4654998779
88.4336395264
90.0047302246
89.6572265625
91.9538726807
90.0640258789
92.3833923340
93.5959167480
96.0412368774
95.1097183228
88.9532318115
83.5835952759
85.3217849731
84.4886093140
87.9660720825
86.5393218994
94.5134277344
87.3480529785
88.2782821655
85.5807876587
89.3656921387
87.4137191772
90.5678253174
88.3467330933
86.9872512817
86.8023376465
83.8277740479
83.2361602783
83.2383956909
85.8409194946
87.8428878784
88.0663833618
90.1366577148
90.2973556519
93.8381347656
89.4638977051
89.5118408203
85.1538467407
84.0066375732
84.8413619995
82.4237365723
83.4703826904
87.3407592773
89.3070755005
88.0800552368
88.8632965088
87.8279647827
86.8807983398
86.2281799316
84.5089569092
86.0469818115
82.2082595825
81.4947586060
82.1263885498
88.3352203369
86.9031982422
88.7194519043
85.6336822510
86.8698425293
85.2426223755
89.0514144897
87.3135375977
85.7718734741
86.0283966064
85.3395919800
85.2681427002
89.2145996094
90.8762512207
91.8131103516
84.2596054077
86.0100555420
86.3002929688
87.2252197266
88.9731521606
90.1411437988
93.9852066040
88.8727264404
86.9257888794
81.5937042236
83.1984329224
81.6167526245
83.5540008545
83.0622863770
85.2449645996
87.1579666138
86.2703170776
86.3656387329
85.2860031128
84.6035614014
83.2957458496
83.6417694092
84.2463150024
86.6842269897
86.5898742676
87.2102737427
87.2241821289
88.0356521606
85.5888442993
85.6074981689
83.1522445679
83.3320617676
82.4799499512
82.6918334961
85.4695434570
88.3671722412
85.9177017212
86.9005126953
87.5260162354
90.2524871826
85.6305847168
85.0017929077
83.0958938599
85.6743240356
85.8867034912
86.3126831055
88.1118316650
84.9263839722
87.5552673340
85.8354339600
84.3767623901
82.3987884521
79.6634140015
80.5206680298
79.5872116089
80.4630661011
84.0934753418
84.4099731445
84.0291976929
82.8727416992
79.4026184082
81.8056869507
83.7417297363
86.1970977783
85.0101242065
82.3913192749
80.5133361816
80.8785324097
88.3050994873
91.5427551270
92.3580780029
90.6362380981
89.9295730591
90.5305175781
85.1797332764
81.3823623657
81.6987152100
80.3170242310
85.0151596069
82.3753433228
85.4841003418
87.0588607788
88.1556701660
86.6231613159
84.9913024902
86.9057922363
83.4538269043
85.9742507935
82.9116973877
82.3666229248
83.1859207153
85.0957412720
84.1341400146
87.0499725342
85.1893463135
85.6925964355
86.7422485352
88.8041152954
91.4593353271
89.2052001953
90.4014205933
87.5569000244
87.1634140015
84.8517837524
85.1412734985
85.7990112305
82.5948562622
82.0640258789
81.5923233032
84.4837799072
84.5485458374
82.2816925049
84.6925811768
86.8237762451
90.0543670654
88.6808471680
86.9498672485
86.0590286255
90.2388534546
84.2025222778
82.4984588623
80.6004104614
80.5359039307
84.2641677856
85.0135574341
87.2035598755
87.2845458984
89.8552246094
86.1381378174
83.5824966431
79.8739624023
81.9133148193
78.4068450928
78.9726257324
80.1274108887
83.1600265503
82.9276657104
86.8545989990
88.9204864502
88.4754257202
90.4919509888
90.7362518311
85.7966690063
84.3600463867
84.5630264282
84.7972488403
88.8301849365
86.4745407104
87.5573883057
85.5335540771
83.5703125000
82.9017868042
82.3249282837
85.8864135742
84.5503692627
82.7088241577
82.8790893555
86.3222885132
86.9418640137
85.2201080322
85.8037414551
84.4964294434
86.2512130737
89.2469329834
86.4207458496
88.3652648926
81.9796142578
81.4567642212
82.4401931763
85.1068038940
85.6970825195
90.4326019287
89.8320541382
85.3080444336
83.8403701782
87.2866973877
81.6660537720
80.8445968628
77.1043548584
79.1227111816
79.4208526611
79.6238708496
77.2386856079
78.1013946533
81.6745605469
79.3498992920
73.9063796997
76.0188751221
79.1704330444
83.1039123535
83.3424606323
85.5622558594
85.3326797485
81.6639099121
79.4032516479
80.7736968994
79.7923812866
82.5849914551
77.3609161377
75.4362792969
77.7558441162
79.0260391235
84.4228668213
85.0662231445
85.8475418091
82.1499176025
78.0591659546
76.3258361816
80.2213211060
76.8628158569
79.3585433960
77.8938827515
77.8904647827
79.9074401855
78.2163391113
78.3887405396
77.1075744629
78.0024108887
78.1505126953
80.2598953247
79.5322418213
80.7854537964
82.5848007202
80.9840393066
79.3962020874
80.7529830933
83.4549484253
83.5947647095
81.3003921509
81.4464645386
86.3541107178
84.4551773071
82.2779541016
77.7321701050
80.1917037964
80.7086334229
82.2261428833
80.0036392212
80.0631942749
78.7405929565
80.8433609009
83.2077713013
80.8130187988
81.0177993774
83.0796356201
89.3147125244
74.7566833496
81.1286697388
82.6716461182
77.2498321533
73.9948806763
79.0641860962
83.4139099121
84.8414535522
78.6533508301
69.1845397949
58.1174583435
58.8454742432
56.8791961670
57.1215744019
56.9063186646
57.5510597229
57.7401351929
59.2450256348
58.6803894043
60.5989303589
57.2526283264
57.8127250671
58.1530151367
57.5018043518
56.4012718201
56.5127487183
55.6650466919
56.5769882202
55.0548286438
57.7156448364
56.5999832153
57.4443244934
54.7127075195
56.2198944092
55.1515998840
56.0389862061
54.6699943542
54.8201179504
54.5511016846
54.9026298523
54.9293136597
56.1822128296
55.9472541809
56.0145378113
55.1276321411
55.6489982605
55.0271835327
58.1128120422
56.9098892212
57.6019210815
54.2385101318
56.2763290405
56.6724548340
57.4283332825
55.6401176453
55.4953231812
54.2450714111
54.9308853149
53.8440399170
54.5322799683
53.6393585205
53.8636856079
53.2944107056
53.3559875488
53.9634857178
54.8281784058
55.1574249268
55.5086250305
55.1963386536
55.0629196167
53.8794479370
54.4889793396
53.9987640381
56.2399368286
56.0746345520
56.1216659546
53.5004463196
54.1732864380
54.0707168579
53.9682540894
53.4805793762
53.6045455933
54.5139465332
53.7672729492
55.8164253235
56.3446273804
56.0349960327
55.9748497009
55.6353912354
56.7373428345
56.3582229614
60.1326141357
59.0535125732
58.8818778992
54.9212684631
56.2755928040
55.2799873352
55.6919479370
54.0689735413
55.7478103638
54.6059379578
55.1857986450
53.6216583252
53.0548057556
53.1855545044
53.5861282349
54.8405532837
55.4582901001
56.2790145874
55.6752624512
56.6536102295
55.2390899658
56.0629539490
54.5513648987
55.3388214111
54.1856079102
54.7964859009
54.4165191650
54.9155349731
55.0266571045
55.3208656311
58.3819580078
58.3194465637
57.3671875000
55.9432067871
54.3847846985
54.2938804626
55.0144348145
54.2044830322
53.9305419922
54.6058235168
55.4433822632
55.3401260376
55.7002105713
56.3530349731
55.2159385681
54.3549652100
54.2733688354
53.8960456848
55.1533508301
54.4541397095
55.1963348389
55.7910003662
54.5879898071
54.4376220703
54.5737190247
54.5093231201
53.4928665161
54.3986396790
54.4691009521
54.3189392090
53.4624023438
55.4623222351
55.9662437439
56.4265441895
55.1873741150
56.4613838196
68.5526428223
75.7476196289
77.5792694092
78.1412506104
75.2990798950
74.7864608765
77.7426452637
77.0197296143
78.3934020996
74.3470458984
72.6679306030
68.6693115234
63.5231094360
62.7335014343
61.9782180786
60.4816246033
59.8813018799
59.6968421936
57.2478981018
56.0328483582
55.3473815918
55.7499618530
55.9185791016
56.1663322449
56.1246185303
55.6278419495
55.0793609619
54.6583976746
53.9705047607
53.4761047363
54.6505584717
54.1478805542
54.3663063049
54.1176300049
54.6339263916
54.6005325317
56.1450386047
56.1472167969
56.1032142639
54.8006019592
56.0171318054
57.2616653442
58.1066055298
54.9621963501
54.2902908325
54.5021629333
54.4744567871
55.6574287415
54.5615005493
54.2510757446
53.5348014832
53.3990325928
52.3824577332
52.7116851807
52.5049896240
53.0735244751
52.6183929443
53.5631561279
53.1805534363
55.2990646362
56.0916595459
56.0564308167
54.9500389099
53.9705963135
53.7591934204
53.0680313110
53.0582962036
52.7179565430
53.1126937866
52.6254730225
53.5191612244
52.9770545959
55.1727905273
54.9769058228
56.2230262756
55.3339424133
55.3642807007
53.4318504333
53.4070320129
53.1372909546
53.9091186523
53.7899856567
55.1024551392
55.2454338074
54.9700698853
56.8540344238
69.6462249756
76.4706344604
84.3673934937
84.2238464355
85.6263427734
84.4380035400
81.8278808594
82.8337860107
80.5378189087
81.0619201660
74.8333282471
66.2786941528
59.7641754150
60.7142562866
60.9809036255
60.0078468323
59.3769454956
59.1376953125
59.6971359253
59.4237365723
60.0267715454
59.2359695435
59.0375061035
57.0843696594
57.0637969971
57.1509513855
57.5673789978
59.1899299622
58.3988227844
59.2716102600
59.3726577759
58.6929931641
58.1184692383
57.4332809448
57.3549652100
57.3729476929
58.2053489685
57.6283149719
58.1707916260
57.3550071716
58.5293464661
57.3402900696
58.1059303284
58.2788047791
61.7209167480
61.0969657898
60.3387298584
58.6641616821
57.4369735718
58.5156173706
58.6419448853
58.9150009155
58.3369331360
58.5054092407
58.1533317566
58.7167663574
58.5367698669
58.4983367920
58.7845382690
59.9825439453
60.3749542236
59.2180175781
59.6027526855
62.0950012207
63.3053741455
64.6016998291
62.0716323853
61.5196914673
61.2306098938
61.7721214294
61.9595031738
62.0990180969
62.2571754456
62.5895385742
62.7219314575
61.8896331787
60.1847076416
60.6667251587
60.0785598755
59.8507690430
59.8722839355
60.7669143677
59.7611160278
60.9765434265
61.2400245667
61.1134796143
61.3625030518
62.7537422180
61.6010513306
62.6816329956
62.2885932922
62.1102943420
61.7042961121
60.7070426941
61.2332687378
61.7443084717
62.9123954773
61.9180526733
59.7831497192
60.0118713379
60.1330337524
60.2892303467
60.7373504639
61.0764579773
62.1721153259
62.2523956299
63.4144210815
64.1226043701
63.6530151367
63.8026924133
62.7461242676
63.5635299683
62.7420578003
62.1705474854
62.8024749756
61.4715690613
63.2719459534
61.3574638367
61.8294219971
61.7324256897
62.3608169556
62.7647705078
61.9861946106
62.1351776123
63.3757286072
64.8303527832
65.0313568115
62.5981254578
64.2101821899
72.7573547363
78.7654266357
82.9315109253
82.7750549316
82.4883804321
77.9981918335
73.4927139282
71.6544723511
68.2635040283
67.2886352539
68.0372848511
69.4474945068
68.7303085327
67.7807083130
68.7190856934
66.9140319824
71.5639419556
68.4519653320
71.3437652588
73.4311981201
72.1694793701
72.7516021729
68.1760253906
71.8880691528
75.9664459229
75.5717544556
73.8706817627
71.1333084106
72.3722915649
72.7474212646
72.0387268066
72.3861160278
73.3178024292
70.2809295654
69.8741149902
70.2065582275
71.9931793213
72.9721527100
75.4134826660
76.9681015015
75.5319061279
76.6969528198
75.5145416260
76.9523773193
76.7130432129
76.6623535156
76.6320953369
76.4491958618
76.9979553223
75.7175369263
74.9602355957
74.6695861816
75.2986373901
75.3723297119
75.3832244873
77.2521286011
80.2165069580
80.7594070435
79.0563507080
69.8569107056
65.3594589233
66.1453857422
69.5591201782
73.0865554810
74.8582916260
72.7193756104
73.0104751587
73.4524917603
73.9978027344
73.3634796143
72.5892791748
73.3730163574
75.4265823364
76.7318267822
76.6730117798
75.8096618652
74.3397674561
73.9857025146
75.0115966797
75.2594680786
75.5040359497
74.8051986694
74.6543579102
74.4235000610
74.6201248169
72.4449310303
70.3034667969
68.4328231812
67.8646240234
75.5147247314
75.8712158203
79.1003875732
73.9245910645
69.0927047729
65.3757400513
66.1139297485
72.0812454224
74.0676498413
76.3139648438
76.5850067139
75.5182113647
76.1231536865
76.0012664795
77.2284317017
77.4975051880
77.2543029785
77.1220703125
77.1457138062
77.2799224854
76.7342987061
74.9159851074
75.2655334473
77.1690292358
77.6752166748
77.3765029907
77.1024780273
76.6688613892
76.4739379883
76.4993515015
76.9763183594
77.0968170166
77.6195526123
78.0612182617
77.5839462280
78.2882385254
77.0121536255
77.7375946045
76.8455200195
77.4602355957
75.8197250366
78.9161071777
81.9783248901
84.8612594604
83.8237304688
77.0949172974
71.5176391602
70.8147430420
76.7759704590
76.0292282104
74.2181015015
77.4274520874
76.6237182617
75.7747039795
73.9426269531
73.5778427124
74.8205261230
76.9349517822
77.8569717407
78.2008514404
74.8341522217
74.4879302979
76.2209548950
78.9544830322
82.6365203857
84.3691787720
84.5947952271
84.7970275879
80.8976211548
85.2741470337
80.2811965942
80.3605346680
76.8987274170
73.6508636475
72.2603378296
70.3971557617
70.3483886719
71.4098739624
73.8143157959
74.5919036865
74.5458221436
74.8115005493
78.4291152954
78.5258789062
77.6659545898
75.2975997925
76.0724716187
81.2608337402
82.8185958862
81.7922973633
77.8918075562
78.3046035767
77.2447586060
78.4026412964
77.2413864136
75.3698120117
75.6971511841
76.0656738281
77.8791351318
78.8240051270
77.2435226440
79.8281936646
76.1735305786
77.8660888672
80.5030517578
76.4201812744
75.5069580078
75.0297317505
80.2965240479
82.0673446655
81.1839141846
80.0580215454
79.3207931519
78.6184005737
79.1822967529
79.8438186646
79.1619110107
78.1675872803
80.1924209595
81.8423767090
80.0664978027
78.5976638794
73.6685485840
74.4031066895
75.2994079590
63.0635299683
60.8739318848
58.8644142151
57.9537887573
58.6939392090
62.3992385864
67.7853622437
72.4782257080
73.7595367432
67.1199340820
59.3118820190
54.1658096313
57.7209472656
61.1972808838
63.1164131165
62.7967796326
61.7481689453
62.5710525513
63.1911697388
63.5055847168
64.0992431641
65.0890197754
63.0450820923
62.1313629150
61.7848739624
62.1258010864
59.8024864197
57.0684661865
60.0055923462
64.0155944824
66.2024383545
66.4290237427
67.0601730347
66.7170104980
68.3793029785
67.1395568848
66.6847152710
66.7815246582
66.7539520264
65.1576690674
63.4376564026
62.6282196045
62.9965591431
63.2899818420
64.4921264648
64.9027099609
65.1306838989
64.9481506348
64.6814804077
65.4577331543
66.3762893677
69.4499130249
74.2989959717
79.0573806763
77.1832122803
70.4515151978
65.4010772705
61.7110099792
60.0869255066
58.2561264038
57.7903633118
59.5938720703
59.8096504211
60.3520812988
60.8329582214
61.8751831055
62.0791625977
61.2700347900
62.1943130493
62.6053466797
63.2473678589
62.2530364990
61.4470367432
60.2324752808
60.4814224243
62.5567550659
63.1138076782
62.5008087158
62.7824478149
64.2167663574
65.0639801025
63.2359848022
63.2259368896
64.1120529175
64.0699386597
63.4225006104
63.1536941528
63.3176040649
64.3210906982
63.1597518921
62.1029586792
60.9918823242
61.4271011353
62.9470710754
62.8965187073
62.0457000732
61.5753250122
61.0940475464
62.2276306152
61.5180358887
63.5188293457
65.8798675537
68.8535079956
66.0830688477
62.2140426636
61.5618400574
64.3143692017
66.4170303345
65.1435775757
63.9144248962
63.4358062744
63.5839843750
63.7022552490
63.6764373779
63.0769767761
64.3324508667
63.5789146423
64.3474426270
64.2947006226
64.5809249878
68.5839843750
72.3862762451
81.2699737549
87.1494140625
88.5811843872
89.1136779785
78.2511215210
73.6616821289
70.1109466553
70.5226287842
65.6904296875
63.3206596375
62.6868629456
62.4994812012
63.6471138000
63.2129287720
64.3657913208
65.9205322266
67.6778411865
68.3698883057
67.0012359619
66.6050872803
65.8753585815
67.3111877441
66.9025650024
67.0310058594
65.3773193359
65.4508438110
64.4897003174
65.8829116821
68.0730056763
67.1734619141
68.4481048584
65.3917694092
63.8513565063
62.9993362427
63.2549438477
64.2349700928
64.8935546875
66.4829635620
67.1293182373
66.8886642456
65.4229278564
63.3007202148
60.7762031555
59.6799697876
61.7621154785
63.3730010986
64.1710739136
64.7781677246
65.7379302979
66.0706329346
65.8974990845
67.0485687256
65.6038970947
62.9489669800
61.5053520203
62.2289009094
63.8540611267
65.5174331665
64.7177886963
63.5275955200
63.2012481689
63.4436187744
64.3191070557
64.0199127197
64.4240646362
64.6428756714
65.1947021484
65.7160034180
65.7999725342
66.6040039062
66.0599670410
66.5456695557
66.9120483398
67.7164688110
66.8690719604
66.4042129517
67.3871841431
67.6269607544
68.3634490967
67.1213378906
65.6477813721
64.4134750366
66.2402648926
66.4862365723
68.1887817383
67.9420394897
67.9653854370
67.3944015503
67.2931518555
67.0221557617
68.1973114014
68.9641265869
69.0741958618
68.8055953979
67.0776367188
66.7451705933
66.0623931885
66.6191635132
65.7413482666
65.7969055176
67.5514907837
67.9386291504
66.9817199707
66.9577484131
67.1851882935
67.7286148071
67.1489028931
63.8928451538
63.8863830566
66.0142593384
68.4959869385
66.9937896729
65.3318939209
64.2285003662
65.8777008057
66.1066436768
66.1994934082
66.0750732422
65.7054290771
66.0518112183
67.0108184814
68.4031753540
67.6449127197
66.9236755371
67.1976699829
65.8673095703
64.8438720703
63.3234367371
64.4578552246
65.9584274292
64.3526916504
62.1329536438
62.7465286255
64.8784484863
64.3262634277
63.5913085938
63.0227317810
64.0562438965
63.9714126587
62.7631149292
61.8258666992
61.2283554077
62.2333946228
62.5064849854
62.6048507690
62.3888015747
62.4650115967
62.6901741028
63.1355361938
63.9242630005
79.2496261597
83.3584823608
89.1950225830
87.2623596191
84.8159179688
81.6947784424
78.2192840576
77.2098770142
65.9069671631
57.9848022461
52.8326187134
52.4158248901
52.4472618103
53.1161270142
53.8377037048
54.6465148926
55.5125427246
56.1164398193
55.3394012451
56.5719451904
55.9406852722
56.7963562012
58.0758514404
59.8875274658
59.2311325073
58.6070823669
57.2767524719
56.4659385681
55.5952835083
55.3151779175
56.2103195190
55.0776519775
54.3335075378
52.5792694092
53.4826393127
53.4274368286
54.7245101929
55.7864532471
56.9396972656
57.9947509766
58.4446449280
59.5002136230
58.5792465210
58.8596267700
58.3382339478
60.8063659668
64.4306106567
65.9381942749
66.0175247192
60.4514923096
55.4601364136
56.0845260620
55.7430038452
54.8972320557
55.5442352295
55.3128967285
56.6218872070
55.8753662109
55.8695602417
55.9398231506
56.9070320129
57.3190536499
56.0979843140
57.3234519958
58.0519561768
57.3763771057
56.8850326538
55.9269218445
55.4905815125
56.2612342834
55.5196266174
54.5720024109
53.8500633240
54.6955757141
55.5070190430
55.8600959778
54.0408630371
54.2952537537
55.0037651062
54.7752761841
55.8653030396
56.3350143433
56.5599403381
56.0611190796
55.3971748352
55.1076507568
55.4431304932
54.7673492432
56.3609390259
55.1357803345
54.1851959229
54.5481262207
55.8026504517
56.6372718811
56.2696838379
54.5594863892
55.4234695435
55.3987197876
55.1923751831
55.3701705933
56.4984817505
56.4057159424
56.1267662048
55.7029037476
56.3698883057
56.7447967529
56.6069946289
56.0652122498
54.9942398071
53.5693969727
54.2598304749
53.7607307434
54.4839096069
53.8596572876
54.2776107788
55.5828857422
54.9064559937
55.3119087219
56.0901031494
56.4214668274
56.3399353027
56.4990921021
55.7042312622
55.7510223389
56.1906051636
56.9454269409
60.4588203430
66.1764984131
72.7025222778
74.8254623413
73.5385589600
79.4085617065
83.1726684570
81.3504791260
75.0315780640
66.9948043823
61.9093360901
59.9667930603
59.5463714600
59.7356185913
59.7168846130
59.9987869263
59.6391677856
57.5202980042
57.1971511841
57.0391311646
58.9264793396
59.4093132019
60.3049240112
58.5011978149
59.2776908875
59.2899436951
59.1025543213
59.0162200928
60.3683624268
61.3572998047
59.9485015869
60.3236618042
58.4578704834
58.7426071167
58.8750534058
60.7280654907
61.0964202881
60.2042007446
59.7184906006
57.9440155029
59.2730178833
60.7686691284
61.6541404724
62.0396118164
61.1932067871
62.2286949158
61.5796852112
61.8959808350
60.7591590881
58.8399658203
59.9445762634
59.8116531372
61.7153396606
60.1245803833
60.7636947632
63.7583732605
63.5433425903
64.9462738037
60.7237281799
58.5564537048
57.8872489929
61.2116050720
58.7530136108
62.2194824219
62.9608726501
63.6987419128
62.0052375793
59.4638061523
59.0006790161
62.5448608398
60.7967109680
60.6385116577
61.0281181335
62.8273429871
63.2899246216
62.6884078979
62.1383399963
63.6564712524
62.2748222351
65.7188720703
63.9737434387
65.5254516602
68.8645401001
70.9886856079
75.3265151978
77.1514587402
76.4889907837
74.3006439209
72.5398330688
64.1765136719
56.8846359253
53.0048217773
53.2933235168
52.3296737671
52.3500671387
51.9827117920
51.6309738159
51.3028564453
51.0084533691
52.3550949097
51.9167022705
52.3072776794
51.4668426514
51.8805503845
51.9634666443
52.6818542480
53.0791168213
53.7730560303
54.0772972107
53.5926055908
52.8726234436
51.0610656738
52.4397201538
52.2689819336
53.2031211853
52.5747528076
52.4596633911
52.4426078796
52.0131874084
53.3599205017
53.4288101196
54.0243911743
54.1101570129
53.1057357788
53.6408157349
53.4122390747
55.1283149719
54.8225898743
54.1409454346
53.9854736328
53.9374732971
55.0141716003
55.3965148926
55.3055877686
54.5564880371
54.0493011475
54.6005668640
54.7439346313
55.6479797363
56.2327651978
55.1527900696
54.2711410522
53.4518508911
55.4826545715
55.7423896790
55.9050102234
55.0386238098
55.1507377625
56.6088104248
56.9643249512
57.7390556335
57.4089279175
57.2995986938
56.8228530884
57.1373405457
56.9794540405
57.4271240234
57.1953926086
56.2643432617
54.6965103149
55.5578155518
56.4120025635
56.8797607422
55.8961486816
54.5763244629
56.2310256958
56.7161560059
56.5770187378
56.0573654175
55.1312484741
54.5965118408
55.0903587341
55.0848464966
55.5255126953
55.3197135925
56.1721839905
55.8703002930
56.4722938538
57.0453109741
57.8125114441
58.0835342407
57.9188499451
58.1961898804
57.6531372070
57.8765754700
56.6152648926
56.1907653809
56.2307434082
55.8394508362
57.6549148560
58.5217247009
57.5588760376
57.0628929138
56.9168014526
56.7255249023
56.9353294373
56.9934425354
56.1512794495
56.6895141602
57.7698097229
57.6329307556
56.9941291809
56.1413307190
56.6036224365
56.0455131531
55.6426696777
56.1699867249
57.1813850403
57.7075309753
57.3869094849
58.2472000122
57.6305618286
58.2578163147
57.9032135010
59.4262008667
58.2741966248
58.4320449829
56.4288215637
56.0555343628
55.6646842957
56.1460151672
56.4785346985
56.2816009521
55.4101142883
55.4328002930
55.6878585815
56.6877784729
56.4028167725
56.2616004944
56.1108512878
56.6746940613
56.4619560242
56.3023757935
55.7826881409
56.0190010071
57.1838111877
56.8036270142
55.3411331177
53.1060638428
53.2233276367
52.9438247681
54.5169334412
55.1895904541
55.2726669312
55.4037094116
55.3974800110
56.3914680481
57.3320617676
55.8262863159
56.2701110840
56.6006660461
56.7608566284
56.5499000549
55.5648269653
55.9334754944
56.4920883179
56.5745735168
58.0136184692
57.5450363159
58.0349082947
57.4711532593
57.5545005798
57.3202819824
57.0158309937
56.9331741333
57.0295829773
56.7207832336
57.9606094360
58.2589530945
58.3575477600
57.6547851562
57.2115592957
57.7258338928
57.5263252258
58.0341224670
57.0301322937
56.9894714355
58.9595718384
56.6828460693
58.6344337463
58.5766677856
57.5368728638
58.9852943420
56.4175720215
58.4891967773
58.2428512573
56.8456802368
56.2144737244
57.1157112122
59.4315147400
59.3873519897
58.4608764648
59.2433280945
57.7477149963
59.2117385864
57.8983078003
57.1439018250
59.0756072998
57.1797027588
58.0270576477
58.1370277405
57.0120849609
58.5710983276
58.5260391235
57.4726028442
58.9038505554
57.8649406433
59.6824264526
59.6999664307
60.2640495300
58.7048492432
57.9409523010
57.8164215088
60.5726013184
59.5932502747
58.4840965271
58.3368568420
58.7757759094
59.5758552551
58.6275901794
58.3333740234
59.1659393311
59.5869331360
59.9914283752
58.8881530762
57.5733947754
55.8544006348
57.5517959595
58.3691864014
60.4170913696
57.9993896484
56.7101783752
60.1456184387
59.1013946533
57.7888793945
58.8862228394
57.9745063782
58.2322502136
59.5909347534
56.2877464294
57.7390823364
57.0399971008
57.0077590942
58.4400749207
57.8810195923
56.7923583984
56.4402122498
56.3221511841
59.3444137573
57.1684989929
58.1766586304
57.0354156494
56.1992454529
55.5126380920
58.2509574890
56.7916412354
58.0257644653
56.2291793823
54.7357673645
56.1902084351
58.0146255493
59.5373306274
59.1962738037
58.3024101257
59.2399063110
59.7121696472
58.5680694580
56.0542945862
56.0585556030
55.1061706543
60.4306869507
60.3895187378
59.2695617676
57.8255004883
55.5103454590
55.5971908569
58.4853591919
59.0420379639
58.9548454285
57.5201416016
59.0357513428
59.4857292175
59.7084808350
58.2665328979
59.5110168457
59.4169464111
57.3984031677
59.0846595764
58.8502273560
59.5582618713
57.9942245483
58.1510086060
60.4842987061
59.4274826050
58.0219726562
59.2163467407
59.6597061157
59.5030746460
59.9175415039
58.2271156311
57.0614471436
57.2588462830
58.7104415894
61.3492431641
58.9058609009
57.7361984253
59.8808555603
58.3790359497
59.6752548218
59.7192764282
60.9022750854
61.6752204895
62.1837768555
62.2026214600
62.8932952881
61.4458961487
60.9686965942
59.6725120544
56.8242301941
55.8766250610
60.0224456787
56.7122344971
57.1070709229
54.9254570007
54.6324386597
54.4437866211
55.6532897949
57.0347290039
56.4924354553
57.2780113220
59.0751113892
58.4240608215
57.6923942566
58.4739685059
56.6992111206
59.0218849182
57.6313438416
56.6794471741
57.8544006348
58.1157302856
58.9315795898
60.1675186157
59.4359130859
60.0896606445
62.6828155518
63.7751350403
63.4003868103
62.1525077820
62.3381881714
62.5304489136
61.4491920471
60.7215042114
58.9915122986
59.9592590332
59.0678558350
62.4704818726
64.1568298340
61.4851684570
63.3116378784
61.3230743408
60.8507041931
57.0832824707
56.8793983459
57.1855278015
60.0979194641
58.1444854736
60.8163032532
58.5484313965
58.4303512573
59.9285125732
58.9385223389
61.0695037842
59.0652465820
59.9656257629
62.1616630554
64.2115173340
63.3658409119
62.6818161011
62.5059509277
65.5867233276
65.0463790894
61.9580383301
62.0431938171
63.1148376465
63.5566177368
62.3440246582
63.7823829651
63.4714546204
66.4756317139
63.4861946106
64.6956405640
65.2064056396
61.7826232910
61.5294342041
62.0352478027
63.4604682922
62.9203109741
60.5895614624
60.2506103516
60.9093093872
60.6352920532
61.2434387207
62.0735206604
61.5052871704
64.9549179077
61.5621948242
63.4825820923
63.6258163452
65.2335052490
63.3183364868
62.5267028809
62.7867088318
64.4817276001
63.7143096924
60.2113533020
60.9203567505
62.0968475342
63.8027534485
65.1419448853
63.0032882690
60.7349472046
60.2949790955
62.9754142761
63.4020881653
62.7729644775
63.6491699219
62.7354125977
61.0499725342
61.2818145752
62.5421485901
63.9407081604
63.7792625427
63.5145721436
64.5276641846
65.7399139404
65.8103179932
67.2508239746
66.3496551514
66.9545669556
66.0216293335
64.5701065063
64.7547225952
62.4620513916
62.8664131165
62.7240638733
63.6539306641
62.8871726990
62.8092422485
66.6776733398
65.6477355957
62.8535156250
61.2355537415
60.0430297852
62.8908271790
61.1317367554
63.4182510376
64.1438903809
63.8886909485
67.3130035400
68.4801559448
64.7632141113
62.9821205139
61.3948669434
62.9366912842
63.4643669128
63.4515228271
61.4527587891
62.3340187073
62.2992401123
62.9734573364
62.7684516907
61.9614715576
60.1678733826
61.1667633057
62.9321517944
65.5815200806
64.9224090576
64.3889770508
62.4378738403
63.9103775024
65.1035995483
65.7546081543
64.3852691650
63.5872001648
64.8571090698
64.5812835693
62.5981330872
63.6993827820
62.9556388855
67.7401275635
72.1796188354
77.2432785034
82.8343048096
81.5065307617
82.0061950684
77.2714233398
77.7833557129
70.0800628662
63.5309524536
61.0289001465
59.9431724548
58.3667678833
57.6129646301
59.4607849121
59.1331138611
59.9076614380
59.9140777588
63.0257148743
60.5243225098
63.4220581055
61.9496841431
61.9746246338
62.5442466736
63.1725425720
61.8186912537
62.2409133911
61.2526550293
61.9764823914
63.5742530823
63.3306579590
63.6519317627
60.7244453430
60.5518379211
61.7765884399
60.9379310608
63.8768768311
62.0470733643
64.4965209961
62.5569076538
63.7922744751
63.5181007385
62.2819633484
66.8583297729
64.6418380737
65.5147552490
66.6619720459
68.0486145020
67.5042724609
67.3302230835
70.5484313965
71.1410903931
68.4912948608
68.2155532837
64.7489929199
62.9525833130
63.7936820984
61.6478958130
63.9828796387
58.6232261658
60.8303642273
62.5557250977
62.3521347046
62.8560028076
62.5532989502
65.8944854736
64.1535949707
65.1480407715
65.5245132446
66.5241088867
65.4805374146
64.8283386230
62.7593841553
57.5937957764
61.3435821533
59.5651092529
61.4682006836
60.5456809998
61.4901962280
64.9344635010
63.6393966675
63.4399642944
61.5198326111
63.1376686096
61.3766593933
63.4040527344
60.5032730103
61.9012336731
63.4458160400
63.2641334534
63.1634941101
63.9491424561
65.5870895386
66.1091842651
63.0712814331
62.1696853638
67.0612792969
66.3028488159
64.0978851318
60.9507598877
61.0373458862
62.9772796631
61.7508049011
62.4631843567
62.0912284851
66.3220138550
62.4755973816
61.6156768799
64.2770767212
64.6669540405
65.1058425903
66.2059326172
64.5009613037
63.7420387268
64.2382888794
65.4357833862
65.8478851318
66.4326477051
66.9599609375
67.9595031738
67.9804229736
68.1492996216
69.5888290405
72.0962066650
70.8913650513
64.9794616699
63.7761421204
65.0385208130
66.0345916748
65.5205535889
66.2354125977
67.9560241699
64.4125900269
70.4020996094
68.8873443604
68.7374343872
70.4218215942
68.4944534302
70.1913986206
69.6495895386
70.2209472656
70.1872253418
70.8108749390
66.9651184082
65.4107818604
70.3342971802
68.5370559692
68.4835052490
66.8722915649
69.0511932373
69.5090179443
67.5353012085
66.5220947266
67.3041000366
69.5948028564
71.0084152222
72.5365142822
70.1444778442
69.6513137817
68.5675582886
67.3484191895
68.5759658813
67.2455749512
68.3189620972
66.9944763184
66.8246536255
68.2019500732
67.5108413696
69.6668243408
64.7103424072
74.2584533691
76.1926040649
79.6480560303
77.0147171021
82.6158294678
84.2895660400
88.1815261841
85.1704254150
80.9334640503
75.9477081299
66.1622772217
55.0283851624
52.0578918457
52.7492599487
52.8739128113
54.2033767700
54.2348480225
55.8276329041
55.8481903076
58.8817710876
61.6704826355
59.1390762329
53.3354148865
50.5523071289
51.1679725647
52.2201118469
52.5882873535
58.3179550171
59.3617134094
67.1043243408
69.1727294922
66.7012252808
59.9484367371
56.3826026917
56.8166618347
57.6682472229
57.8480758667
56.4012145996
55.3700866699
55.2453117371
54.0424804688
53.3757476807
54.2219276428
55.4836082458
54.8339614868
57.8817901611
58.6273193359
64.1799926758
67.6929168701
66.2098159790
60.6715354919
54.6581039429
53.2945785522
54.7900810242
55.7484893799
54.4926376343
55.1359786987
54.0118827820
54.1997756958
53.6676940918
54.3252563477
55.3278198242
56.3840637207
57.7828216553
59.2311096191
59.5574073792
58.2016448975
57.9511566162
57.9950752258
59.3809089661
61.0941009521
61.6552200317
61.7701797485
56.6879196167
56.3478546143
56.5387725830
58.8433113098
58.9334983826
58.3277893066
57.0358200073
56.9417343140
56.5156211853
55.1229782104
55.3434371948
56.8268394470
57.5916519165
57.7558898926
57.5200233459
61.3966102600
60.1841964722
59.8597412109
56.9843864441
55.8282928467
57.5179100037
57.2887420654
57.9705429077
56.8431549072
57.2870750427
58.5969657898
59.0869369507
58.7766113281
58.1350326538
57.0651245117
56.5444717407
58.2337493896
58.6537246704
58.7490844727
58.3920211792
58.6397094727
59.0967102051
59.8626785278
60.1367301941
60.5827484131
61.9244461060
61.2324676514
57.9335212708
57.9988784790
63.3270034790
69.1219787598
73.5862960815
70.1940307617
65.6483612061
58.3182258606
55.8916168213
55.9762306213
55.2380943298
56.1744956970
55.1722793579
56.1480331421
58.5144462585
70.0047302246
73.7417602539
72.4550399780
64.9792785645
57.0219879150
55.3078079224
55.3879432678
56.5921936035
57.0151519775
57.9405059814
56.5762214661
55.6324653625
55.7904205322
55.9350242615
56.5523376465
56.4199981689
57.1304283142
57.3582077026
56.7683143616
56.4130325317
56.4603195190
58.5729064941
58.5674972534
59.5595169067
58.4720001221
58.1040954590
56.4635162354
55.9883918762
56.4649505615
58.9768943787
58.9888153076
58.8277168274
59.0436630249
63.9106636047
69.3712005615
74.0215835571
75.8350143433
77.7868423462
82.0543899536
86.9269180298
83.5843429565
74.6625747681
65.7639999390
63.5250244141
71.7025909424
77.7013397217
75.7066879272
67.3106994629
60.5592956543
57.9218978882
57.9317932129
56.3270721436
55.7808151245
54.8208618164
55.2513198853
55.7753334045
54.3057441711
55.8086242676
56.7298812866
56.5364303589
59.2104492188
65.0128784180
71.0461654663
71.8415679932
71.0875167847
64.2742767334
61.4728927612
62.4010848999
60.9204483032
57.3351211548
55.9398155212
55.2255134583
56.1969909668
57.2621231079
58.3128890991
58.5950469971
58.9873733521
58.3578147888
57.6415672302
57.9739723206
56.8768539429
59.8697090149
60.0522499084
60.2258300781
57.7902488708
56.6208343506
55.4664993286
57.2066116333
58.3258361816
58.9115295410
58.6976623535
58.7618827820
56.8459663391
57.3184623718
57.1241760254
57.3786430359
57.6764297485
56.5784530640
58.1193923950
58.2281112671
57.5244178772
57.6482887268
58.0964355469
58.6295394897
60.8085708618
61.6656188965
65.6380462646
66.8832168579
64.8363723755
60.2508468628
59.7181472778
60.2801513672
60.2389183044
59.4099922180
59.3913955688
58.0226669312
57.1990852356
56.2233200073
57.4250679016
56.4382591248
57.3995666504
59.8299942017
62.5668983459
62.2942886353
59.3661422729
54.0421180725
54.5316314697
57.1546936035
59.4638938904
60.1691894531
59.6799621582
59.5250778198
59.6877479553
59.3078002930
58.4357528687
57.0430908203
57.1786308289
56.9925079346
59.3735466003
58.7054176331
59.7512092590
56.0964660645
54.2630233765
56.4997406006
59.7958831787
60.6723098755
60.8715095520
56.9581794739
57.4082336426
56.7504501343
58.1003646851
58.5518226624
58.4738616943
56.2676391602
55.7871551514
59.1662063599
62.2638320923
61.0722427368
58.7271461487
55.9218597412
56.4746017456
56.1493415833
56.4447135925
56.3292541504
56.2530288696
56.7642440796
58.4142951965
58.0863113403
57.9635086060
55.8877525330
57.3074645996
57.2723770142
58.0066909790
57.0243034363
56.5293197632
57.0027465820
61.0456848145
69.5146713257
78.7669372559
81.3194274902
81.0036621094
76.8373641968
76.2571563721
75.3455047607
66.5591812134
56.6575202942
52.5192565918
52.8853645325
53.3375091553
53.3157501221
55.1996421814
56.6739196777
57.6051292419
59.0812683105
56.7221031189
57.8514709473
58.1206588745
55.4878082275
51.9180488586
51.9894065857
52.2097740173
53.3377952576
52.5513839722
52.8814735413
52.7180328369
53.0562629700
54.5459632874
54.7883262634
55.7819213867
55.4479789734
56.7464103699
57.3828773499
57.0754394531
58.3255271912
68.4262084961
69.9854965210
77.2249145508
74.3685302734
78.8543395996
77.9806594849
81.4491806030
79.1857757568
77.3759002686
72.3589706421
69.0635070801
71.6925506592
70.2162094116
69.7763671875
66.9155578613
65.1675415039
63.1415863037
61.4359130859
61.7098007202
61.2949867249
62.6437187195
62.9104957581
62.1828079224
61.0678634644
60.6461334229
61.4527435303
63.5737380981
63.5164947510
65.3634414673
65.8763809204
69.4782562256
65.9364242554
67.7474899292
66.3764495850
72.7557220459
72.7692260742
74.8679351807
72.0070190430
71.4866867065
66.9097061157
65.0599060059
65.2562103271
64.9419784546
65.0947189331
65.5808486938
67.6669082642
67.0299072266
66.5189666748
65.5152969360
64.7784881592
66.8618011475
67.1306304932
65.0953750610
63.6501998901
65.6416320801
63.6056442261
62.3634338379
63.4105758667
63.2157707214
64.7021865845
65.2536621094
65.1849670410
67.0903930664
66.0884246826
65.0601348877
65.7882537842
68.8664550781
71.7002716064
71.3593444824
71.3544921875
68.5735549927
69.2807617188
68.2787322998
67.3608398438
63.3008766174
68.8485488892
69.3477325439
72.1415557861
72.7760925293
78.3774261475
78.5893783569
74.0787353516
70.8462295532
67.8693389893
66.7980194092
64.3033142090
63.9198608398
63.5317115784
63.3125114441
65.5979843140
70.9303665161
73.7636337280
70.2295455933
66.4128036499
63.8716621399
63.9843673706
63.7465362549
65.7472915649
65.7234954834
67.3994369507
65.7359085083
67.2316207886
64.1451034546
64.8919448853
65.5536041260
67.5578613281
74.0012588501
77.1735000610
79.7465515137
81.4596405029
83.6027984619
82.6661453247
80.7643737793
76.3499145508
81.6404418945
79.5888824463
80.2191925049
82.5790328979
77.1869888306
77.2530746460
74.8991012573
72.7166824341
71.3245468140
70.9415893555
72.4707794189
68.0819854736
68.0908737183
66.2455368042
68.3880844116
66.1195373535
67.5276947021
70.8320465088
81.1763000488
84.6957855225
83.6130676270
83.6761398315
81.2716064453
79.3851318359
86.1747894287
84.5708923340
74.7690353394
65.1887512207
54.1843414307
52.5269279480
53.0700988770
54.2242660522
62.1748428345
62.9230003357
60.5425643921
57.7140121460
52.2495498657
52.8446273804
52.7372169495
51.7775421143
52.8808593750
52.5442237854
55.1132812500
57.1338920593
58.3719139099
55.9273262024
54.7386970520
54.3734664917
55.3377914429
55.4702262878
55.7121505737
54.3650856018
54.9421844482
56.8374099731
55.8773193359
54.1058273315
53.6095962524
54.3663864136
54.6478118896
55.6680030823
55.6059379578
57.8850250244
58.4684715271
59.6368331909
57.1929855347
56.4514694214
61.0245513916
72.5640182495
81.9086761475
83.0675201416
80.7962646484
77.4430007935
72.6186676025
76.1623840332
74.5010223389
74.4598541260
61.2961158752
56.6294441223
54.2692413330
53.3084869385
53.8366584778
53.4026527405
54.2557601929
54.9273376465
53.9310112000
55.1924629211
54.4744033813
55.8068389893
55.5388107300
55.9968643188
54.9996566772
54.5660247803
55.5742721558
55.2823371887
56.0081710815
55.6389808655
55.3291168213
55.8734397888
55.9376449585
56.2801170349
54.4405136108
53.6709671021
56.1976737976
57.3394165039
56.2105789185
56.7565956116
58.6792221069
59.1732101440
58.2372970581
56.8826599121
57.2252845764
59.3632354736
59.9826850891
59.6823654175
57.6129875183
57.0124893188
56.2336997986
57.0249557495
58.3249130249
59.1095352173
60.4951591492
61.6032791138
59.0042037964
57.4172821045
59.4381179810
62.3683853149
62.8580398560
61.1636390686
59.4909706116
58.8628311157
58.4273910522
57.7743453979
56.2504081726
57.2120628357
59.1928634644
60.9620170593
61.7792625427
61.9549255371
62.0157966614
60.7702026367
59.2357940674
58.8026580811
60.5905303955
62.9744491577
64.3329010010
64.8143386841
64.6112976074
63.4303665161
62.7732200623
61.6665382385
59.8632049561
60.3029594421
60.1909484863
60.7445411682
61.7910270691
62.5549316406
63.2833137512
61.6459922791
61.1192245483
61.4828872681
62.6034164429
61.9104232788
60.9764976501
60.1696929932
60.7653846741
60.7136688232
59.8291778564
60.2680625916
60.6781463623
60.8825798035
60.8721466064
63.0006027222
62.3350410461
62.6727142334
62.2718124390
61.4788208008
60.1507949829
60.3438873291
60.5042419434
60.5639801025
61.1279067993
60.9094543457
60.5928840637
60.6118469238
61.0096130371
61.5496139526
61.6267471313
60.6484832764
60.1652107239
60.1434860229
61.1653137207
62.3225517273
62.7013092041
63.1519622803
62.7991142273
62.7316703796
62.4698333740
60.9360084534
60.2829933167
59.8257064819
59.9599800110
61.1650810242
61.2994194031
62.6549148560
63.0725326538
63.8265228271
76.3452453613
77.8766632080
78.5870971680
76.7825012207
76.4009170532
71.0768432617
76.5207901001
70.9120635986
59.7707786560
55.9991722107
54.7787208557
54.9092674255
54.2838287354
55.8332061768
56.0067253113
56.7312202454
56.5887527466
54.7366981506
54.4779968262
53.5478286743
54.7044525146
54.5234260559
55.6935348511
55.7853393555
55.5320663452
56.6149826050
55.7317314148
56.3460998535
56.4478302002
57.6585388184
58.4067535400
57.2159080505
56.3150596619
57.7804870605
60.1859054565
61.3815803528
60.7403182983
59.4808921814
61.2899971008
62.5500564575
60.2858963013
57.9950714111
56.2318115234
55.6322212219
56.7901840210
57.9426193237
63.5026168823
72.6164627075
75.1068801880
75.2263565063
72.9187774658
64.8900985718
58.8145332336
55.0843658447
55.0761871338
56.3504867554
56.2641983032
56.4108772278
57.8852920532
57.4390106201
58.3868064880
57.1942405701
57.8622283936
57.4853057861
57.2027626038
59.2865219116
59.9622573853
60.1787948608
60.0109825134
63.8952560425
77.3094863892
77.8752288818
76.4720001221
73.5102081299
60.7209472656
61.1999588013
60.4640579224
58.0984306335
57.5587272644
58.2845306396
58.9885177612
60.0660171509
59.9840164185
60.3904075623
60.3977928162
59.9772262573
60.7654075623
61.0541839600
60.9427871704
61.0314559937
62.1120910645
62.6623916626
61.8383598328
60.8143043518
62.8953819275
65.1211318970
65.7278671265
66.8948287964
66.8720779419
67.4321594238
64.7746963501
63.8572731018
62.3697662354
63.4276428223
64.1841583252
64.7379989624
64.4101486206
65.6672973633
66.8754425049
67.1518630981
66.3884506226
69.6920089722
78.3928680420
80.6068725586
80.8611526489
77.2003936768
75.1220321655
68.3785629272
64.2808761597
58.8479995728
57.2344436646
57.3280487061
56.9874000549
57.7230606079
58.1177215576
59.0826301575
57.9956207275
58.8010978699
58.1032562256
58.3470306396
60.1598472595
60.8809967041
61.3876953125
61.2185592651
61.9424705505
61.4801254272
62.8266563416
61.8401145935
62.3059844971
61.4598922729
60.7013053894
59.8688621521
59.1671600342
59.7109947205
60.3717498779
60.7730255127
61.3637695312
60.7965049744
61.1287765503
63.2406158447
65.9777679443
63.4150657654
62.4803199768
61.3547592163
60.6242828369
62.0038566589
63.5478210449
66.0960693359
66.5711822510
66.3398895264
65.9490203857
67.5403594971
66.9045257568
65.6668090820
63.7484359741
61.9594955444
62.0053253174
61.2016372681
59.1432876587
59.5298194885
57.9644279480
58.3129081726
58.0440597534
58.7332077026
60.5526428223
61.2173652649
60.9730224609
59.2062606812
60.2577209473
60.3067970276
59.8726844788
58.5811843872
57.9874572754
59.9220733643
61.3529663086
60.7130088806
59.0783271790
57.7383880615
59.2864608765
60.8910827637
60.1727371216
58.6430015564
57.2894783020
58.1234664917
57.2576599121
57.0278472900
58.7776756287
61.9954071045
63.3309707642
60.6917953491
58.0394515991
58.0734138489
65.2737960815
66.2968444824
66.0436706543
61.0840492249
61.4684524536
62.5692481995
69.5164871216
67.2343368530
67.7297744751
66.7804260254
58.4031295776
58.4930458069
59.5426902771
61.3148956299
60.3218307495
61.3320083618
62.2137145996
63.7544250488
68.2059173584
77.7254409790
78.0563049316
85.8340454102
88.7113494873
87.9277038574
86.7733383179
81.0368423462
79.4697875977
75.2425689697
73.6802520752
66.6676025391
64.7822418213
65.4702224731
65.6268768311
66.1978530884
63.6495895386
64.8841857910
61.8471565247
62.1899261475
60.8437805176
63.1529045105
65.8089294434
68.1566390991
69.1706314087
66.0910873413
65.4830093384
67.0247573853
68.6660308838
65.8714447021
61.7554092407
58.7238655090
61.7500038147
65.6760864258
69.5088958740
70.1049499512
69.3453521729
69.0211944580
68.0496063232
67.9012527466
66.3359909058
63.3684768677
64.5919342041
64.3169555664
67.2601547241
66.1662139893
68.5880508423
66.6609954834
66.3926010132
64.5904769897
66.6315002441
69.4428482056
67.6843414307
65.7239761353
63.8426856995
68.5514450073
71.2454605103
72.8881149292
72.5842819214
70.6543655396
73.4837417603
75.9658508301
75.5429077148
75.0856323242
72.2114181519
74.3672485352
75.0753250122
74.5520935059
75.3452453613
74.8061065674
74.6724014282
71.8101501465
70.4283447266
71.2646636963
71.7308349609
74.3100051880
73.2696533203
72.9996795654
72.3789825439
72.6637573242
70.9287109375
69.3402709961
71.7056503296
71.3346710205
73.6985473633
69.3458557129
67.3946456909
67.8916931152
69.4213485718
71.7435684204
72.5771102905
73.1173934937
74.9175643921
74.2195358276
68.4077224731
67.4081878662
67.7037048340
70.3501968384
71.2531433105
68.4484405518
70.9294586182
73.3301925659
72.1746673584
67.2009735107
62.7331771851
62.4975547791
64.4046173096
67.2859497070
68.1127471924
66.8786544800
66.7108688354
69.1783142090
75.0611343384
78.3698730469
78.3401947021
81.0337448120
74.5171051025
80.6557083130
70.4909210205
62.2745895386
58.2501029968
56.2413368225
57.0374221802
60.2357559204
65.0306167603
69.2488098145
71.3348236084
65.7044296265
63.5612678528
58.8942604065
59.1220970154
58.3425369263
59.6582679749
58.9523620605
59.9460449219
60.6652832031
61.1962089539
60.9604377747
61.0252151489
61.7611465454
62.6670227051
62.2574806213
60.5076866150
61.0705604553
60.8625946045
60.1976776123
58.8191986084
58.0459136963
59.8710556030
59.6499099731
59.2023925781
59.4291229248
59.6324005127
59.7439498901
61.9128532410
62.7029914856
65.3581542969
62.7114372253
71.6490173340
71.0858764648
70.9676742554
66.2859954834
61.1818275452
61.6754302979
59.2230377197
56.5546264648
55.2157287598
56.1185340881
55.1356124878
54.3148269653
54.7379913330
56.0348587036
54.9845428467
56.3677558899
54.6709594727
55.0782852173
56.3650665283
54.3549041748
54.8861045837
53.9251327515
53.8962249756
53.6435203552
54.7340240479
54.8075485229
55.4007911682
55.7100257874
55.9318351746
52.9515800476
53.4704055786
53.7725982666
53.4159469604
53.8304748535
54.7432899475
56.3384819031
56.4999732971
57.7879867554
56.4422264099
58.2452774048
59.1227798462
60.3711967468
58.6630554199
56.5411834717
56.7390747070
60.1515083313
63.5268135071
63.8481597900
62.1425476074
58.8973541260
56.7701263428
56.1019363403
56.6829223633
56.7070693970
56.3964767456
56.5555458069
54.6876411438
54.6136169434
55.2652473450
56.8649826050
57.9899902344
55.9306144714
57.0516052246
58.7730979919
59.4058647156
60.6476745605
62.1805076599
64.7646713257
63.5446586609
61.2903785706
58.4952087402
60.0980606079
59.8274078369
55.5953369141
54.0206909180
54.7672729492
56.0219039917
57.3824272156
58.9702301025
58.8881454468
57.4922370911
54.2905197144
54.4522209167
54.0618934631
54.4444694519
54.0159492493
53.3926162720
55.5856895447
56.2816200256
56.1680526733
53.5763893127
52.9435234070
54.3760681152
55.4540328979
55.3249740601
55.8367767334
55.8079566956
57.7502365112
57.5174903870
57.3139266968
54.3111839294
54.1153259277
54.0790252686
54.0030670166
54.8998870850
57.0337715149
58.7174835205
58.3967170715
61.0468978882
64.0278472900
63.9656028748
58.8424530029
53.7304267883
54.6194496155
57.2701530457
57.1161041260
57.4548034668
59.4423217773
59.3676834106
60.7484893799
60.7024269104
58.9253387451
57.6085052490
58.2577552795
60.3194465637
63.8774909973
61.2331657410
60.4709243774
59.2404327393
61.0767517090
61.0586776733
60.6117935181
60.9498634338
61.2708663940
62.6881980896
61.5503463745
62.7811088562
64.8449096680
65.9161834717
65.5928649902
64.5462646484
64.6295547485
65.4153442383
69.7401428223
67.8342056274
72.1855545044
69.7272720337
68.3351821899
65.2381439209
60.0623550415
58.5934524536
60.4077491760
59.5101394653
60.2568817139
59.0036392212
56.5450286865
57.5684280396
58.9979019165
61.5688323975
62.0114326477
61.4812774658
61.2748336792
79.5865020752
76.8864059448
82.5233917236
87.7886123657
85.3048477173
85.6235656738
82.0462722778
78.6759872437
77.5313110352
71.5411987305
59.1611251831
52.2898712158
50.6469268799
51.4815292358
51.3336486816
51.9007301331
52.8151550293
53.6069259644
55.6361846924
55.4405822754
54.7960586548
51.3871459961
52.1129379272
50.7505912781
52.2953186035
51.2219467163
51.9404983521
52.0399780273
52.4399452209
51.8571624756
52.0492630005
52.0136947632
52.8593788147
52.4165840149
52.2658309937
51.8106269836
54.0754089355
54.4885025024
54.5147666931
53.9161987305
52.0744552612
52.3636054993
51.7408943176
53.1724662781
52.8625526428
52.0347709656
53.2970809937
54.3279647827
54.3989982605
56.3958473206
55.4526367188
57.2386932373
56.3515243530
55.6964263916
54.9530601501
53.9575920105
53.3944282532
53.5769577026
53.8357696533
54.0030975342
55.4524612427
56.6315574646
57.4882698059
56.5215988159
54.4241638184
51.8924522400
53.2600555420
54.2520942688
56.1549873352
55.7378158569
53.7870178223
53.8960113525
55.3502960205
55.9048080444
56.1558761597
55.6959609985
54.4792098999
53.5547409058
54.4759597778
54.1963386536
54.2617111206
53.7492294312
52.4877624512
54.6510238647
54.7421875000
56.0663986206
53.8800735474
53.0964355469
53.5317077637
54.5569229126
54.3586349487
54.5651016235
55.6149253845
55.9514083862
56.8303985596
55.1415328979
60.0960426331
73.2468948364
79.5124053955
78.2493896484
76.6530761719
71.1169128418
75.7635040283
68.2481918335
59.5811691284
53.7977600098
53.2332382202
53.3053627014
53.4788055420
54.4743347168
56.0062675476
57.8231201172
55.6788444519
54.3296585083
56.1193847656
53.9754104614
55.0199165344
53.4809303284
54.2643585205
53.9134407043
55.1716880798
54.4857330322
54.6047134399
54.8130111694
54.4612312317
55.2510528564
55.2802200317
56.7708053589
56.7130966187
56.6854171753
55.0269699097
54.5565834045
55.0997467041
57.0812911987
57.6032981873
57.6865921021
58.2773895264
58.8806991577
61.0990257263
58.2330207825
56.0262451172
54.5569686890
54.8201675415
53.8426399231
54.5708999634
54.3987045288
54.1353378296
54.6434631348
54.9024162292
54.9962348938
55.2965278625
54.9814834595
54.4250183105
54.6342697144
54.2095489502
55.4226074219
55.1194458008
56.5489883423
56.3471984863
54.9328994751
55.7366714478
54.5966262817
55.3086967468
55.4937744141
57.0604324341
56.7378578186
56.6357574463
57.4521408081
57.8309326172
55.0047302246
54.9357490540
55.9301147461
58.8291587830
57.2886123657
55.8541412354
55.9052772522
54.5267715454
55.4892349243
55.0253524780
54.9209899902
54.5774688721
53.2978363037
54.7542686462
55.1808929443
56.1677436829
57.5238952637
57.1734237671
56.6138534546
58.6156196594
60.1359405518
57.2863922119
53.0548553467
52.9913940430
53.2139549255
52.9580764771
53.4725837708
51.9284439087
53.0747833252
51.5727500916
53.3871459961
54.0337677002
54.1824569702
55.3273849487
54.1832046509
53.9026336670
54.6043205261
55.0781097412
53.3449707031
52.0367965698
52.0659523010
53.8993377686
54.9534263611
55.1037597656
53.6821441650
51.5255508423
53.2307281494
52.7664337158
54.1532592773
53.8837814331
54.4693450928
54.0223999023
54.0905761719
54.2447547913
52.6319618225
53.0658874512
53.1258621216
53.0735549927
53.2470932007
53.3733406067
52.9656753540
53.9242248535
51.5289993286
51.2179069519
54.0397453308
53.1931381226
54.4317932129
53.1283721924
54.5728683472
52.7162780762
53.7071151733
53.5243759155
54.4571914673
55.5680084229
56.6502914429
56.7241210938
56.8270339966
57.8828163147
58.0553970337
56.2595481873
57.2534332275
54.5128097534
55.5112304688
55.6617889404
55.4026222229
54.8043594360
55.5090255737
56.9011611938
56.9699058533
58.0233688354
58.5701255798
58.8942413330
57.3432388306
56.9468688965
56.8221359253
56.3096656799
56.7988281250
56.1273651123
56.4198608398
57.0836982727
57.5782890320
56.7399444580
55.7950630188
56.5061950684
58.1884307861
58.0957489014
58.3398742676
56.9394226074
54.6249732971
54.7384185791
55.4688949585
55.9832687378
57.0358505249
55.8786315918
56.6950759888
57.4144210815
56.9150314331
56.7139091492
57.6118888855
57.8176078796
58.6436614990
59.5564804077
58.6719970703
57.5312805176
56.1951446533
55.7352600098
55.7287788391
57.9836349487
56.1869583130
54.5227737427
68.0615692139
72.6982574463
78.9654769897
79.9560852051
77.7586441040
77.8906402588
74.5430831909
65.9667053223
56.0423774719
55.8289871216
57.2982940674
57.1902847290
58.9048461914
60.8328247070
60.5698394775
58.9404716492
56.6944618225
53.7704925537
53.3257484436
54.6173019409
55.4003715515
55.2175178528
55.5978622437
54.2804565430
53.9670944214
53.3916702271
53.5228843689
53.1276779175
53.2068748474
53.1445541382
53.5458755493
53.9275474548
52.9454078674
52.9619712830
52.7604064941
52.9007720947
52.5330619812
52.8373794556
52.3901710510
52.0410461426
52.8165206909
52.3949012756
53.4835357666
53.1751022339
55.9449844360
53.9032135010
52.8765792847
52.4078865051
53.2092895508
52.4504318237
53.5101623535
52.4639930725
53.1697845459
53.5256958008
54.3012847900
54.5398712158
54.2765274048
54.8346862793
53.3778114319
53.3998489380
53.1041336060
53.0518493652
53.0401000977
54.4747200012
53.4071655273
54.3653602600
53.7764434814
53.5814781189
53.2240905762
52.6225471497
52.4421310425
54.1465606689
53.7538414001
55.4760437012
54.2072563171
55.0569381714
54.3621368408
55.0467376709
55.3582534790
55.2571067810
54.1749267578
55.0723152161
56.1840782166
56.5263061523
57.6833114624
59.3870429993
58.6952133179
61.7779312134
65.6574172974
65.8265686035
63.1303863525
57.2032890320
58.0764389038
56.6674690247
55.4150352478
56.0928649902
55.8067131042
55.5270500183
55.9549446106
56.0546951294
57.1864318848
57.1403274536
56.7540893555
57.2281913757
58.9483261108
56.6091384888
55.4534606934
56.2795715332
55.3987007141
56.2854995728
55.5369606018
55.1366271973
53.9584007263
53.4806289673
53.9041595459
55.0998001099
55.7932968140
56.9047660828
55.8985443115
55.7381477356
55.0204429626
54.5433197021
54.7675743103
54.5295982361
54.7472953796
56.7843551636
57.3690948486
57.9759941101
55.9270553589
55.6134834290
56.0620880127
55.2754898071
55.1578826904
55.3253173828
55.8604278564
56.1876907349
57.1860122681
56.3488922119
55.5015869141
55.9606056213
56.7252349854
56.0539550781
56.4900512695
55.5578575134
55.9049453735
56.0840530396
55.2631912231
55.0704421997
54.8714141846
55.6832199097
54.8169097900
55.6325645447
55.7767639160
55.2423896790
55.4355621338
56.0387382507
56.2744522095
56.4412231445
55.9286651611
54.7544860840
53.5450592041
54.7738189697
54.4008216858
55.6364517212
55.5593070984
55.2068939209
55.4863967896
55.1179656982
54.9180335999
52.9020614624
54.0994567871
54.0595741272
54.2547988892
53.6932449341
55.1232147217
55.9209594727
55.8119087219
56.6067848206
55.3930435181
55.9686203003
55.8256683350
54.2044830322
53.6027107239
53.7540588379
54.1046257019
53.8519172668
53.1319427490
52.7448730469
54.1971893311
53.9100990295
54.5110664368
53.6533164978
55.1753120422
54.6814270020
56.2003898621
56.1138076782
54.8377532959
55.2760734558
55.1282005310
54.9663162231
54.3335571289
52.8984718323
53.8588104248
54.4281883240
55.4092330933
53.9307403564
53.7943496704
53.4832496643
54.9481353760
54.5427246094
54.9722709656
55.4501037598
54.2209930420
54.1874313354
53.9329376221
54.8854217529
57.5190162659
60.1666183472
59.8778953552
63.6002006531
66.9871520996
75.0340881348
81.1102752686
82.8982849121
79.5527191162
74.7724227905
72.4319610596
71.2039337158
63.2554244995
54.2842102051
52.3161392212
52.0583038330
52.9583969116
52.6173629761
52.8833198547
52.5401725769
53.5237464905
53.1025962830
53.5129928589
52.1858329773
52.0391578674
51.6890602112
51.5071601868
52.1097946167
52.9529800415
51.6286544800
52.3771438599
52.6450767517
51.0497207642
51.4472846985
51.3416748047
50.8990898132
50.8117675781
51.9366149902
51.2970733643
52.0165100098
50.3919448853
52.6915321350
54.1142539978
57.8279418945
62.8978195190
61.9055099487
60.4546203613
57.1473007202
54.3852043152
54.1457901001
52.0724830627
53.0504150391
52.7663040161
54.8835525513
54.5319824219
55.2503128052
55.3944625854
57.3093109131
58.4482460022
57.2629508972
56.1212539673
55.0752182007
54.9386062622
55.5691528320
55.3476257324
55.0074844360
54.6896896362
54.1712646484
53.9409980774
53.0740470886
53.2537612915
53.5722732544
53.7662200928
53.7067947388
54.7705078125
54.7757186890
54.3651885986
53.0204620361
53.2158546448
52.3858337402
53.3462142944
54.1251144409
53.6487121582
52.8300170898
52.0940399170
52.3504180908
52.2646980286
52.1569137573
52.6564865112
53.0000839233
53.0283203125
52.2213973999
53.4281883240
53.9169235229
53.8113479614
54.4596900940
54.7177886963
55.4693489075
57.3785629272
57.7008743286
56.5485992432
54.8827667236
52.3460693359
52.9507827759
51.4249992371
51.4938583374
50.4245681763
52.5949821472
52.8187675476
54.0253639221
53.7379684448
54.1416893005
53.9099121094
53.7308883667
53.7153091431
56.6562805176
56.7907638550
57.0394744873
55.7637519836
53.4566955566
53.0143699646
53.5053405762
53.6057586670
54.4313888550
53.5156326294
52.0409240723
50.8086853027
51.6191101074
52.2722320557
53.0748367310
53.9492988586
54.7976760864
55.8434181213
56.2690582275
54.3112640381
53.4658279419
52.7500877380
53.3520240784
54.3545303345
55.0095901489
55.3308181763
54.2635192871
52.8839454651
54.0683479309
54.3366661072
56.5540580750
55.0219802856
56.1673965454
56.3044242859
55.4614105225
57.2825355530
57.7174224854
61.6346931458
60.2198371887
57.1196136475
54.3877868652
54.5101585388
60.2557792664
74.2267837524
75.5928573608
79.5449676514
74.4561309814
66.2456207275
57.3242874146
53.2703170776
51.9641494751
51.7232055664
50.9131584167
50.1453704834
48.9378967285
48.6857719421
48.9094924927
49.1735076904
49.2864074707
49.1959075928
49.2889518738
49.5133018494
49.6629943848
49.5918731689
49.7244644165
49.9424552917
50.1279258728
49.9239158630
49.6677856445
50.9718933105
49.2085800171
49.9652976990
49.7769012451
51.9879341125
52.4003067017
51.0842552185
51.4614105225
51.3741531372
50.9740791321
51.4964256287
51.9522552490
53.4151420593
54.9152984619
55.9348564148
54.6850395203
52.8122596741
51.2568778992
50.7516899109
51.1944351196
51.1744232178
51.5482025146
52.0713348389
50.8740615845
52.0881919861
51.9962425232
53.0946655273
53.4442825317
53.1293029785
54.4773788452
55.7580757141
56.1249542236
53.7906112671
51.2572097778
51.3818893433
52.9176750183
52.7028007507
52.3840866089
51.6348419189
51.3911056519
51.6128425598
51.2189140320
53.1182403564
54.6358718872
56.4437408447
58.5026321411
59.1162986755
59.4989662170
60.8638725281
64.1082534790
70.1082916260
72.2543563843
74.5895004272
76.4393920898
72.3117370605
69.3565826416
62.4319534302
56.8349723816
53.2097320557
52.8111305237
52.3737869263
52.6164321899
52.6877212524
51.7440109253
51.3353347778
52.2082595825
51.9715690613
53.3146629333
53.0253448486
54.1828346252
53.4403152466
51.9104804993
52.1063957214
51.6593322754
51.9583587646
52.0318717957
53.4227714539
52.7140846252
52.2869148254
52.2216339111
52.5044174194
52.1372070312
53.5274200439
53.1987380981
53.8747596741
54.2989234924
54.3780288696
53.6041831970
54.7787361145
54.0744628906
52.2239074707
52.6307373047
52.2982101440
52.5527648926
51.2851524353
51.6889190674
52.4268455505
52.1156005859
52.3221206665
51.2541656494
52.2378311157
51.8471755981
53.4328346252
54.7978820801
58.4137725830
59.1233596802
55.1662979126
53.6595344543
52.4032135010
50.8108749390
52.0513954163
51.9927253723
52.5748672485
51.8114967346
50.6554031372
51.3381118774
50.7464561462
51.3302307129
50.8134231567
51.4812126160
50.7394943237
50.7195129395
52.0379409790
53.0243415833
53.1031150818
52.6339187622
52.5338897705
52.7598342896
53.0042343140
54.2016448975
54.8487701416
54.2634735107
52.8072547913
53.0825500488
53.1369171143
54.0621223450
51.7370681763
50.0149154663
51.3145866394
52.6275100708
53.6720466614
53.2525596619
53.0456352234
54.9008026123
64.0937423706
76.6446304321
78.7145996094
85.8503112793
88.5267944336
91.4229812622
86.6055145264
83.3324737549
79.5832366943
78.8548202515
77.9519882202
77.4457626343
77.5622100830
78.0403671265
80.8045196533
82.8523025513
84.1313323975
85.6115417480
84.5225601196
85.4360122681
75.5239715576
67.6833953857
63.1053466797
55.3486938477
56.0200767517
55.9997291565
53.6924591064
54.9149703979
52.8963508606
53.9702720642
53.9074554443
53.7254447937
53.0347671509
57.1500129700
58.7536239624
58.9729423523
53.9657859802
53.4263153076
54.0515251160
54.5764579773
53.4019393921
52.9735565186
51.3701171875
51.9447898865
50.8655471802
52.5650711060
51.8456420898
52.2360458374
51.8148498535
53.3163223267
52.7678222656
52.9855384827
52.5355796814
52.3377456665
52.9514923096
53.4505462646
54.2190551758
54.3552398682
54.7126159668
55.1064186096
55.3941650391
54.9261894226
56.4827270508
55.9861412048
55.0317459106
53.7818603516
52.5351333618
51.7296829224
52.2070922852
51.6242218018
51.9360313416
50.7651824951
50.5258407593
50.8704452515
51.1700134277
51.4581108093
52.0678596497
53.0539588928
54.3673400879
56.4539070129
55.8613433838
54.7179145813
53.7895088196
54.3094253540
57.0633201599
59.0151519775
57.1262092590
51.8859558105
52.1595001221
50.7382583618
51.4024047852
50.2580757141
51.3804016113
51.5807876587
50.7457733154
51.1908912659
52.0986137390
50.3428535461
51.2742309570
50.6997909546
50.5306663513
51.4197540283
51.6097793579
49.4197463989
48.8395385742
49.3810501099
52.6647911072
52.6931724548
53.7521324158
53.7144660950
53.5683898926
52.2119750977
51.2758445740
51.2117347717
50.6070861816
52.3948936462
51.3952674866
51.3235549927
51.9427604675
51.3466186523
51.5786209106
51.1193237305
50.3915214539
53.3143844604
53.5764656067
53.0303230286
51.3061676025
50.3712806702
52.5638580322
52.5853805542
53.3249244690
51.1810913086
50.2260971069
51.1170806885
51.1723937988
51.3237800598
51.2691650391
49.8706398010
50.4394378662
49.9398612976
50.2223892212
52.0597152710
50.9994430542
49.6984024048
49.1727256775
50.2231178284
49.6529235840
50.7991867065
52.4506530762
51.5578613281
51.7085113525
52.2267990112
52.9732437134
52.9958953857
50.4600448608
50.7518920898
50.1595077515
51.2380447388
52.1344451904
52.9483184814
51.4204025269
50.0287590027
50.4989318848
47.9009933472
51.7939796448
50.8043327332
52.4195594788
50.6828994751
51.6814270020
51.1193695068
48.5264701843
49.3189659119
49.1047668457
51.5594100952
49.5050430298
50.9473648071
50.1654396057
52.3927154541
53.1986732483
55.7053031921
54.3903541565
52.2987060547
51.1398963928
50.9820976257
52.8801193237
50.1900634766
50.5215301514
50.7849998474
50.5184249878
52.2225494385
51.8414230347
52.6900291443
52.7125053406
53.1746635437
53.1154441833
52.4779319763
51.3505287170
50.5838127136
50.7800369263
51.7315254211
51.9990463257
50.8773651123
51.7665710449
51.3893051147
52.4783515930
54.1609573364
53.2109184265
51.4484634399
50.0958328247
50.6919364929
50.2038497925
50.2127265930
49.8114433289
50.9790573120
49.9695358276
50.9760017395
50.4874076843
50.4738922119
50.9592361450
49.6070022583
50.1903533936
49.2657508850
49.9352455139
49.9232559204
50.3951721191
51.0438728333
50.2152023315
50.9744338989
50.2690162659
50.7391395569
50.2896957397
49.3954544067
51.0361061096
51.4199714661
53.3769950867
50.5231628418
50.0173645020
50.0187377930
49.7034454346
50.7698822021
50.0174484253
51.3538284302
52.4282608032
52.6263580322
51.8247413635
49.6628761292
50.0688285828
52.9468536377
55.5915222168
56.3786659241
54.2415962219
50.8718185425
48.0115280151
48.0794181824
49.9546508789
50.3974227905
50.7959327698
50.2263183594
50.4149322510
50.0182914734
50.9415969849
52.6527938843
54.8402671814
53.4574356079
53.9424705505
55.5321388245
55.2659149170
52.4965896606
51.7717895508
52.0826416016
50.3594932556
51.9974517822
51.4960746765
51.4668502808
51.4449386597
49.9678268433
48.8312721252
50.0517387390
50.4344406128
51.1047363281
50.7342300415
51.0098037720
51.8412971497
50.2898406982
51.1281776428
51.8818054199
53.1416625977
52.5017242432
50.5886116028
50.4484024048
50.8107757568
50.6820487976
51.7438430786
51.1670951843
50.4297027588
51.3919754028
51.6572265625
52.3679428101
52.0155181885
51.4569015503
51.4078369141
50.9850769043
51.6591720581
51.3666381836
50.3541107178
50.9590873718
50.9473648071
50.3436813354
49.8930587769
49.9871215820
50.6503829956
51.7711105347
51.0403900146
50.4935531616
52.0280494690
52.1706886292
52.1452751160
51.9045219421
50.6636009216
50.0770759583
50.2976570129
52.2300415039
51.9476318359
51.5475463867
52.0693283081
52.1303176880
51.3487281799
50.5340499878
49.5742263794
50.4060401917
50.3840522766
51.4796752930
52.4411735535
52.1468086243
51.4630813599
50.7294120789
51.3657798767
52.5661048889
51.4901237488
53.7023468018
53.2472534180
54.2396202087
53.0275115967
52.3077354431
51.6567077637
51.3712120056
52.3440017700
52.9553947449
52.4705505371
53.4705657959
52.4989471436
52.5156974792
51.7840805054
52.0745124817
50.8687171936
50.1869239807
50.8480758667
50.7780075073
50.7801971436
51.3063545227
51.3522109985
50.6591415405
52.0354614258
50.5019798279
51.4573783875
49.5449066162
50.1619033813
52.0342674255
53.1102066040
52.8849449158
50.8912696838
49.1880416870
49.2201042175
49.7123908997
48.9425735474
49.7845420837
49.0897293091
50.1943054199
50.1012802124
50.2740783691
50.0181732178
49.9620361328
49.6632461548
49.5350952148
51.4524497986
51.2689208984
50.2836418152
50.5806694031
49.7255554199
49.6855087280
50.2867622375
50.2989730835
50.6262855530
51.0761451721
51.1160087585
50.0357170105
50.7671432495
49.3511619568
50.5754318237
48.8586273193
50.0277442932
49.5593490601
49.4131202698
49.6229095459
50.7564926147
50.7119178772
51.1147460938
50.2710800171
50.2698059082
52.1976776123
51.6265029907
52.0573654175
52.1505088806
51.6726226807
52.1150321960
51.8083724976
52.7995910645
52.9487304688
52.9770278931
52.1119842529
50.9811325073
51.5961074829
51.3661270142
52.0948905945
52.2655563354
52.8185119629
52.1749954224
53.9775848389
53.6483840942
53.5045013428
53.5516586304
53.7629928589
55.5534973145
53.4994087219
52.8251495361
51.9652900696
52.3700103760
53.1580619812
52.2808303833
53.0582275391
52.3211212158
52.5733070374
52.5798034668
52.6795425415
53.7050552368
53.7170639038
53.9269180298
53.9379882812
55.1860046387
55.3338508606
54.0706405640
53.3861236572
53.3597831726
53.1968498230
52.5925254822
51.9838943481
52.8678207397
52.7051162720
53.5199813843
53.7760086060
54.3481445312
53.8935203552
52.7194900513
53.4818572998
53.4742851257
53.3743858337
52.4078407288
53.5687332153
52.8434753418
53.5991210938
53.6462745667
54.5450668335
54.3685607910
53.6747741699
53.7256202698
54.9225234985
65.9407730103
64.4133148193
66.1106262207
65.8152465820
57.3550033569
57.3439407349
56.1435852051
56.4481391907
55.2133941650
55.3913612366
55.0008392334
55.6493377686
56.6701965332
56.0543823242
55.4324035645
57.0205535889
56.3439636230
56.5123672485
55.6197776794
56.5997390747
55.4517440796
55.8421821594
56.1040115356
55.2561531067
55.6925888062
55.9867362976
56.8512916565
56.5527877808
55.3113937378
55.3709754944
54.7942619324
54.7064819336
54.1502799988
55.5319747925
54.7552261353
56.0969085693
55.9780654907
56.8118476868
57.3364067078
55.9862442017
55.1617660522
55.0909500122
55.3423728943
54.5062370300
55.1192550659
54.6526832581
54.3145523071
53.8172988892
54.9043884277
53.8302116394
54.4273757935
55.4153137207
55.6834182739
55.6828460693
55.2936553955
54.9981155396
54.2638320923
55.4451370239
55.2469635010
54.6537857056
54.7655258179
53.2023925781
54.3453216553
54.1900749207
54.5931129456
54.2402267456
56.6571426392
55.7814292908
55.3446807861
54.4901504517
54.1883544922
54.0489730835
54.7900924683
53.9387855530
55.1735000610
54.4508972168
54.9471855164
54.6866912842
54.4113349915
55.2603988647
55.2079544067
56.4888534546
58.0777320862
54.8638534546
53.3984680176
53.8164634705
52.5730476379
53.4433593750
52.6931037903
53.7782516479
53.3328514099
54.5162734985
54.4818077087
55.2896347046
54.3194046021
54.9312133789
54.5510902405
53.6934623718
53.1932067871
53.9071197510
54.6739120483
54.5096130371
55.1115570068
54.9795036316
56.4817962646
54.8757858276
55.0423393250
53.2651672363
54.6403656006
54.6267662048
54.9980239868
54.2984924316
56.4621658325
55.2354583740
59.0989074707
58.1242065430
60.1965026855
57.6086120605
54.5844879150
53.5056991577
52.6392402649
53.1040840149
53.8807411194
53.7480392456
54.2936782837
54.1562614441
55.7547836304
55.5620651245
54.9889793396
53.3834266663
53.9663581848
53.1955375671
53.6511230469
53.2954063416
53.7996902466
53.0702552795
53.6516952515
53.0057945251
54.7278823853
54.3570098877
54.7219924927
54.9437484741
57.6239089966
65.5392074585
66.9481735229
64.1003417969
56.6548500061
55.2696609497
53.0358428955
51.0578918457
50.3585166931
50.2280578613
52.4539108276
52.7981414795
54.3330612183
53.1063728333
52.4326477051
50.8468017578
51.4354095459
51.2561988831
52.4626235962
53.0247039795
53.9273681641
53.6428451538
54.6400260925
55.8848495483
55.2752227783
55.9769973755
54.3302650452
53.3442993164
53.6537742615
54.1385536194
53.4285163879
54.2922897339
53.9010505676
55.1984252930
53.9502906799
54.6653213501
54.1579055786
53.8265686035
53.5069427490
54.9496994019
54.5666427612
55.4656906128
53.7322845459
53.1760826111
52.7698783875
59.9832611084
63.6472930908
63.4432678223
63.4682998657
54.9497833252
55.0998039246
54.5940246582
53.4862174988
53.9361648560
53.4211883545
54.3254241943
53.4553298950
54.1634826660
53.1633186340
53.2526435852
53.0163230896
53.6958694458
54.6680221558
55.9604568481
56.3276519775
56.4737777710
55.0051574707
55.3363571167
56.1386337280
56.3097076416
56.3194198608
54.7763824463
55.3011474609
56.1264877319
54.8884429932
53.9106292725
53.2927589417
53.3479309082
54.2739028931
54.6287879944
54.1085777283
54.0626220703
54.2145843506
53.9895553589
55.8435134888
54.9358367920
55.0633659363
54.1531639099
56.2195129395
56.7513351440
56.4641799927
53.8594284058
53.1982650757
53.9412078857
54.7761421204
54.2169952393
55.5456085205
54.9005889893
56.2654418945
56.1926040649
55.3122901917
54.2244415283
55.1892204285
55.0692558289
54.4147644043
53.9825172424
55.3914871216
54.5984725952
55.5767822266
54.2989349365
54.5665473938
54.9534873962
56.1133689880
56.1827812195
55.9273681641
54.7335052490
55.1812248230
56.5853004456
57.9271888733
57.1298675537
54.9470825195
54.6628570557
54.3430023193
55.0277557373
54.1233367920
54.0621528625
53.9237899780
55.1015434265
54.3270263672
54.7351913452
54.2719879150
53.6479301453
53.5497016907
55.1116943359
54.5723190308
55.4915008545
53.8971099854
55.0000152588
54.1804046631
55.1107788086
54.3217010498
54.4541587830
54.3111801147
54.7690963745
55.1055450439
55.1584205627
54.1649246216
54.9830474854
54.6472091675
55.4708557129
57.5553970337
56.8523254395
56.6971588135
55.7222137451
58.2804222107
58.4015121460
61.0547866821
60.7162170410
62.2170448303
71.7769699097
68.7407379150
73.3822326660
73.0113983154
78.8919219971
77.0363769531
80.9497833252
76.6518096924
70.2236785889
64.9707336426
59.0026321411
59.6404037476
59.7020187378
55.6616058350
53.3574447632
54.3996887207
56.8064575195
55.2637786865
57.6348304749
56.0446815491
55.0219841003
55.8363075256
53.9014358521
53.7667198181
52.4710121155
51.8694000244
52.0236701965
51.5519523621
52.2346458435
51.6063079834
52.1324615479
52.2908096313
51.9489974976
53.1971664429
52.9656524658
52.6317596436
52.7030258179
56.3306198120
57.9523048401
61.3002777100
60.6628990173
61.2372970581
57.0729255676
53.6721382141
52.5826568604
53.5853958130
53.5680694580
54.1124725342
54.1018943787
53.8827552795
53.1525611877
53.1100196838
53.4319419861
53.8935165405
54.3568763733
54.3547019958
54.3089370728
53.4943962097
54.4011497498
53.7298202515
55.7362327576
55.0556259155
54.5220947266
54.2662239075
53.6672477722
55.4686737061
55.8074531555
55.5057601929
56.8445739746
55.5713539124
55.0736808777
54.3695907593
54.1407432556
53.1966362000
52.7326393127
53.8031425476
53.4349594116
53.1531372070
52.8149566650
52.3700866699
52.5052108765
52.7072753906
53.2946472168
54.0327224731
54.6157302856
54.1870727539
54.4179649353
54.4162216187
55.1487846375
56.9280662537
64.2785797119
65.5894775391
65.5265121460
58.5928344727
54.9500465393
53.6134910583
55.0958251953
56.7767715454
55.3293151855
55.3763313293
55.1581344604
56.1431503296
56.1590881348
56.3943443298
56.7356529236
57.3357009888
57.3488235474
57.2140808105
56.9026031494
58.7357177734
57.8804893494
58.8538818359
57.0636825562
55.3276138306
53.8763046265
53.5766029358
54.2835083008
56.0978164673
55.2997055054
55.3164367676
56.8014678955
53.7764511108
54.3106956482
54.4547195435
56.2024192810
55.1758575439
55.5391845703
55.1015853882
56.1859245300
55.9941177368
57.1620101929
55.0582008362
54.7557449341
54.1881256104
54.5447769165
54.6704483032
53.4330978394
56.3262557983
63.2662506104
70.2069702148
77.5241622925
75.5297088623
74.9511260986
72.9718856812
71.0179061890
72.2714691162
66.6303024292
60.9165306091
56.2253761292
55.0407867432
53.9064788818
53.5149078369
54.7360801697
56.2456169128
55.7847023010
54.9399375916
56.4406471252
56.3770637512
56.0882644653
55.3064994812
54.7483863831
56.5404663086
59.5155334473
59.7749938965
61.2494430542
62.5693778992
62.3445663452
62.0898895264
59.7507247925
58.6735382080
58.4083099365
59.3586921692
59.6505699158
58.5646667480
58.1141357422
57.9539794922
59.0442008972
57.3433685303
57.5176620483
57.0258941650
58.1419448853
56.1668434143
55.2317466736
55.6338958740
56.7888107300
57.0678710938
58.5784530640
59.8693199158
60.5703926086
67.9503021240
71.5745849609
75.2524185181
72.8160858154
65.7806930542
55.2610054016
53.6021957397
53.6926040649
52.9034767151
52.8753662109
52.9336090088
53.6575202942
53.7620887756
55.0769348145
59.3266868591
66.4209594727
69.1473999023
70.1851730347
67.7638320923
66.5916976929
65.4088668823
60.8006401062
56.6572799683
53.6945915222
52.8605804443
52.8358383179
53.4113121033
54.2005310059
53.2513046265
54.5181694031
54.7696914673
54.3437232971
54.2175979614
55.3350524902
56.3560485840
57.3541793823
57.4781227112
57.2374382019
56.2494506836
56.3412704468
54.7125854492
55.3918952942
55.7198524475
55.3600540161
55.1726951599
56.1135292053
56.3344116211
57.4248886108
56.7789688110
57.2023925781
57.4331703186
58.9501800537
59.9387054443
57.6199951172
54.7305374146
53.4623947144
54.2327117920
54.2544479370
53.4643020630
53.9455108643
53.4676818848
54.7423973083
54.9421081543
54.6920547485
56.2333183289
56.9592895508
57.1680793762
55.6546249390
55.1600570679
54.6688995361
56.5320777893
57.1090507507
57.9461364746
55.7176895142
55.9842987061
55.3119812012
56.8981895447
55.4547767639
56.2827148438
56.0159187317
55.8904266357
55.8692550659
56.4343452454
57.7387886047
57.4630661011
57.9796676636
57.2824401855
58.0891418457
57.9237442017
58.0175819397
57.5364379883
57.9285621643
58.5449676514
58.8070716858
59.3701553345
56.7309875488
55.0584907532
54.3868484497
56.2001228333
57.9404830933
56.7534599304
55.0361442566
52.0360069275
52.8779983521
54.2098083496
54.8721656799
55.4738159180
55.9468002319
57.5281944275
58.3552017212
57.5100440979
57.5022163391
57.0399246216
58.6601486206
58.0753364563
59.0919837952
58.4262657166
58.6619110107
59.6453361511
58.4012413025
58.1191864014
56.8713035583
56.0387191772
56.0404434204
57.0396041870
57.0524139404
58.2707977295
57.3758468628
57.5260391235
57.7259445190
57.8595237732
57.9335098267
57.1854019165
57.6751708984
56.7626762390
58.1488037109
56.0349388123
57.0945396423
55.9565658569
55.8349189758
55.9241752625
55.3100891113
54.7807083130
56.5741043091
58.3718643188
68.1185836792
74.0804977417
76.5241165161
75.4389114380
75.4290771484
79.1988906860
77.9426040649
74.9382476807
69.5662841797
71.7459564209
76.2185592651
73.4810333252
72.3744506836
66.3562316895
65.9520874023
61.4753608704
64.1445541382
64.3025512695
68.1420593262
74.3593597412
74.4726867676
72.4702148438
65.3662033081
61.1688270569
59.2649993896
59.2984313965
58.0073394775
58.3322868347
56.5874061584
57.8902282715
57.7085342407
57.3939895630
56.7923583984
57.3078193665
66.0262680054
66.5348510742
65.7527618408
58.9486656189
60.8104324341
63.3179397583
64.0786056519
60.2678489685
58.1895294189
55.4201622009
55.9013862610
57.7599983215
54.9599609375
55.2085342407
56.7535743713
57.4190673828
56.3376350403
55.6620445251
55.1606407166
56.6445999146
55.6220855713
60.3552589417
63.9799270630
69.7189636230
66.2610702515
63.1480941772
60.2784347534
63.3626708984
67.5334548950
67.4043655396
69.8114166260
72.1192626953
75.9002761841
76.4983596802
75.9181060791
75.0760498047
62.9816932678
59.1976089478
59.3941841125
61.9867095947
62.1187438965
61.8077507019
62.7805709839
58.4828109741
56.1615982056
56.3948211670
58.6552658081
59.7221603394
59.8120613098
58.0297241211
55.6599807739
55.9607353210
55.0418548584
57.2713928223
58.7809829712
55.8743476868
54.5738716125
52.8148040771
52.9148521423
53.8572578430
52.4161186218
51.9968566895
52.6708831787
53.5579376221
54.0781478882
54.3108367920
55.9052047729
55.8652725220
56.5047760010
57.4826507568
59.4996566772
57.4313163757
56.1496849060
54.4797058105
55.7659759521
54.9242744446
53.5442085266
54.4234237671
54.8057823181
52.8508758545
53.1440773010
53.2648620605
54.1459121704
53.6642303467
53.2079620361
53.4956359863
55.5838813782
57.9329528809
61.2406234741
61.9400863647
59.6134185791
58.3618545532
57.4577865601
61.4027633667
60.0456008911
56.8755950928
55.3291015625
53.7171936035
54.6681327820
52.6284713745
53.6259536743
52.8259582520
52.5022583008
51.9637527466
52.6415405273
64.9543457031
68.7203292847
73.4955902100
79.0730209351
79.9927291870
82.8823852539
78.7624053955
67.9886169434
72.7236175537
68.0020065308
69.4551696777
65.2718353271
69.8660583496
72.9806213379
75.4181442261
76.8286437988
77.9316558838
62.2908325195
58.7830581665
58.4165420532
59.4825439453
62.2614097595
61.7360458374
60.6745834351
60.0430870056
59.8243255615
61.2056961060
62.1954727173
60.6831130981
59.7472229004
61.3283767700
62.3999252319
62.1693572998
62.7989349365
66.9511795044
64.6129455566
61.8110160828
59.0996818542
60.5494308472
62.5924034119
66.7884292603
67.6087036133
67.1224822998
66.7861251831
66.5210266113
67.8552093506
65.4537811279
65.5552825928
66.5203781128
68.2189941406
70.0278625488
68.6534423828
66.9132614136
66.6841125488
65.9046249390
69.1633834839
67.0113525391
67.6784133911
67.8488159180
67.6885375977
63.7467880249
63.4882164001
65.9751892090
65.3155059814
67.0255203247
69.0184707642
71.5648880005
69.6781387329
70.7591934204
70.7603302002
71.6518554688
72.2011413574
71.1310577393
70.8994369507
68.6489944458
68.0884933472
69.9237670898
74.5888748169
76.0590820312
74.3688888550
79.0990447998
79.6588439941
80.3796386719
76.5939407349
64.6035385132
66.7060317993
67.2239532471
67.3088455200
68.1832275391
66.8521270752
66.8390655518
67.5740356445
67.1032333374
66.7665405273
67.1635131836
68.6257553101
70.2153244019
67.8022766113
66.7553176880
66.8919754028
71.4605789185
71.0256881714
70.0247116089
75.8922576904
80.4607543945
70.7778701782
66.6118240356
75.5660552979
75.7987213135
71.9114761353
65.7137527466
55.9106750488
55.6480255127
54.5368957520
55.1321029663
53.4373168945
54.7093086243
57.6874313354
56.7507095337
57.3823242188
56.1073760986
56.1870040894
56.3378295898
56.1408615112
58.0340728760
58.8578186035
74.1073608398
73.8955535889
73.1041564941
63.1137008667
61.4633102417
56.9441375732
58.5268783569
57.1659088135
57.8283004761
56.9671745300
58.5439262390
60.1860618591
59.3671035767
58.4108886719
56.8710365295
55.5065956116
55.8821029663
57.7469215393
55.2515945435
56.1075782776
53.7638435364
53.6114959717
53.2650070190
54.3168106079
55.2515716553
58.1916961670
57.2463226318
55.5247764587
57.5129928589
58.3876190186
60.9401473999
61.8835639954
65.3618392944
66.3487091064
67.3024520874
60.8772811890
59.3352279663
59.3079032898
55.5511856079
61.3926239014
73.9822158813
77.7148895264
78.7448577881
77.6375579834
75.4074554443
69.5868377686
71.2548446655
67.1258316040
63.6595306396
63.3795356750
62.8000488281
63.4206619263
67.1279678345
68.2787017822
71.0133514404
70.3162918091
69.7005844116
61.3866958618
58.0595779419
58.8327865601
60.3686408997
62.7574691772
62.6990737915
66.8941650391
64.2177124023
64.7562713623
60.7850112915
62.3026046753
60.9974632263
62.5702705383
65.9083099365
68.9474639893
74.3439483643
78.4839324951
83.8995056152
80.0640258789
76.1871109009
67.2033081055
61.3765335083
57.2844047546
54.8196792603
54.7089729309
54.8137588501
54.9350967407
55.2513809204
54.1453742981
53.9294128418
53.6207542419
53.7872619629
53.6944007874
54.3062286377
53.3952102661
54.6737442017
57.2988586426
59.5654067993
59.5096282959
59.5393524170
56.6915893555
57.6971778870
56.7072563171
61.3599433899
61.4365921021
62.3581352234
61.3267555237
58.0597915649
59.5674514771
60.8155822754
58.9840011597
57.6845207214
59.5977859497
60.4384613037
60.7381134033
60.7135505676
61.8731498718
63.7949066162
63.6836929321
62.8086929321
60.7264366150
61.3265686035
62.8158569336
68.0674667358
68.1404190063
67.3297348022
65.2158737183
64.2446823120
62.8328781128
63.5826034546
61.5568618774
61.8649406433
59.4895896912
58.9526748657
60.3313980103
61.9290657043
59.3078651428
57.5543403625
58.9785385132
57.9177398682
58.0200004578
56.8635406494
56.4800529480
55.5876770020
57.1013717651
57.5928802490
58.9327354431
56.6540679932
55.0993461609
55.3175354004
55.2366371155
58.0394935608
57.1278419495
56.4403419495
55.6713829041
54.2476768494
55.5092201233
55.4655075073
56.3818054199
55.7777633667
55.2514419556
56.7257347107
56.4836196899
56.9933547974
57.6659393311
58.2828292847
58.9648704529
59.6133422852
59.0232696533
59.4417304993
60.6961746216
59.0165596008
58.4469413757
57.4466934204
58.7570495605
58.9183883667
57.7494125366
57.0675582886
58.3392562866
58.7765426636
57.5596466064
55.8875198364
55.4304695129
55.0656967163
55.8832626343
56.1424446106
57.9629440308
57.7423248291
57.0934677124
57.1539039612
57.5942726135
57.4498558044
56.9601593018
57.0393638611
57.7176513672
59.4043617249
58.1046829224
59.6007881165
57.9313125610
57.8206405640
57.9420318604
57.6786804199
57.1156692505
57.1394729614
56.8091506958
57.9776573181
58.3391342163
58.6662063599
59.2980728149
60.2388916016
61.9512443542
60.3988647461
58.8922576904
57.6292495728
57.1193389893
57.3759918213
57.7906494141
57.1980361938
57.9344711304
56.2430725098
56.2409286499
55.9216613770
56.9003257751
58.2960662842
58.2782135010
59.2519454956
73.8609771729
78.6090469360
79.3185653687
72.0795822144
62.8101463318
59.7138824463
57.4153137207
55.9059944153
55.8709259033
56.1720886230
57.9355163574
56.4029998779
55.9791412354
56.2135391235
57.0205192566
56.6899719238
57.3795509338
58.2889862061
67.9559707642
71.0368499756
73.5458374023
64.9080505371
61.6399116516
59.2593765259
58.6345596313
58.8819732666
57.9501533508
57.2585449219
57.1959648132
58.0583763123
64.6881561279
66.3344268799
68.5005187988
69.3109130859
62.1298942566
58.6708869934
58.5893211365
58.8557548523
59.2671432495
57.1142387390
55.6596908569
56.2139701843
56.6136245728
56.8044281006
57.8375244141
58.9180755615
62.2932815552
62.9116516113
62.2647323608
61.3840026855
61.7403869629
62.8241462708
62.0815429688
61.8191986084
61.4939422607
58.3174438477
62.7120056152
70.9954528809
70.9994049072
66.4241104126
59.3103713989
58.1172409058
56.9667015076
56.6155700684
61.4672241211
69.4588088989
77.2621154785
74.5494689941
70.8222198486
65.9963684082
66.0220260620
67.3252944946
71.0978240967
71.2103805542
69.6820144653
68.2148895264
68.2087936401
64.4805603027
62.4373893738
60.9834213257
60.7697677612
59.2777023315
61.2013244629
62.6072769165
64.6759033203
62.3486785889
60.2303619385
61.5151100159
66.6598358154
65.8193130493
63.5211105347
62.2254104614
63.5644454956
66.0155487061
66.5518722534
66.7518920898
66.4673614502
66.5906829834
64.2597045898
61.7268104553
59.2396926880
60.8073463440
63.5165863037
62.1123657227
60.8341293335
61.0266609192
60.3571929932
62.1687088013
63.4757843018
64.9844055176
68.9739913940
70.9008407593
72.3396911621
73.8050384521
73.5900192261
70.5920104980
71.3529205322
71.2583999634
73.7283020020
78.0723419189
79.4011077881
81.4777984619
84.7486495972
84.1921234131
80.3939971924
81.3430328369
75.4469223022
70.4906005859
61.4997787476
59.6736602783
55.7176933289
56.2125854492
60.1533927917
65.3832092285
66.1035461426
65.4817276001
57.5538787842
57.8784713745
56.7911453247
58.7424011230
56.9573097229
59.5285720825
56.4840660095
57.4549484253
55.9727668762
58.1534385681
58.0978851318
58.0477676392
57.2368927002
57.8029289246
56.9704971313
58.1077461243
59.1647262573
58.7190742493
58.3756752014
59.7384796143
60.8912200928
63.7893676758
65.3040084839
63.7776489258
62.0165138245
60.1419487000
60.8065795898
59.4582519531
59.9132995605
58.2786026001
56.4386291504
56.1095886230
57.8671913147
59.3914184570
59.7653923035
59.3555984497
59.9372100830
62.7132606506
63.2206382751
64.3995742798
59.9092102051
62.6698074341
62.4187583923
60.9479522705
59.0836830139
59.6575050354
60.4440383911
59.7164688110
59.2596626282
56.9318046570
58.4660720825
62.2350540161
64.0585403442
62.7213630676
61.8224716187
61.1977882385
62.2663650513
62.1713562012
64.9549255371
65.0527954102
64.1590728760
62.1247940063
59.1179046631
58.8894348145
57.8361587524
59.9769973755
57.8967247009
57.7069396973
56.9034843445
56.6886405945
57.7490577698
58.5769996643
59.3287048340
63.6554450989
77.0418090820
72.3435668945
77.5753173828
78.3204803467
76.6632385254
75.4032592773
74.5993347168
62.7802734375
56.5157241821
51.7808990479
50.4726791382
50.3808822632
51.7122840881
52.4450073242
53.6108856201
53.9258804321
53.6497383118
53.0458526611
53.3678894043
54.4554824829
53.7869873047
56.8642272949
56.1716957092
57.3968811035
56.4495735168
58.6607589722
58.1054916382
58.2647628784
56.0898132324
58.6201286316
56.9085159302
56.6939468384
55.3772239685
54.9236984253
55.1839485168
55.7886505127
55.6086997986
55.4588584900
56.4013519287
57.1368598938
56.2663803101
55.9134216309
56.0436973572
55.5755271912
56.7178993225
56.9631652832
57.0598144531
57.3390274048
55.8969726562
56.5369071960
57.4985427856
59.1101608276
60.2775497437
61.0671157837
60.8677673340
60.7438011169
61.7074432373
58.8319702148
59.9527969360
58.6686668396
58.3405914307
58.0383644104
56.7408294678
54.6833915710
53.1513404846
61.8601303101
68.8216247559
70.3100204468
71.1711349487
67.4915390015
65.6707153320
66.2503128052
60.6275863647
58.2008972168
58.0136108398
56.2482032776
55.7384338379
55.4145278931
56.7950134277
56.4026412964
55.8410339355
59.6628341675
58.4283142090
58.8349151611
58.7279014587
54.9341735840
55.5016403198
55.4227905273
56.2968597412
55.6452293396
56.0144958496
55.8399581909
56.0399589539
56.7336883545
56.2285308838
56.3809127808
57.4052429199
58.0051651001
58.1133193970
58.2166671753
59.6757469177
59.0593795776
59.2458419800
57.0556182861
58.2337951660
57.6548080444
58.3780517578
57.8726882935
57.4269981384
56.9978637695
56.6230354309
56.5350418091
57.6220703125
58.5750198364
57.7023925781
57.4916076660
58.9420623779
60.9337387085
62.3921279907
63.2376327515
58.6833572388
57.1022644043
56.1712570190
56.8420257568
56.4469757080
55.9908485413
55.8146209717
56.2693023682
56.8070831299
57.8920631409
59.1223220825
59.2630386353
58.6899566650
58.9832687378
58.1548461914
57.3206939697
55.3417549133
56.5038642883
57.3374404907
56.8972015381
56.5483245850
55.8734893799
56.3329315186
57.0258026123
61.4604148865
61.5801124573
62.2587699890
60.9183769226
58.3999671936
58.4675025940
60.7861557007
60.5259513855
59.4081039429
57.2828636169
57.0775909424
57.5606613159
57.9842720032
58.0236892700
58.4829406738
58.6146697998
59.0977706909
59.7369155884
68.8632431030
69.6504669189
69.4823760986
60.0908927917
56.9914817810
56.4484176636
57.1655502319
55.5976104736
54.6010971069
55.8261604309
56.7029800415
56.5377426147
56.6325225830
55.3855934143
54.4943656921
54.1610374451
54.9174194336
56.2025260925
55.6041870117
55.8567428589
56.1484298706
56.6642837524
56.6262588501
55.6723632812
57.3856048584
57.9906539917
57.1147117615
67.2424163818
79.3192977905
75.5287322998
76.6981964111
73.0871734619
72.8897171021
75.4975891113
76.5290069580
76.3681945801
71.8555679321
66.6496582031
65.0430526733
63.3954734802
66.5979690552
67.5924377441
68.0417098999
64.5556945801
67.4279479980
68.1357650757
70.8459167480
70.8503875732
70.8044433594
70.4723281860
70.0445251465
68.7484664917
66.1687545776
62.3402099609
62.7905044556
62.6882781982
62.3772430420
62.1696624756
63.1615142822
62.0772895813
62.8634109497
59.3228225708
59.7916069031
61.0974769592
63.7794799805
62.4896697998
62.5112075806
60.6589164734
61.4891357422
62.2491989136
63.2257156372
63.8928565979
61.6030540466
65.1839447021
65.1716537476
65.5347061157
62.9706420898
64.2873764038
63.2714614868
63.4444923401
65.5862197876
67.6533966064
64.5253372192
65.5148315430
64.6595230103
65.4555664062
68.4063873291
67.0254440308
68.6261520386
65.4152297974
65.1501693726
66.0125503540
73.0655746460
71.0548782349
69.8348388672
68.9186630249
62.1540451050
63.2916107178
64.3917846680
64.2472839355
62.7052536011
63.4719161987
64.1998519897
65.9532852173
65.1497039795
63.6553497314
63.2146415710
66.4312591553
68.5389709473
70.8204040527
71.7228240967
74.9688568115
75.9882278442
77.8673782349
74.6687774658
71.5142364502
67.2431182861
65.7316589355
65.7496490479
64.2975311279
66.7410278320
64.9379882812
65.9795227051
65.8736114502
65.5381469727
66.1719589233
65.9546737671
65.0162582397
64.5620193481
63.8646011353
65.1028518677
66.3140106201
66.5517425537
66.4597549438
69.4356002808
67.3589782715
67.7949371338
64.8437118530
68.1408843994
69.1475067139
68.6614761353
69.0548934937
69.0417633057
67.5965499878
64.4796905518
63.4973945618
65.3900985718
64.6058959961
64.3035659790
64.7128448486
65.0537185669
66.3176422119
66.9172821045
66.6169433594
65.4801788330
64.6956024170
66.2921295166
67.7581939697
68.3436584473
70.4922103882
71.1680068970
70.4219741821
70.7182159424
70.5737991333
70.4842987061
72.0572814941
68.8890228271
66.9879302979
64.4508285522
66.9531097412
68.5349655151
68.2133636475
71.3990859985
72.1372756958
75.9066696167
72.7380828857
73.3566741943
68.9478759766
70.5517044067
70.8755798340
71.7860717773
68.8809967041
67.3735504150
68.0131378174
67.8406982422
68.0787734985
69.6371612549
71.7131347656
72.7611083984
71.0791320801
70.4425354004
72.0605621338
70.3146362305
70.0195312500
71.3015060425
72.2297973633
75.2731628418
74.3364486694
74.1107940674
73.2087936401
75.3091888428
73.3103637695
70.7194213867
71.6909790039
71.2504577637
73.1860809326
74.1977844238
70.0463333130
72.0281219482
68.5174102783
67.6011352539
67.5756225586
68.4334640503
72.8962326050
73.6918029785
71.2892837524
69.0797576904
69.3395843506
72.4971237183
82.1584625244
81.3430023193
81.0197143555
73.2996673584
76.2254180908
74.3600616455
72.6008758545
72.7848434448
72.0275421143
69.4441833496
71.8880462646
72.9220275879
73.1715393066
76.1626281738
74.9608917236
72.5999603271
73.0883789062
71.4051361084
72.5384750366
69.4955139160
69.5286483765
70.3870315552
68.9207611084
71.0822219849
72.3331146240
72.7070846558
75.0694122314
74.0663833618
74.1884613037
75.3772048950
74.2222671509
71.8306808472
70.3922653198
71.4044265747
75.2157669067
76.3451385498
76.4692230225
72.6374359131
72.5259017944
77.0426177979
76.1836471558
77.1404342651
74.8300323486
73.7013320923
72.3463821411
72.7775650024
74.1853027344
70.8800506592
72.0371170044
74.4823226929
78.3727874756
80.8872680664
81.3060379028
80.7120285034
82.6308746338
84.0379867554
79.8564071655
75.4282608032
69.0750274658
67.9944610596
67.8822174072
67.0487442017
66.1905059814
66.5905761719
67.3819732666
66.6397323608
65.4984588623
67.1004562378
64.9189758301
66.8819427490
67.6921310425
68.9663391113
69.1445159912
68.7110290527
66.8986053467
69.1634979248
66.8121109009
70.4374542236
68.4008255005
70.1167449951
67.5503005981
67.1014862061
67.4897842407
68.3785476685
68.7725143433
68.3867721558
67.1796264648
67.2494201660
67.3716735840
68.7088165283
67.4979400635
67.8617782593
68.0494995117
67.4078826904
69.5063934326
69.7973480225
70.2652969360
67.3809814453
65.2857055664
66.6384124756
66.5707626343
66.0859756470
68.5285186768
66.4057540894
66.4322509766
64.6938934326
65.1757354736
64.8678436279
65.0137634277
66.1814575195
65.0043106079
66.4860687256
65.6139526367
65.5325927734
64.8716659546
66.5321121216
65.7500000000
67.5287628174
68.1985855103
70.6435394287
69.3662567139
67.2817840576
65.5045928955
66.3675079346
65.4990386963
69.0543670654
68.9260787964
66.9048309326
64.8869094849
63.2540054321
66.5781784058
65.0469970703
65.5950927734
64.3708801270
65.6347198486
64.9263839722
65.6859893799
63.7059974670
61.5381584167
61.2415313721
62.2315750122
63.1967163086
63.7190628052
65.0777664185
64.5669860840
65.8924865723
61.9929199219
60.0890388489
60.3659133911
62.3193817139
62.2709960938
63.1395225525
63.8658370972
63.6892471313
63.3706779480
60.8010978699
59.3862609863
61.8585395813
65.4887008667
65.9389495850
66.5494232178
63.7488479614
61.8096237183
59.8479003906
61.5404281616
60.7606391907
64.2885055542
59.8218765259
66.7700729370
69.9057769775
71.1658630371
68.9294052124
63.2908668518
60.6178207397
64.2921142578
61.8106689453
64.5762939453
64.8303451538
65.8338851929
65.2599945068
66.1649551392
65.2810668945
65.3923416138
61.7496032715
60.7848892212
63.8354187012
63.3623695374
66.7974853516
64.3482666016
65.8419265747
64.6409759521
62.4127578735
63.1501235962
62.7092018127
62.6549835205
62.8746643066
65.2479324341
65.3377380371
68.8113403320
66.7108383179
63.6637878418
63.9297103882
65.5415954590
64.0830307007
66.1879577637
63.1011962891
66.8009643555
64.2653961182
67.6911849976
67.2124099731
70.4143524170
67.0768280029
66.9789886475
64.8896560669
65.3656539917
65.5067367554
65.8835220337
62.4637832642
66.3849182129
63.0904846191
68.1780700684
63.5193405151
66.9280395508
63.8821868896
69.4485015869
68.4287796021
67.7276763916
64.5051956177
62.6235198975
62.6761398315
63.4226531982
65.2715606689
65.4153671265
65.1460723877
63.4779739380
64.2994079590
64.5911331177
62.5814666748
64.3197174072
63.8067741394
65.5154037476
64.5414581299
68.0735778809
66.5630493164
65.5664520264
62.8148269653
62.6572418213
62.1016273499
65.7050781250
63.7576560974
65.7071533203
63.4024810791
61.7029304504
63.6160316467
64.5865554810
64.4922103882
65.5382232666
63.8013801575
63.1244049072
62.9316978455
64.1993713379
65.6494522095
66.4672775269
63.3087196350
65.1775588989
64.9856948853
69.1756439209
67.3919525146
67.4651412964
60.9979171753
62.6135749817
62.7338027954
61.6277427673
59.9172286987
60.0190467834
61.1803398132
64.7547302246
62.8891906738
64.8950653076
61.3254013062
61.6381149292
60.8113861084
62.2734756470
62.3254356384
63.1292572021
62.3087005615
60.6798095703
62.2920265198
64.8008499146
62.4597473145
63.3710441589
59.0404930115
63.1418838501
61.0887565613
63.2776832581
61.9226455688
62.0439224243
63.2204437256
63.4851531982
65.8236007690
65.7428054810
69.9309539795
65.0512924194
66.0576477051
60.7011146545
64.0491790771
61.7902832031
64.5746917725
60.9754676819
73.5528411865
72.9695892334
75.9762115479
79.1516342163
84.2815246582
77.8584747314
67.5557632446
57.6987152100
56.0815277100
56.6858100891
55.8600959778
56.0907516479
56.0655975342
55.9212608337
56.2665481567
57.2284202576
57.6013717651
56.9349136353
56.3538360596
57.2051734924
58.2540931702
59.6521415710
59.5588226318
58.7433471680
60.0220031738
59.0768127441
58.6829605103
57.7579345703
56.6889572144
55.8287048340
55.6829376221
56.5634918213
56.1097488403
56.4257850647
57.4693832397
55.9899139404
56.9034767151
56.8822975159
58.6056861877
58.0555953979
59.3229827881
57.5099945068
56.3807067871
57.2621345520
56.9283409119
56.6859130859
57.2686767578
57.8122367859
57.8749542236
57.2506027222
57.3860511780
57.1373786926
57.7742462158
58.8200531006
58.6651954651
60.2624053955
58.3138046265
57.3169212341
56.6494216919
56.7910499573
57.7945480347
58.0691909790
60.0132522583
59.5390663147
59.6739349365
57.9160575867
56.1938095093
56.7681503296
56.9691925049
57.5446929932
57.8411407471
57.8976364136
58.4600181580
58.5875473022
56.7410316467
56.9107246399
57.2936744690
58.8200721741
60.5692672729
62.1285057068
62.3338012695
61.3189201355
59.2514152527
57.3648300171
57.7649841309
57.6539726257
59.1850929260
57.8993377686
59.5809020996
57.5815200806
58.6255073547
58.8378334045
59.1838302612
58.9406776428
57.6478118896
56.3960418701
57.3209991455
56.8375473022
57.1665153503
57.0982360840
59.4369087219
61.3030090332
60.5416030884
58.8147544861
55.9207077026
56.7524871826
57.5289306641
58.4861373901
61.6057853699
61.7374382019
59.1489562988
57.3130874634
61.2410621643
62.3636550903
65.4647674561
62.9806976318
60.6148376465
59.4701385498
59.8417053223
59.2402877808
59.6324691772
59.8183364868
58.7597579956
58.7426567078
59.4546775818
59.7317810059
59.7034912109
60.8579940796
60.7406539917
61.5060462952
61.4107742310
63.6866760254
63.2447662354
61.2329139709
58.7667770386
59.6916618347
60.0184936523
59.0477714539
61.1801147461
61.6382026672
61.7986106873
62.1634826660
59.5019493103
58.5309104919
57.4871749878
58.7413597107
59.5911865234
59.6248054504
59.5278854370
61.5632019043
61.8873481750
61.1665191650
58.9826049805
58.5279922485
57.3006401062
56.6082229614
56.1117782593
56.1853981018
56.9975738525
58.8656616211
58.8247375488
59.5443382263
57.8320007324
58.1451873779
57.4537391663
56.3460922241
59.0067214966
60.5677070618
62.1032028198
60.1385498047
57.6010284424
58.2958831787
59.4024658203
59.7281646729
59.6990242004
58.6238403320
58.2430801392
57.4036369324
58.8739967346
60.2768516541
60.4114952087
60.1235237122
59.1989517212
60.3473510742
59.8916511536
59.1233482361
59.7490806580
59.3377342224
58.1179084778
59.6192779541
59.5047187805
58.8268203735
59.2145996094
60.3629951477
62.1295547485
59.6408500671
58.2115821838
56.9249267578
56.6116104126
57.1525764465
57.8293342590
58.9487533569
57.6537322998
61.3915748596
65.4556732178
78.4793472290
76.0823669434
79.1461791992
79.7299804688
80.4819717407
81.0122375488
83.2364120483
82.9437866211
85.5420379639
79.8913726807
79.6886520386
76.3209533691
73.9561004639
66.9040908813
67.5431289673
65.9715805054
67.4943466187
64.1111526489
63.7131118774
62.7710075378
61.9636993408
59.1911506653
62.6661148071
65.8640747070
69.5611953735
64.9013061523
63.1066360474
66.0547561646
68.4727172852
71.0021591187
68.4610137939
65.9758682251
68.8518524170
68.3367843628
70.1200408936
66.2909851074
65.4207839966
65.6020202637
66.5293121338
65.9968795776
62.9869728088
60.5090980530
61.7438850403
65.1357650757
65.7448577881
62.8521194458
61.0707740784
63.6111793518
65.2466735840
66.3309936523
62.8707542419
59.6274261475
60.9624900818
62.6695709229
64.4878692627
63.8708801270
61.5968551636
61.4207115173
61.4503860474
60.7406272888
63.4506225586
75.1644134521
73.3079986572
76.6830902100
86.4350128174
82.3684005737
83.4663314819
83.4245452881
82.3453521729
75.7605895996
71.7194519043
65.0999145508
62.7019653320
60.9852600098
61.0593185425
59.8004074097
60.3762092590
59.6434249878
59.3208160400
57.8478164673
55.3185119629
56.2882003784
56.7390098572
57.0429725647
56.9706115723
57.1160202026
58.5377082825
60.6521148682
61.3674278259
62.6247940063
64.0063858032
65.5086059570
64.5569915771
63.0912246704
61.8884201050
58.5098571777
56.4465026855
55.4206657410
56.5698623657
56.1000137329
58.2331695557
55.8854522705
56.4451217651
58.0748672485
59.6046371460
58.4392852783
56.3282585144
60.0622520447
59.5531158447
61.3871917725
58.2234840393
59.1892089844
56.7083778381
58.4490242004
57.5682754517
58.5250244141
58.4015197754
56.2867813110
57.3189392090
56.7368469238
59.3017272949
55.5010108948
56.5839767456
60.0941467285
59.8147811890
60.6078872681
57.6745681763
59.2670936584
57.6796417236
57.5866279602
57.5657272339
56.9827880859
58.2098655701
57.7208023071
58.1908111572
58.9436264038
60.5828323364
61.2291297913
62.2410049438
60.0228958130
60.8479156494
59.4279441833
59.9253120422
56.6615371704
58.6076202393
58.3376655579
60.4858322144
61.4230957031
59.9967689514
59.4441528320
59.7774353027
59.9720840454
58.5250511169
58.7017555237
60.3636856079
59.8641891479
59.0813140869
59.2207260132
60.0658645630
59.9818611145
58.5801582336
59.7746963501
60.0705413818
59.5540809631
59.7209243774
58.8348846436
59.6576538086
57.9676742554
58.3700332642
57.3866996765
59.0824661255
58.0152053833
59.7396926880
59.0725212097
58.6255798340
60.1783676147
59.5038681030
60.5659027100
58.5339355469
59.3779106140
58.0510520935
60.4743385315
58.8647613525
58.6812324524
57.8978805542
58.5357093811
60.1097564697
58.8508148193
60.4784202576
58.4040184021
60.0611190796
62.2249336243
65.9112777710
62.5144233704
61.6963272095
60.3899803162
60.3116683960
60.5622940063
61.2503738403
63.0079193115
62.6699180603
61.5092773438
58.9784507751
59.4432296753
58.6397132874
57.9572448730
58.9830093384
58.5537338257
58.7088623047
57.5739364624
58.2477340698
58.2243423462
57.6417503357
57.2502403259
56.8576202393
58.1814498901
60.0064620972
57.5710296631
57.8301849365
58.7259025574
60.2251434326
60.0139236450
58.4206008911
58.0935211182
58.8250846863
60.7093887329
58.9705810547
60.8473129272
60.4820518494
61.8004989624
59.4413681030
62.9771804810
60.6830520630
62.0502510071
60.8598670959
61.9817810059
61.9786605835
60.2417449951
60.2553558350
58.6795501709
61.3563308716
59.3925857544
62.4144897461
62.3069381714
62.3401222229
59.9920730591
59.0334777832
57.5252304077
60.0428962708
59.1503295898
59.0028152466
59.7524681091
61.5686302185
61.3207626343
60.5185203552
60.4419937134
61.1968765259
60.8351440430
59.9034118652
60.7465057373
59.8173484802
59.3405609131
59.9794311523
58.6894569397
60.1106719971
60.4212493896
70.2449722290
79.7200164795
80.2644577026
74.9868621826
76.1649475098
75.6165847778
69.0064849854
60.6011848450
54.9285049438
52.6692199707
52.7117996216
52.2924766541
52.6570243835
53.1586914062
53.0953826904
53.3752746582
53.7987709045
53.4280166626
54.0221328735
54.1269798279
53.5405616760
54.8070487976
54.1873092651
54.8481330872
56.4318313599
56.3378982544
55.5968666077
54.9440841675
54.2517547607
54.1155319214
54.0408134460
54.6107254028
54.4646072388
53.5476303101
54.6205825806
55.7029342651
55.9235916138
56.2090835571
56.6278305054
56.1714172363
56.1381034851
55.0456123352
54.3706626892
55.3206481934
55.5473251343
56.3720550537
55.7313308716
56.6842994690
55.6763153076
55.8624153137
55.4037933350
55.6007537842
55.7338867188
70.2869262695
77.2958526611
78.7552947998
77.6221313477
60.1510353088
55.1951522827
55.5651626587
55.4716415405
55.1891708374
55.3229827881
54.9603691101
54.7532157898
54.7607727051
54.4859085083
54.0501556396
53.9755249023
54.0701980591
54.5997009277
55.7197074890
56.0067901611
56.0354385376
55.0681724548
55.6764488220
55.2832183838
55.3871612549
56.4457473755
56.0892372131
55.8805541992
56.5500297546
55.5917663574
55.5826721191
55.0888977051
56.4819717407
57.8031234741
57.2086410522
56.5567321777
57.2177391052
58.9965248108
59.3561019897
58.9531173706
59.2035751343
58.7805824280
59.4100646973
59.7637596130
59.5314712524
59.9175415039
60.0457687378
59.7051162720
57.9273529053
58.6412696838
61.6401214600
61.8846359253
60.5058822632
61.5957908630
61.6724357605
61.1290473938
55.7399101257
54.7005958557
55.4703903198
58.0710144043
62.6600952148
63.2515182495
60.1426506042
55.1839981079
54.7978057861
54.8897323608
54.4567527771
58.0907554626
70.6826400757
75.2532806396
77.2761993408
75.3048934937
77.3579711914
76.3327636719
85.6563110352
82.0064392090
79.9090118408
74.5384750366
72.1802749634
70.5941390991
67.9980163574
63.8708915710
64.0724945068
64.9038314819
65.3458557129
65.8889389038
64.2153625488
68.0108795166
67.2052307129
66.5967864990
65.1339797974
65.5432434082
64.3372039795
62.7528457642
67.4769744873
70.2474060059
71.6345214844
68.3135910034
69.3686676025
68.2939453125
71.1406784058
70.5195388794
69.3024673462
68.9651260376
67.0409011841
67.4632492065
64.4313125610
67.8841323853
67.3219375610
68.0758209229
67.5799484253
66.8764572144
64.3285751343
64.0830154419
64.9006195068
65.4676361084
70.2418365479
70.9633026123
75.1831207275
72.8133544922
75.7027206421
75.6083450317
76.4502716064
75.7121734619
75.1280670166
74.3558425903
72.3378143311
71.0400543213
70.9909286499
69.9949798584
69.6205749512
67.9853744507
69.5895843506
67.9227523804
69.1822967529
68.5658950806
69.4263687134
68.8442382812
66.9433212280
64.5073852539
64.0231933594
67.0266418457
68.0339508057
67.8671264648
67.1677322388
66.8900833130
64.7664031982
67.2403488159
68.7790985107
71.9708633423
71.7665176392
69.7506256104
64.9744262695
63.8334655762
66.5917282104
69.1723480225
69.3063201904
68.5084304810
70.7251129150
71.8425064087
70.2616577148
71.5011138916
71.3466644287
69.8138885498
70.6593780518
69.4834747314
69.3216323853
69.8470764160
73.3216171265
75.6295776367
74.3911056519
72.2873229980
68.3094940186
67.1802597046
66.6603622437
67.8595428467
69.8199005127
71.9480438232
70.7924346924
68.6775360107
68.1924896240
67.8346862793
69.1378784180
66.8652343750
67.6280364990
68.0382080078
69.2583312988
70.1397857666
72.4184722900
75.0785827637
75.6772918701
76.0218658447
74.2912139893
74.8431015015
74.5807800293
74.7327270508
72.0881347656
68.6519165039
69.3812332153
71.3705139160
73.5602645874
69.2287445068
67.9626007080
65.4431991577
67.6569671631
79.1779251099
77.2346343994
77.3502426147
75.2097320557
64.2149429321
65.8017730713
67.2846298218
71.5737152100
71.4881820679
72.3658294678
73.2064743042
73.4064331055
70.0709991455
70.7071151733
67.2053375244
68.2448196411
69.0739440918
68.4098815918
68.6289901733
68.9518280029
72.0655670166
73.1574020386
71.4566955566
67.2401123047
66.0311889648
67.3964843750
68.6650695801
68.7517166138
70.9941329956
73.3024978638
76.4514694214
72.8547363281
74.2635040283
75.8221893311
76.6040039062
73.2797470093
71.4279861450
70.2391967773
73.1577835083
71.8402328491
66.4408874512
66.6082611084
68.7445297241
74.3074188232
76.2179946899
75.4402542114
69.5706100464
67.3185272217
70.3471908569
73.7339248657
76.1713409424
75.1867370605
74.8490600586
69.2704772949
64.1746902466
64.5487060547
66.5438232422
68.3555908203
70.3629608154
70.6067733765
73.4056701660
71.7571029663
72.3623199463
74.5826644897
75.3160781860
78.2528915405
79.7341079712
79.6772460938
78.0065994263
77.0140762329
74.7352294922
66.8414382935
61.8498229980
60.0041122437
59.6304321289
59.6442451477
58.7500419617
58.9194831848
57.9628524780
58.1655006409
56.8657302856
57.1637573242
56.6637268066
57.6539077759
58.2554130554
59.0383720398
59.8391723633
59.3020858765
57.3821105957
60.5931396484
60.4228897095
59.9685020447
58.3253860474
60.7609024048
60.5332908630
60.1897048950
59.9430274963
60.9988098145
60.3128204346
59.6923866272
58.5264816284
57.9703063965
58.2100448608
58.2826919556
58.2419281006
60.4609947205
66.5052795410
68.3688430786
69.8060989380
66.7098770142
71.7238006592
73.2958526611
72.6577072144
70.4673233032
70.5339202881
69.2989273071
67.6143188477
66.3961639404
64.8095474243
64.8754806519
63.9225006104
64.0324859619
61.8128433228
61.5068168640
64.4227218628
73.7277679443
82.6295928955
83.6032714844
87.3952026367
91.5579910278
95.7887725830
94.9832229614
91.5221557617
90.1628494263
86.0962829590
80.7377243042
77.7904815674
78.9783782959
76.2346115112
70.8367004395
70.7490615845
73.0217361450
74.0693588257
72.8586502075
72.6119995117
69.9148712158
70.0519104004
80.3740921021
82.3291778564
81.6729736328
84.1317062378
86.2556838989
85.8535766602
86.7769622803
82.0106124878
79.8165664673
80.0659713745
79.9535675049
81.5954437256
82.4065628052
78.9729995728
79.3231887817
88.6809768677
85.5654678345
87.6104431152
91.7577362061
91.4998931885
88.2572021484
85.7331161499
86.9238281250
91.8815536499
88.9668197632
85.0235443115
80.4061279297
84.9244384766
84.1739959717
84.3454742432
80.0864334106
78.7992706299
79.2726745605
83.3081817627
80.8458404541
83.2167968750
87.1808242798
89.1837692261
85.1166229248
84.5614776611
84.1552658081
80.7064743042
80.8890380859
82.1985473633
81.4135971069
78.2817993164
71.2043228149
65.1164474487
66.3462219238
65.8469924927
66.1186447144
65.6345138550
64.9038848877
63.3359451294
65.0762786865
73.2667083740
77.2039031982
79.9696731567
78.9520111084
81.2030334473
87.6562881470
88.4237136841
86.1259536743
84.0748062134
82.1730194092
78.5320053101
66.6041183472
61.7912750244
60.5316314697
58.5811576843
56.3612174988
56.3928451538
56.7945175171
56.9046249390
56.1621437073
56.4746856689
57.0981178284
57.1579818726
57.0669937134
58.1451339722
58.2964706421
59.0201454163
57.6076965332
57.5901412964
58.0378303528
59.2377471924
58.4400329590
59.0379638672
58.4353256226
58.0054626465
57.4972152710
58.2263641357
59.0019607544
61.0568542480
61.7871818542
62.4740829468
61.0921516418
60.2423973083
59.7176666260
60.0752563477
61.0793304443
61.5344505310
61.3799743652
61.2634811401
60.1556968689
59.9393920898
59.7323265076
59.2481307983
59.4211235046
59.8525352478
59.1594085693
59.0624351501
58.9350738525
58.7053146362
57.7027473450
56.8609809875
56.5843772888
57.3048171997
58.2557601929
58.5573730469
58.4651565552
59.5401802063
58.9701042175
59.1738281250
58.3778877258
57.0768203735
57.0848083496
57.4750938416
58.2248229980
57.7675552368
56.9735488892
58.0848541260
57.9475708008
57.4441528320
57.8031387329
58.3015861511
59.4753799438
58.9803924561
58.4427757263
58.6302986145
58.5384712219
57.5223922729
58.7984046936
59.0503768921
58.7155189514
58.6960220337
58.6059951782
60.5264205933
61.6684188843
61.1934204102
59.9212799072
57.5866775513
56.9852142334
57.8995513916
58.1101531982
58.0236663818
57.4783515930
59.5696640015
59.4777374268
58.1623268127
57.3380165100
58.2737655640
60.3125419617
60.9832458496
59.9419364929
58.4391670227
57.1849479675
58.5368003845
58.2057800293
59.1112747192
57.7219161987
57.8406906128
58.5603256226
58.2749404907
58.5918159485
57.9508666992
59.0279273987
57.4841308594
58.3124122620
57.4488906860
57.7989120483
57.5119018555
57.0086936951
56.9090881348
57.2480773926
57.0401077271
57.7159729004
58.3346862793
60.1242904663
60.3646888733
59.7812805176
59.5299758911
60.0967140198
60.4895515442
60.1891021729
58.7658767700
58.1478576660
57.2383270264
57.1723098755
56.2165679932
56.4485015869
56.0663833618
56.4141883850
57.0813789368
56.8555793762
57.7126846313
57.1742210388
57.3156280518
56.0690155029
56.3152275085
55.3137931824
56.3900985718
57.1950683594
56.8669624329
56.2823715210
56.4154777527
55.5285644531
55.8283271790
55.5404052734
55.0713500977
55.1925773621
55.7638778687
56.0215415955
55.7321052551
55.9484329224
56.8702964783
55.7400054932
55.7282676697
54.8193740845
56.0043067932
54.6602592468
56.2523422241
56.5556526184
57.0762329102
56.7591476440
58.8467483521
58.3558807373
58.1799774170
57.0923767090
56.2510757446
55.7437744141
57.0351448059
57.3091201782
58.0547752380
58.2767486572
56.5744209290
56.4565773010
56.5978546143
56.5741729736
56.6585159302
56.9933357239
58.4468879700
59.2079238892
59.4314041138
59.5082702637
60.0973052979
60.2658157349
59.1075210571
57.9127044678
57.0621528625
56.9943504333
56.9565124512
55.9192962646
56.9475173950
56.1593322754
58.4661788940
57.5893669128
57.7211837769
55.0093841553
54.1895332336
54.5111083984
54.9959907532
54.4849510193
58.7807807922
59.1560478210
61.5829429626
57.8798713684
56.2894248962
55.2248573303
54.3044052124
53.2731018066
54.0108795166
53.1761093140
53.4684104919
53.2545089722
54.5924911499
54.1281738281
54.7761077881
53.9311714172
54.3606414795
54.0513000488
54.0387573242
53.4747085571
53.5272178650
54.1203231812
54.0312652588
53.1391716003
53.6427764893
54.3866157532
54.0607719421
53.5215759277
53.7227249146
53.3199996948
54.8804092407
55.1765937805
54.8369712830
54.3000259399
53.6917648315
54.1802101135
53.8609275818
53.6226615906
54.0690155029
54.4030685425
54.0515327454
54.8493957520
55.6038589478
55.9617424011
55.4412345886
54.5292816162
54.7085990906
54.2133407593
54.3010101318
53.7490081787
54.1508636475
53.5892944336
53.2880477905
53.2045822144
53.7592010498
53.6134529114
54.0031890869
55.0963668823
53.8134994507
53.5148811340
53.6382637024
53.6343421936
52.9997291565
53.6352882385
53.1133270264
52.7186698914
53.3701248169
53.8017387390
53.1160430908
54.6824302673
53.9823188782
54.8178749084
55.0330810547
54.5573806763
53.8456420898
52.8580436707
53.5582580566
52.7743721008
53.9226951599
53.2987670898
53.3149185181
54.6252593994
53.1062850952
54.3841094971
52.8268890381
52.9987907410
52.0657157898
52.8841247559
53.0022506714
53.2948150635
52.4578895569
53.6620254517
52.9996376038
54.3705787659
52.7828598022
53.3466720581
53.4559173584
54.0468864441
53.5587234497
53.4416351318
53.2629165649
53.2721328735
53.5305175781
52.6541404724
52.4191284180
53.3599052429
53.0458908081
56.6503143311
57.5242347717
57.1271743774
54.9672966003
53.0823059082
53.2765007019
54.3012847900
53.7989501953
54.9077873230
53.5617523193
54.9569091797
52.8059921265
52.3521537781
52.0708122253
52.8493194580
52.2300148010
52.1372222900
52.9426307678
53.6702957153
54.1123428345
52.8409805298
52.9744720459
52.9268074036
52.3368110657
52.2448577881
53.4780502319
53.4866065979
53.6119995117
53.0163116455
52.9118347168
52.2810287476
53.0635223389
52.2883872986
53.2949104309
53.0430526733
52.3245620728
52.6831207275
52.8918228149
52.2895278931
52.5243911743
53.5489730835
52.7305412292
53.6940879822
52.9133758545
52.4427795410
53.1676559448
53.7918930054
53.2115745544
54.4430618286
53.4835433960
54.0641593933
53.5913352966
53.0559730530
53.5512390137
52.7156105042
54.4821090698
52.8478927612
52.7031860352
52.5644912720
53.1923294067
52.7077331543
53.9256553650
53.0529785156
53.4970550537
53.6306648254
52.8881378174
52.0605545044
51.6145782471
52.5220451355
53.4698028564
54.2270240784
53.0578765869
52.0853233337
54.7144012451
56.3724670410
57.9356689453
57.5317153931
54.4044532776
55.4934806824
55.3970413208
55.3299255371
55.4064712524
55.8145446777
54.4233093262
55.1996650696
56.5849533081
55.7756042480
56.4032669067
56.0914001465
59.1154060364
60.3172721863
59.1352119446
57.7949333191
53.3314743042
52.1053924561
51.9586486816
52.4297370911
53.3435134888
53.9042816162
54.4321136475
52.9682044983
52.7943496704
52.0616683960
51.8278694153
51.9409141541
52.8982810974
53.0132560730
53.2541999817
55.2204284668
56.1208076477
55.8903160095
55.7879486084
52.6742248535
52.6004295349
52.5865402222
52.7161178589
52.9220275879
52.8182373047
53.1794548035
52.4693527222
53.0066223145
52.2443847656
52.1440467834
52.4162788391
52.5253791809
53.1929130554
54.0637283325
53.5354537964
53.8391647339
53.6993560791
54.6627197266
55.1564102173
53.7905769348
52.4993972778
53.8268737793
52.8577117920
53.8420104980
54.3819580078
54.4432411194
52.9624557495
52.3755874634
52.6701049805
56.1870803833
58.5428237915
59.1575431824
58.5422782898
56.1394805908
55.4578628540
55.2319030762
53.8733406067
54.8740768433
56.8090934753
56.0015106201
55.2428779602
55.1855354309
55.0199203491
53.6249427795
53.8024520874
53.5395812988
53.3989181519
53.3173637390
53.1461334229
53.3221511841
53.7844924927
54.0301208496
53.7466163635
54.0000000000
54.5106544495
54.3447837830
54.2386512756
53.3173904419
53.1114921570
53.1077499390
52.5821228027
52.7221183777
53.2093162537
52.9576873779
53.1099929810
52.7017364502
53.4580383301
54.1154403687
53.7967948914
53.7273178101
54.1589660645
53.3179512024
53.0136566162
52.4529418945
54.0183334351
53.5152854919
55.3049278259
54.3760910034
53.8551368713
52.6757774353
54.3502998352
53.0615501404
54.3084335327
53.0340423584
53.4503860474
52.8808250427
53.4373817444
54.5891609192
54.6435050964
54.8329696655
54.4193115234
54.7568855286
53.3573913574
53.3724784851
53.0977172852
52.8200683594
53.6006240845
53.1773757935
54.9794807434
53.8528366089
53.5328330994
52.8439941406
53.4053077698
52.8909072876
52.9642639160
53.0894851685
53.4698257446
52.5921669006
52.8152313232
53.6248779297
53.2260665894
54.0635070801
52.9566574097
53.4509239197
53.4780883789
53.2992858887
52.2136306763
53.0164871216
52.2810592651
52.6809463501
52.7633209229
54.8759956360
54.1910781860
54.2041778564
53.8811149597
53.5728721619
53.7365379333
53.4318542480
54.1926689148
53.5157546997
53.1474037170
54.6424255371
56.9481849670
58.3696670532
57.3884201050
55.4532699585
54.9943199158
53.9425201416
54.1448745728
53.6642456055
54.3360748291
53.7944946289
54.4431076050
54.5917434692
55.6188201904
55.5775299072
56.3973007202
54.8874282837
54.8010673523
54.7812881470
54.9874076843
54.9539985657
56.7412185669
55.0435791016
55.2642059326
53.7436408997
54.7090454102
54.0934829712
54.5442199707
54.2533454895
54.4303588867
54.2105064392
54.6995925903
53.6819267273
54.2164001465
53.7844200134
55.0732345581
54.4287490845
54.5853004456
53.9995269775
55.2950134277
53.5298690796
54.3331146240
54.7480010986
54.9559364319
56.0706367493
56.3555679321
55.9813385010
54.2235260010
55.6182136536
55.8650741577
56.5598602295
55.7644500732
55.1106567383
55.0051651001
54.9761962891
55.1814651489
55.0474624634
55.0200119019
55.6909332275
55.9878234863
55.1443824768
54.2695465088
55.0018234253
54.7005462646
55.0266456604
54.0074501038
55.7327499390
54.6546669006
55.3635635376
54.5803947449
55.2733078003
54.5927429199
54.6639938354
55.0191574097
55.7188949585
54.9808349609
56.1653327942
56.5096626282
58.1389541626
57.4110221863
55.6003723145
55.5194091797
54.5677032471
56.0338134766
54.9934883118
55.7302246094
55.2340049744
55.7368545532
55.3026962280
55.9593200684
56.0456008911
55.1554679871
54.3078689575
56.4193649292
55.5338096619
55.7383499146
54.0419464111
53.4283714294
53.9652252197
53.8543472290
54.7855606079
54.6861267090
54.7387962341
54.1239776611
54.4941329956
56.1849861145
59.0794067383
59.1678695679
57.8188095093
55.1840591431
53.3047714233
52.1087532043
51.6533813477
51.9527053833
51.5800857544
52.8095779419
52.2950134277
52.7860870361
50.9290466309
52.3122329712
51.8439979553
53.1990165710
52.0571098328
52.7018051147
51.5924758911
52.6036071777
52.4731140137
52.3173027039
53.8241996765
53.1566162109
64.8258590698
74.7096405029
79.6536560059
85.7981185913
90.4462585449
87.6073684692
88.2316055298
86.9287414551
84.7194442749
81.7837371826
80.7548522949
75.4003295898
67.6068801880
67.0800933838
66.3264312744
65.6874389648
66.2493667603
68.7435073853
70.4371032715
71.4332199097
66.9007492065
65.0022735596
65.0772399902
66.9055480957
68.2707901001
64.3074569702
65.8095092773
65.2968215942
68.8584899902
67.0498046875
67.7253875732
65.7004089355
64.8055038452
64.8755645752
65.0895080566
64.7546997070
64.7865753174
65.0492248535
68.0424804688
69.1067962646
70.8342742920
66.5888900757
64.5455551147
61.2016143799
61.6606140137
61.3055648804
61.8908195496
63.0156364441
62.3076095581
64.1575012207
61.7223968506
62.9200668335
61.6490936279
60.5029525757
61.4256782532
60.5306510925
62.8287811279
61.6788330078
60.9727935791
61.0980377197
61.2684020996
61.7782897949
62.6429786682
61.2661056519
65.6293182373
64.2325897217
63.4931335449
61.7089500427
61.5806198120
62.2143516541
62.8853073120
63.5693054199
62.3423690796
62.3009109497
62.9379425049
64.8540039062
64.1919174194
62.2266540527
62.4287300110
64.2306060791
62.5932731628
62.5257034302
65.6746520996
64.8794097900
62.5839920044
61.7073898315
62.7954330444
60.8550567627
60.9587173462
61.6671600342
63.2485885620
63.3424072266
61.9689025879
61.4070129395
63.0608139038
63.1375312805
61.7162895203
60.8992691040
64.3268127441
65.8912353516
65.2816925049
63.7911453247
63.3698654175
62.0372314453
62.3850669861
62.7458877563
62.7925033569
63.3858947754
63.6633300781
64.1824493408
63.5447311401
62.0514030457
63.7539520264
66.9240646362
69.9477996826
67.0877761841
63.7192916870
61.9102325439
62.1954269409
61.9409866333
61.7066955566
64.5659027100
63.8152961731
65.3229064941
64.6892242432
64.2305450439
60.7783622742
59.6022377014
62.1001434326
62.1225280762
62.4812545776
62.3811569214
69.4365692139
72.9464111328
73.2902755737
72.7179412842
69.7173843384
67.6744918823
66.6094436646
65.9309387207
65.1995697021
64.5716247559
63.9686889648
62.8271255493
62.3238754272
63.3491744995
63.3674774170
62.9240036011
62.2941589355
62.7051506042
65.0389022827
65.5965499878
63.8791732788
63.2120170593
61.7879219055
62.5512390137
63.5207366943
66.4549636841
65.5170288086
64.2859802246
62.0521659851
62.2298812866
63.0617675781
61.1324195862
63.0444221497
62.5656204224
63.9380111694
62.7508087158
63.9405212402
64.8486709595
65.5729370117
63.9664649963
63.5029907227
66.7617950439
70.5738525391
66.9814834595
62.4395217896
61.4797554016
62.9064178467
66.6327209473
60.9624481201
59.0568695068
58.4596138000
59.3596153259
57.7858734131
59.1628112793
58.8927879333
59.4575881958
60.1596298218
62.0973129272
62.6267929077
63.4608078003
62.2285842896
62.0961647034
61.7360229492
63.3515205383
63.4096107483
63.7551651001
61.5356292725
62.4374389648
62.5044288635
64.2031784058
64.9447479248
66.1530456543
66.1554412842
65.4335937500
66.5433578491
66.5366821289
66.0727310181
64.7275543213
65.4839935303
69.6394882202
71.2729339600
71.6066284180
75.2058410645
78.4604339600
79.5259094238
73.7087326050
70.6251220703
66.2952880859
67.8166809082
66.4662933350
64.5608062744
62.8702201843
62.2922515869
62.7272186279
60.2743606567
60.5567779541
60.8407630920
61.1150741577
62.1380615234
62.4899978638
63.8985748291
63.4989700317
62.2898674011
60.8835830688
59.9760131836
60.5459136963
61.5360221863
66.2869491577
67.1773910522
69.3892211914
65.5637283325
61.3373489380
61.1971206665
63.1562805176
66.3024291992
65.5023803711
60.8948211670
60.2956619263
59.4791564941
58.9393348694
59.2930526733
60.0266647339
61.0920333862
62.0190811157
62.7954711914
63.8952598572
61.4377441406
59.8168945312
60.4874114990
61.4447555542
65.8771057129
67.3564529419
69.2114562988
66.5539703369
63.7629547119
64.3730697632
67.4252700806
69.3238067627
68.0134887695
65.1815948486
63.3308486938
62.5738754272
61.9549942017
60.4143409729
63.2934074402
65.2703628540
67.8855361938
67.0943374634
67.2692337036
68.2964553833
68.9615478516
66.0275726318
61.6138076782
62.0951576233
60.3595962524
61.1696586609
61.7487373352
62.1653900146
62.9609642029
61.6937866211
62.5385513306
62.2813796997
63.7888374329
64.8675384521
66.2974929810
66.4968719482
66.1996383667
66.9929656982
66.5951538086
65.9690475464
68.7383346558
70.6662521362
71.4144287109
69.3091049194
66.7717514038
67.8147811890
68.9856872559
69.2172164917
67.6530990601
68.8443069458
70.0594863892
70.0269317627
70.4575195312
71.2164459229
70.9309082031
69.7341537476
69.4778518677
66.6583099365
66.5657043457
64.7253799438
67.6470336914
68.6577301025
68.9323654175
68.1314697266
68.8213348389
66.0430297852
66.2243728638
67.8727874756
67.4487762451
75.5602111816
76.2489929199
79.4958572388
78.1866912842
84.7169113159
85.3905334473
84.0525817871
76.4397811890
67.8895874023
63.1449584961
59.7520446777
61.2249374390
65.6756973267
69.3798370361
70.4095687866
72.0434494019
70.5012207031
71.8507080078
67.9045639038
63.4809417725
61.7385177612
63.3466415405
65.3570098877
66.2451858521
67.5337829590
73.2793579102
77.3933563232
77.0199432373
79.0480880737
81.2840576172
84.4223022461
85.1236114502
80.3095169067
74.1653137207
60.8746910095
57.0245170593
57.4173660278
56.1140136719
55.2420959473
55.6359634399
56.8208885193
55.8918533325
56.1756210327
55.7718505859
57.2830352783
56.5905075073
57.1632080078
57.1226692200
58.3133087158
56.6331558228
56.0627517700
55.5274276733
57.0031394958
57.0101776123
58.9414558411
58.7957763672
58.2970390320
60.1685714722
63.6617889404
66.9064941406
66.4290084839
64.1450805664
60.1520156860
62.6390609741
66.0251617432
65.6430435181
64.2794799805
60.8889923096
59.6915931702
59.3542594910
60.8619003296
61.0396766663
62.6228637695
64.7486343384
65.1795883179
64.0753860474
64.9021148682
66.2570343018
63.6816787720
62.4724617004
61.9784088135
61.7587127686
60.8639755249
61.0490951538
61.6994705200
59.7256393433
59.6733779907
58.8716506958
58.5118179321
60.3517646790
62.3179740906
62.9774322510
62.4533996582
63.3147125244
65.1957321167
64.2874755859
62.5139465332
62.5325546265
61.9060668945
62.1301841736
60.1785049438
59.1724319458
59.3291397095
60.2574386597
61.1487655640
61.1544799805
60.8160858154
60.6939086914
61.2388420105
62.0790405273
61.6274070740
60.8838958740
59.5531005859
59.9467239380
61.8121490479
65.1717681885
65.3105545044
64.5892181396
63.7396621704
63.0421676636
64.9755096436
64.9086914062
64.6628112793
65.1829223633
63.6750640869
64.1401977539
65.9853668213
65.9703521729
65.5863571167
64.8222351074
64.8267898560
64.1505661011
64.4471435547
65.0943145752
66.7164535522
68.7105560303
65.8290252686
61.5423011780
60.0543060303
62.1557731628
62.9513397217
62.0855445862
58.8645591736
59.0472488403
60.6640548706
60.8526840210
60.1412353516
61.7246055603
63.4064712524
62.4255981445
60.6144294739
59.4144973755
63.5570869446
63.0809822083
65.7883071899
66.3092498779
66.9795227051
64.0519104004
60.9629287720
60.7071456909
61.2824630737
61.5310516357
62.1420288086
63.2611541748
60.9160308838
60.6876296997
59.6967163086
60.1892471313
59.8940925598
60.2916755676
59.6735839844
59.2979812622
60.1378402710
63.0565795898
67.1328277588
68.4178771973
65.4122772217
59.8025627136
59.6721801758
61.7199287415
60.0877532959
58.6484451294
56.9622993469
58.2106475830
57.6035423279
57.3707504272
58.2855377197
59.4327468872
59.8940010071
59.7297592163
58.9573478699
57.7432899475
61.0176467896
61.6907234192
69.3421554565
77.4715423584
81.5755310059
86.9461288452
82.5555648804
83.2539520264
76.6403121948
68.6166534424
64.0427246094
60.4470367432
59.2173690796
56.5374717712
56.5289268494
56.3231620789
56.6520614624
57.3489379883
56.9457931519
58.0798339844
57.5727996826
58.1743087769
59.5042419434
59.3494186401
58.6966552734
58.0382385254
58.6214599609
59.0636177063
59.7160491943
58.1575469971
58.6821098328
60.0742568970
62.1263580322
63.4444427490
65.5990447998
65.2084808350
64.4786224365
64.6000442505
65.1899871826
65.2661132812
63.1315689087
62.6793022156
63.6813049316
64.1723785400
62.1981201172
60.1235656738
59.1098480225
60.9535446167
60.9764328003
60.4127006531
61.2816658020
60.2027320862
60.7518196106
60.6340866089
62.9238166809
60.9836921692
61.5754089355
61.6044578552
61.0357742310
61.2243957520
61.8229293823
62.3913803101
63.8145904541
63.7550964355
64.1318817139
63.0828247070
62.1928482056
59.2841148376
59.2136993408
58.4452362061
59.4703598022
58.9698410034
57.9796600342
60.5995788574
62.7186203003
62.0423049927
60.4116134644
58.1440658569
59.1150970459
60.0853996277
59.3363876343
58.0541877747
57.1674461365
57.0263824463
57.3492202759
57.9161224365
58.8486213684
59.3262481689
62.1726684570
67.3889999390
67.9208221436
66.2209167480
57.9302558899
55.5203933716
57.4827804565
60.1707611084
59.8156356812
60.1016273499
56.6128883362
56.6035728455
57.2056198120
58.3187789917
57.4732170105
57.3852310181
57.2209548950
57.9158706665
57.1995849609
56.2709732056
57.6630973816
60.4925346375
68.0981292725
75.3172683716
76.9993286133
85.0833358765
83.2983779907
87.0156936646
86.5543746948
75.8248291016
66.4446945190
59.0535087585
58.2070770264
57.8658142090
56.9728965759
56.1212654114
56.4929924011
55.9997863770
56.4373092651
55.1757965088
55.7058258057
55.1460571289
56.2700576782
58.0743865967
58.9986381531
60.0713119507
59.7378730774
61.3573303223
62.9499282837
62.6145324707
62.9952888489
62.1283416748
61.6407318115
62.9915008545
63.8998718262
63.0919799805
60.2732391357
59.6451873779
61.7810287476
63.7209243774
64.3336181641
62.8362960815
60.8771896362
59.7612457275
59.4305763245
61.4975471497
64.8891296387
66.0246963501
65.3119354248
62.1394424438
62.2005310059
61.4871177673
60.6376953125
59.6358947754
59.1978225708
60.1229400635
60.9195709229
60.8933486938
60.6191940308
60.4717864990
59.4460868835
59.7761154175
59.8893051147
61.2869529724
61.1242523193
61.6949501038
61.6937103271
61.1346435547
60.4372558594
59.5892448425
59.8954315186
59.6421051025
59.0350608826
56.6554565430
57.6465644836
57.8503456116
59.8579978943
55.9927482605
55.3835830688
57.3653869629
56.4264068604
56.8261871338
58.2402954102
58.6106567383
59.2001266479
59.3907508850
61.0537338257
63.3579711914
66.2880783081
64.6109161377
64.4506378174
61.6687088013
60.6667785645
61.1377258301
60.7204551697
59.4237098694
58.2732467651
56.3844490051
56.9076843262
58.2622375488
57.7149505615
57.6753082275
57.7630767822
58.0895385742
61.4946365356
63.4926338196
65.3787002563
64.6724700928
61.8255233765
62.6339988708
62.6025161743
64.4491729736
65.0151443481
64.7826690674
64.8795166016
65.0695419312
66.3595428467
66.9749374390
65.7989196777
64.3093795776
60.4287490845
60.3663482666
61.4411659241
63.1037902832
64.1255187988
63.7752342224
62.7840957642
63.1123123169
64.4224243164
64.8061523438
64.7214508057
64.3685913086
66.8903503418
68.0482940674
66.8214035034
62.5095367432
61.5794372559
62.5695190430
67.3839035034
69.4479522705
73.8155212402
77.7114715576
77.2052993774
78.5207290649
81.9251861572
81.5503997803
83.7338790894
82.7159805298
80.1583251953
77.4491500854
74.0914764404
74.3173522949
75.8509216309
73.2109909058
71.9495086670
70.1706161499
71.4988327026
73.3656463623
75.5187454224
78.7111663818
80.2386779785
77.6562805176
73.1703643799
72.4127349854
70.9949340820
73.4594421387
76.3623657227
80.0069580078
80.3960952759
77.5666732788
78.1243591309
77.7903060913
77.3880157471
77.3942260742
78.9946136475
78.4503555298
77.2176361084
77.7174224854
78.7294006348
77.7977066040
75.9676513672
77.5343170166
77.3022537231
77.9033966064
77.3876419067
76.0509262085
76.1584472656
78.7794952393
80.4066162109
79.9717330933
77.6005325317
76.5199050903
73.9129333496
76.6550674438
72.6275405884
74.9816284180
75.5481948853
79.7235717773
79.7698059082
77.8617401123
76.6150207520
73.8474578857
73.1775360107
72.9920349121
75.5901336670
77.2355194092
78.1439208984
76.8297271729
79.1197967529
81.1862182617
79.4081115723
78.3957824707
78.7916259766
82.9351425171
80.9891433716
81.4830551147
82.2071533203
81.0295410156
79.0893554688
77.1114349365
78.4006881714
78.4636383057
76.3671264648
77.2040405273
76.8312530518
75.3467559814
80.9299621582
81.5861892700
82.1212158203
78.6319503784
73.5879745483
79.4133605957
77.4796600342
82.2179946899
79.1890411377
82.9888000488
84.2501296997
81.8647003174
76.5481796265
76.0924987793
75.0530395508
76.2633819580
72.9079513550
70.7448120117
70.4615707397
73.4060821533
77.6191558838
79.8428497314
80.8448028564
78.9170074463
77.9967956543
77.9253387451
76.4823455811
71.7878952026
70.1033477783
71.5704956055
73.3006668091
74.3949584961
73.5449218750
75.5473327637
75.1407165527
78.3038635254
74.7907638550
74.2333831787
74.1760864258
74.7143325806
78.0848236084
76.2034759521
75.6047210693
77.6078491211
76.8638305664
80.4635620117
75.1028747559
74.5757751465
76.2028198242
76.2467498779
76.2835693359
74.4081039429
75.0895690918
74.4457778931
73.4842071533
72.6014938354
77.6174697876
79.0607910156
78.3721389771
77.6294631958
80.3524780273
80.0629806519
82.1408462524
78.2561264038
76.9311294556
74.5728225708
72.8986892700
75.8547058105
75.3344421387
74.4863128662
74.5682296753
76.2582473755
76.4334106445
74.6620864868
76.4938430786
76.6988983154
80.2715148926
79.0764465332
78.1967544556
77.4533386230
79.1422576904
81.5528182983
81.4729461670
78.6626586914
76.2923812866
73.9790649414
74.0536499023
75.3830261230
78.5525817871
79.5509567261
78.1577072144
75.2162780762
72.3636322021
72.2237930298
74.8790283203
75.7370758057
78.1968536377
77.2368011475
76.6163024902
76.0218276978
76.8546829224
77.5689010620
76.6581497192
75.9876174927
74.7565612793
75.7565841675
76.2134704590
77.2059783936
77.6726379395
78.2298126221
77.7527618408
80.5543289185
83.0936737061
83.5050354004
83.8038940430
81.1719512939
79.9460754395
78.2835769653
77.2808532715
79.3049240112
79.5979080200
82.4040069580
79.5448608398
78.2626647949
75.1315917969
74.1720275879
76.8731307983
76.1207962036
73.5904769897
71.1429443359
72.4488983154
74.1501693726
74.7872314453
75.4821090698
74.7583160400
74.1117172241
74.9501571655
75.4485244751
77.4604568481
77.1265487671
75.2301101685
76.5425720215
75.9689102173
76.0589294434
76.4112472534
77.2144317627
78.0031509399
75.5806045532
75.8312225342
71.1458435059
73.7079086304
73.9957199097
77.6065063477
77.7026214600
76.0408706665
77.4105377197
75.7547607422
74.5867309570
74.7845993042
77.0662078857
78.4716567993
78.6114120483
81.1417999268
80.4850769043
78.3930358887
76.5601425171
77.6283721924
77.1892547607
76.7351760864
77.1130905151
78.0307922363
78.9059753418
81.3232650757
84.3912658691
84.0383148193
82.5782928467
82.7818832397
80.9613342285
80.9773864746
80.9113464355
80.5746612549
81.1213378906
79.4965362549
77.7123184204
78.4193267822
78.7318344116
84.6759262085
85.4983062744
85.4777374268
85.8050231934
87.1084899902
85.5455322266
87.3246307373
85.2441711426
77.1539459229
76.2305603027
81.0177536011
82.1556549072
83.3019104004
81.5162734985
77.2609100342
75.4902877808
76.0422134399
77.0887069702
81.2673339844
79.1349487305
78.9319686890
76.5711059570
74.7753143311
74.7615280151
75.6707305908
72.9794921875
77.1187667847
77.7065658569
80.2883224487
78.7286071777
76.9905853271
74.2704620361
76.9268875122
79.1984252930
78.2764739990
71.9213638306
71.8861160278
72.0167007446
75.7799682617
74.9776382446
76.0080261230
72.5232238770
73.7741165161
75.3145294189
78.1495666504
79.2384948730
77.1744537354
76.1523437500
77.2950286865
77.0962066650
77.4290161133
74.7023773193
72.2187881470
74.0345306396
73.9477157593
76.6183700562
73.6476898193
76.3295135498
75.9272689819
79.8552627563
79.8884124756
76.5685272217
75.5681610107
72.4483718872
71.2474517822
74.3595886230
77.4231872559
79.2732543945
82.5128250122
82.9501037598
82.1685791016
75.2555236816
70.6318054199
72.1391525269
70.4562759399
74.0384750366
76.9780883789
74.5173034668
74.7729492188
71.9188156128
70.9931640625
70.9895858765
70.7143402100
76.7242279053
76.1501464844
73.8325653076
72.2243881226
72.1645812988
73.5221710205
73.5121612549
74.3155975342
72.6765365601
76.0954208374
74.2385253906
73.0825119019
72.5615997314
71.6449890137
77.3305816650
80.4124298096
80.6669464111
77.2118453979
76.5434112549
74.4246215820
76.2787094116
75.1019058228
75.2501068115
77.1242294312
74.9787673950
77.1311340332
77.7799911499
77.5796508789
80.3931121826
78.9302368164
82.3248977661
81.9335632324
81.4343643188
81.4569320679
81.1303634644
81.7267608643
80.4564437866
78.0651321411
79.4724044800
78.5698013306
76.8395996094
75.7353515625
80.3644714355
80.0339889526
76.8494186401
74.9880371094
74.8050460815
76.2648620605
77.8334732056
78.0143051147
75.8650741577
75.4659271240
77.6058197021
78.4348983765
82.2411193848
79.2813720703
78.7224121094
75.0875854492
78.4852600098
76.1784362793
78.0764465332
80.0598831177
81.1908340454
81.9836578369
79.8377532959
80.3644638062
76.4359817505
77.4466018677
79.6468811035
75.9467468262
76.4261398315
76.3998870850
76.7120590210
78.1902999878
76.6725616455
76.7180252075
73.8456573486
74.8892059326
72.6754455566
72.4198608398
74.8615875244
76.1405944824
77.8929138184
78.1141052246
76.7484817505
73.9923095703
73.4139938354
74.9682312012
76.7282791138
75.2311477661
73.7148895264
75.4237976074
73.6419296265
74.1338653564
78.1032867432
80.6388397217
74.5115661621
75.8613891602
74.6770935059
74.3269271851
78.1864166260
76.9329376221
77.2358856201
78.4353790283
78.0295104980
78.7955093384
78.7575149536
77.7020111084
76.8482589722
74.3850555420
73.9307708740
72.9583587646
73.2067031860
74.5788650513
73.5416946411
73.9852981567
73.5427856445
74.8865280151
74.0710601807
77.3583602905
78.2432403564
81.3840942383
80.9169387817
77.9974441528
75.2805633545
75.1543731689
76.8700332642
76.8693695068
78.8047943115
80.6924057007
79.8171539307
79.3320922852
76.8827972412
79.0183563232
82.7456359863
83.4574127197
84.1230850220
80.2324218750
79.4723587036
78.4550933838
81.2105712891
80.2460250854
79.1365661621
77.1391754150
78.5865325928
75.8360519409
76.7412185669
76.2715148926
80.7782669067
78.4740753174
78.0588073730
74.8702392578
75.9634399414
78.4499053955
77.1003799438
76.2866287231
79.2127532959
79.1713256836
77.6389083862
76.5474243164
75.1922454834
74.0472106934
74.3835296631
73.9466934204
73.4545364380
73.8477096558
77.2610473633
78.1492919922
78.4776000977
77.3645629883
75.6637573242
75.1797332764
74.7198791504
75.1624450684
76.3375778198
76.3425064087
76.9457702637
76.5976409912
78.3779296875
77.1833190918
78.1332626343
75.8424301147
76.3871002197
77.2101364136
81.3023910522
79.6752929688
79.1987304688
76.5927658081
76.8021697998
76.8022308350
77.8537063599
78.6641616821
76.9025573730
76.7857360840
74.8648300171
77.1496429443
79.7015457153
79.0508346558
78.5994262695
75.4959335327
75.2782516479
78.0201187134
78.0226593018
76.5921859741
74.9301300049
74.7738800049
74.0745849609
74.3516921997
73.0107421875
75.5592651367
75.0082092285
79.7281494141
80.0992584229
79.8466949463
83.5924987793
79.3407897949
78.8342056274
80.4663772583
77.6127166748
76.7709350586
74.3008880615
76.4599075317
78.6014404297
80.6731567383
81.5796661377
81.8971405029
81.7436828613
79.3951187134
75.2927703857
71.8779067993
74.3466949463
75.7233123779
79.3031005859
79.0383682251
78.3023071289
77.6028289795
79.4201431274
78.9934997559
76.1256942749
73.6076812744
76.4655609131
77.2579956055
78.4504241943
78.7220230103
81.9350280762
82.0204467773
78.2936630249
74.9322052002
75.0342712402
75.1051330566
76.9393615723
82.5966110229
82.8896408081
82.1634140015
81.5348434448
79.7560348511
78.2500305176
78.0582580566
76.5953521729
75.8663024902
75.9761962891
76.4553680420
76.2694473267
77.9021453857
78.4206771851
78.3011398315
78.0302047729
77.0284957886
76.7691116333
76.5192794800
75.6930389404
77.1868743896
77.2430572510
78.2591934204
75.8047943115
74.0509490967
73.6767501831
77.6832122803
77.2113113403
77.4613494873
79.0363693237
76.0897827148
77.6502227783
76.9095916748
75.4856414795
77.7712097168
78.5522613525
77.8061828613
74.8817901611
72.9454345703
72.0327758789
76.9370803833
80.4819412231
79.3747711182
76.1294250488
77.0244827271
77.6106719971
80.4168395996
78.9934082031
78.3271179199
76.6410980225
71.9207305908
75.3443756104
75.2045898438
80.5544281006
79.2658615112
77.7173690796
76.4792251587
77.4637451172
79.1113433838
79.3325195312
77.7931671143
75.3619079590
77.9902420044
76.1194839478
75.7246322632
75.5972671509
77.3299484253
76.5215454102
76.9284820557
74.4420700073
74.2153930664
75.1062164307
74.7754592896
79.4008407593
75.6701431274
73.8518371582
73.2259063721
73.6085205078
75.4677581787
76.6089630127
77.6941680908
78.3194046021
77.1331024170
76.0026016235
74.7973861694
74.3572540283
77.8886184692
79.0450820923
79.0815963745
75.3081893921
73.1047973633
72.6494827271
74.3317947388
75.3887252808
72.0733718872
72.7791976929
71.9661941528
73.2777709961
76.2627868652
80.5502090454
86.3069763184
87.3472290039
81.1048736572
80.5485687256
75.6664657593
75.0967102051
78.2942810059
82.3012390137
82.5527877808
86.0076446533
80.6619415283
77.7581939697
74.2840728760
68.6390686035
68.3020858765
71.5482940674
72.3909759521
68.2799301147
63.2291603088
62.8315849304
66.6147918701
67.9911346436
78.3080749512
78.9431152344
78.3135452271
84.7265777588
79.4190597534
88.8914871216
82.7785186768
84.5385894775
85.9819641113
80.0620574951
68.3279190063
63.1255645752
60.2929916382
59.0182685852
57.8642807007
57.9691467285
58.0008354187
58.3462524414
58.9356536865
58.7036132812
58.1617736816
58.1265411377
62.1631546021
63.3867950439
62.9758644104
59.8341598511
60.3019371033
70.1854629517
76.3526687622
77.5031661987
80.3440170288
74.4941482544
75.8186874390
72.1750640869
68.5205535889
66.0487823486
63.3327102661
62.8519287109
63.1158905029
64.3323898315
62.6377792358
63.5388259888
67.4296875000
71.4509429932
71.3177490234
70.4834747314
63.8231887817
58.1373672485
59.7300643921
61.0189437866
71.4627304077
72.4029541016
72.4917907715
67.8158340454
57.8874206543
56.6125793457
56.6403350830
57.9677886963
73.7300796509
77.1089630127
77.8616714478
64.0626907349
61.6991462708
62.2500381470
62.8391036987
62.2824172974
62.2397804260
62.1965713501
61.3378448486
60.7707672119
60.2939338684
61.0915031433
60.1167907715
59.3975677490
61.7976760864
60.8269691467
66.1452865601
65.2608337402
65.1263580322
61.0081100464
62.9618186951
59.2801208496
60.8886489868
61.3666305542
62.9839324951
62.2754287720
64.0754165649
62.7471275330
62.4968872070
61.7036895752
60.6918487549
62.2932548523
64.0212554932
63.2928886414
63.7392044067
66.3533172607
67.9128570557
68.6122512817
64.1206741333
60.6940612793
61.2423439026
59.3039321899
62.0204010010
60.7174377441
62.8957786560
60.1121406555
61.1903533936
59.8533172607
62.8408241272
63.5518035889
60.4332656860
62.8478012085
63.5896301270
68.1339950562
68.7860488892
69.5715942383
69.1502761841
67.4210586548
64.8165740967
66.2468032837
68.0542297363
67.9100189209
68.3529357910
62.8204307556
62.7272453308
62.2863464355
64.0938186646
66.4801254272
68.1180038452
77.6008148193
85.3471755981
87.5180969238
87.8444595337
86.3959503174
85.4847869873
82.8787689209
84.3568344116
77.5688171387
76.6068725586
75.1147613525
83.6192321777
81.1294021606
81.8727951050
84.3749237061
80.1071319580
78.2436294556
80.2799911499
83.9026184082
81.6116714478
76.5279922485
77.7477722168
72.4846649170
67.6758270264
70.4833145142
72.2619323730
75.7347488403
78.4575958252
71.1069183350
68.3578948975
57.3192558289
59.1359405518
62.5526123047
65.3716888428
65.3665313721
62.8156814575
61.1772537231
66.0463180542
70.3789443970
66.2468566895
64.7096023560
65.6878051758
64.0726928711
65.1498031616
64.2084579468
80.1972198486
78.7646484375
78.2754440308
80.1166229248
71.7914733887
85.3321990967
75.1854553223
75.9613342285
76.7578277588
84.4019851685
84.4949645996
81.4306869507
79.2606582642
79.0026779175
79.7207946777
81.7038879395
78.4306793213
77.9761123657
76.5604705811
76.5333480835
75.9591369629
74.0133972168
70.4589691162
75.8550567627
75.4267730713
79.7807922363
77.1101913452
73.8151855469
71.8808593750
69.6777420044
70.8744049072
70.2433013916
72.0581054688
72.5727539062
72.0897903442
70.3725585938
79.8358001709
80.1828155518
82.3829727173
82.2337646484
73.1535339355
71.3591232300
72.5256500244
71.1564025879
71.0464630127
69.2838134766
69.4178543091
71.8169097900
74.8344726562
75.0203018188
69.0246124268
65.5599975586
63.6506500244
66.1793289185
66.5609283447
66.0968627930
64.3560028076
66.0785217285
69.8492279053
69.0408096313
71.1929931641
70.3179702759
70.1323547363
74.0556945801
77.5895843506
79.3090515137
83.3344573975
81.0633697510
77.5149536133
69.0740127563
70.1276016235
76.2651062012
79.2406921387
76.6477966309
69.1601791382
67.9996948242
66.5266418457
68.0227203369
65.7441101074
67.1871871948
67.2653961182
68.3082962036
66.7545242310
68.6601486206
65.7215499878
65.0361480713
61.2625961304
58.8177566528
63.5904502869
64.2389755249
72.0770416260
70.6490325928
79.2000885010
77.2117156982
86.8447494507
82.2700958252
78.1508865356
74.2454223633
72.9605026245
73.2134780884
73.7782821655
69.1058425903
64.1270980835
60.0350036621
61.6605377197
62.4197387695
61.4108924866
61.6834030151
59.7533569336
59.4483375549
63.2138252258
66.9155883789
68.2306823730
61.1119918823
59.5335731506
60.6022834778
61.5799522400
59.6497192383
59.4401931763
58.7515068054
59.1624908447
60.0631179810
64.8512802124
64.3722152710
64.3491592407
62.4908447266
66.3020935059
70.0061340332
69.3425598145
63.8282279968
62.0994949341
63.0645828247
64.1994323730
63.3251495361
62.6174850464
64.4284667969
63.6972045898
63.3326187134
63.7147521973
62.4607696533
60.0516662598
58.0505256653
59.3334350586
59.7979965210
59.3648529053
60.1560363770
61.3679809570
63.1939582825
63.6047172546
62.4617767334
61.0195693970
62.2524642944
63.0593338013
64.0376129150
63.9922409058
62.7033576965
60.6167602539
62.1926307678
65.2654418945
65.9575424194
62.8397445679
59.0373954773
59.7558593750
60.5448455811
62.5811691284
62.5778198242
62.2551193237
60.0911026001
59.9746704102
59.2651557922
61.2045555115
59.6578750610
62.3252563477
61.7314605713
62.2526397705
59.1190414429
62.8034820557
63.1332664490
64.6967010498
66.0434265137
66.5660324097
65.5227737427
61.1410331726
60.4000434875
61.6339721680
62.1956863403
62.6637573242
62.6504478455
60.7083930969
61.5640449524
60.2218093872
61.3962898254
60.3935852051
62.0550765991
62.8314590454
62.3587951660
61.8490028381
61.4793701172
64.1663894653
62.3423385620
59.9249191284
57.9812469482
58.5623626709
59.6281013489
59.1805496216
58.4693183899
58.4640846252
60.0740547180
64.3365402222
66.1210861206
65.1411056519
58.9565124512
56.5766944885
56.7577133179
57.3329162598
60.4893646240
60.9910888672
59.5698623657
57.7659072876
59.1800842285
62.4565238953
66.3149871826
73.8014984131
79.0657501221
84.2986679077
86.2451324463
87.5832366943
85.0170288086
85.9834976196
86.5184936523
85.8602294922
91.8272857666
89.1011199951
89.0760574341
87.1228485107
87.9575805664
84.9456558228
83.5648651123
82.8613662720
81.7650451660
83.6794357300
88.2117080688
85.8268432617
88.1355819702
87.2002639771
85.5449676514
82.7888717651
82.5836029053
79.9579772949
80.1830825806
76.2326354980
68.5328445435
69.3867111206
68.8891906738
72.4613800049
72.0650177002
75.8300094604
76.6080245972
70.3371887207
63.9847831726
66.5506668091
69.2116546631
75.0106430054
76.8761825562
79.0334854126
80.6414337158
81.9303054810
80.6065444946
81.4481048584
84.7326278687
82.5700607300
86.3397521973
87.5318069458
90.1982040405
89.3870925903
90.6434326172
92.4645385742
92.4862823486
90.6372222900
86.0796585083
88.5739135742
89.7964477539
87.5274810791
81.7501068115
78.9497985840
85.4425125122
80.0993041992
74.5448837280
70.2838516235
68.2296447754
68.3884048462
68.9354095459
71.5390396118
70.2761154175
67.2390060425
68.8235321045
73.9334259033
78.7545776367
77.9852447510
79.3745727539
71.9164581299
71.0754852295
69.5882339478
66.8059844971
72.1717453003
77.1272277832
77.3411254883
81.6315078735
92.1094894409
96.7036056519
98.4220352173
95.2202835083
92.9669342041
88.6380615234
86.1477279663
86.4361343384
87.3184204102
88.1235198975
87.7806854248
91.4372711182
91.5817184448
91.8454742432
90.2656707764
89.9917907715
96.1401748657
96.4845809937
93.7064819336
89.7678451538
89.4842834473
84.7747116089
85.0785827637
81.7122650146
82.7277679443
83.8503036499
81.4579010010
79.0515289307
74.0267181396
73.9213104248
69.3578338623
72.6052322388
79.0118408203
80.7196731567
82.6271667480
84.6784667969
86.2977142334
87.1643981934
87.7702026367
84.6042861938
86.1944046021
85.1639556885
80.5234832764
85.8255920410
79.6881866455
75.2560119629
78.0203552246
78.3038406372
87.0050201416
90.2582778931
94.7552337646
90.6950836182
86.7671966553
87.7277984619
86.0171813965
83.4898147583
85.2468872070
80.8667144775
85.9351730347
85.8286743164
90.7090301514
91.4421615601
85.0746383667
83.1074218750
80.4962310791
79.3467407227
80.8194503784
84.5914230347
86.4701080322
85.0158157349
85.1909484863
87.1741561890
81.8791122437
85.4634552002
84.5343017578
84.1769714355
83.0002593994
87.4356536865
83.2327728271
85.9195709229
85.0817565918
86.5942764282
85.8693237305
85.9340133667
84.6805877686
87.0159378052
85.4735565186
86.0082702637
89.4955368042
90.3070602417
90.0438537598
88.7251739502
90.0746459961
90.7715072632
91.3455123901
89.8682708740
88.2828750610
86.6372375488
84.9862213135
87.7641220093
86.2254257202
87.6144104004
88.9985198975
89.2425765991
82.3350906372
85.7146835327
85.6477203369
87.1239929199
87.8292999268
89.0695953369
84.3701553345
87.1685562134
87.9729309082
86.4213867188
90.7709350586
86.7090606689
87.3337936401
85.7183380127
83.2314147949
83.6748657227
86.7926177979
81.2107467651
75.9177627563
75.5824737549
73.1002807617
83.8526611328
83.8803710938
87.3211746216
87.6167144775
85.5001831055
86.7075653076
85.7078399658
86.3647384644
92.2462005615
91.6961746216
91.7161712646
95.5303039551
94.9915008545
91.7516708374
88.2385711670
91.6960601807
84.4365997314
81.6413574219
80.5416412354
84.0776672363
83.6561203003
89.7817993164
86.0746459961
88.6230621338
81.2017364502
83.6556701660
85.9947509766
85.1743469238
85.1992340088
86.4618377686
86.7938919067
89.4699401855
90.8672027588
92.5930023193
87.7016220093
86.1784133911
82.6852188110
83.5077056885
78.9511795044
80.7689285278
81.9214096069
83.8642349243
86.5098266602
85.1817855835
89.6973266602
92.1927871704
88.1222305298
85.4127273560
86.0151214600
89.1920166016
92.5466156006
91.7740173340
86.3125152588
85.5410995483
83.3475036621
85.8242263794
85.7771911621
87.8680953979
86.2228088379
85.1942291260
84.4009552002
84.4121932983
89.4864883423
89.5878372192
91.1119232178
88.1698455811
88.6428756714
90.6999053955
85.8863143921
86.5692672729
80.6537170410
80.3607177734
81.7462768555
82.3462448120
82.9434356689
84.9055862427
83.9899978638
82.3948898315
85.6233749390
87.6191940308
89.8927841187
88.3563003540
84.1840591431
88.9929351807
89.2014160156
94.4234008789
91.8913040161
88.1926422119
86.2252349854
87.0832977295
91.0555801392
90.3354873657
87.9431457520
86.0980606079
85.9824752808
86.9264984131
86.1320037842
86.6312789917
81.1149291992
80.7511596680
82.1497192383
83.5472412109
86.2138519287
87.5323486328
89.3095932007
87.8598861694
91.7863082886
88.8062362671
88.2318878174
86.0845489502
82.8367309570
84.2137832642
88.0441894531
90.7679138184
91.8140487671
90.2960433960
83.9743118286
80.1687088013
76.5620651245
71.3596191406
75.9302825928
79.1409225464
82.3099288940
82.1992111206
82.1441497803
79.9252319336
80.9910430908
81.1721649170
83.5653076172
80.4205474854
84.5968551636
80.7586517334
83.8569335938
78.9390335083
74.1809844971
69.2121963501
66.3879547119
67.9868621826
68.6544647217
70.3525009155
69.0269470215
69.4112930298
71.7943725586
73.5504455566
71.8503646851
67.5075149536
67.3572463989
66.9256439209
68.1970977783
67.2546310425
65.7969894409
64.9906082153
63.4727325439
62.7928695679
61.7572975159
67.7825241089
76.1364974976
81.7170867920
82.7656478882
83.9473342896
80.2675399780
78.3513488770
77.9234161377
73.3786010742
67.1898803711
68.3677902222
69.7674942017
70.8180084229
73.9952621460
78.6063232422
87.6654205322
87.5296630859
90.0375823975
87.3730316162
92.8574218750
89.7397994995
91.8119506836
88.3405761719
89.0433044434
86.5663299561
79.3440704346
71.8337173462
71.9612808228
71.3533477783
70.0907287598
68.8552017212
72.7391281128
74.0820236206
74.7371444702
69.9837722778
70.6118469238
71.5124130249
72.1715545654
71.3510894775
74.9168319702
73.4723205566
73.8778381348
77.7563552856
83.9246292114
81.8040161133
76.1753768921
69.5334930420
65.1106185913
65.9430847168
65.6740493774
67.7899322510
71.4078521729
72.1101074219
70.5704803467
69.5519638062
64.8038177490
68.6203689575
76.9555511475
77.9035949707
82.4980010986
77.3344039917
76.7485809326
69.6246643066
66.5029373169
66.0104598999
70.5973815918
73.4156494141
75.9187469482
79.0552062988
79.9468765259
76.0382843018
83.9763183594
88.8399124146
89.6707153320
95.0108489990
86.9902420044
83.3150634766
81.0709381104
78.9548263550
81.6548538208
81.5395660400
87.8706741333
87.9767456055
83.8659515381
82.4500579834
81.3960494995
87.7901535034
86.3558197021
80.4103775024
77.6207580566
74.7084274292
73.2938385010
71.4067153931
71.6173934937
73.0997467041
74.9999008179
71.8437728882
71.6809234619
71.3654556274
71.9638977051
73.4248352051
77.1245117188
74.7400207520
78.0103302002
85.1757125854
85.9181823730
88.2368545532
87.6580276489
87.3893737793
83.1333007812
81.8396453857
76.8640899658
82.7390365601
75.7731781006
75.1560897827
70.8754501343
68.2636032104
72.1365356445
73.5004577637
71.9744415283
69.0793991089
70.9074172974
73.0968170166
70.8163070679
74.1278228760
71.9131774902
70.8996200562
70.8847808838
72.8368530273
71.3067474365
73.9745559692
72.7801513672
78.0165252686
69.8671417236
64.9504928589
66.6654968262
68.4630661011
72.7468414307
71.5769958496
72.0570678711
67.4804306030
67.1046829224
65.8303070068
65.4714736938
63.4773292542
66.5804138184
70.8597106934
73.5331573486
78.5693130493
79.2080993652
78.5688171387
76.4703521729
74.8596649170
71.1302947998
69.1560745239
66.9870300293
66.6958465576
65.5335998535
64.5895462036
67.5075683594
68.5825500488
74.3336944580
80.8015899658
82.9865264893
77.5161590576
70.4996948242
68.8368225098
69.2125244141
68.6889877319
67.2489929199
68.8630371094
69.2350845337
68.4516677856
66.7373886108
66.0611038208
64.5206909180
63.6019821167
63.9218292236
63.2133102417
65.3590850830
66.6075744629
68.1930847168
70.4065246582
73.3050994873
73.3722152710
73.5974731445
74.4560775757
77.3597335815
77.0149841309
74.1955184937
72.1243972778
70.2731170654
71.9776458740
79.0409393311
78.4428176880
82.5626220703
80.9311523438
83.9824066162
84.5242385864
82.8265914917
82.4587402344
84.1624221802
85.0838470459
83.2907028198
86.9413757324
79.7201690674
72.0092315674
69.7971420288
69.8574905396
70.4027175903
68.6328582764
63.0077819824
61.2785186768
60.3101081848
61.2387962341
58.4669723511
61.6178474426
64.7655944824
69.5724029541
73.2081298828
74.1444015503
82.0878295898
79.4949264526
80.2233505249
79.5251235962
77.8713912964
76.9697494507
76.9717102051
71.7480926514
63.8754386902
69.6624526978
74.6421966553
78.9043350220
80.0587768555
75.7069396973
75.3488464355
74.2007751465
73.6207427979
77.2273864746
72.5733489990
72.7844314575
68.6136322021
73.0342712402
73.2884902954
71.9671020508
67.6079940796
69.7883911133
72.0077285767
72.6697845459
70.4032058716
70.1255950928
77.9015197754
69.5482330322
71.5063858032
73.3233337402
79.3378753662
77.3401947021
75.2633209229
72.9051361084
65.7818832397
66.6177062988
67.7664642334
64.3892517090
61.5121154785
62.2094039917
66.5253753662
68.3681106567
68.0807113647
70.9989013672
69.3473587036
70.0953750610
70.1994781494
69.9643249512
72.2091522217
76.3728485107
74.3466491699
73.8501129150
72.1183776855
76.0196304321
75.1576690674
77.2547607422
76.5710449219
73.8347320557
71.6556167603
69.8761367798
71.5585403442
65.0575942993
64.3688964844
62.9071693420
63.4320640564
61.6967849731
67.7539520264
74.1009521484
77.3458557129
76.7885665894
82.5709533691
78.1338348389
79.8433837891
77.9907073975
75.2571411133
75.1987304688
74.1415863037
71.7201995850
73.5620269775
73.1616821289
74.6316528320
75.6479492188
82.4654693604
80.3849639893
81.3262481689
80.6972656250
79.1620941162
76.9072113037
72.4620361328
69.9553527832
70.8936538696
71.7216796875
71.8638610840
74.1804351807
78.1990509033
80.4572296143
81.4516143799
81.7073364258
80.4018783569
78.1997451782
75.2518081665
75.1834869385
68.1020812988
66.6225738525
65.0268096924
62.7219924927
65.1942825317
67.3324890137
75.8819427490
78.2146301270
74.7737579346
71.6279907227
66.3169097900
65.6917800903
69.5944519043
65.4629058838
65.5879287720
66.3290863037
63.8365516663
69.4739456177
68.5938339233
69.1614685059
65.0965576172
63.3688507080
64.6093597412
68.1916503906
71.6310119629
75.3226623535
67.8688507080
65.2092208862
58.7801666260
59.3392181396
63.2877502441
66.2054138184
65.8076324463
65.2619552612
62.4540367126
62.8412017822
61.1702613831
60.8232154846
60.8337821960
62.3298835754
62.6366004944
62.8491821289
62.0994300842
65.1240463257
76.9595870972
79.5933227539
80.5180358887
81.0380783081
77.4690551758
81.7009048462
79.6575164795
77.3619537354
80.4553985596
80.7706527710
77.9762878418
78.2197494507
74.1513442993
69.5760421753
69.2512359619
69.5006103516
65.6430664062
68.9413833618
72.4009628296
75.8215484619
72.7048645020
71.7821884155
70.8482818604
71.5564956665
70.7667541504
70.2370529175
71.3356781006
73.3654861450
68.3997421265
67.6393508911
68.3858718872
71.5886917114
70.9372940063
73.7139892578
73.6599578857
74.6089553833
76.2165069580
73.8610916138
72.7940979004
73.8663940430
77.7974243164
84.0146789551
85.8979797363
89.2737579346
82.0019607544
80.0822601318
79.2111129761
81.7925338745
71.9291839600
76.8059234619
75.1136093140
76.9175949097
79.6035308838
78.6744689941
82.3552322388
84.0332489014
76.7228851318
68.2485809326
68.2926559448
70.6487655640
76.8816986084
82.1548461914
77.7435760498
77.7085723877
73.3580856323
70.3768081665
65.0389404297
64.3549194336
66.7337417603
68.1774749756
71.5528411865
74.6141128540
75.5306396484
70.4548950195
65.7634735107
62.4848365784
62.4510421753
63.8443374634
67.6150283813
67.8181381226
66.4940490723
66.1458740234
65.2404251099
73.4666900635
80.9791336060
76.0163726807
74.0344696045
72.9536590576
73.6196289062
68.5806274414
66.3236541748
61.8297805786
60.8388671875
61.8382644653
65.6288986206
67.0179061890
67.4805603027
66.7193756104
66.5286254883
66.3983001709
68.3044738770
69.8975982666
68.9039459229
64.0866546631
64.1357421875
62.2611541748
63.4565315247
61.8041763306
62.5295333862
62.6963577271
65.8204193115
70.3847045898
69.5518798828
66.6865234375
60.1461944580
58.1122512817
59.4667129517
65.0831298828
69.0391998291
69.0726318359
65.6349334717
66.2185134888
64.3557662964
64.4046478271
66.7730789185
67.3609695435
72.8488540649
70.9614562988
66.5831069946
62.3768386841
61.8304824829
61.1376113892
63.0028457642
67.0903778076
71.2134017944
77.3111190796
78.7390441895
79.4467468262
74.1456680298
68.3938446045
64.5979919434
64.6408996582
62.3459854126
61.2729492188
63.3413734436
64.6934890747
77.2760543823
80.3032531738
79.3737716675
75.7287673950
70.5736312866
67.4552383423
73.4274978638
72.8513336182
72.0518569946
67.6034240723
65.2637710571
63.5330848694
66.4767990112
66.7234039307
66.1421356201
63.0532913208
65.6749343872
73.5754928589
73.0870513916
79.5226211548
76.4049835205
78.3108520508
77.6733322144
81.5751800537
81.4761734009
80.2390823364
72.0675582886
69.9339828491
67.3985443115
62.7426376343
61.2831459045
72.6184844971
67.3881683350
69.3900146484
70.6205444336
77.9408340454
80.0929336548
74.0308761597
79.6726684570
82.2077026367
83.1061706543
82.0733642578
80.7919692993
79.5825958252
76.6643676758
74.5399780273
75.9007492065
71.9496307373
69.4219665527
67.1260833740
68.0285644531
69.2942657471
68.0290527344
64.7454986572
71.3607482910
71.2198715210
73.3003387451
72.5430984497
72.4157028198
69.7654876709
70.3951187134
70.1045303345
68.6491241455
70.6584243774
72.2768478394
73.3749542236
73.9515151978
71.8803329468
71.3276824951
71.0806732178
67.3720016479
66.6879119873
66.3039169312
65.7329406738
66.2726287842
70.0608825684
71.5922012329
72.6686172485
70.6822280884
69.6825180054
71.3390808105
72.6096572876
71.5244293213
74.1742324829
74.4232482910
73.5312194824
73.6697845459
67.6663894653
65.8237915039
66.1054000854
67.7058792114
65.2788085938
66.4771118164
69.7866973877
70.1145019531
73.2894363403
78.0273132324
79.9752197266
86.5503692627
79.7891845703
80.2186889648
80.5552673340
83.7101364136
78.4752655029
74.3918991089
68.7545471191
69.0722351074
72.3021087646
74.1673583984
74.7018432617
67.1282577515
72.2905120850
78.7836456299
84.6324157715
81.9172821045
77.6312637329
72.7016906738
68.9118118286
73.2759170532
76.2277832031
77.4468078613
76.0731430054
73.5947875977
70.5057220459
68.7363357544
69.3021697998
63.3959693909
62.5381431580
63.7918167114
65.6833724976
69.6232299805
78.3710632324
78.6361541748
80.6385116577
77.4243087769
77.5983581543
83.0800933838
87.8306121826
87.0023651123
84.3639144897
84.1356887817
81.5497589111
74.9596176147
69.3321914673
66.9908218384
72.9966583252
80.0933685303
83.2288665771
83.5883636475
78.0467300415
74.0005111694
70.1932373047
71.4354248047
73.4765777588
82.2609100342
86.2748718262
85.2064895630
80.4026260376
72.8541259766
67.9531173706
66.0709228516
69.5516586304
70.5519714355
75.8535766602
76.0244750977
78.0384216309
83.4688415527
76.6809005737
77.4693679810
77.1079864502
82.8276062012
77.6955871582
77.6538543701
75.3564453125
78.8963775635
79.2274169922
80.7847366333
79.5650024414
84.0272598267
85.7317123413
89.6704254150
94.9537963867
81.5712432861
84.5802078247
79.2207794189
81.5494232178
79.7494125366
82.1027832031
82.7973098755
81.3986129761
77.5518035889
76.0664596558
81.3249053955
83.6198043823
86.6371688843
80.2622756958
80.2613296509
82.1115264893
84.0817489624
85.5185852051
82.2756881714
85.1511077881
83.4434509277
82.9691772461
82.8090744019
88.2347717285
81.8828811646
77.2375793457
75.2117080688
80.5629730225
84.9733200073
86.6529083252
81.6047363281
81.4090423584
75.7789306641
72.4835357666
70.4316558838
69.7981338501
68.9805526733
72.8853454590
73.6001129150
75.3986816406
74.8665924072
75.8675537109
79.0021820068
77.3223724365
79.4624176025
82.1879882812
80.1606597900
77.1854934692
71.8186340332
66.6272125244
68.2798080444
71.4119567871
71.7617340088
73.6168289185
67.8113479614
67.3080978394
70.8614578247
71.2273712158
70.3078002930
69.6361846924
68.5662384033
68.6852111816
70.7146072388
70.7397308350
73.8718872070
74.6400985718
73.5599517822
77.8719406128
78.5846023560
87.1927032471
86.1383361816
85.1210937500
77.5000076294
78.6705017090
79.2329101562
81.7310485840
82.3574142456
82.6823348999
82.1535491943
81.9985809326
80.2695312500
80.3943939209
77.4921493530
79.2223129272
78.3227081299
77.1088638306
76.3003387451
76.4539794922
81.3897476196
79.4306945801
84.8859405518
84.0101623535
83.1339721680
87.9989395142
89.7707519531
90.2770614624
84.9721527100
83.3169097900
80.1557312012
80.7642745972
78.3691711426
82.6530761719
73.7213745117
69.0270919800
67.0002975464
69.1733398438
67.7001495361
72.8451232910
74.9543914795
76.3194427490
72.5137634277
75.1886444092
78.1935958862
83.0342407227
86.0801620483
84.2709045410
81.1301269531
81.4676361084
82.1049804688
82.4922561646
84.4065093994
82.2999877930
80.3720092773
79.8140945435
81.1762542725
82.4426269531
80.8381652832
77.0860366821
80.0181121826
78.8565444946
83.5489654541
83.8437271118
83.7969818115
84.2689056396
80.4231491089
78.0462112427
79.4353637695
80.8967208862
83.7919845581
79.6131439209
79.5343322754
81.0843811035
83.1459503174
84.2312316895
76.6194000244
71.6677856445
70.6828231812
70.8538436890
70.0060882568
70.9583206177
71.7559204102
73.5509185791
75.8594055176
71.7800292969
78.5510025024
80.3257522583
82.4358291626
81.6771392822
81.6639862061
86.8216476440
84.4972229004
87.0833892822
86.2646179199
87.3264236450
83.2251129150
83.9946441650
82.0551452637
85.2274703979
82.1749038696
86.4253997803
89.3354034424
87.8466720581
84.3867187500
80.6373291016
79.1055603027
75.4176101685
71.0126037598
69.7168350220
68.4845352173
66.6089935303
64.9564361572
65.2286148071
65.6046752930
65.3453369141
66.2173995972
65.4552764893
68.7938613892
67.8505859375
69.5241851807
67.2580490112
66.1404266357
66.4322814941
66.4516220093
65.2630920410
64.9873657227
64.8154449463
64.6642684937
65.1653747559
65.8802642822
67.7333374023
68.2706604004
73.9667358398
83.4640197754
84.1520614624
84.9624023438
81.3628234863
78.3066558838
76.7604980469
83.8774871826
81.7261199951
77.8349151611
74.7594528198
73.6809005737
79.5635833740
72.6049880981
73.3498916626
72.8418273926
78.3774948120
80.4022521973
86.4550094604
84.8234252930
88.1973648071
87.7400131226
87.1213989258
83.9542465210
82.1631317139
81.8570709229
84.3233184814
86.1454315186
85.5856323242
86.8521041870
84.5382843018
85.8103561401
85.5605773926
86.4219284058
82.6704559326
86.3498306274
83.5781555176
81.8501052856
80.5806808472
82.0719299316
81.0225372314
83.2385482788
77.3217010498
82.2934188843
85.2112884521
87.2100143433
86.5226898193
78.7869262695
71.7073974609
73.9328765869
76.1790008545
80.8909149170
85.5055770874
82.6289138794
84.0616760254
85.9342651367
91.3246612549
84.1577148438
81.6161956787
80.6515731812
80.2190399170
80.8863296509
79.1234283447
78.3721466064
81.0670013428
86.6865005493
83.7996978760
78.7997970581
77.0116119385
80.2006759644
81.8948974609
85.5234603882
83.9086685181
82.6954574585
82.4776611328
85.3451843262
89.4989013672
88.1911621094
85.6630096436
83.3681793213
81.8331832886
83.2690048218
89.0843353271
82.3091888428
87.5456924438
87.5981140137
95.1746063232
90.4601364136
87.1756286621
86.2721176147
88.4053039551
90.2609176636
90.1819458008
91.8083343506
90.7561874390
90.5934600830
87.3407516479
88.9930877686
92.1239776611
90.4215927124
89.7335891724
88.3890228271
88.6371917725
85.4729461670
83.8444213867
83.1707382202
80.8142776489
81.5531692505
87.0563964844
86.3037414551
84.7462005615
82.9972305298
85.3085937500
88.6195297241
84.9049758911
84.3571319580
79.6537017822
82.0882415771
80.8893356323
79.5762939453
79.0719680786
78.2831192017
79.9132080078
80.8160629272
86.2254943848
87.1067047119
83.8596038818
87.0623245239
87.6958847046
83.0710983276
85.2136688232
83.1675262451
83.4701843262
86.0384979248
86.5047531128
91.2642364502
93.5579986572
95.2079315186
91.2240295410
83.5050735474
84.2820892334
83.8208618164
83.0998535156
81.0303955078
89.2899475098
87.6401748657
93.8039627075
94.3248291016
94.8919525146
91.5684814453
85.0585937500
77.9219360352
78.6851654053
80.6215286255
87.1228179932
89.0543060303
93.0790939331
94.0977783203
97.0361251831
95.5717697144
87.6822967529
86.4358062744
87.7611770630
84.0430679321
84.4860382080
84.3165817261
84.8761367798
84.8245239258
84.2238922119
86.6072006226
91.4358139038
90.9379425049
86.7448730469
85.5943298340
83.9399490356
78.6013946533
75.5783233643
81.2035522461
74.7798156738
75.3052520752
74.3565216064
70.4124679565
70.7944869995
75.5436019897
75.4689483643
75.0280075073
62.6184539795
61.8391342163
63.2011184692
66.3792495728
67.8052062988
70.1026153564
70.2608184814
70.2324829102
66.9541854858
63.8106994629
63.4483642578
65.1266784668
70.9277954102
76.1255874634
79.2387008667
80.7944259644
78.7207107544
79.6228408813
75.7555541992
75.1571731567
75.3140335083
72.7816696167
73.5008239746
80.7320098877
77.9622039795
83.2453918457
81.9503707886
87.8712158203
86.3644866943
85.3945388794
83.9039916992
84.2721862793
82.6700744629
81.3789215088
82.7506332397
82.8791580200
84.5910949707
83.0310668945
77.8244552612
79.6171722412
82.8315811157
82.5371780396
78.4418563843
77.9578857422
77.5988082886
76.7534408569
80.3036880493
85.1119461060
84.9618835449
79.1880874634
74.3886642456
74.6001129150
74.2583007812
74.2703094482
75.6963043213
76.4092864990
81.9293212891
83.7804565430
80.8213195801
84.3098144531
83.0372848511
84.6414337158
83.9886245728
81.5318908691
86.8559646606
79.9815444946
86.2417831421
81.9290237427
79.5814437866
82.6256332397
84.4366912842
80.5475006104
83.8604736328
83.3112945557
83.0240936279
81.3632659912
83.2460250854
83.0997238159
83.0215148926
83.6044464111
83.4163208008
85.6138000488
83.5343627930
80.6151123047
77.3350448608
80.6873245239
81.7166900635
84.7736816406
83.1848602295
84.3147277832
83.7910766602
81.6866683960
80.9584045410
81.4861450195
81.4354324341
84.8969573975
84.1954574585
83.1542739868
86.3058929443
79.3825759888
81.0818557739
88.7347030640
86.6291656494
86.2788085938
84.9553146362
85.5909118652
83.3582763672
75.4710617065
77.7076416016
82.2201461792
80.3272552490
72.4931793213
67.1445541382
68.0787658691
68.4744873047
72.3635559082
76.5249176025
80.2807617188
77.2828216553
77.4578399658
79.6159057617
77.9249572754
74.5855255127
70.4809265137
70.4623565674
67.9121093750
67.5867767334
64.6466827393
69.1668167114
70.9464797974
79.4904098511
77.8348083496
78.2863388062
73.3206253052
75.5381240845
76.2307128906
78.7260437012
76.8668670654
76.4708251953
68.5184707642
64.6080627441
62.6903762817
71.5654449463
75.0924377441
78.0233230591
75.5323944092
72.0154266357
69.4545059204
71.9313888550
75.2909393311
74.5362319946
78.5655212402
76.2378921509
82.4723434448
82.3631744385
78.3714370728
78.1574401855
78.9283752441
84.3711853027
82.1173782349
81.7549896240
77.5843505859
76.7999649048
77.4713668823
83.4182281494
83.1597290039
86.2070617676
82.7545318604
79.9395751953
79.3723068237
80.8105010986
81.2870330811
83.3464660645
83.2362060547
84.6595535278
83.9792785645
82.9516601562
79.5031661987
81.9601898193
79.4144439697
77.3098983765
77.9846267700
77.3580703735
77.0232086182
77.6252670288
77.5755844116
78.4340972900
79.6809158325
73.4920120239
68.2791748047
66.9392471313
68.5006942749
67.3571395874
69.4564514160
72.2601242065
75.8290252686
78.9659576416
77.7977600098
76.0875473022
78.5355987549
76.9225006104
77.5570907593
75.9935302734
77.5655975342
80.0428924561
78.5703277588
79.8031539917
69.2868194580
78.2925415039
83.9376983643
86.4511337280
86.0614624023
81.6780548096
73.8148651123
71.7685775757
69.7940597534
81.0842819214
75.0176391602
75.9589385986
71.7309494019
75.6699218750
69.2884902954
69.3833007812
66.0395584106
64.4055938721
67.0865783691
76.6849594116
80.9814910889
83.0788421631
78.9228515625
80.1370086670
73.9769210815
75.6162338257
74.1470108032
72.2459335327
70.4280471802
67.9337081909
65.8993530273
73.0397415161
78.5145874023
83.1048049927
81.5991439819
78.7001190186
75.2356109619
74.7683715820
74.5380172729
70.2782592773
70.2852630615
75.9986038208
72.5899887085
72.3734893799
68.2478179932
69.1173400879
72.5871429443
76.9826507568
81.9017028809
80.1078643799
76.8055114746
78.2743759155
70.2301025391
71.5208129883
67.9595794678
67.3382568359
69.5352096558
72.1909103394
72.6944503784
76.3987503052
75.0738754272
74.8761596680
74.3018493652
70.5292510986
69.4509429932
70.8305511475
75.8422393799
74.9973449707
77.1304626465
76.6013107300
75.3465652466
72.7927169800
68.0069274902
66.4071502686
70.6900863647
71.5078735352
72.4306106567
72.7346725464
72.8568267822
71.9585723877
68.3978424072
68.9116897583
70.8576049805
72.4961166382
74.4463500977
72.4146194458
79.8372344971
80.3281784058
83.9433593750
82.5642776489
81.1743850708
75.1241760254
72.0057525635
66.7927932739
69.1131896973
75.1985855103
79.5900497437
82.0149917603
84.7989501953
85.8119201660
88.0836639404
86.6994628906
87.2861862183
83.4514465332
78.2533416748
79.4413757324
78.7310256958
76.5651702881
80.0500411987
77.4015502930
80.1339263916
81.5949859619
83.9891433716
81.2992858887
75.0725936890
72.5636825562
69.2499542236
68.7792816162
66.7816696167
64.5747756958
64.3364715576
71.0502090454
72.4049911499
73.6700744629
77.4690933228
81.7918090820
78.2872772217
75.4899597168
74.0990905762
77.8735580444
76.9730987549
81.3040924072
80.6628723145
84.4348678589
78.8378829956
83.2204055786
86.3544158936
82.0440368652
82.5487518311
80.9057769775
82.8539123535
88.6314620972
94.1107177734
88.4151229858
85.9163742065
81.4983749390
81.7283477783
81.2321624756
86.0674438477
85.6755294800
85.1642074585
86.0981063843
87.7407531738
88.9693679810
86.4162139893
84.0197906494
85.6723861694
85.0315246582
84.1786346436
83.2731475830
82.3828125000
79.8933029175
77.5166320801
76.9387893677
79.2321472168
81.0897216797
84.7987136841
86.8189392090
84.8082656860
81.2255630493
82.6753082275
77.6036148071
81.5671997070
78.4019775391
89.4013366699
89.8225631714
86.9908294678
84.3446350098
80.3039779663
76.5028839111
74.6364974976
81.3198776245
83.9224700928
83.6811294556
82.8592910767
76.7670364380
73.5577087402
76.5873184204
75.9448928833
75.7787628174
77.2032394409
74.5676498413
73.5253601074
72.1470031738
74.1464843750
78.5285415649
80.3133239746
85.3672332764
84.6363983154
84.2421569824
80.0657424927
76.8946533203
77.1651840210
74.7138824463
74.9858627319
77.0898590088
74.9881820679
71.4808502197
69.5641403198
69.4645538330
70.5606384277
72.1128311157
69.1005172729
70.4809799194
72.7613830566
74.0768356323
81.7083435059
83.9180831909
84.3075714111
80.8851318359
70.6767959595
66.2852478027
64.9476470947
65.9771728516
70.2163696289
76.2700805664
79.2656936646
83.0471801758
84.9607467651
81.9259872437
83.3798599243
89.9667205811
88.5085449219
87.2747421265
81.2319183350
75.9249649048
80.1235656738
82.2235260010
85.5549163818
82.1304016113
77.6203765869
77.7578201294
76.1192169189
78.7875976562
79.8170776367
83.9056625366
86.9827728271
86.6444168091
87.0246429443
81.3227233887
76.1208496094
76.5440292358
78.4783325195
81.2960662842
81.7216339111
80.0819396973
81.6474151611
85.1231002808
85.7101898193
84.7302246094
82.0662231445
81.7568130493
80.8235473633
84.0981369019
82.7181243896
83.8704910278
83.1925201416
80.0847167969
79.6247024536
80.7135620117
80.6684265137
82.3278579712
81.5456008911
89.6706008911
85.9014892578
86.8042144775
88.5133514404
89.0130157471
88.6671752930
84.4806365967
83.5761871338
84.2181854248
88.4112701416
85.3416366577
82.5720214844
79.3001251221
73.8592681885
80.4130706787
79.1438903809
79.4818954468
83.0999298096
81.9267120361
82.6212081909
83.1712188721
79.7673797607
76.6443939209
77.9545135498
78.9311065674
83.6835556030
85.0987472534
80.3468627930
72.9916229248
72.2819137573
71.3167495728
70.0020599365
73.7066116333
73.3265075684
76.3332824707
79.8566436768
85.1602172852
82.8017501831
87.1360168457
84.7016525269
85.9039154053
86.5682754517
84.7697753906
83.5685729980
85.8087692261
86.7541046143
86.3314895630
81.4029693604
81.4046859741
79.2978363037
82.3467254639
82.7595825195
86.7655334473
86.1671829224
82.5151824951
77.6014328003
79.3253479004
76.9358062744
79.6628112793
79.0674438477
82.5491180420
83.7378616333
82.9151687622
80.9346237183
79.5653839111
82.4141998291
80.8932037354
83.5095367432
80.8732986450
77.2338943481
77.5764312744
76.3953704834
76.0431060791
76.8916244507
78.0394592285
79.9352722168
83.9859008789
81.4918594360
81.3567352295
77.2630615234
76.8697128296
74.3958511353
76.7412261963
80.7201766968
79.9545669556
83.0978088379
81.0866775513
79.3636856079
77.6694717407
76.5711669922
74.2018127441
75.2542343140
76.6679916382
75.2089309692
74.1162719727
74.0627288818
77.3155288696
79.0689697266
78.3913650513
78.3094329834
73.3826446533
76.8457183838
74.0006179810
81.2444686890
78.8832702637
81.6953735352
77.8561553955
73.8345336914
72.7928314209
72.4199676514
76.5576171875
79.5674667358
80.3416442871
82.6115951538
85.5100708008
85.3448410034
83.9578170776
82.5254287720
82.8899612427
84.1904067993
82.5396194458
80.3734130859
80.6152648926
81.3246765137
84.6075592041
87.0006713867
84.4477767944
80.3046112061
76.5506591797
72.7139282227
78.2470245361
80.2685089111
81.8458480835
78.4716186523
75.3824310303
69.4875946045
69.1293716431
68.1931304932
72.9845428467
73.4576644897
75.0976715088
72.8257217407
71.4669265747
71.1423339844
71.2315368652
77.8717346191
80.2323532104
82.5592269897
80.9942169189
80.9066772461
72.6393585205
72.0176696777
78.5591201782
79.2724456787
80.4305419922
77.0150451660
82.3120117188
83.5871963501
85.9187927246
82.6258468628
80.1723632812
79.2077484131
80.0155410767
81.0449142456
75.5974655151
73.0292358398
82.2969436646
81.3737564087
83.8612289429
83.1431884766
72.8672866821
72.8249053955
76.9192276001
79.5790023804
85.3243713379
86.0114669800
85.9445037842
83.6229400635
81.1710662842
80.7249298096
76.8838424683
76.0319671631
79.6613159180
82.5019302368
85.1717987061
71.3825607300
82.4682312012
79.9620056152
86.1659622192
85.8270874023
85.7426757812
93.0265579224
90.5022506714
89.5589065552
84.6716308594
82.9217681885
82.6115417480
84.1741180420
86.0408172607
88.3171844482
87.6010437012
88.6837005615
82.2797698975
82.2534408569
84.6199645996
83.4561080933
84.1603851318
87.2750320435
88.7890548706
84.9699859619
87.8565979004
85.3255462646
84.3982009888
83.7269363403
81.8702697754
83.5323028564
88.4648818970
86.5434875488
89.6277999878
86.8078842163
84.2451171875
84.7996368408
85.7471694946
79.0944290161
78.1720046997
79.2082977295
84.2106933594
86.6949539185
87.3388824463
91.2423782349
89.4075393677
88.1001205444
89.2190475464
84.6432342529
88.0675048828
86.9093627930
83.2929077148
79.1509628296
84.8736953735
85.3570327759
83.1874313354
77.8859176636
70.3617248535
77.1624450684
76.6010131836
79.1274261475
86.7096557617
87.6747741699
88.0969314575
88.5818252563
86.1252441406
83.3490066528
78.6049118042
80.0139541626
81.5015106201
86.2131042480
84.9911499023
84.0195922852
82.1950149536
82.7839736938
83.5275497437
86.7427825928
87.7451934814
90.1255569458
87.2779083252
84.3368225098
84.8675308228
83.9353332520
87.4739532471
84.9867172241
85.7280044556
84.2833709717
84.0958404541
81.0808334351
82.1936645508
78.3871994019
80.4908370972
80.6333923340
81.3667984009
80.4133911133
80.6038360596
77.0092315674
78.9577636719
77.5759582520
79.9743957520
77.5470199585
77.0815811157
73.7114257812
74.6230163574
68.8311004639
66.4882659912
67.2148437500
69.2761688232
71.2059707642
70.5461654663
72.2092666626
68.0800628662
67.2403488159
68.7601547241
75.9566345215
79.6793365479
82.5963439941
80.8771972656
75.6121215820
69.0810852051
64.3403320312
65.0792694092
63.5341262817
62.3004798889
62.5339584351
63.6761131287
64.1976165771
71.4265594482
77.3724822998
77.6858139038
81.2418899536
81.5694732666
80.9339828491
78.8972473145
78.2865142822
72.4870986938
73.9647064209
75.1398849487
77.6700286865
83.0850753784
87.4686355591
81.2482757568
81.1563873291
81.1319732666
85.0755386353
85.3990707397
84.6235046387
84.7450714111
87.9542770386
87.0095520020
87.5583953857
85.5779876709
82.7722320557
80.9044265747
82.9124145508
86.3545913696
89.0963897705
85.2130126953
81.5109176636
80.2492980957
77.9831085205
76.1135559082
73.5496749878
70.9375839233
70.8318786621
78.7737808228
75.2415618896
80.3579864502
77.2974319458
83.8997650146
80.0748748779
78.7706680298
76.8812484741
74.4340667725
75.7826690674
77.9159088135
75.8875885010
75.3593978882
72.9748535156
70.5411376953
70.4459762573
73.4186019897
70.7580718994
71.1884307861
73.2256927490
74.7613525391
78.7343521118
78.9416809082
75.8389816284
74.1476593018
76.9487533569
79.3234252930
70.8981857300
70.7789535522
71.7311782837
71.3938674927
69.2230987549
65.1086120605
65.6535873413
67.6723709106
69.5731811523
72.7654190063
70.6104660034
67.9597854614
65.5678024292
64.6797637939
65.6650772095
66.8742523193
67.6288299561
69.9501724243
69.0912780762
70.8803176880
78.1462860107
78.4544525146
83.6277770996
87.1901702881
88.4440078735
88.7623291016
92.3273468018
90.1602020264
87.9875946045
83.9605865479
82.1460266113
77.8022766113
79.4037780762
81.7913131714
80.5873870850
81.9908370972
83.0516281128
83.9463348389
79.2624511719
79.9235916138
81.2373962402
81.5113677979
82.1105957031
86.0954895020
86.3798141479
86.5608139038
78.4054412842
82.5653381348
82.4044265747
83.9814300537
84.6315994263
86.2334060669
88.0016632080
90.3428192139
88.6737747192
87.8476104736
84.3059921265
84.9088897705
84.5317382812
85.3445129395
82.9725952148
83.2523498535
82.3169784546
83.4107971191
85.5226287842
87.0669097900
87.9795608521
88.3231506348
90.8709640503
90.4283065796
85.7307052612
80.1011199951
80.0930786133
81.2587432861
81.8506927490
85.6042861938
84.1771392822
84.2862396240
82.0035324097
82.7766723633
84.8209075928
91.7511291504
88.2308731079
88.4217453003
88.6698760986
87.9855270386
86.7101058960
91.0106124878
87.5231170654
87.6844635010
88.8070907593
87.3387374878
89.5138092041
86.7538757324
84.0360107422
81.6591339111
81.1952819824
82.4749374390
88.4742507935
86.9395446777
84.7591552734
81.5752105713
81.5556182861
80.3937606812
78.8249511719
78.9317474365
78.0401611328
73.0881423950
71.0051269531
70.2400283813
75.0559158325
76.2090835571
79.4873809814
78.7421722412
78.5500030518
78.1150054932
81.9781494141
81.6030273438
80.1651382446
86.8679656982
85.4536132812
79.9750137329
85.6719131470
86.0196533203
89.4162292480
82.9267272949
82.1437835693
83.0271301270
86.7551498413
83.9363098145
84.3228912354
83.7629241943
87.9709548950
90.2794265747
87.7441177368
85.2080917358
83.4077148438
83.8494110107
81.7393035889
84.8152465820
83.1627426147
82.0890502930
79.9325561523
87.8667297363
89.8643951416
91.7286529541
81.7300491333
87.6571350098
86.4398040771
88.3365020752
85.6348114014
82.8348007202
79.7743301392
75.1065063477
70.8775634766
71.7449340820
73.8876495361
79.6036376953
83.5154418945
90.9835205078
91.7342376709
91.1147003174
82.2191772461
81.7153778076
87.3495101929
81.8621673584
82.7204513550
81.6217117310
82.7165222168
83.1550979614
84.1570587158
86.6521453857
86.4195327759
84.6131362915
80.5243301392
83.7330322266
81.4350814819
78.8616943359
78.1958389282
84.6290206909
82.6117019653
86.0394744873
86.9030609131
87.9329757690
87.6711273193
82.9953613281
85.0000762939
80.7005462646
85.1533813477
84.9640960693
81.1067962646
79.3774795532
77.6562042236
68.5724868774
67.7325439453
67.2915191650
66.9913253784
67.8567428589
70.3618621826
71.7743453979
72.7943878174
71.3431243896
70.4151458740
69.5352172852
72.2853469849
77.3674468994
79.4753189087
75.0396347046
71.7113037109
70.6415634155
72.8605957031
74.9158172607
76.2439422607
78.6869201660
78.9868927002
80.2709426880
77.6666564941
74.3737945557
76.3713455200
80.5284729004
85.3903961182
87.4089355469
87.2876892090
84.6962661743
84.5149993896
82.6574478149
76.9792785645
83.2822036743
88.6737976074
89.5888595581
88.1072540283
85.0446548462
81.7083129883
79.0619125366
76.6474151611
80.8471679688
81.4676589966
87.0823211670
87.9873199463
84.5524139404
87.3999786377
85.1199569702
82.1118545532
82.1023254395
82.6030502319
83.7960739136
87.4597091675
84.4108810425
87.2408752441
85.3981170654
86.6157608032
86.4774246216
83.1714019775
88.0616378784
87.5148773193
87.0829467773
81.5419921875
83.4752960205
83.9592208862
88.9938888550
88.8916702271
89.6669158936
86.4261627197
83.2150726318
80.0982208252
80.5570449829
77.0833282471
76.7940979004
78.9271163940
82.5667800903
85.7283248901
82.3902206421
80.6254348755
80.6406402588
87.4339370728
87.5702514648
90.8085937500
92.4776000977
89.8985595703
83.9316024780
83.1067047119
80.6085433960
79.7658462524
77.0859146118
76.4831161499
77.6265029907
84.5506896973
85.2432098389
80.9834823608
78.9948425293
76.4411468506
73.3700790405
83.8464355469
90.5315246582
95.8075561523
91.8340835571
84.5304183960
80.3954925537
81.2442169189
80.9559783936
80.8995056152
79.7303314209
77.4002761841
75.7944259644
77.8207015991
75.4582061768
76.2841339111
78.4851531982
78.7139663696
79.3201293945
77.6410903931
77.7017974854
78.4661407471
76.2145233154
72.5930786133
69.5204620361
72.2061386108
74.6998367310
76.9212112427
78.0070648193
84.4141082764
89.2509613037
92.4996109009
93.4932708740
90.3112487793
86.7544403076
83.8868713379
83.4204711914
76.5786972046
79.4350051880
78.1539154053
77.2923583984
72.6823577881
70.3924026489
69.2816314697
72.5421752930
78.4343566895
79.5181884766
79.5714416504
84.9427337646
85.3504028320
89.0997695923
88.1978149414
87.9660186768
90.4732284546
91.3702850342
93.0428924561
89.0071029663
84.2165451050
81.8163681030
82.4880371094
87.7920074463
85.5039978027
87.7544250488
85.5933837891
79.5794754028
79.2257614136
81.5302124023
79.2398834229
80.3829498291
80.3247375488
76.5915985107
76.1839904785
80.0730590820
80.0594177246
86.0028076172
84.2010192871
85.6519165039
86.4493408203
91.0053634644
85.0523834229
83.0958480835
80.8983230591
86.2605056763
98.6148223877
95.4767761230
100.7913208008
93.5076522827
89.6465148926
87.8148345947
92.5317230225
91.1432342529
89.0317230225
95.3031463623
92.8698425293
94.3781433105
98.1218109131
89.1568374634
89.1598739624
86.8790283203
89.3793945312
96.2261962891
103.0906295776
99.0159835815
95.0615844727
90.0166854858
85.6164093018
88.1883468628
92.0943450928
91.7406005859
88.8605804443
85.6282806396
83.7789077759
82.6976394653
81.9722747803
81.8500213623
81.2790451050
80.0747070312
82.5401306152
85.1108093262
87.9381332397
89.5340957642
92.5101852417
89.3747863770
87.3374938965
86.4424819946
88.1960144043
86.4636764526
89.2563476562
89.7996215820
86.2562713623
85.4045562744
84.0448226929
86.8804244995
88.3941955566
88.8888244629
85.4670410156
90.8373947144
87.7981872559
83.8788833618
82.5582122803
81.8274993896
76.2597808838
80.2085800171
85.1819610596
84.9769744873
82.8861999512
82.1578674316
81.6106872559
84.4602432251
87.8160552979
94.8885726929
97.6257400513
92.5668334961
85.8492507935
85.4813232422
88.9758758545
91.0657730103
90.9773559570
91.6939620972
92.2259140015
87.3556060791
86.6271362305
86.0454101562
87.5681152344
88.0355987549
90.7773513794
87.0695571899
88.8509216309
84.0739517212
86.6057891846
83.1168136597
83.2841186523
85.2587890625
85.8192062378
89.4380111694
92.4320297241
88.5634765625
87.1899719238
83.3774871826
83.3515777588
84.8321151733
87.2822570801
86.1686248779
86.9385986328
84.4545135498
86.6960906982
86.9634246826
86.3218002319
87.1421813965
88.9899749756
90.3603210449
87.7307205200
85.0370407104
84.3055419922
91.8554077148
90.0271453857
94.9907684326
88.7644271851
86.0250396729
86.4765853882
86.5413208008
87.5803375244
84.2605514526
85.5842056274
88.0283737183
87.2970275879
84.7495956421
85.3984146118
83.3280029297
81.6858367920
82.0309295654
87.8581695557
85.3384780884
84.9031295776
85.8789520264
85.0774612427
84.8983612061
86.3382720947
88.3027801514
84.6040420532
83.6081924438
86.0291900635
85.0283660889
83.1699218750
85.1563262939
83.9100570679
86.9185562134
85.4847640991
88.7475585938
89.8391418457
90.5157012939
90.4862365723
90.5548553467
89.4183273315
84.6333160400
83.0990447998
84.9912414551
88.1985702515
87.7579116821
93.5148925781
95.3308334351
97.8331604004
96.9030151367
95.4107971191
88.5817260742
85.4912261963
91.4748764038
92.9528503418
93.7487792969
91.1605834961
92.3805694580
91.7632751465
95.2845153809
94.7720260620
91.7292938232
89.5080947876
82.0841827393
82.5726928711
80.1940917969
83.3678359985
81.8919067383
81.0906143188
79.5872650146
80.4751663208
78.6888885498
82.0992813110
81.7595291138
81.9443893433
80.6012725830
78.6531906128
84.6473999023
89.8358688354
96.6173400879
93.2142562866
92.4837341309
91.4881515503
93.7271881104
95.6672592163
93.2882385254
92.2864379883
98.0990219116
99.3648986816
96.4216690063
92.6455459595
89.0938720703
83.7940597534
83.9105148315
87.0840454102
86.4011459351
81.1306152344
82.7551269531
82.1434020996
81.7757110596
80.1103744507
78.7801742554
79.3742523193
79.1010055542
79.1799621582
75.2427978516
79.1522293091
78.5935974121
84.2988586426
81.7546691895
83.9114685059
84.3441467285
86.6669692993
86.5194854736
80.3213043213
76.9096145630
76.4785995483
73.1391143799
67.6988525391
68.8172302246
69.0518417358
72.0758361816
72.0499649048
71.9497375488
71.7205276489
72.6209640503
72.3035430908
71.7560729980
71.5318450928
67.8084564209
67.6779785156
69.0225372314
69.2993927002
76.0586242676
78.3463592529
78.1331787109
76.7392501831
70.0568389893
68.3723144531
69.4642028809
70.0947036743
75.9467849731
77.8256072998
77.4409942627
74.6269378662
76.5072174072
76.5394287109
75.6259460449
73.2699127197
74.4205856323
73.1093750000
69.5703277588
68.1570892334
75.4158935547
77.7792663574
76.1190719604
78.1934814453
79.1272659302
78.7420959473
82.4199523926
89.9210739136
92.9498748779
91.8635101318
86.1922912598
84.8657760620
82.5212707520
80.8227920532
82.5783309937
81.7211380005
82.8466033936
81.3815383911
91.0028381348
84.4217987061
88.3408355713
82.4570159912
82.7141952515
91.0539245605
87.2355346680
89.3557281494
88.5739440918
91.3625488281
85.2806243896
87.8837280273
85.1822967529
86.9815521240
88.9448471069
90.1708831787
85.7944488525
84.6797256470
86.5566024780
85.1280364990
87.6405944824
87.9955902100
89.6982345581
90.4473724365
93.8961791992
90.6749343872
86.2171173096
91.1374206543
88.3941497803
77.9057388306
74.1333770752
69.5913543701
68.5793914795
66.9082107544
70.5332412720
71.1282577515
67.6731185913
65.5768280029
68.6599426270
69.3248977661
73.4704360962
72.4845199585
75.8813705444
77.2850418091
82.5937500000
83.8698577881
78.7069320679
80.3625717163
87.5094985962
90.2856445312
96.0455932617
95.9998168945
100.9042358398
93.1708831787
81.7825088501
86.1825866699
85.8919754028
83.8621597290
81.9048309326
81.8651885986
80.6534881592
79.2147521973
78.4132080078
81.3224334717
82.4455795288
92.1935272217
98.0973892212
94.8477783203
95.8062362671
92.8121795654
89.8640594482
90.8722534180
86.1523132324
90.6247329712
86.0737152100
89.3907470703
87.4306259155
87.5954589844
89.2665557861
90.6324310303
87.6354980469
88.8916168213
88.8011322021
90.2238464355
89.3890533447
92.8631134033
88.1748809814
86.4139633179
83.4487075806
83.1351318359
84.8207778931
87.0680084229
91.7737426758
95.2782135010
92.5407714844
92.5015411377
87.9022369385
86.6207275391
85.3929519653
83.9056091309
86.0951232910
84.1324462891
83.6860656738
87.9778289795
89.0253067017
85.6920928955
83.8077468872
84.5818710327
83.8855133057
86.3422775269
88.5689163208
84.4886856079
85.0018157959
85.2063446045
84.9085922241
86.0219650269
85.6628265381
84.0110931396
89.5138473511
88.3587799072
92.3502197266
89.8113861084
89.5506744385
95.6651153564
94.6806640625
93.9112548828
93.0086288452
90.1029586792
91.9453887939
85.8710784912
86.7239685059
86.0347137451
89.5820693970
88.8228454590
87.9934158325
86.2540130615
87.1021194458
86.2123718262
88.3408355713
86.4948654175
89.1688537598
86.9910659790
90.1267395020
89.6085815430
91.9541778564
94.5284729004
92.6316833496
85.8099365234
85.2744522095
81.4587020874
85.8088989258
91.2008056641
95.3644256592
100.5995101929
94.4885864258
92.1973114014
89.4626007080
89.6408538818
85.3287963867
86.1229095459
84.6706390381
83.9401473999
85.8764953613
89.2408905029
86.4373092651
82.5461425781
84.4183654785
85.1413879395
87.4965057373
88.4160079956
88.4073410034
89.3439712524
90.3763275146
95.5091857910
96.1482772827
97.1702957153
93.9043502808
93.6198272705
90.4899902344
90.8340530396
87.0678405762
87.7175750732
88.4054794312
89.5627746582
91.0337066650
88.4738388062
90.2361907959
92.0132598877
89.9779968262
91.7699890137
85.8998107910
86.0795135498
86.0526275635
88.7092895508
88.6772918701
93.3834228516
94.9267044067
97.3910217285
95.0071640015
95.7745971680
91.4767913818
91.4062805176
90.4576797485
93.7698516846
93.1291961670
94.5363998413
94.3348693848
92.3678283691
92.0704574585
89.6851272583
88.2861938477
85.5403747559
88.4303970337
87.7829742432
91.2175750732
91.0459442139
94.7244338989
94.1077423096
97.2127380371
97.9837493896
92.2994079590
92.3273468018
89.0304718018
88.3029022217
86.1552047729
87.1219635010
86.0452270508
84.8453216553
82.0609893799
83.5841064453
81.6699447632
84.5962371826
87.0943450928
83.0272064209
81.9670104980
78.9750823975
86.6262359619
83.4179916382
84.6119155884
87.8048706055
85.9266128540
82.4655685425
82.2459106445
83.5323486328
86.0033569336
92.4042510986
93.2237091064
90.1117706299
89.1178359985
87.8969268799
92.8107681274
92.2570800781
90.7380065918
91.3929367065
89.4915084839
88.1688842773
83.4944076538
83.3827590942
83.2382888794
83.8647232056
88.0145568848
88.9840850830
89.4950332642
85.9997863770
85.0253753662
90.9243087769
91.6504821777
91.4969024658
89.7183303833
88.0933761597
84.8419723511
84.0308151245
84.3879852295
84.2952041626
87.3500976562
85.2598571777
88.4226913452
88.3997039795
88.9678039551
87.2690658569
89.8926696777
92.2183609009
92.2608337402
93.2723541260
93.7422943115
91.3867034912
90.5717468262
85.4035186768
79.3403625488
80.0815353394
80.4833831787
88.5827484131
92.1068649292
96.4759445190
94.8523864746
98.9860610962
95.4978332520
89.7469940186
90.6514434814
89.8011322021
88.8991317749
88.4028091431
83.3671493530
83.1361312866
85.9900207520
88.7036437988
88.0853118896
86.1832427979
87.9595642090
88.4084014893
90.8565902710
94.5207061768
94.1627502441
92.9126434326
95.8481750488
96.9815139771
92.8230056763
90.2196502686
87.6022644043
88.6329193115
89.3660049438
88.9732894897
89.0064010620
86.6576461792
85.7986450195
87.7250061035
86.3702163696
86.7826461792
89.1320266724
92.9944458008
96.2422409058
86.9904556274
86.3150711060
85.9187088013
90.9600830078
91.0639572144
85.2114105225
81.4143905640
84.5946044922
86.7963714600
84.2211074829
88.9063796997
86.5187377930
91.7563934326
89.6656723022
89.5496673584
86.9703063965
87.5662994385
83.7836914062
82.4409484863
83.6890106201
85.3887939453
85.6481933594
85.1855697632
80.2873992920
77.1891784668
80.7484817505
78.5356597900
80.5635299683
78.1727600098
80.8333053589
82.4064331055
85.1230773926
90.8681488037
91.0803375244
95.8965454102
93.5789184570
91.3895950317
90.0972900391
89.3208618164
85.5852890015
86.5868072510
85.3468170166
87.2897796631
82.8957672119
88.6056213379
84.5913391113
85.3378143311
83.3861389160
86.0870056152
86.1619873047
82.4552154541
80.9841918945
81.5698013306
81.3457260132
85.8942871094
86.6021881104
90.2036209106
86.5220260620
84.6188812256
80.6659545898
84.6179504395
85.2206192017
86.6688079834
87.2192687988
85.0554046631
85.9244079590
85.3763275146
86.0841751099
84.8514938354
77.9783630371
78.2596130371
77.9695739746
85.6708526611
85.1313629150
89.0222930908
88.4947052002
89.0518646240
88.1700820923
85.7560882568
79.0383529663
81.2321014404
83.4388809204
87.3315429688
90.6022720337
93.2001495361
95.2739868164
93.7045516968
86.9356994629
82.8259735107
77.9861221313
80.7525558472
83.5849838257
85.0602798462
82.7546081543
79.0182495117
79.6397247314
81.8645935059
84.5410308838
81.3337631226
81.8517303467
79.4141616821
81.7239456177
83.5045623779
82.0000457764
81.2597808838
83.6175003052
81.3355865479
83.6743850708
75.7280273438
77.5707244873
77.9027023315
86.5011596680
83.2514724731
83.6428222656
85.4682464600
89.5870513916
93.2502822876
90.4675750732
87.0717239380
80.4639282227
83.6589660645
85.3413925171
86.7715148926
81.2918090820
80.7434158325
79.9880142212
82.7207946777
88.4701614380
87.7006530762
83.8021011353
84.9642410278
84.1867141724
83.2695770264
81.8765106201
80.7574539185
86.2428741455
85.5125122070
87.4072723389
84.0359420776
84.7681045532
81.0996017456
88.7694702148
87.7652053833
88.0454025269
86.0451431274
81.1740722656
90.5658264160
84.1852111816
83.9749221802
79.6281509399
80.8486785889
79.5904769897
75.9188995361
79.4448013306
82.8856658936
82.8631286621
84.3243103027
85.7280197144
92.2854156494
89.4830551147
91.7974548340
88.6155395508
90.5865707397
88.8679046631
85.3832397461
84.9421539307
88.4447479248
94.4799346924
95.7008819580
91.2817611694
89.6814270020
92.0729675293
89.4212341309
91.1409225464
89.6938934326
89.9429702759
89.4062576294
86.7830657959
91.3437347412
91.1780395508
90.9296875000
90.1788177490
90.2658462524
91.2686157227
92.6707687378
89.3074645996
90.6523132324
88.7589263916
89.5971450806
92.3800277710
95.6486816406
99.0603332520
96.3177871704
95.0408782959
94.3947830200
94.5185012817
91.5650405884
92.1150970459
95.2725143433
98.8988952637
101.0615844727
97.4101867676
94.5548858643
95.2315292358
97.0082015991
94.3501281738
95.7360916138
92.4805450439
92.0927658081
89.5846328735
89.3540802002
89.3292083740
89.6052627563
89.3349685669
90.6587905884
89.2292175293
88.5855636597
86.3723144531
82.5569839478
85.8187789917
85.9961318970
90.6601638794
93.2052383423
90.3293304443
91.4874191284
92.9529495239
88.6175994873
90.2190551758
93.4345550537
91.4829177856
91.1713485718
94.1150741577
96.4792022705
93.3075485229
90.7599945068
88.0179061890
84.4567260742
85.2832031250
88.4748916626
85.3664245605
81.9479217529
86.5882339478
83.8573684692
85.6056060791
85.7005233765
91.6438674927
90.9306945801
95.1412277222
94.6037673950
93.2771301270
92.7976150513
92.1277160645
97.0151748657
99.1668014526
97.6459274292
105.2843627930
104.8369293213
101.1922302246
96.7239685059
95.1386260986
98.8228073120
103.8701019287
101.1227645874
96.4647293091
94.8099670410
87.1317443848
91.8347320557
97.3493041992
91.1856765747
89.7102890015
89.6781539917
96.2827835083
100.9686431885
104.8384857178
107.8113250732
106.1039352417
104.4087677002
98.3377532959
98.5171813965
99.0410385132
99.1730194092
97.9771881104
100.6264495850
99.3628692627
102.0866546631
103.5672149658
102.2718200684
108.5598144531
99.0150375366
98.1512603760
98.7477798462
99.1288757324
95.8278045654
94.5361022949
93.3197860718
92.2043457031
96.8469009399
99.8126220703
100.0014190674
98.9871368408
100.1265411377
97.1988754272
99.4427566528
96.6939392090
97.9879837036
97.1559371948
95.0338287354
96.4612274170
98.8483352661
105.8984680176
103.7282867432
104.7790908813
112.4471588135
106.2333831787
104.4265365601
99.4518585205
100.6775817871
102.3405532837
100.5545043945
101.7060546875
100.8819503784
109.1701049805
102.9283218384
101.2654724121
99.1339111328
100.4983139038
99.0821685791
103.5502548218
105.3527297974
107.3882675171
103.6352005005
107.9252548218
111.4699935913
91.8582839966
87.4097366333
103.9362335205
104.6999435425
100.4121170044
99.5684356689
99.6003341675
101.1615753174
100.3080368042
101.6203231812
101.2387695312
98.6600570679
101.0944061279
99.7662353516
94.8041763306
93.6152725220
95.1799316406
104.9716644287
105.5134658813
100.9838790894
100.6671447754
96.0773086548
97.7397460938
96.9351348877
94.2383575439
92.8375930786
91.8060607910
90.4306488037
91.1823577881
99.3029861450
95.8854827881
99.3501129150
88.8678817749
94.3287124634
90.4422378540
95.8618927002
97.6593780518
97.9254302979
98.0834197998
97.3158798218
98.7648925781
100.4385299683
101.0956344604
100.9676589966
95.8391418457
94.7369003296
108.1352844238
103.7265014648
101.3167495728
98.6131744385
95.5923919678
96.9692077637
100.4041137695
105.1517791748
105.1900405884
107.2613296509
101.9018630981
94.0603866577
97.5137786865
101.3451461792
104.3132019043
105.5165023804
102.1662445068
100.8247680664
98.1429519653
104.6888427734
102.8394012451
106.9071350098
100.9464416504
105.3817291260
102.9353103638
103.2972412109
99.9136123657
103.4219207764
104.8270950317
106.5123443604
100.5063934326
98.6159133911
97.3136596680
98.4198455811
98.6026382446
103.6709213257
99.9851837158
99.3387145996
95.0439376831
99.2962951660
93.6606979370
99.0968933105
94.4351043701
96.6125946045
93.7209472656
94.6914291382
95.9864044189
96.9757308960
97.0028610229
95.3945770264
96.4641342163
95.5267791748
96.2834854126
99.7441558838
98.5906295776
95.9269561768
95.1178588867
93.3453063965
91.9536972046
95.1398468018
94.3343887329
93.6655807495
91.2217102051
90.9330902100
88.5238723755
88.2016296387
88.1683959961
89.9070587158
91.3590621948
91.1870040894
90.9699478149
87.3417129517
92.0219421387
93.4570465088
93.2859268188
93.6987991333
93.0110168457
91.1239852905
91.8763732910
92.8339004517
92.5324783325
95.3884353638
94.6370315552
101.3120040894
101.4824371338
103.1964492798
98.3383331299
101.0190582275
99.2315673828
101.1731414795
97.3270492554
96.2335205078
96.7761535645
97.2443771362
95.6824111938
95.9398880005
100.6223068237
98.0885467529
104.8597183228
101.7320938110
100.7900619507
99.8189468384
102.7016525269
104.5721054077
103.8003463745
105.9960861206
100.5402450562
109.6111984253
97.8257522583
100.9959945679
102.2316589355
103.3371963501
101.2545013428
102.4690399170
103.4381408691
106.1029815674
101.7456665039
98.6414947510
95.7154159546
95.4558639526
96.4403152466
95.7857818604
93.6492919922
95.3819580078
94.6536865234
99.7319488525
96.9695129395
98.3847808838
98.2403259277
101.7721786499
98.4021835327
96.4670791626
97.6059951782
98.5495300293
102.7717666626
101.3865051270
99.8067169189
100.3782882690
99.2953338623
99.4820480347
98.8403472900
98.1525421143
100.3331604004
98.4058074951
96.6984710693
97.8937225342
97.4846649170
98.6079330444
96.9119415283
98.8165435791
98.4593276978
99.1218719482
104.6140365601
106.7269744873
96.6196289062
97.8631057739
96.8295288086
96.9218978882
100.1904144287
97.9276962280
100.8241577148
98.0436477661
97.8189849854
102.6303482056
97.6898651123
96.3577423096
90.4653625488
90.1887512207
90.2304153442
93.9170150757
95.0271606445
96.4594955444
93.5503463745
89.5454864502
91.3540191650
92.8103942871
95.8869171143
94.3261184692
94.0727386475
90.3251190186
87.6630249023
89.2962341309
88.1607666016
89.6013488770
92.0573120117
95.7117767334
99.3590698242
93.5637588501
90.0295257568
89.9945755005
92.6258087158
95.3082351685
90.9800338745
92.4912796021
91.2933654785
90.7743835449
89.7298889160
91.5556182861
88.1242980957
90.2665252686
86.1263656616
84.2666473389
86.1398544312
88.7905197144
90.0457763672
93.2186660767
95.7713012695
94.5399780273
96.9463348389
90.0432128906
88.8300323486
88.9317626953
92.4304046631
94.7706451416
96.7079772949
99.1455001831
95.8335571289
94.6269836426
97.7232818604
96.3236083984
95.7215118408
94.5140838623
92.4470367432
91.4650344849
101.2700729370
107.3553466797
107.0647277832
101.6448974609
90.1585998535
90.9006881714
95.2774810791
99.9688262939
99.5797348022
94.9804534912
95.8467330933
91.5988235474
94.1160583496
92.6999511719
95.1360321045
100.1497650146
99.1949462891
96.8958053589
93.6083679199
91.6546630859
91.1722640991
89.5006256104
88.0377426147
84.8170166016
88.1169891357
92.9155120850
94.2771453857
92.3225708008
91.2118911743
94.5588989258
94.7098236084
97.2487487793
92.0780029297
93.8076553345
91.9626235962
93.2592315674
93.8858489990
95.1644134521
92.6632995605
92.0137634277
89.4863967896
90.0507278442
92.0302886963
93.9728240967
93.6532135010
92.0441894531
93.4082336426
96.7496719360
101.6470870972
100.7640075684
98.8530426025
99.7035980225
95.7126617432
93.9781188965
93.6543426514
96.9512252808
102.3657684326
107.4736328125
104.5800170898
100.5484924316
97.5420608521
89.8593292236
88.4873352051
90.5460586548
90.1516036987
87.3886413574
84.6016769409
90.3149642944
87.8921585083
87.1609497070
90.6700897217
91.9791259766
88.7903442383
97.4960479736
97.0711441040
93.6490173340
91.8647537231
89.8069763184
88.6520004272
83.6561508179
85.5983581543
89.0721893311
92.2815475464
98.7693252563
99.2686920166
102.0405044556
96.1024322510
92.0073394775
97.1758422852
95.0621185303
91.2281188965
92.3995361328
88.6168212891
93.4286117554
94.2663879395
92.1687927246
90.9301986694
91.3461151123
91.0006713867
96.2715377808
97.8574600220
100.7447891235
100.5098495483
99.7597427368
98.7342224121
98.4797363281
100.0175094604
102.2777481079
99.8838348389
96.7898178101
95.0416336060
93.2548904419
92.2275543213
88.9865951538
90.2625961304
93.6802444458
94.2736053467
88.6089477539
90.4529495239
86.4713897705
95.8539276123
97.5359954834
98.2547607422
93.9510498047
91.8475952148
90.3726654053
88.0588912964
89.2962722778
90.1580047607
90.2410125732
93.0259017944
95.7492294312
91.9062957764
90.8112106323
94.3253479004
89.9617156982
90.3733520508
87.7450790405
88.8445434570
85.8544387817
82.9853897095
93.3086090088
99.5567855835
107.2165222168
107.3000488281
98.4408721924
89.4831542969
90.7792205811
85.7366027832
98.9554290771
99.3512954712
91.6986312866
96.0494613647
98.2932662964
95.5313949585
93.6850891113
94.0012512207
97.8355712891
93.0364761353
93.0933303833
91.1372833252
94.0893859863
95.3920135498
96.0298156738
94.4473724365
91.7530059814
88.0966644287
91.0712356567
93.8316955566
90.4903259277
93.6699981689
88.9257202148
94.3167953491
95.7270202637
94.0462646484
93.6120834351
94.3561859131
95.1666564941
93.4738311768
94.6098861694
100.4158020020
99.9564514160
94.4042892456
90.2976226807
91.3617706299
89.8806152344
92.3162994385
88.0555267334
84.8084182739
89.9292221069
92.1695098877
86.1977996826
84.3839187622
83.6675262451
82.8880615234
84.1734542847
89.8728179932
99.0511474609
95.5663986206
95.0680313110
94.5436477661
97.9820480347
94.2390365601
95.7007980347
99.2917404175
97.1966400146
95.4053649902
94.5879898071
88.6238861084
90.6942443848
94.5503616333
96.1493682861
93.5691070557
97.9396972656
99.0262603760
95.9805603027
91.3520355225
89.7070999146
87.7319030762
87.3882141113
92.9259719849
97.5919799805
104.7576370239
107.4749374390
104.3382797241
99.0760574341
94.9490203857
93.2547378540
91.2758178711
93.7324676514
96.3860626221
90.7604980469
88.4455032349
82.8042831421
85.7811050415
90.1540756226
98.6194000244
92.8273162842
91.1784820557
90.4922485352
86.1551208496
87.1347351074
88.4463653564
89.1962280273
89.7916641235
91.9672393799
93.1143646240
93.9083862305
88.5525817871
86.3650817871
92.2505645752
100.2981567383
97.4794311523
100.8954315186
95.0849227905
91.4916076660
90.1820449829
90.8660430908
86.9561462402
83.7841644287
91.9619750977
93.0468597412
97.9496002197
97.6184158325
95.9678726196
97.6164321899
94.4426116943
91.8350830078
90.1093215942
95.5199356079
94.7040405273
95.4539489746
100.7011032104
98.5540390015
99.2101440430
97.0252761841
101.5132522583
103.8786163330
101.7987976074
100.8087310791
94.3314895630
92.9973297119
98.9396667480
99.5682983398
93.1398925781
98.7034606934
94.6648254395
99.7455520630
96.6834793091
97.1314773560
96.4007568359
93.2415313721
93.3635025024
94.3099975586
92.2504272461
90.7070083618
88.5769577026
90.2084960938
92.6713714600
91.1997528076
92.9068832397
94.5777740479
92.1376953125
98.4116516113
99.9320907593
102.3063583374
97.9143676758
92.0250244141
94.2523880005
91.5608215332
90.1245956421
86.5277557373
91.8355941772
91.3104629517
86.8141937256
87.4087142944
88.7216262817
92.1752319336
95.2428894043
95.8931274414
100.6173934937
91.8893966675
86.0826034546
87.8368988037
89.0518493652
101.0609512329
98.1680526733
98.6331176758
98.9688262939
95.0759963989
96.3397064209
104.7515792847
106.3033142090
104.6730728149
102.9703521729
98.1915206909
102.8346633911
101.4824523926
94.7261886597
99.4154663086
99.3901519775
97.1888580322
94.1964721680
90.3461380005
93.2576751709
95.7464828491
96.6793518066
93.3427581787
81.7195358276
79.3073272705
83.7111968994
82.1826324463
83.2401275635
82.5482177734
81.6103820801
81.2532119751
85.0660400391
89.3069076538
87.5750885010
86.4675827026
84.9512634277
85.5841293335
83.7540435791
80.3042144775
83.1672210693
85.8106155396
96.5626678467
96.5746154785
91.6852569580
87.7335281372
84.7807159424
84.8368682861
83.1736526489
82.1363143921
83.7703094482
85.5910415649
89.5682678223
88.6971588135
88.9680862427
87.7574462891
92.2229461670
96.1835784912
89.0248107910
84.4870147705
85.6061096191
80.6171112061
85.2562026978
92.2573547363
95.9156799316
94.7078247070
96.2147521973
94.4867324829
95.9016876221
95.8567123413
92.8532409668
95.9943847656
93.9267578125
92.4922637939
88.1617431641
84.1937713623
87.5794830322
87.4551544189
89.8799972534
89.6317977905
89.5068054199
89.0095825195
83.0934295654
85.2761764526
81.8844223022
80.8704833984
76.9065704346
78.9829101562
81.8892669678
83.6570587158
86.0776290894
82.9057464600
81.0433273315
77.7919464111
77.6972045898
81.9555282593
86.5774154663
90.6677093506
87.9324417114
88.6416702271
86.7785873413
81.9047698975
85.9325714111
85.0322647095
87.7320785522
87.2994689941
86.9709777832
87.6341476440
85.5458602905
84.1413421631
84.6095581055
86.9632186890
82.9018478394
88.4320449829
87.7074661255
80.7320785522
80.2890930176
82.7280044556
82.5069198608
78.9646224976
78.6764144897
79.8336410522
78.5994033813
81.5531005859
87.5946121216
86.6793899536
82.6337432861
79.8053054810
80.5640029907
84.0978622437
82.9413986206
81.6993179321
77.0258789062
83.3308105469
84.1186141968
85.7633438110
84.2451858521
80.4535675049
82.0316238403
81.1987533569
85.7481918335
87.2049942017
87.1056823730
87.4309158325
82.4525909424
81.4356231689
82.2598953247
83.4339065552
77.6542663574
78.1160888672
78.0462493896
82.4165573120
82.5794525146
85.3519668579
80.1264190674
80.5381698608
79.2632980347
79.9991760254
81.6540679932
87.8696746826
85.4537353516
85.5167083740
86.6420288086
81.9772491455
81.1913299561
82.6676483154
86.9658813477
89.3775482178
87.1781082153
83.5101547241
83.8650131226
81.4107360840
78.8187713623
77.4779052734
77.9514999390
75.6721343994
77.9249496460
78.9767532349
78.8123321533
81.0123291016
88.1836547852
90.0581970215
85.4045410156
83.7073364258
86.5138244629
87.4207000732
83.5149307251
82.9349365234
88.6214141846
88.5843887329
85.5614166260
83.4031982422
79.9139556885
81.3250350952
79.3271636963
88.5777740479
83.8660430908
85.0965805054
83.3742980957
88.0088272095
84.4463195801
83.0509567261
89.1825714111
86.8720474243
85.4039764404
80.7280502319
80.7047424316
81.2014694214
82.6559371948
82.5832595825
82.6090087891
81.7849197388
79.5445861816
84.4236068726
84.4184341431
86.6310882568
82.4239273071
78.9269332886
78.6297912598
80.4963836670
83.7097778320
84.5404129028
84.0851821899
84.0012893677
81.4310607910
78.6470718384
76.9976501465
83.9299545288
84.8684310913
84.2306976318
82.6084289551
79.9961318970
78.6798553467
84.4523620605
87.2882080078
90.5596847534
81.1268005371
82.6216735840
82.6195678711
86.2945404053
86.5849227905
87.8172454834
85.4379425049
83.4165573120
80.9980392456
79.1793823242
75.5160980225
79.5101013184
86.7327423096
86.9299774170
87.0929031372
83.0698776245
80.2164459229
81.4530181885
79.7631683350
80.8900756836
82.2596588135
86.1392288208
87.2316589355
92.2349548340
91.6408386230
92.1320343018
91.3711929321
87.6568450928
90.8787078857
87.2096405029
89.4048309326
94.1506347656
85.0426177979
84.7505569458
85.6385879517
83.6336517334
84.3932418823
86.5972137451
82.6976165771
81.0573120117
81.3638305664
82.7395629883
83.0948715210
84.3439407349
86.3947601318
82.8629913330
81.9713592529
78.0182952881
84.3371963501
82.1016845703
86.4736862183
83.0992431641
82.5355377197
83.2102355957
85.2809600830
85.9205551147
91.6884765625
87.9067993164
87.1332168579
83.4888076782
86.9620132446
82.1292190552
81.9092483521
78.6699752808
80.2419052124
81.2303848267
88.1404113770
87.6274871826
86.6605682373
86.3691406250
84.4472808838
83.4976959229
87.0263214111
87.1729736328
89.6303482056
89.1585235596
93.0306396484
89.5881042480
87.1176147461
89.0220260620
89.0995864868
87.7613601685
89.8683624268
89.4426193237
90.0776367188
86.8493499756
88.7281036377
84.9748611450
83.2388153076
81.2752838135
83.2651824951
82.6130218506
83.5039520264
83.3545455933
88.3899841309
85.1412353516
83.6276931763
83.1274032593
84.6599197388
83.6368331909
86.6771011353
88.8117980957
88.0870513916
85.5173797607
84.0132141113
81.7889022827
82.2182388306
84.4693145752
86.7920379639
84.7124786377
83.4312896729
79.7468261719
76.5646057129
74.7237548828
78.6960601807
80.2565536499
81.8165588379
82.9651336670
76.9154510498
80.3669891357
84.3271026611
85.1047439575
87.5712661743
92.4728851318
92.4594879150
81.8258972168
76.9038619995
76.0606307983
78.2947921753
78.7882461548
81.0740203857
80.5364379883
82.9204101562
78.7907867432
76.6766967773
74.8574523926
77.7105331421
74.4670104980
74.5308074951
76.9260253906
77.2229614258
72.0702896118
73.5956649780
74.6118087769
76.7174453735
83.3351211548
79.7238006592
80.9811859131
82.8034896851
87.1878814697
85.8412933350
89.4418792725
78.8845520020
78.2599792480
81.9547882080
81.4583129883
81.1509399414
81.5620040894
86.5879440308
87.4833221436
84.5876464844
79.9317169189
79.6897735596
81.2823333740
83.2180709839
79.9074020386
80.6984481812
80.9240646362
82.1596984863
85.1122741699
85.9402618408
81.6541366577
81.3573379517
81.6573562622
85.4002151489
85.5054626465
81.9335937500
82.0111007690
78.7643356323
77.6289215088
77.5491790771
77.7269515991
80.7939987183
82.3848037720
81.8660583496
85.6047821045
84.7156677246
83.2982559204
81.3779296875
83.5288543701
86.7176666260
86.3648223877
89.9613800049
90.4736633301
88.2839965820
84.5624237061
79.7781295776
81.9143142700
84.7818527222
82.6673049927
82.8019714355
79.1438064575
82.5910949707
81.8144989014
84.7881164551
86.8415603638
82.2384185791
81.5632095337
82.3718566895
82.5289611816
83.8871917725
84.4699554443
83.0533294678
81.3524398804
79.5534591675
84.8730087280
86.3914794922
87.2867202759
79.1250305176
82.9792251587
86.1133956909
84.6302719116
82.4219665527
84.1303787231
83.7963104248
86.7575225830
88.5243606567
87.8303375244
87.9610748291
83.3221817017
77.7275772095
77.7665405273
77.6196289062
77.9543380737
85.6909561157
83.4464569092
82.9060592651
84.4308471680
85.3438644409
83.5833892822
85.9353790283
83.4536361694
82.3601760864
80.8210830688
78.1130905151
80.9832458496
82.4283370972
82.3581695557
87.1185302734
88.2183074951
87.4263763428
87.6246795654
87.4202270508
84.1573486328
86.2135925293
85.1688308716
91.0446243286
87.4685058594
85.5631408691
83.2423934937
84.8962326050
88.8715515137
85.6158447266
87.4917449951
86.4389648438
87.0183944702
85.7054824829
83.2037353516
84.4790115356
81.2595672607
86.4181213379
85.2343444824
80.6665191650
79.9359207153
78.1506576538
84.6192092896
84.6706771851
84.3313903809
80.9602355957
81.9138183594
86.2167282104
82.3893890381
81.6408920288
82.8799133301
86.3785629272
89.0528488159
87.6154861450
92.2153472900
88.3428802490
90.2398223877
89.6653671265
89.1895828247
90.6587600708
86.8271408081
82.8007583618
81.3755035400
78.7823944092
80.7182388306
83.9852294922
79.7079772949
79.0424499512
81.0494232178
85.4151382446
80.6747817993
81.0473632812
82.9236450195
82.0605621338
80.2634201050
82.9564590454
83.8908691406
86.5489120483
87.0346908569
83.7394714355
83.3576889038
81.9866943359
82.5722351074
83.1977310181
85.4286193848
76.6302947998
81.0795974731
82.9157257080
82.6680068970
82.1664123535
82.5334014893
84.8836212158
87.8329925537
81.8622589111
80.2862548828
83.2182693481
83.0850524902
80.0382385254
80.7313003540
80.6947784424
82.8775939941
82.6302185059
82.8914184570
80.0352783203
81.7142639160
83.0486068726
83.4032135010
84.7279968262
84.3579483032
81.6768035889
83.1817321777
84.5032501221
91.3396987915
88.5560073853
86.0355987549
81.5627746582
86.3958740234
86.7936096191
86.1370010376
82.7311248779
87.1009521484
82.7186737061
81.3594207764
79.1988601685
79.7302398682
89.4313888550
83.4204864502
84.4310989380
82.9038467407
80.4340972900
81.5842056274
73.6003112793
77.7553329468
78.3395614624
81.1221618652
89.3389968872
81.1831359863
83.8876113892
86.4323806763
85.2072906494
85.8385848999
84.8480987549
81.1991043091
87.1933135986
90.3391342163
91.2191390991
85.6627197266
83.7405624390
84.7779617310
91.9871063232
89.3832931519
88.1355514526
86.4964370728
79.4610824585
81.1196289062
76.9746322632
80.9749450684
82.2742614746
80.8683013916
84.1401824951
88.9583282471
86.0675888062
87.0524139404
86.9799880981
83.6962814331
81.5172576904
83.9363708496
80.3596038818
82.4114990234
84.4486465454
84.7719116211
79.6371994019
84.4707717896
83.0150222778
83.1295547485
85.3286056519
83.6805191040
82.1865005493
77.9356231689
86.2427215576
87.3918304443
86.4199981689
86.5367202759
87.2260208130
89.7201004028
87.3509140015
96.8218688965
86.3984832764
77.6216125488
79.7221984863
80.6674041748
82.9880523682
86.5262908936
82.8362655640
79.4899749756
75.6502609253
80.5746917725
83.4455795288
83.2376708984
82.8712158203
78.4936523438
78.4794921875
74.8753128052
74.6053619385
79.7058944702
83.8560485840
88.6511993408
90.4552307129
86.3810882568
91.3270645142
86.4227294922
83.6707458496
83.0438385010
82.1713104248
84.2279434204
76.7839050293
76.3045120239
75.7491912842
79.2141494751
83.7889938354
89.8725585938
88.2254180908
84.3885650635
83.3447570801
81.1896438599
81.9591064453
83.7170867920
83.6013946533
83.2596359253
86.6619491577
89.9887084961
88.2636413574
83.3495254517
76.0774993896
78.7732696533
79.4663314819
79.7494277954
75.4825439453
75.2877883911
77.0051803589
78.2337493896
81.8437728882
81.2950592041
81.7071151733
81.8230133057
79.3509216309
75.4020843506
77.3547744751
80.6637878418
86.5804824829
86.4931182861
83.9678878784
83.2662963867
86.7899932861
83.1520843506
85.7477569580
85.5084762573
85.4922180176
85.1869964600
80.9722595215
83.0817337036
80.4418106079
80.2034835815
79.6551513672
81.5456619263
79.1380538940
82.6828460693
81.4912948608
83.5385589600
83.7797775269
84.3402328491
80.7628631592
77.8684539795
75.7211761475
81.3138656616
82.6397705078
84.8750152588
85.2951354980
86.3409805298
86.9823913574
85.2750396729
85.8244857788
83.2753906250
81.0661087036
79.5562744141
80.6538848877
82.7769927979
84.5260848999
83.3437652588
83.9907226562
81.7203903198
82.7844543457
78.8705902100
78.2339477539
78.0058593750
75.8038940430
75.7191467285
74.2800216675
77.2892379761
79.9969100952
84.0698623657
88.7577362061
83.7857818604
84.3772811890
85.6183395386
79.2490844727
78.3748474121
80.4991683960
84.2405242920
86.5183410645
85.4418029785
83.6269531250
80.2275543213
77.8215942383
79.7661514282
83.3818817139
85.6110610962
82.8461380005
84.4553604126
82.7026214600
83.8829498291
83.1699371338
81.9614791870
86.0104751587
84.2817611694
91.2981414795
82.7043609619
84.6199569702
85.1912536621
86.2912521362
80.6704406738
75.8380966187
80.8048171997
83.7866516113
85.9903564453
88.1143035889
79.3168487549
78.6670379639
78.8318634033
75.1876983643
76.3253784180
78.2172546387
79.7012176514
74.3700942993
74.6382751465
72.1167907715
78.4779739380
79.7024154663
82.6964492798
85.8735427856
74.6799087524
75.7532424927
76.5325775146
78.2018737793
80.5116882324
78.4279327393
81.6337356567
80.3930969238
80.6316528320
77.3009948730
79.6460952759
79.9712295532
79.7774200439
81.1011657715
81.2636718750
76.5322723389
79.5223236084
80.5756149292
79.9638824463
80.1446762085
80.1672058105
82.0019073486
84.5493316650
86.7586288452
78.6314849854
79.7070617676
77.1217269897
74.6861190796
75.1229171753
74.0549621582
72.3602600098
81.2822875977
77.1433258057
81.9346084595
77.7548599243
83.8745880127
78.1488113403
77.4154205322
72.7195129395
76.3489227295
74.7313079834
79.4792785645
76.3197784424
84.6741027832
87.0692596436
95.2497558594
88.4835357666
87.0893936157
84.0167846680
84.6150817871
82.4409332275
81.2328033447
87.8747558594
89.2069702148
84.5768661499
83.2473754883
79.7128219604
81.6346511841
82.9747695923
78.6904983521
78.5346374512
80.6052856445
74.7343978882
82.5752029419
89.6352310181
88.1125335693
88.3385467529
79.7028198242
81.0918273926
76.3762817383
79.9327468872
81.3520660400
78.4628601074
83.0706100464
85.5762710571
88.7863693237
89.2393493652
88.9461364746
94.2956390381
94.0354080200
93.8267822266
94.4879302979
96.6930465698
95.5384216309
91.2900466919
84.2731170654
86.3414916992
73.3576354980
73.5927200317
74.9888610840
83.2316513062
86.5613784790
86.8807067871
85.4183654785
79.3464202881
78.3683013916
76.9553527832
75.9957122803
84.0823287964
85.2417907715
84.2718811035
82.5394973755
76.2056579590
75.6975555420
76.1847686768
77.8948669434
82.9247131348
83.3787536621
85.5167999268
85.8822250366
81.5665817261
82.0765228271
83.7227249146
85.3954925537
88.6043014526
87.4614715576
86.6212005615
85.6626586914
85.0088195801
85.1585083008
85.2294769287
86.4774932861
86.0750579834
83.1458129883
82.9193572998
83.0262908936
83.2650909424
83.8650283813
85.1641921997
84.8650436401
83.2421264648
83.7478332520
84.6765441895
87.9384307861
89.2051239014
85.5076980591
84.3489913940
85.1397933960
84.3888015747
80.6979217529
79.2264862061
81.9356842041
79.5111999512
79.0708312988
79.5377502441
78.2316513062
80.1565551758
80.1500549316
83.9232177734
76.0429306030
76.5014801025
70.9845581055
75.3242950439
78.4608535767
83.5020446777
79.2073211670
80.9070739746
78.5817413330
80.4186248779
80.4234313965
86.2734375000
78.1742935181
76.3809127808
74.5629196167
75.7775573730
77.5974273682
79.5562057495
78.6538848877
78.4672088623
77.6054458618
82.1631088257
85.1985168457
86.2309417725
85.2720336914
89.2733230591
98.4999237061
101.0240936279
103.3037567139
98.4576416016
96.2747039795
86.6904067993
80.0345153809
77.8255691528
83.4482803345
85.2588577271
86.0509338379
85.8230743408
86.5873947144
84.2184219360
83.6480789185
80.7638397217
78.8802947998
77.8119888306
76.5621337891
80.2421493530
78.4259185791
80.5308456421
77.8490371704
76.3774642944
79.8475112915
78.8274230957
81.0142974854
78.5496368408
78.6893234253
76.0344390869
79.9354858398
79.9879150391
90.5006561279
76.2186737061
76.4396057129
80.5521545410
79.7511596680
77.1676635742
81.9014892578
88.7021102905
92.5469131470
93.2752532959
84.0931854248
79.9977951050
78.4074172974
79.1633071899
73.2567367554
80.8829116821
79.1485900879
84.9514160156
78.2398834229
69.1537933350
79.3202285767
78.1946411133
80.7459945679
77.7788467407
84.1793975830
82.3026580811
89.4284820557
87.0261993408
90.3538436890
88.3128890991
84.9294128418
88.9998397827
78.7383728027
79.5676574707
84.3246459961
81.4662704468
81.7168884277
79.7438125610
80.7915496826
80.5368041992
81.8342208862
81.3728027344
77.3251953125
84.0458526611
75.2129821777
79.1422119141
77.7367095947
81.3901901245
88.7568359375
89.4605941772
84.4888992310
78.0030899048
79.0650711060
82.0979766846
82.9429855347
83.2746582031
75.1467285156
77.3164215088
76.3256378174
89.9984741211
86.3465118408
85.6655807495
82.3164901733
83.8566589355
87.1529617310
87.0189666748
78.8311004639
77.4264221191
77.9743423462
81.4844360352
83.7525711060
77.6411743164
75.9816360474
78.4484481812
79.5563354492
85.7209320068
78.5690917969
80.0979309082
76.7599334717
76.0379333496
74.4019699097
74.8781585693
79.5429916382
77.6789245605
80.2998657227
78.1325607300
76.1835021973
78.8211669922
76.2460632324
78.5726928711
79.9416046143
82.0211486816
82.1401824951
79.8746490479
78.9546661377
78.1322937012
76.4123077393
76.9883880615
80.9195556641
81.4724502563
78.1845397949
73.5705490112
73.7602310181
77.5199203491
78.9883575439
77.4052047729
81.7630157471
81.9845809937
84.0866165161
80.9071502686
83.6703796387
87.1010284424
84.4351806641
83.6527099609
81.0903167725
81.9527893066
81.0385284424
79.8948059082
75.9576721191
78.4641723633
77.1952819824
79.0208969116
78.9641494751
79.3517227173
79.9035339355
82.0855865479
81.7014465332
86.0004730225
81.7524414062
76.1254577637
76.2332611084
81.8630981445
84.7115249634
86.4451599121
83.0044555664
80.0520782471
79.6380310059
80.8667449951
82.1587371826
85.6293258667
80.4589233398
82.6479034424
82.9000320435
84.4064636230
81.9697113037
85.8768997192
83.2722473145
81.6061706543
84.2878265381
83.4678802490
82.7396545410
80.4821395874
79.2518844604
82.0983581543
82.8714294434
85.5553131104
80.2293624878
77.5529632568
76.9547042847
80.2520294189
80.1791305542
84.9113311768
86.8362960815
96.2495117188
95.3694992065
92.9117431641
86.2352447510
83.9583892822
84.4835586548
85.8877639771
83.4347000122
84.0349044800
80.4466781616
86.3116836548
81.9045562744
77.1558380127
77.9848632812
81.4746856689
78.4070434570
81.8094558716
78.5609130859
78.9809494019
76.9712982178
76.0659027100
74.6990890503
74.3773117065
76.9473571777
76.1006011963
72.5369033813
81.8893661499
82.4430313110
87.9293365479
80.3140563965
80.3518905640
80.8277511597
83.9428100586
87.9430770874
87.0449447632
86.8889617920
90.5016555786
90.3030548096
89.4033279419
88.2066955566
84.5527267456
86.7547531128
85.4945983887
90.8167114258
88.1659088135
91.0415878296
89.5952606201
85.5113372803
76.3144989014
77.7282409668
81.3418121338
87.4151611328
88.9796295166
86.6788864136
83.1212310791
81.8034820557
80.8533630371
81.4079818726
81.4787063599
80.7924575806
75.3678741455
73.1247482300
73.2667617798
78.4495315552
79.5686645508
85.3686370850
83.8318023682
82.9910888672
85.6193389893
83.7618865967
81.4352951050
79.6801300049
79.3624877930
76.3776855469
76.2225418091
75.2597961426
73.7303009033
80.8284378052
85.7119064331
80.7378921509
84.3131713867
82.9021072388
85.8241806030
80.8714447021
75.7751312256
72.5635986328
71.8125000000
73.3954849243
79.8224639893
78.4689559937
78.6872863770
79.7180786133
81.9486999512
92.3260650635
86.4167633057
87.2905273438
90.6559829712
88.8091125488
90.6106719971
85.8494796753
94.6778488159
92.0019302368
88.0713424683
81.6160049438
79.6255874634
79.2742843628
78.8752975464
75.1178283691
79.9797439575
78.5718536377
77.9869537354
77.6024246216
78.0366973877
78.6003341675
81.9493560791
86.7419891357
84.5455169678
87.7714920044
86.5514373779
85.3156051636
84.6238861084
83.6997375488
82.6003799438
82.3306655884
79.1106491089
79.5867843628
77.4978561401
76.6387176514
79.7346725464
81.5146102905
84.5768661499
81.9896545410
85.4327316284
84.2745819092
86.2553710938
83.8393249512
79.5108566284
80.7263259888
80.1684722900
83.1399612427
84.9857025146
86.0470657349
78.5256271362
75.7070541382
72.3852996826
78.0502243042
72.4255676270
78.6690902710
79.5993499756
82.2220077515
80.3280715942
76.6785278320
71.9881439209
75.7290649414
78.2873229980
83.0216217041
78.1940231323
76.7210845947
73.1034240723
76.0328216553
76.8489074707
73.5038528442
63.9868545532
70.0535888672
76.6520462036
83.7687835693
84.8177795410
85.6832656860
84.3797760010
81.8419952393
80.0210571289
80.9098129272
83.3672485352
81.9610977173
84.3459396362
82.8628234863
83.7574234009
86.0482788086
86.0771255493
90.9793853760
87.3998413086
85.5870819092
80.8616943359
77.4428100586
83.2515945435
83.4978790283
80.1938781738
79.4271240234
81.2988662720
86.6571807861
86.5506896973
86.3494338989
84.2467956543
85.3915786743
85.4001464844
84.6690444946
84.6697998047
78.2239379883
85.5985946655
79.5716629028
79.5045013428
81.4080810547
84.2474746704
82.0800247192
80.3567504883
75.9106292725
81.1463394165
75.4554290771
76.0935287476
74.3887786865
77.5671005249
76.2212829590
74.8855133057
74.3393249512
77.7956085205
79.4248886108
82.1241760254
78.4049606323
73.1291961670
73.8690643311
73.6011962891
73.0086975098
75.3002395630
71.8317718506
73.5516204834
75.9317855835
79.4200820923
84.7769317627
79.3580017090
79.7771224976
77.0946807861
81.5892639160
70.0839920044
70.8609390259
79.5972290039
73.5025405884
78.3140029907
76.5814743042
77.8154144287
75.2185516357
75.7452011108
74.1265029907
72.8580169678
75.4184112549
72.7054595947
71.8109588623
78.4435577393
77.2493286133
79.0654907227
78.7639083862
79.1391372681
80.0153198242
74.4462585449
73.3296432495
72.7690048218
73.4796218872
73.8389968872
74.2443313599
74.1740112305
76.7515869141
76.7979049683
76.0694885254
74.6058883667
73.3932037354
71.8134918213
79.8778381348
77.4864044189
82.3894500732
80.2937393188
86.1802291870
80.5794296265
74.3071136475
75.0139770508
75.1739349365
80.3276672363
77.1792144775
78.7137908936
78.1804580688
81.6673049927
82.9471893311
81.1328277588
82.2344589233
80.1772308350
80.6678161621
88.8510589600
92.5096969604
90.3874130249
86.1511535645
78.6203842163
77.6789779663
74.1868362427
75.4747619629
77.6634368896
78.0402526855
76.9116592407
80.4251098633
78.5065078735
80.1627273560
83.7375488281
82.4362030029
85.5261840820
79.1246109009
77.4843750000
85.7548141479
83.9059295654
86.5685882568
84.8005065918
85.7374038696
84.8446044922
82.8567352295
76.7563018799
78.9728927612
78.2557067871
76.3224334717
76.2296447754
73.4038238525
75.8555755615
74.6808395386
74.8886566162
77.9963989258
79.9810104370
82.7861251831
79.6493072510
76.3999328613
73.7612075806
77.4158782959
72.3930587769
72.2934036255
73.6187591553
77.7928695679
80.8825912476
77.2943267822
75.9100112915
74.9052200317
74.4377441406
76.0655517578
75.2387695312
77.2202682495
72.0709381104
73.8296737671
75.1037902832
75.1024093628
78.4970703125
76.9834213257
76.9536514282
77.2980499268
76.5897674561
78.2668304443
80.0357513428
73.7916259766
71.4819793701
74.6008377075
75.1715240479
76.6383819580
79.7659301758
80.8765411377
79.3750152588
77.4946823120
78.5773162842
81.6316680908
79.7837600708
86.5600891113
69.9505386353
75.4278106689
73.9814300537
73.7106781006
77.0672302246
76.7977676392
80.6885910034
77.6814041138
78.6818695068
78.4960098267
78.3624649048
81.2887649536
83.4742431641
83.7854309082
84.8201370239
83.9220199585
77.9937438965
77.2284469604
78.1697921753
80.7795944214
81.2622070312
82.3775100708
82.4302978516
82.2750701904
81.2326431274
83.0134735107
85.6547241211
88.5491714478
87.9947586060
89.6239242554
89.5728607178
90.4686965942
89.2387542725
88.0046691895
84.3565368652
85.6307601929
82.3145523071
79.4944000244
77.3719024658
82.2677764893
77.1719360352
75.2551727295
75.3180465698
76.3807144165
83.4849700928
84.1163101196
87.0163269043
83.7375259399
83.2000732422
82.0041503906
83.5001525879
82.9981231689
83.4606399536
81.7910308838
82.5919952393
83.6047821045
82.3320007324
84.1109771729
86.5196533203
87.4433364868
83.0701751709
80.1580581665
82.5182037354
83.7484054565
86.4514923096
81.0352706909
80.6141967773
79.8833847046
83.5586090088
84.6725082397
84.0308456421
85.5957336426
80.5508117676
76.4506378174
72.8402099609
76.5485229492
74.3877410889
76.9859619141
78.8174591064
78.5384826660
83.3594436646
86.8758544922
86.5882415771
97.2571716309
93.5794677734
94.1488189697
84.7404174805
82.8221130371
79.5437850952
79.7926254272
78.9140777588
84.5837936401
85.1447601318
85.8509063721
83.9054565430
82.7173080444
80.7252349854
78.0724639893
75.6672058105
77.8157272339
78.2263946533
78.2290954590
77.4543457031
75.5641174316
70.9612274170
73.8576278687
76.7631378174
79.7654113770
78.6234283447
77.3411712646
74.5395202637
72.0603942871
70.7449035645
69.3116836548
72.8262786865
72.4327392578
73.2218780518
71.8220520020
73.2287292480
74.5649108887
75.8517379761
77.0827941895
75.8301773071
74.8137512207
78.9171371460
81.5287322998
86.4233016968
81.3101577759
79.0090103149
74.6274261475
77.4346923828
76.8445968628
80.4422454834
82.6747665405
81.4588317871
78.1702194214
78.5291061401
78.0593566895
78.4981231689
78.5258483887
81.6580505371
82.5679397583
79.0412597656
82.3077850342
78.2011642456
79.4402008057
76.0955734253
74.1766662598
75.3330841064
77.0697479248
77.8229370117
80.3102264404
79.0555114746
81.5192337036
76.3270263672
79.9037628174
79.8054733276
81.0231018066
80.8989562988
75.1168365479
72.0746078491
72.7659072876
74.9253540039
78.0287704468
80.7643203735
77.2039489746
77.6761703491
75.3629150391
86.3936843872
84.5308685303
88.8959350586
89.0467834473
88.9855880737
88.0772094727
82.6075057983
79.0642089844
77.5392761230
76.2345733643
77.2589416504
74.9825592041
72.8293380737
74.1431274414
74.0714797974
74.8780593872
77.1182556152
78.3281402588
84.0800552368
84.1505813599
83.4743347168
81.2740936279
76.4022293091
76.6670989990
79.0349960327
84.5168609619
85.8462371826
86.2023544312
83.9788589478
82.0259475708
76.0007171631
76.3533630371
79.3316879272
83.8311157227
91.8221359253
88.9883575439
83.4793167114
81.5414581299
85.8450851440
87.7637786865
85.9017562866
83.9392013550
82.6355743408
85.9832458496
85.0866470337
83.1067886353
78.1558380127
79.9622344971
74.8435363770
74.0354461670
80.9932556152
81.8840408325
86.1481933594
83.9193878174
82.5373840332
83.1593551636
82.3766937256
81.3399810791
79.7497940063
82.4894027710
81.3304290771
82.5825500488
83.4969635010
86.8943939209
86.5584793091
89.4922027588
86.7881317139
86.2144775391
87.8935546875
79.9998931885
81.3184432983
76.7986602783
82.0668334961
83.3359909058
85.8784790039
84.2393417358
80.7930450439
82.2399139404
81.9443969727
83.2831573486
81.4317474365
83.4526748657
84.4173812866
85.8426742554
84.8014831543
87.9013519287
87.4098052979
87.4527587891
86.7923126221
82.0713500977
77.5192871094
77.7590484619
85.7108001709
84.1908340454
86.3850860596
83.6491317749
84.3974304199
83.9093399048
82.9316864014
83.6875305176
81.7103271484
80.8979034424
77.8006896973
82.8074493408
82.6081466675
81.4681701660
79.5673751831
74.7294921875
81.6168441772
86.3740081787
89.0431365967
85.0098495483
80.4399642944
82.1598052979
85.8774566650
86.3057785034
89.6724395752
88.3137969971
83.8773880005
78.1609191895
79.2529754639
80.8480606079
81.6464691162
80.1942749023
79.6361541748
81.2749023438
84.2393341064
80.3618087769
82.3954544067
80.9498901367
80.7644653320
81.6774826050
80.5722198486
77.3605804443
76.6753540039
74.5304107666
74.3308258057
72.5116271973
80.0017242432
83.6353759766
87.0492553711
90.4846801758
90.9127349854
92.0046386719
89.4740982056
87.9781951904
89.7349472046
90.5246124268
90.8221130371
92.5699005127
92.0820159912
90.5407791138
85.4718780518
79.3703231812
75.8401794434
85.2599258423
80.8059997559
84.1574707031
86.3688888550
84.4127960205
83.5167922974
87.6969833374
86.3198547363
85.7372894287
85.2099685669
84.5172729492
84.0771331787
83.2560043335
83.4842453003
83.6122894287
82.5637130737
80.8233566284
83.5172042847
83.6109237671
82.4350051880
80.6887893677
87.7447967529
93.9391174316
92.3974151611
87.7909851074
83.6924438477
79.1785278320
77.8777008057
82.0360031128
83.8762283325
85.9645843506
90.6030044556
91.1296234131
94.1015014648
89.3645935059
91.1647872925
87.8536987305
87.3962554932
91.7193908691
88.9605026245
88.2983016968
83.2899017334
78.8173904419
83.5549774170
85.6241302490
86.3406448364
81.5965728760
78.6712417603
81.5734481812
82.0032653809
80.6608200073
77.3174438477
79.1952819824
79.5836944580
83.6625823975
88.0832748413
87.1986846924
85.9453735352
79.5088806152
77.2108764648
76.5270690918
78.9948425293
78.6822662354
77.3197631836
81.3817749023
83.7593536377
90.5470046997
92.8957366943
91.3928909302
88.1612091064
84.6509552002
82.7744445801
82.7171936035
81.3928833008
81.4385986328
80.4929351807
82.8414001465
83.4637069702
86.7859420776
84.2085952759
88.0241317749
91.4575653076
92.4255447388
92.7638397217
93.9347686768
93.5634002686
97.8596878052
96.3985443115
94.6179962158
90.8749313354
92.2111968994
90.1097259521
92.2503356934
95.8990325928
97.3909225464
96.9779586792
98.5187225342
96.1553344727
92.7762374878
93.4629821777
92.7333984375
91.8175735474
91.3336944580
85.5749206543
83.2418365479
86.1664123535
84.4724273682
82.5558929443
83.2424087524
84.8117370605
89.2687301636
87.2516021729
87.4973373413
81.0401382446
85.2140045166
86.6827087402
86.8439559937
87.6892623901
88.3029556274
87.4781417847
78.9733276367
77.4081954956
78.3100585938
80.0063476562
85.3008804321
88.2330093384
90.4881439209
84.8549346924
82.5163192749
78.4415588379
79.8462066650
79.1777038574
78.5336990356
80.4359359741
81.9127502441
78.3104095459
81.9800262451
87.0534057617
88.0375213623
85.0832290649
84.8940963745
87.3518829346
85.6411437988
81.0388870239
81.1693420410
84.1731719971
78.1267013550
79.0536651611
83.9348373413
85.1735076904
85.8594284058
80.7875976562
80.0528564453
79.8413162231
87.3163986206
88.9822845459
88.8685760498
88.0027542114
88.3239974976
90.1654129028
91.8538208008
91.7430191040
87.1796722412
80.5991897583
79.8953628540
82.0708847046
83.2511596680
83.1560287476
84.0343704224
82.5821075439
77.8957748413
77.7350234985
77.8508758545
79.5920410156
81.4229583740
80.6769409180
78.1067047119
79.4723510742
80.7864990234
82.2503967285
84.8481140137
83.9442672729
82.5763092041
81.3099365234
79.3916778564
80.3031921387
78.8437652588
80.4827194214
72.4432754517
80.9191055298
75.8380126953
80.5131530762
76.1635360718
76.8879394531
79.1395721436
80.5711593628
82.3210830688
82.8045578003
87.4025268555
86.0547790527
84.3108901978
83.2610778809
85.0475845337
83.4817504883
85.0654754639
85.7930297852
86.3590927124
81.7206649780
81.6150817871
82.7548675537
80.6428375244
81.7522125244
82.9639892578
84.6182098389
86.2905197144
87.0359344482
85.2870025635
83.7020187378
85.3205413818
80.1009216309
83.2505264282
81.3538513184
77.0871963501
80.0730438232
84.4152221680
83.5672073364
83.4330291748
83.6341247559
84.4229354858
82.3844223022
82.3273544312
81.6160736084
80.9625625610
76.8391189575
75.7949371338
82.0267715454
80.0788497925
84.0984497070
85.3892364502
83.4774169922
81.2293090820
85.3280029297
70.8936614990
76.2640609741
78.7292938232
83.6801300049
85.2817764282
90.1202011108
86.5331878662
84.2524642944
78.6655120850
78.6828002930
75.6749954224
78.0866165161
81.7942810059
84.5517959595
85.6777420044
82.8342971802
86.6598205566
86.3336944580
87.6204223633
85.7619857788
84.1566772461
78.5862503052
76.8282775879
77.6115112305
83.7852401733
82.4716033936
81.0112533569
82.4094085693
83.0399932861
78.7932205200
83.0703506470
79.5650100708
75.5533905029
81.3933410645
82.5723419189
87.1950225830
82.5396575928
83.2542266846
84.9700317383
77.0329818726
81.3528823853
73.6462936401
73.6504135132
72.3690032959
74.2716064453
74.3533782959
72.4167785645
76.2071838379
76.4090576172
81.1916885376
84.9445877075
86.8628692627
85.9284591675
85.5445861816
83.4150543213
81.7849807739
80.9882736206
81.8515014648
83.6545944214
85.5372161865
84.8605499268
86.9134063721
86.7571868896
88.5246887207
79.3082351685
73.7001571655
74.0299911499
74.0411300659
76.0974807739
77.4974136353
75.1287841797
76.2499542236
79.3700103760
74.2759399414
75.2245254517
73.3931121826
75.3644409180
85.0558013916
81.1033020020
83.5783081055
81.1994247437
79.9401245117
88.7069473267
79.3068695068
82.4803771973
80.7614593506
79.1159439087
80.0974349976
75.1232757568
78.3390960693
82.1677780151
85.0774612427
87.8846740723
88.6873168945
78.8776473999
80.5643081665
76.8780746460
77.3871765137
77.0343399048
84.3871307373
85.1707687378
81.9479446411
126.6724472046
114.9650039673
106.8827896118
89.5430374146
91.3607559204
87.8561630249
81.0471572876
76.9690856934
76.1180038452
84.2082443237
85.0231628418
86.6953506470
87.5188522339
87.7247543335
89.7358779907
83.6097030640
84.7438583374
86.5980987549
82.0197067261
83.1558151245
85.6557693481
83.0637283325
83.1957855225
88.1508712769
90.6704101562
89.1312561035
87.4072799683
82.5094680786
78.0782241821
74.3070602417
77.0989456177
79.2168807983
82.6737823486
85.4329910278
86.2602539062
88.4397277832
88.0912399292
90.2102508545
104.5894699097
106.7125930786
92.7994155884
96.0395278931
109.7957229614
123.7249679565
113.4829483032
107.5625534058
108.0795059204
84.8683166504
80.2219772339
80.3502502441
78.0155181885
77.4568176270
80.5331802368
84.6069564819
81.7261657715
82.7064590454
76.9039993286
76.9671630859
73.6883697510
72.6255187988
78.3218154907
77.2517013550
82.6882247925
81.9355316162
87.9370193481
89.5281982422
81.9635772705
84.1068420410
81.2247772217
82.4864349365
80.6310119629
85.5140228271
84.7377929688
85.0165939331
83.1837844849
85.0238342285
85.7468566895
86.7082443237
82.4849777222
82.6026763916
80.8818130493
81.3618240356
80.1849746704
82.8384094238
82.2156829834
84.3033294678
83.9885559082
86.6637191772
81.6133804321
83.2062225342
82.1592178345
77.3818054199
88.5020217896
88.2616500854
80.8512420654
83.5020980835
84.4110336304
86.5681838989
87.8622894287
88.6210784912
80.1659469604
82.2557296753
81.6398468018
78.8808975220
78.4200973511
85.5301284790
84.6638412476
87.0462341309
91.3742980957
89.4736480713
80.0340423584
80.4137420654
81.5724868774
82.8569641113
82.8328247070
80.3716659546
80.2662048340
78.8191833496
78.6916046143
81.2005386353
80.5718307495
78.3534927368
73.8340911865
71.9429550171
76.2160644531
81.2523803711
84.3767013550
81.4001693726
86.7807083130
85.7538223267
84.0180511475
82.3507766724
80.3373107910
78.2921752930
79.8271179199
81.5521087646
79.4506454468
85.3398208618
76.1682510376
76.5844955444
73.1175537109
76.2242660522
76.6134567261
76.0424423218
76.2400970459
77.5917968750
78.7665405273
78.0739440918
77.8928451538
80.0926437378
75.4696273804
75.3782119751
74.1186752319
76.4268951416
75.2594909668
74.6836853027
75.4748077393
74.1395721436
78.2973175049
82.2727127075
91.3568115234
90.5067138672
88.5918502808
89.5483398438
82.8075714111
81.9495697021
80.0326690674
79.4318313599
76.7175216675
84.3842620850
83.5233764648
85.8699493408
82.2555541992
80.3019332886
85.1033859253
87.0911483765
88.0221023560
86.7747116089
87.3399581909
90.6814422607
87.3238220215
90.8856658936
86.5127182007
87.6300964355
86.9723968506
87.2784194946
86.1823196411
80.3295059204
78.1455841064
77.6295089722
79.4256744385
74.1350402832
77.4578323364
83.6467208862
79.0519866943
78.8641357422
77.5206298828
77.0099334717
76.3784637451
75.5678939819
73.0830383301
72.1768951416
76.1995162964
78.5505218506
78.6933288574
82.1956710815
80.5698242188
84.7382202148
84.2952270508
85.0493392944
82.1342849731
83.6386032104
89.7598953247
89.2426376343
86.1543502808
82.6199188232
73.7639617920
76.2428054810
81.6856384277
82.7633972168
82.5256805420
78.7618560791
74.9880065918
71.4088973999
74.7947692871
78.5943298340
84.5848388672
86.8661727905
83.4567642212
84.5813217163
84.6793060303
84.4837799072
85.2598114014
86.8063888550
90.5138092041
92.1815719604
89.9241256714
90.2703399658
82.7917175293
79.2436904907
80.1660003662
83.9869384766
89.0848236084
89.8440322876
93.0185394287
88.4131622314
86.3274002075
84.0921096802
86.0830078125
85.6024627686
93.8465576172
91.9106216431
91.0946578979
85.6483383179
85.4418106079
84.2447204590
84.5760726929
80.7313690186
79.7101516724
79.3065185547
80.4258499146
79.6277618408
82.0575103760
86.4557800293
89.2231979370
87.1518630981
84.1990509033
84.6377182007
85.7563781738
88.9449157715
88.5517807007
85.5243148804
83.5821228027
81.1087875366
82.5203323364
78.8194351196
80.3356857300
81.2379837036
79.1877136230
79.5858993530
84.9623031616
84.7467193604
85.2975540161
82.3301162720
77.4397354126
79.6080322266
77.3027648926
73.1158981323
70.8222427368
76.1626815796
76.2807769775
76.9684906006
76.7323303223
75.6721496582
74.8916473389
76.9766540527
74.4140319824
73.9795379639
74.2789154053
74.8934631348
76.2175750732
74.7636871338
74.4919204712
79.9956436157
79.9330368042
81.2142028809
81.8954238892
80.6369857788
75.5897750854
74.4362792969
77.3235549927
77.3620910645
78.0840454102
75.7318801880
75.1344070435
75.1087341309
77.5445785522
76.8431320190
75.7048034668
77.5847549438
76.0660552979
78.3927764893
77.0906372070
75.0561752319
73.5788192749
70.8536834717
70.2205505371
71.1366729736
70.9517974854
71.9945678711
74.0294342041
77.5676574707
84.2522506714
79.7347946167
79.5822753906
78.7374496460
81.3560791016
82.5984344482
82.4876556396
75.9280853271
74.8308868408
73.6872024536
78.1391601562
80.6538925171
79.6440048218
78.4899978638
78.8521499634
79.8632888794
79.8828811646
78.2272949219
77.3502807617
79.1532287598
80.2521896362
71.6957092285
72.7046356201
71.2367324829
80.4287643433
83.0496902466
85.2077407837
84.8606262207
84.2750930786
83.1132507324
83.0156707764
78.2528533936
82.8391418457
82.3885269165
86.5810928345
82.5396270752
77.7184753418
76.5506591797
79.4992675781
85.4404830933
87.6299209595
84.3495941162
83.3195800781
83.6788406372
82.6980743408
81.6090316772
81.0332641602
80.1640930176
82.0067138672
85.1663589478
78.5283508301
78.0276565552
76.1909713745
78.5829467773
75.8300628662
73.7089462280
75.6563796997
80.2465820312
83.5768661499
81.3142013550
82.8420944214
82.1875152588
85.9831848145
85.4480438232
82.4245071411
71.1091308594
74.3091430664
79.2500762939
83.0321273804
88.6906280518
87.0858154297
84.5980529785
87.3098449707
81.4023208618
79.3931808472
79.3988342285
76.6734008789
77.3761825562
75.8726196289
81.5306625366
81.6191101074
70.5335922241
69.0373840332
67.0775451660
72.2055511475
70.2656707764
72.0080566406
71.1880874634
73.5732345581
71.1301345825
74.3399963379
76.0078582764
75.1534118652
76.1689910889
80.1457901001
79.5181121826
78.3214035034
73.4620971680
72.1829681396
72.4376983643
72.9431838989
74.3439712524
74.7540283203
76.4044189453
77.5751876831
72.9299163818
78.8518066406
79.0073623657
83.3924865723
80.7569503784
80.7475738525
74.1430130005
74.0399780273
76.2474517822
78.1127319336
80.3139495850
77.6699295044
73.5862808228
78.6444549561
79.5282287598
77.8610000610
78.9407501221
77.2967071533
81.6990203857
76.9764328003
72.4672393799
70.0338668823
68.1459960938
72.0768508911
70.4327087402
73.9200897217
70.6841125488
75.3085556030
74.2363052368
75.4029464722
73.1047439575
72.4674453735
78.0321044922
76.4804763794
77.5050354004
76.7148742676
77.0630035400
75.7996063232
72.1672821045
72.7645416260
73.8067855835
76.3550949097
78.3252334595
76.9463729858
77.9378051758
72.2447052002
72.5368728638
70.6729125977
77.9897155762
75.6595611572
76.8043289185
77.2811126709
77.5173187256
78.1221847534
77.1659164429
78.1995544434
76.9265670776
77.6958084106
76.5475158691
76.2910079956
76.0940017700
81.3264160156
83.5811920166
81.0171813965
81.3941574097
78.6662445068
77.7061233521
79.7707443237
85.5455093384
84.5538940430
83.8915557861
84.5701904297
86.4617385864
89.7468719482
82.5991897583
84.1616973877
80.1763305664
82.5422286987
82.5013580322
82.8715133667
85.3863754272
81.0488891602
83.1126174927
82.9760437012
79.4137420654
73.9784851074
74.2334136963
74.5817718506
76.1819839478
74.2448120117
76.5578308105
74.4616775513
75.1883163452
76.4149246216
79.2328338623
85.0188903809
81.9670867920
77.5958557129
81.0615539551
81.3201446533
86.8593978882
84.4169235229
87.0866928101
86.8782653809
86.1556243896
87.5201416016
85.3225097656
86.2074508667
85.1692657471
78.0830383301
76.6689300537
77.5935440063
80.6281356812
81.6796646118
83.6005935669
81.5800476074
83.5039672852
81.3970642090
82.0722885132
81.5112609863
79.0797653198
79.9364700317
83.5621795654
87.7490768433
87.5754318237
87.2303619385
80.4081192017
80.1427536011
77.5383300781
80.5696258545
82.6281585693
76.0681152344
77.4480133057
78.5792465210
80.8028869629
83.1733703613
86.1524276733
87.1333618164
86.6224136353
79.6573181152
82.6245346069
92.2026214600
91.2083816528
100.2240524292
103.2134780884
103.7605514526
89.4807968140
88.5842971802
97.5196456909
102.0592346191
99.2227935791
101.1647186279
88.5132904053
86.7333831787
88.6186981201
84.1624374390
83.4404525757
82.0108413696
82.9679565430
78.9545822144
64.2172546387
109.7464065552
98.9599380493
105.6362075806
94.2085342407
102.9413146973
92.8775634766
89.4705200195
88.9594268799
88.5140380859
84.5690612793
86.1726226807
80.6491394043
79.5028381348
79.6686248779
85.8150634766
83.6157684326
83.2701644897
84.3757019043
84.9755096436
82.5671081543
79.7082138062
78.6509170532
71.2215423584
77.1855697632
80.2177352905
78.4922103882
75.9540557861
79.5161285400
80.7132949829
83.8889465332
79.0963973999
79.1238937378
81.6310882568
83.2823104858
86.6965637207
84.6221694946
83.7337570190
83.4618148804
83.2947387695
84.0783081055
84.6235809326
83.8879013062
86.7628250122
80.7997283936
79.7995223999
79.0158309937
82.8429641724
85.1183624268
92.5171966553
87.2112121582
88.0380096436
81.7605743408
82.0355606079
83.0413818359
82.4395980835
79.5565032959
80.1896896362
82.0235290527
82.4404830933
78.9619598389
78.5422515869
79.4975280762
81.3806304932
83.0556640625
81.2432479858
78.6784362793
82.1364440918
82.2268829346
82.0109252930
80.0973129272
80.2661209106
80.8884429932
83.4872894287
81.0672988892
78.5326232910
76.7596588135
84.6676254272
83.3974151611
84.3448410034
83.6152877808
83.0547027588
79.7918167114
79.0705032349
75.5923004150
75.5241241455
74.1298065186
75.4465866089
75.4066696167
76.2622375488
77.7959289551
75.9845352173
77.1916503906
77.2061157227
77.1454849243
77.3440093994
75.8560333252
76.1956710815
75.9429779053
78.4133758545
72.7369079590
72.2087707520
70.9507904053
77.4994354248
77.1961135864
79.3517303467
78.0010604858
80.6713409424
81.5000915527
74.9369354248
75.2456207275
77.9040222168
76.5238265991
76.4222946167
76.5803527832
80.2415542603
81.1520462036
82.9516220093
80.2583770752
87.3841705322
85.5190505981
83.8126678467
87.2722396851
84.0759353638
84.4280929565
82.1330566406
79.1188430786
79.8512115479
83.1789398193
82.1788558960
84.9725036621
80.9839859009
79.6131744385
80.9508361816
79.7444992065
78.2134933472
82.3160934448
81.0424346924
80.9228668213
76.3878860474
79.4769515991
81.8875427246
84.1638793945
84.2774353027
83.8365097046
80.7342910767
77.3174285889
77.6296157837
76.8721466064
79.8038482666
77.1024551392
77.2876281738
74.2339096069
75.6531829834
74.1347579956
76.3825683594
76.6883010864
74.8134307861
78.1064147949
78.6390533447
79.0808792114
79.3126373291
79.0439224243
76.7943267822
82.1742706299
82.3672485352
82.1742248535
80.6995544434
76.2658767700
76.0953598022
80.7513885498
80.9474639893
80.7656021118
71.5579452515
73.8675155640
75.1580810547
80.8796997070
79.4559173584
78.5193023682
74.8553771973
74.9489364624
75.7923889160
77.8526229858
76.1652526855
79.9748077393
77.5439910889
79.2735900879
80.6194763184
81.6919250488
83.8396072388
88.3014297485
89.4060668945
88.0577316284
85.1252136230
80.8643035889
73.7201766968
75.9356765747
79.7867126465
77.0006256104
91.8147735596
97.8769226074
98.0139999390
101.4886627197
90.4289627075
80.3654174805
80.1414184570
77.4749526978
83.9712600708
79.5520324707
77.9908599854
78.9682464600
78.5366668701
77.8834075928
78.2770690918
77.7031707764
76.1045379639
80.9017791748
76.2509155273
74.4098587036
76.2904052734
77.0035095215
79.2132415771
78.7342758179
82.2958068848
85.8507690430
79.6058959961
73.3748703003
77.3606262207
75.9918594360
77.0363845825
78.1169891357
76.8857879639
78.5971908569
73.2711868286
74.0564880371
73.2731246948
74.3481597900
76.1577224731
78.2698516846
77.7130889893
76.5113372803
75.9891204834
76.6738281250
77.4719619751
78.3982086182
79.2688446045
80.0948486328
78.1190109253
78.4347991943
78.7544021606
70.1459197998
76.0672302246
76.4080657959
80.9230728149
81.6091308594
81.7589187622
81.8943634033
82.4480056763
77.1443862915
82.2903366089
85.3817672729
87.3681411743
85.0595779419
86.5822906494
83.2625808716
81.6802520752
78.5971832275
85.7911529541
87.9183349609
85.8859863281
86.8155593872
82.1986236572
80.3447036743
82.1379623413
70.1295700073
80.8132476807
76.3320083618
80.2798919678
79.7763824463
83.9204635620
83.8819503784
79.3369293213
76.9600296021
77.9234008789
79.1553497314
83.1798248291
83.2165679932
82.8756561279
87.1083831787
86.9372711182
93.5988311768
91.8556442261
88.8258361816
90.7233886719
92.1139831543
88.2496261597
87.8909149170
91.2816772461
92.4972457886
85.1522750854
87.6492462158
83.3217544556
91.8430480957
86.3263244629
88.0841903687
87.6237792969
89.5259933472
86.8503189087
86.1109466553
83.3767852783
83.7539825439
85.7634429932
87.2803344727
88.9511489868
87.1273651123
87.7861328125
84.1642990112
81.8558807373
79.0708847046
84.2372741699
86.9107742310
85.7163085938
80.8102951050
86.5778808594
77.3205795288
77.1095046997
79.5875625610
84.3136596680
84.4623489380
80.6948699951
78.8175888062
83.0850677490
87.1986083984
88.6935882568
86.5289230347
85.2918930054
83.1963424683
79.3606033325
80.5528869629
77.9019699097
78.7208251953
84.3395538330
85.2017974854
85.1977996826
85.9377441406
81.1599197388
83.9951095581
87.0343399048
88.4042282104
85.4562225342
82.8431549072
84.1980361938
86.4423217773
82.7951126099
79.8843994141
79.0556335449
77.3405609131
79.3996963501
81.7428054810
84.8395233154
88.7854461670
86.3807830811
85.7405776978
81.8555145264
81.7009124756
83.4749450684
84.2477264404
84.8654556274
85.9481582642
134.2236633301
98.0122756958
83.3211441040
111.1412582397
80.0408477783
94.2349243164
91.6459045410
86.5193939209
80.7383499146
76.4916000366
80.4775009155
79.3123703003
88.8567657471
91.2901763916
92.7201309204
90.9761276245
88.1210556030
83.4979400635
80.0735778809
79.0013198853
76.4942092896
76.1655731201
73.2735061646
80.6710815430
76.0959014893
75.6276321411
76.2804183960
85.1314849854
81.8972091675
79.7592926025
79.5308761597
82.2353363037
81.7136917114
83.4391479492
83.4100875854
85.6117019653
82.2801895142
83.4432830811
80.6187744141
80.0504150391
80.8444213867
80.0471496582
80.5557327271
74.4308013916
75.9089050293
77.6888961792
77.5821151733
82.2785339355
86.3245010376
87.5702514648
82.5661926270
77.2444458008
74.9891128540
76.9219741821
78.9409484863
76.9239578247
76.7893981934
77.7477798462
78.2288360596
78.6992187500
81.6403884888
82.8093414307
78.2515640259
80.9263458252
83.0180969238
85.7867279053
87.3788299561
86.9682312012
84.9301147461
83.4762496948
83.3147888184
82.6152954102
81.1647338867
78.2427444458
80.8068466187
85.4999237061
88.1258850098
90.4419250488
85.0567016602
85.5104217529
84.7939300537
88.8164138794
91.8427429199
87.4348907471
86.8430023193
85.5070037842
88.1730270386
87.7305145264
92.0300521851
89.5287628174
87.4965591431
88.1571578979
87.4270019531
87.3737716675
90.7426986694
90.5715103149
88.0112457275
82.1308364868
82.2117996216
81.2809753418
81.7365875244
85.2869186401
83.0133590698
82.2411041260
79.6525497437
82.3857269287
82.4811401367
85.7412719727
85.0449905396
84.1031265259
84.4728622437
83.1349182129
83.9907836914
83.8543167114
81.0211105347
80.7411422729
81.1573791504
83.0448074341
79.1073379517
81.3087234497
78.9157867432
79.3188323975
78.7548065186
84.1946105957
80.6419601440
81.7900848389
79.9045715332
79.9205474854
80.3129959106
80.9197540283
79.3958511353
77.8829116821
82.4422149658
85.3789520264
87.7082443237
88.3155364990
84.8827362061
82.7999572754
86.0110321045
83.4897689819
85.2671813965
81.3750915527
78.5372924805
79.2181091309
80.7007369995
81.1542968750
85.9581527710
84.4366683960
86.1006164551
85.2746658325
89.3356399536
88.9637451172
91.5180053711
88.2376937866
87.8862152100
83.8189849854
86.9456024170
89.3756866455
91.3710708618
90.0861663818
84.6296615601
84.7093582153
83.6059570312
80.5480117798
82.0455474854
84.6390075684
86.5949554443
83.2006835938
82.1735610962
78.2081375122
83.3928298950
80.4221954346
79.7235107422
82.7852401733
81.9014282227
81.9250640869
81.8878936768
83.3067245483
81.9176940918
81.7167053223
78.5649948120
77.5549392700
75.9536666870
79.2683486938
79.3462448120
83.4150009155
77.0346984863
82.1547241211
75.7304458618
74.3386077881
79.3847885132
79.6302490234
87.2772445679
82.5870666504
79.8963470459
76.7436523438
78.2505493164
81.7727737427
78.6774597168
84.8930435181
86.8686752319
93.6264648438
93.0599517822
94.3531723022
89.4302368164
90.1879119873
91.3882904053
95.5992965698
92.4647979736
91.2718048096
91.8656692505
99.0201110840
99.8896102905
93.7464294434
91.2551116943
92.7897567749
97.7314605713
96.0240325928
93.5567245483
92.1183166504
90.4726943970
88.8702545166
84.3188095093
81.3173980713
80.1314163208
83.4954071045
85.0082550049
87.6754226685
85.7981872559
88.0664520264
87.6503143311
87.2850036621
88.4147796631
94.3607330322
88.2684936523
88.4994049072
83.1149520874
84.2653503418
81.3478393555
78.3942413330
80.0326690674
78.1187286377
77.1846160889
78.4877929688
74.4892349243
73.3054809570
73.6918945312
74.5494384766
79.4981002808
82.3933181763
80.7898330688
77.7576446533
75.9600830078
75.8749084473
76.7148818970
71.7466278076
65.3378143311
72.9112930298
82.3552322388
87.1784515381
85.1609649658
83.8937225342
82.7841491699
80.6776046753
84.2616119385
87.5522613525
84.7318649292
82.0506973267
89.8723068237
87.5959854126
84.4223937988
84.0755157471
80.9846725464
82.2882385254
85.5303421021
81.0140762329
88.9009857178
87.3857345581
85.5891723633
82.1912078857
82.0569915771
80.3784637451
83.7338714600
84.7011337280
85.5075302124
86.4677047729
84.4695968628
85.6242675781
88.1820983887
88.5167617798
85.7379379272
81.3252029419
82.1447906494
86.4943466187
80.6443176270
77.2370147705
81.8284683228
87.7040634155
81.5017623901
80.2274551392
76.8539886475
77.7487106323
81.2248306274
81.3648071289
84.2248382568
85.5147857666
84.8447799683
85.6732254028
91.3894500732
95.8033676147
90.5270080566
87.6375732422
87.3052825928
90.5866317749
98.7412643433
102.3835678101
101.2810363770
103.7121734619
104.6427764893
109.7911911011
101.5042724609
98.0413970947
94.9439086914
98.3493347168
97.2226715088
93.7369079590
92.5961990356
91.3758087158
91.3071517944
91.4379272461
92.2091751099
89.1760864258
86.5784149170
82.4462432861
85.8295898438
83.4020233154
85.4973602295
82.1507797241
79.6335601807
82.7424316406
84.3741607666
85.6909713745
86.2173461914
83.6474761963
77.2053070068
80.8058929443
82.1018524170
89.6481475830
95.7593002319
94.7407531738
96.0032882690
93.1265258789
89.2223434448
88.7247467041
89.2852020264
84.2508392334
92.4111785889
92.5052413940
93.9802856445
89.0153656006
91.3558425903
89.1264648438
94.7560577393
94.7624359131
100.7673797607
96.5095977783
98.4786682129
96.6974639893
98.5898666382
90.4933929443
86.2505722046
86.8987960815
87.8064422607
84.8899841309
84.3411941528
84.1466674805
86.9574737549
88.2376708984
85.7913131714
85.3496017456
86.9498672485
90.3786773682
99.2435760498
98.3418807983
94.1337280273
93.6135253906
91.1526412964
93.8877410889
91.8171463013
90.4145889282
93.6962585449
96.0621795654
100.5375747681
97.7522277832
95.0925292969
92.3241882324
90.9290771484
91.0570144653
91.3748092651
97.8132476807
99.3865203857
98.3555908203
96.5250167847
95.7250518799
96.0356292725
95.6128921509
92.5689697266
90.3497772217
88.1542510986
86.9269714355
88.9369812012
89.2833404541
91.1838531494
90.6251220703
91.2448883057
93.0369644165
94.0729217529
90.6598815918
90.1654815674
86.5669250488
97.0879745483
89.9982757568
87.3793182373
91.7999420166
95.1430435181
94.2866516113
94.3114471436
90.1592178345
83.9727478027
82.3295898438
87.6054229736
88.3595809937
89.5042724609
92.7836456299
93.2484512329
89.8474807739
87.4091033936
86.2825317383
91.9512329102
97.6683044434
98.5069274902
93.4269027710
85.9746017456
87.4388046265
84.8210372925
83.5809326172
85.5272979736
86.0520629883
90.6358032227
96.2427215576
96.5193557739
97.7539520264
88.5212554932
88.3824539185
94.9717712402
100.3895645142
98.5670471191
93.9662322998
93.1794815063
99.4518585205
99.1520690918
105.2028808594
102.6787338257
98.6344146729
92.6662750244
89.3389053345
87.4131317139
89.1846008301
86.4481658936
92.5809707642
92.2628936768
94.9509963989
94.6333694458
94.9316864014
92.0770492554
86.4931106567
88.9756164551
86.1054458618
82.5376586914
81.3837203979
83.8134918213
93.8609008789
98.2978210449
91.5536956787
90.5162124634
85.4744644165
87.1759872437
82.4574203491
82.5295867920
93.5233459473
92.8656005859
98.8896942139
96.2044525146
97.0626525879
100.1512145996
94.7626953125
96.8103790283
90.2834701538
90.7166900635
90.1818389893
89.8011322021
91.6410446167
90.8799972534
95.8289413452
89.8721771240
93.2238235474
86.7525711060
90.3406982422
86.0488281250
93.6243743896
95.6349945068
94.9197921753
92.3742370605
99.3120574951
96.4660034180
100.7141876221
97.0926437378
96.6952056885
94.7852478027
90.3234100342
89.0895690918
91.9637908936
95.0898056030
98.7376098633
99.5293579102
95.6647033691
91.7574234009
92.1572265625
89.7933883667
88.3034973145
89.8509979248
90.2786560059
90.9792480469
96.7542877197
95.8157577515
88.6149139404
82.9553298950
82.6642532349
85.7278213501
88.0223083496
85.9684600830
90.7242736816
95.4119567871
99.2789077759
98.1786651611
91.5919189453
94.3936614990
98.3944396973
103.3361587524
101.9420928955
96.8037872314
94.0364990234
99.1997985840
92.9649963379
90.7108612061
91.1528625488
96.4309539795
99.3853607178
95.8240356445
94.9118881226
95.9321441650
98.1762542725
101.4170150757
94.3747329712
85.8544387817
82.8484039307
81.5696640015
92.7535018921
94.6529235840
90.9268341064
91.4267196655
90.8421630859
96.6077194214
102.3873062134
98.7337646484
93.0567169189
89.4740295410
85.8259963989
90.1000518799
91.6032714844
85.6249465942
89.5255813599
93.3297042847
94.6781082153
88.8139343262
90.3346710205
94.0575790405
88.7238616943
88.8119201660
88.6442871094
86.2878189087
81.2176818848
85.3476715088
84.7906341553
83.9021759033
81.9362640381
83.5741729736
90.5542144775
92.9782943726
98.6846771240
94.8884124756
88.2931594849
88.5393676758
88.2577362061
87.7439117432
85.9050140381
84.3987579346
79.7532348633
81.3969726562
79.2381744385
83.3406524658
87.6382751465
86.8250885010
88.4539718628
87.6684722900
88.5694808960
90.6049346924
88.9860305786
91.9557342529
88.7569885254
87.7418289185
88.0739135742
85.1364517212
83.6410827637
84.1028289795
83.8567962646
82.0101699829
84.4573135376
87.3882904053
93.5465240479
91.9952621460
88.7589721680
88.0288696289
89.8222198486
89.6272583008
88.8113784790
85.2022628784
82.2754058838
83.1150741577
84.0732879639
87.7753524780
86.4945373535
84.4131622314
86.9704284668
85.7721252441
88.7215270996
85.9704513550
94.7294616699
96.8540039062
96.2356872559
96.8278350830
96.0157165527
94.8349151611
92.1444931030
88.4621047974
88.5233306885
88.3168182373
95.3392944336
98.4660110474
100.0668792725
95.3484878540
99.9627380371
100.2001571655
104.7984924316
99.1698608398
97.5394439697
103.3143539429
98.1774368286
94.8620910645
94.0048675537
87.4904174805
90.8683624268
88.7811660767
87.9248352051
86.3407287598
89.0154953003
88.6394042969
85.6803131104
85.0782089233
85.4838333130
87.1249389648
86.0644454956
93.1730880737
89.8654251099
91.4894027710
93.7253570557
90.6574020386
93.3413696289
93.8968124390
94.3283233643
85.8712997437
86.4182281494
88.8160095215
84.5170898438
89.6343917847
92.7678833008
97.4282302856
98.5993728638
92.1351165771
88.7060089111
96.1215209961
93.3249130249
99.7879714966
100.2279357910
93.5629806519
92.1410903931
91.6466369629
88.9871826172
88.4056549072
88.5747833252
86.0382690430
84.4480438232
86.8588027954
86.7972640991
91.9740447998
86.0428771973
84.7390899658
86.5290832520
86.1263580322
89.8067245483
84.9136962891
85.0580444336
88.4713516235
91.4232025146
95.9723205566
96.5973663330
103.0660247803
105.3350677490
106.3349380493
98.7599334717
94.1553649902
87.0949630737
87.7449188232
90.0213775635
88.8008270264
93.7413864136
95.3759841919
101.8794860840
100.6618118286
100.7876968384
100.2139282227
98.1289672852
95.1988906860
94.8179626465
91.1630020142
89.1846389771
90.3777770996
93.0407485962
93.0037384033
91.2118225098
88.6776580811
90.6198120117
86.6968231201
87.6663513184
88.6916580200
94.0238571167
95.3192138672
94.7841644287
98.2970962524
103.3914718628
103.7005004883
109.1470870972
104.3274307251
104.9147415161
98.2141265869
100.8357772827
97.8207092285
98.2101211548
94.2358016968
95.1729507446
97.2961425781
97.5903015137
98.1578598022
102.2772445679
102.2320175171
104.5267105103
98.8850479126
96.2553710938
95.9826049805
97.0322570801
93.8725357056
93.2651977539
92.8963241577
98.9682617188
94.1333923340
96.4571990967
93.4274291992
103.4860687256
101.9056549072
103.0111618042
96.8964233398
97.5441741943
99.4353332520
102.1194763184
106.8129577637
101.4843444824
97.2845764160
95.7133255005
93.7983932495
98.2506027222
97.2612380981
94.8147811890
93.3377456665
93.2481918335
93.9316864014
93.0902862549
89.1962051392
91.5928268433
90.5643310547
94.0877151489
92.2616653442
90.5180816650
92.5792388916
92.1840896606
91.4861297607
87.5289764404
89.3293762207
89.9581832886
88.5650482178
95.1891860962
90.6734924316
84.1314239502
78.9622650146
81.7355041504
81.4577331543
83.4100189209
84.1988220215
87.4433975220
87.5053558350
86.3844451904
85.0603027344
83.3049011230
83.6193847656
86.6587753296
86.5250701904
86.5473327637
90.4261703491
85.9832077026
83.6465530396
82.4413757324
81.3738098145
83.2941131592
83.8326416016
92.8172912598
89.7785491943
90.1148681641
91.6580581665
98.5844192505
101.7813339233
100.2146682739
100.1370239258
99.9701919556
99.2916183472
99.9879684448
96.8669662476
98.1593551636
99.6584243774
96.2270507812
91.8787307739
97.9635086060
102.2359695435
103.0843276978
101.7090988159
105.1344833374
105.7544784546
98.4284439087
94.7231216431
94.7940139771
96.7550811768
95.7241134644
101.7508316040
104.6441726685
104.8695297241
98.9843368530
99.9873046875
103.5712280273
107.0557861328
100.4763412476
100.1164398193
95.2854919434
94.9505462646
96.8660888672
90.6054992676
88.8516845703
89.2811813354
94.0569000244
97.0344314575
95.5468750000
88.4776229858
84.2037582397
83.2093429565
82.1231765747
80.1543045044
94.0970306396
93.3060073853
93.8129425049
93.2259292603
93.7273406982
93.2063369751
92.3118743896
90.7511215210
90.9093704224
89.0033645630
88.8983688354
87.4218063354
86.8906021118
90.1455612183
92.9497070312
96.9981613159
95.7645797729
92.5700149536
93.8409500122
92.8384552002
95.5313186646
100.2264556885
100.0549163818
101.6194000244
106.2077560425
103.2857894897
98.2489547729
94.8532791138
96.5080718994
97.7923126221
93.1247482300
89.8177719116
89.2671127319
91.8251647949
87.8938217163
89.0158843994
84.8590774536
84.0979537964
87.5055007935
90.7571563721
98.1585922241
96.4533767700
96.0236740112
93.1141281128
99.5003433228
96.9610977173
93.4341430664
90.4847335815
89.8761978149
92.0859298706
103.7751846313
99.6800308228
96.1642379761
91.7661514282
94.7027664185
88.7081375122
88.0214462280
89.8841552734
91.8427352905
89.6565780640
93.3067855835
97.5808029175
97.1500015259
95.6855316162
98.3896560669
99.2524032593
100.7177963257
100.6281127930
98.4026184082
98.9655151367
98.4512557983
97.7531814575
100.2549896240
102.7693252563
98.3229751587
95.3222198486
93.3582687378
98.7782287598
94.5037918091
91.1227645874
93.0503463745
99.0091018677
96.2020874023
93.1700363159
90.7167358398
90.4869155884
99.4718704224
102.6733169556
102.3037796021
99.8256607056
98.5796813965
92.2177124023
86.4852371216
91.4180526733
91.5426254272
89.8866195679
89.3493423462
89.8227920532
103.2643432617
101.3210372925
99.2314147949
96.9765777588
95.2407760620
99.6109237671
97.5492935181
94.6720809937
90.9578628540
96.5619888306
92.4159469604
96.7931900024
102.2350692749
98.3444900513
100.0264358521
96.0154037476
101.7938919067
103.3237915039
102.2826538086
105.1707382202
104.8323745728
99.1977081299
99.1581497192
91.7343673706
95.4594497681
99.6526489258
104.6297073364
111.2553405762
108.1733245850
107.1789169312
111.5785446167
107.6739273071
105.1579055786
101.2193069458
101.7304992676
101.3566513062
102.1300430298
96.3492355347
93.4239044189
94.1385040283
94.5380859375
96.1880645752
92.7061691284
95.0791091919
100.7300643921
103.0733718872
100.7306137085
97.4257431030
99.7377090454
99.8400192261
99.7293319702
98.3490905762
101.7050933838
103.8341140747
112.0159835815
112.7278366089
111.3091049194
114.4296798706
111.1915054321
96.2671585083
100.3497009277
98.0430221558
101.5244522095
103.8009109497
103.4724349976
106.9856948853
104.4093399048
98.0647354126
95.3440322876
102.2073898315
101.1464157104
100.0409240723
100.1420822144
101.7342834473
95.2113037109
93.7260513306
93.3045120239
98.2510452271
100.6828994751
101.7994155884
110.0724258423
109.5856857300
101.7646713257
101.1053695679
107.6430892944
104.9275131226
105.7104568481
105.1327285767
101.4333724976
98.5407333374
96.4099960327
88.4782104492
89.4670715332
88.4690475464
91.4841995239
94.6678009033
94.8217697144
94.3847579956
88.3204421997
94.5048904419
90.2351684570
92.4840393066
94.5902633667
89.2307815552
91.9301376343
97.0958175659
92.9478836060
91.1184387207
94.6640853882
96.7189331055
96.5279541016
95.2666244507
97.4108963013
102.0579452515
100.8917312622
98.8342208862
98.7541275024
93.0841140747
94.4492416382
102.6371078491
110.0039901733
107.7061843872
98.9424743652
100.3642120361
100.4630203247
104.1624374390
102.3774642944
101.2776412964
96.1801681519
93.7474822998
91.4223785400
87.2078247070
89.6961212158
87.7458038330
91.0219879150
94.0228500366
101.9254302979
105.9610824585
103.0632019043
100.0345382690
94.3260574341
101.7611618042
100.7276306152
103.2156372070
102.4810791016
101.9696044922
101.0910415649
94.7060470581
93.5461807251
94.3534317017
91.9519271851
87.9468154907
90.7746047974
97.2267837524
103.8160781860
102.0450973511
103.6112136841
103.8700790405
99.3207168579
97.3128738403
101.9456253052
108.0665969849
111.6828994751
108.2108688354
99.5288619995
99.2917709351
97.3687667847
95.0486679077
95.7429275513
96.4337234497
93.5663681030
92.9228134155
89.1413345337
94.1140518188
94.6211318970
97.2998123169
97.9145736694
101.2442398071
101.5055160522
96.8695449829
97.0228652954
95.7899398804
100.4666824341
98.5199050903
105.3507003784
98.6015701294
103.2891464233
103.3498916626
106.6351547241
102.2032699585
98.7645492554
96.6604690552
99.1727371216
102.0552749634
99.9528884888
101.3982620239
102.8445968628
101.7516860962
104.2898025513
109.3784561157
107.3760299683
108.4959793091
108.7123184204
106.6111984253
101.0971145630
98.4365005493
98.7982711792
99.1568222046
98.9305191040
97.7148361206
99.4769973755
100.7446670532
98.9476089478
96.9753952026
93.7495803833
95.2671890259
96.6004104614
95.9609146118
95.0826492310
96.4866561890
96.7968978882
97.9988937378
102.3621597290
109.8599929810
107.9924087524
102.6231307983
98.3684005737
97.4484481812
99.8379898071
101.8767929077
104.7323532104
100.6052474976
97.0989761353
96.4410324097
104.1384201050
102.3777999878
107.4435195923
102.9343490601
108.7305526733
110.4961776733
107.0020065308
109.2868881226
108.1202926636
105.0579605103
100.8731460571
111.3831710815
107.5488967896
108.2827224731
105.7403335571
104.6376266479
103.9628219604
103.1949996948
102.7054367065
100.4970169067
99.2214431763
93.8922805786
91.3274612427
90.0821304321
88.0487594604
90.6650924683
90.9669418335
92.1264114380
97.5369796753
97.1965560913
97.4010391235
90.0185775757
92.5332412720
95.1105880737
92.1937026978
90.2502517700
91.3322067261
96.1350173950
97.6729812622
95.2896804810
93.3888778687
88.1910476685
88.9780807495
93.5010604858
88.8848648071
91.0313796997
89.0014114380
89.4748916626
85.7733383179
91.9563827515
92.2310104370
94.7820510864
92.3074722290
93.2805862427
92.4568405151
91.7435073853
87.1139755249
92.1993789673
92.2781906128
91.7690963745
86.9818649292
90.2699050903
88.0764236450
86.4145278931
82.8736801147
87.0099182129
88.9493637085
88.8594665527
87.4199676514
87.3613815308
89.9373092651
89.9880676270
90.8764343262
90.8772201538
93.0121917725
89.7740325928
93.9144439697
98.1085891724
94.1290359497
94.0310592651
87.1220169067
89.1793899536
91.3527755737
92.4165954590
94.6837234497
91.7579116821
91.3046035767
86.4639129639
86.4476547241
84.7323989868
90.5250167847
92.1116561890
96.9703140259
98.7599258423
103.4755630493
100.9673843384
98.6332778931
93.2574844360
87.6954116821
88.8117218018
88.8132400513
88.4264984131
89.4963378906
88.1396026611
86.8686828613
86.7829437256
83.8348312378
90.5055007935
96.5665359497
100.6884536743
104.9055709839
96.6159591675
95.1756820679
93.4757919312
87.4906997681
95.0689010620
104.5164184570
96.4398574829
99.3652114868
101.3980331421
104.7838363647
103.2542648315
102.6666793823
96.6398010254
86.6120910645
90.3223953247
87.4335403442
90.2081985474
90.4541168213
89.9529647827
87.3977813721
87.7718658447
87.2154693604
89.9539489746
83.0764923096
82.6990661621
86.3786773682
85.1256179810
85.5396118164
84.5404815674
83.2416534424
82.0080413818
81.5485534668
81.7677917480
81.2286453247
82.5243301392
83.5769882202
81.6936187744
81.9674987793
83.6438903809
80.7843093872
85.3661346436
85.4918975830
80.5433120728
78.1025238037
78.6896514893
78.7283706665
80.3991241455
83.6559524536
81.9708251953
79.6418685913
77.2795867920
79.8360519409
77.7263870239
79.1563720703
75.4826126099
78.4031295776
80.4708862305
82.0025329590
80.2028961182
78.6161651611
77.7489852905
78.4661102295
78.4621582031
83.2865676880
88.8441619873
97.0638275146
94.9282531738
91.3176574707
83.9288024902
77.9404602051
81.2224121094
84.7867050171
86.8103332520
85.5143051147
79.0556640625
77.8749771118
80.0920639038
79.6345291138
79.1776046753
77.6589660645
76.7592468262
77.2995376587
78.9313354492
80.8865966797
82.7717285156
83.5314025879
76.5970458984
80.4255981445
71.6329956055
75.6566848755
74.4632186890
75.7194671631
82.1239624023
82.7766876221
82.1926956177
76.6080627441
74.6713790894
77.4185409546
78.4769134521
77.1054382324
77.8975982666
83.1716766357
78.6172790527
82.4379119873
82.2514648438
85.3336715698
87.6275634766
86.7510452271
81.4028167725
81.9912719727
82.0821380615
84.7560729980
81.1288375854
77.5031356812
76.6603927612
75.6170806885
80.2833938599
80.7741775513
79.5742034912
77.5046997070
79.7575378418
79.2592468262
84.6835784912
83.2263488770
80.0232315063
79.2727127075
83.6106414795
85.6036529541
87.0160903931
87.6749877930
91.0432739258
88.6936035156
86.1667709351
83.0376281738
83.7044830322
81.1211547852
83.7406845093
79.9684219360
80.2805480957
80.0789337158
84.3571853638
81.4295883179
81.5667495728
82.3392410278
81.2893371582
84.5234527588
84.5738983154
82.1185913086
81.1355056763
83.0280609131
84.9077606201
81.7947235107
79.2217712402
76.4460449219
74.5688705444
76.3323745728
80.3681411743
81.4446945190
81.6295471191
75.4001998901
76.8061599731
74.9120941162
81.8188858032
79.7640304565
78.5057525635
78.7014007568
75.9922103882
81.1055679321
79.8416748047
86.3633728027
89.4038772583
82.9795455933
78.2391357422
77.9654464722
86.2022323608
84.9353332520
86.4482269287
87.0080642700
87.8553314209
83.3438415527
83.6704406738
81.4603500366
81.9644927979
82.7310104370
81.3752593994
82.4196090698
76.5612182617
80.4608001709
78.0906600952
80.1690826416
77.1984329224
77.7086944580
81.8444137573
81.9683380127
81.3321380615
79.9933090210
83.1652145386
83.5727157593
88.8522491455
87.2714462280
87.0816955566
92.3428802490
95.1888656616
92.8240356445
88.2744903564
88.1915588379
83.7631454468
88.1402435303
83.0835189819
86.0448608398
87.0627517700
89.9494094849
87.4295806885
90.2585906982
92.5986633301
90.5422821045
89.8182678223
85.4777069092
89.6133956909
93.1674499512
91.1665267944
95.1388092041
87.0051879883
90.1645050049
94.3556060791
87.5307693481
91.9427871704
90.4218292236
89.8860092163
85.4456253052
81.4078674316
82.5102081299
89.5973663330
92.5731201172
89.5210723877
92.3591461182
90.0782699585
88.7077636719
85.6004486084
92.5522155762
97.4352111816
111.4615859985
108.5601577759
109.2186203003
111.2120208740
113.1293640137
113.2696075439
114.1528930664
114.4613113403
115.6054534912
115.7637023926
115.8995437622
115.0906677246
114.6934967041
113.8404006958
111.5481567383
110.3329925537
110.1599273682
109.6813659668
110.8708267212
111.2189178467
111.7217407227
112.0941390991
112.7520294189
111.8710479736
110.0781021118
109.2700881958
109.4120025635
108.9483489990
109.0149459839
109.1105346680
110.3468933105
110.9890594482
111.4274139404
111.2120513916
110.8724441528
111.4622039795
111.1510620117
110.4797668457
110.0095367432
108.6981353760
110.1931991577
109.4957580566
101.1436386108
94.1219787598
80.1360397339
92.8216400146
106.2047805786
115.0300064087
127.8558654785
128.5081024170
131.4219055176
130.2973937988
130.0938568115
126.6944122314
125.4753189087
126.0533599854
126.4977569580
126.3959350586
125.9389266968
126.1918029785
126.4629058838
126.0052490234
125.0811996460
124.9222412109
124.9872131348
126.3336029053
126.1704711914
126.5443725586
126.8364639282
127.1862335205
127.1306304932
126.5924377441
126.7223739624
126.3981781006
126.0954742432
126.0378723145
126.1677474976
126.3373107910
127.0737609863
127.3586578369
127.5345611572
127.9882049561
127.4418869019
126.5949325562
126.3673706055
126.7268066406
126.8921279907
127.2236175537
126.3430328369
125.9018859863
126.0295791626
125.9972839355
127.1566619873
126.2060317993
126.3480834961
126.5766143799
126.3351058960
126.7554931641
126.7042388916
126.5613784790
127.3948974609
126.7054138184
126.4122314453
125.7952728271
126.3360519409
126.4644546509
126.5139999390
127.2830047607
126.7131271362
127.0777130127
126.9269790649
126.1088104248
125.8968811035
126.2082138062
126.6506347656
126.7257995605
126.9574966431
126.7208175659
125.7072143555
126.6686859131
127.0977783203
125.9151000977
126.7330322266
126.8648376465
127.3115921021
127.6684341431
126.4264144897
127.1278610229
126.8228149414
126.7348327637
126.8187332153
126.7255401611
127.1316223145
127.6600646973
127.2819900513
127.2931518555
127.1819686890
127.9403991699
127.3612442017
127.6838073730
127.9701232910
127.2424926758
127.5174789429
127.1871948242
127.7401123047
127.9144897461
128.0470428467
128.1041564941
127.2895507812
127.7028427124
127.6354064941
127.5880737305
127.2569885254
126.6167907715
126.7671432495
127.0402374268
126.6359634399
127.1915588379
125.4670715332
125.1560211182
125.5679321289
126.5384521484
127.2218170166
127.1938781738
127.6484832764
128.0853881836
127.5918426514
127.1795501709
127.0460510254
126.7296752930
128.5847167969
128.6527404785
128.2478332520
127.5524597168
127.5795059204
127.3893432617
126.6601867676
126.4015426636
126.5509262085
127.2722015381
127.8987731934
128.1074523926
127.5175476074
127.5223083496
127.7745590210
128.0982971191
127.9448623657
127.6485290527
126.5881805420
126.4552917480
125.8675842285
125.4880828857
126.5483245850
127.4718170166
126.7772369385
127.0037231445
128.3796386719
127.4600982666
127.9870910645
126.5855865479
127.8518142700
126.7409362793
126.1225280762
128.5834808350
127.6330108643
128.3336791992
128.4664001465
127.9124603271
127.0915908813
126.3109817505
126.0897216797
126.3119506836
127.0785827637
127.1223297119
128.0465240479
125.8837890625
126.1153564453
126.3249588013
126.5825805664
126.1677017212
126.4776306152
126.9371566772
126.7435913086
126.4833984375
126.5293426514
126.7380523682
126.5356140137
128.7252197266
128.5620117188
128.7710418701
128.6837463379
126.4555740356
126.7892684937
126.4991149902
126.1923828125
126.4344177246
126.7059936523
127.3511505127
126.6791839600
126.9329986572
127.2649841309
127.7207641602
127.7846984863
127.8381729126
127.4740142822
127.4573516846
126.8722686768
126.5118789673
126.3617401123
126.9748535156
127.0790634155
126.9830780029
127.2121353149
127.1467590332
127.3388366699
127.4370880127
127.4281311035
127.8527984619
127.9810562134
128.2393188477
127.6361465454
127.7111053467
127.3565368652
127.5783309937
127.3367767334
126.8029785156
127.4112319946
127.0632324219
126.9913940430
126.8166961670
126.6579055786
127.2117919922
127.1846313477
127.2392120361
127.1642379761
126.9200286865
127.2860946655
127.0151672363
127.2737655640
126.8240051270
127.3184051514
127.5501708984
127.9806060791
127.8095703125
127.4376373291
129.3655242920
129.5251159668
129.6661987305
129.4928131104
129.2504272461
126.8148193359
126.4358520508
127.0731658936
127.6263198853
127.3080596924
127.2610702515
128.5579223633
129.0733947754
128.8126220703
126.6337509155
126.5751342773
126.2759094238
126.9825744629
127.2589263916
127.5654067993
127.3943634033
127.2159042358
127.2374343872
127.4232482910
127.5236511230
126.8573303223
127.1665191650
126.8902130127
127.0325622559
127.1066818237
126.6513977051
129.0600585938
127.5833282471
127.8932647705
129.2056732178
127.2906341553
127.3844299316
127.6643447876
127.8174591064
127.9562530518
127.9844207764
127.7736968994
127.7281341553
127.7667160034
127.3633193970
127.0262680054
126.0948791504
126.7307891846
126.8734359741
127.4130554199
128.0053710938
127.9365386963
127.4145660400
127.2384109497
127.2118225098
127.0332641602
126.5619735718
126.7767791748
126.6267242432
127.1984405518
127.1230926514
127.0317993164
127.0361785889
127.3061981201
126.6051483154
126.6366043091
124.1858520508
124.4631652832
124.1937332153
126.4551544189
126.5759429932
127.6661529541
128.0384368896
128.0400390625
127.3500366211
127.1989898682
128.8735961914
129.3868103027
129.9206390381
129.8453369141
127.6720962524
127.5752716064
127.4627380371
127.6822891235
127.2239913940
127.7288894653
127.8139877319
128.5679321289
129.7890625000
128.1041870117
127.1563415527
126.9455642700
127.3181991577
127.5365066528
127.2591400146
127.3330688477
127.9311523438
128.0925598145
127.2295684814
126.9158477783
126.9727020264
127.6307220459
127.4892654419
127.9752655029
126.3015594482
125.4270782471
124.8536376953
126.7272338867
127.1752700806
127.7532272339
127.4660110474
127.6988372803
129.9838867188
129.3101806641
128.8509063721
129.8841552734
127.5605316162
128.5395202637
128.2372131348
127.5442428589
127.6274337769
129.6897277832
130.0325012207
129.9848175049
129.6712341309
127.0657577515
127.0387039185
127.4943771362
127.7469940186
128.2099761963
128.7118682861
128.9299926758
129.2513885498
128.3064422607
127.7100830078
127.9640884399
128.5115966797
129.1125793457
128.8331451416
128.4283752441
127.8273544312
128.2415466309
129.1559448242
128.9797210693
128.7021942139
128.7044219971
130.3562011719
130.0364074707
130.1495666504
127.9575881958
128.7575988770
130.4658813477
128.0226135254
127.9738464355
127.9970169067
130.1296386719
129.7787475586
128.5039672852
128.3460998535
130.1851806641
130.0415496826
130.4040069580
127.0984039307
126.9842376709
128.3146209717
130.0920410156
129.8559265137
129.8790588379
129.6028747559
129.7529602051
128.9606475830
128.2626647949
128.8098449707
129.0253906250
129.6108245850
129.7711791992
128.9307861328
128.5635681152
128.1334533691
128.4444885254
128.6585388184
126.8530731201
127.0693206787
127.0547790527
127.7936401367
129.1130371094
128.5729675293
128.4331665039
128.6128692627
130.9020690918
131.0569152832
130.9670562744
129.3410186768
128.9295501709
128.4843902588
129.6741485596
129.8014984131
128.9754028320
129.9919128418
129.7737579346
130.3814392090
129.1111450195
129.2968444824
131.5144348145
131.3483123779
130.8562316895
130.1582031250
129.3732910156
130.2161560059
130.1084594727
129.4868621826
129.2131652832
128.9319915771
130.3944702148
130.3494720459
130.3567199707
128.9939422607
129.1548461914
128.4042663574
130.4529571533
130.1506347656
129.6517639160
129.5770874023
129.5358581543
128.0080718994
127.9297027588
128.4918823242
129.2939453125
129.5500793457
129.0187988281
128.6543426514
128.8341674805
130.1245117188
129.0673675537
129.1758422852
129.7841796875
128.2655792236
126.7620239258
127.1424713135
123.8063201904
124.2521209717
125.6627044678
127.6827011108
128.5041198730
128.2297973633
127.9144134521
127.4101943970
128.1299743652
128.4613037109
128.7331542969
128.4915161133
128.1103820801
129.0198822021
130.1977844238
130.8020935059
130.5491333008
129.1452941895
129.2195739746
128.8034362793
127.8429183960
127.0262145996
126.8157348633
127.1064605713
127.0530242920
128.0064086914
128.1302185059
129.1699371338
129.0305175781
128.9481506348
128.5321044922
128.7724609375
129.0582885742
128.7723999023
129.8571777344
129.9197998047
130.4653320312
129.3493041992
129.3190612793
129.1339569092
129.6119079590
128.0826873779
127.9934844971
127.6137619019
128.3966674805
127.9708023071
128.0873107910
127.2958297729
127.4797439575
129.8856811523
129.9052124023
129.4313659668
127.9251022339
130.2010192871
130.7851867676
130.4733276367
128.0578918457
129.5569763184
128.3415527344
129.0103759766
129.5766296387
129.3746643066
129.0182495117
128.4908447266
128.2439575195
128.5769042969
129.2648620605
130.9603881836
130.3429565430
130.9519805908
131.9067230225
131.8344726562
132.0273895264
130.3233795166
129.9291229248
130.3269958496
130.7722320557
132.0195770264
130.1589965820
130.4334411621
130.5158691406
130.3718261719
130.0392913818
129.6628875732
129.7446899414
129.7283020020
126.1285095215
123.4236221313
120.0341339111
126.2954101562
129.3718414307
129.3545837402
129.6602630615
129.8062286377
127.1408920288
126.6275329590
125.8143920898
131.7525024414
131.3871765137
130.8188171387
128.6591796875
129.1874542236
129.7350006104
131.2942810059
131.4149780273
132.1188964844
132.0848388672
129.9757232666
130.6496734619
130.7995910645
131.2107391357
129.2716369629
128.9260559082
130.3013763428
129.2160034180
130.2520446777
128.3039855957
127.7661972046
127.2409210205
130.0254364014
129.7122497559
130.9664001465
128.1410064697
124.5919036865
121.1559448242
125.2376861572
129.6111602783
129.7693176270
129.6736297607
129.3678588867
130.6702117920
129.7376403809
129.4852600098
129.5735626221
129.9464874268
129.7162780762
129.8154296875
130.6070556641
130.2835693359
130.4036560059
129.8703918457
129.9192504883
129.8400268555
130.1339416504
130.7788543701
130.0212554932
131.2524719238
130.5364074707
131.2573852539
131.1018676758
130.8029327393
130.8196716309
130.7101287842
130.5828857422
128.4216766357
130.1371612549
130.3594665527
130.3964843750
129.2331848145
129.1253967285
129.1166992188
129.3687133789
130.8145751953
129.1884765625
129.3551788330
129.3346557617
130.0620117188
81.6137619019
102.4772796631
73.6042098999
77.9826736450
84.1090850830
87.0386962891
90.2286682129
92.4308471680
96.0501556396
92.0877227783
91.8333282471
90.1118316650
